filename,0,1,2,3,4,5,6,7,8,9,10,11,12,13,14,15,16,17,18,19,20,21,22,23,24,25,26,27,28,29,30,31,32,33,34,35,36,37,38,39,40,41,42,43,44,45,46,47,48,49,50,51,52,53,54,55,56,57,58,59,60,61,62,63,64,65,66,67,68,69,70,71,72,73,74,75,76,77,78,79,80,81,82,83,84,85,86,87,88,89,90,91,92,93,94,95,96,97,98,99,100,101,102,103,104,105,106,107,108,109,110,111,112,113,114,115,116,117,118,119,120,121,122,123,124,125,126,127
2_Chainz_-_We_Own_It_Fast_Furious_preview.wav,0.0,0.0015021819490919465,0.030855849507916876,0.0,0.0,0.0030478411433281266,0.0,0.0,0.0027135423848963216,0.0004970959128086897,0.0007907517395758369,0.0,0.004524704133170277,0.016277339808189885,0.0,0.0,0.015651705608499104,0.0,0.0057630039449174265,0.0,0.0,0.0,0.00036775088541785456,0.0,0.0,0.0,0.0005729568505108594,0.00850071763574452,0.0,0.0,0.008290162897122344,0.0,0.0,0.00042339680528634,0.000555079755741972,0.0,0.0333110388621338,0.0,0.001947834162495858,0.0003326298766851462,0.0,0.0,0.00039014919216671094,0.0005374554179321805,0.019501105580082473,0.0,0.0009808377728264992,0.0,0.0,0.0,0.0,0.0,0.0,0.01012113315468911,0.00033227750071363756,0.0,0.0,0.0,0.0,0.0,0.0,0.00043779710546515925,0.0028049970483569457,0.004017407843590673,0.000832591789711935,0.0005669417878558562,0.0,0.0,0.0,0.007976470187544443,0.0,0.0001804906247428105,0.0,0.004239846746340527,0.0,0.0,0.0,0.0009601330026441843,0.0,0.0,0.0007300385613199837,0.0,0.007426604262005434,0.04109175743927651,0.0,0.0001599181496617641,0.0,0.0,0.0,0.0035190042747595676,0.017487190564960155,0.0003486551656647834,0.00022611178235383992,0.0007567286641597761,0.0001831010616457821,0.0,0.011459267093401256,0.0015404965851887615,0.011417489016575324,0.0,0.018458701151902384,0.0,0.0,0.0,0.02821640944143947,0.0016010006619079384,0.0,0.0,0.0004950306976649574,0.0,0.0,0.0006030832181917558,0.0,0.0011350929962396642,0.0,0.00042339680528634,0.0,0.0,0.0,0.0,0.0,0.00030766016908590366,0.0014472385489504387,0.003960245581319659,0.009885287752736276,0.0023954362595652407,0.0,0.0
2Pac_-_Cant_C_Me_preview.wav,0.001525206816348462,0.0006259091454549778,0.008485358614677141,0.0,0.0,0.01430140844177044,0.005673626822750187,0.0,0.0,0.0014912877384260688,0.0,0.0003015416090958779,0.006787056199755416,0.001085155987212659,0.0,0.0012183793722690115,0.02086894081133214,0.0,0.031866021813072826,0.0012143882336777885,0.0023243848092773427,0.0,0.00018387544270892728,0.0004982370721613176,0.0014173544696396406,0.0,0.0007639424673478127,0.005586185874917827,0.0005061350366924645,0.0,0.006217622172841757,0.0034329322048927474,0.0,0.004657364858149739,0.00277539877870986,0.005930374072367033,0.002426631970089217,0.0,0.00074916698557533,0.0003326298766851462,0.0017665826851317843,0.0,0.0010403978457778958,0.01236147461244015,0.008320471714168524,0.01999058470018857,0.0009808377728264992,0.00045991271881195184,0.00045991271881195184,0.00053032431185044,0.0,0.0004633202976467087,0.0,0.004048453261875644,0.0,0.0,0.005050842190678874,0.0,0.0028903903997976573,0.001291690397467681,0.0,0.0013133913163954777,0.0022439976386855564,0.008536991667630178,0.0004162958948559675,0.002267767151423425,0.0,0.002617714120699529,0.0,0.012363528790693886,0.0,0.0012634343731996733,0.004324188396906901,0.002782399427285971,0.0121221838628178,0.0,0.0017078873631153123,0.0012801773368589125,0.0015442203446022294,0.0047539450020011986,0.0007300385613199837,0.0,0.006735757353911905,0.04220234547817587,0.0,0.0001599181496617641,0.0,0.0006307571498559348,0.0,0.005278506412139351,0.0060719411683889425,0.0006973103313295668,0.0009044471294153597,0.006810557977437985,0.0,0.0,0.05975189270130655,0.0,0.0010074255014625286,0.0,0.00947222822268675,0.0,0.006731638876775644,0.00026290817923387103,0.002956004798626992,0.006226113685197539,0.0,0.0007433260902540262,0.0028051739534347584,0.0005808952562742933,0.0,0.0,0.00028944770979008773,0.0011350929962396642,0.0015541052894396537,0.00084679361057268,0.005185595266842779,0.0,0.0006214876521417584,0.0,0.0004970959128086897,0.004922562705374459,0.00028944770979008773,0.0006600409302199433,0.0013729566323244828,0.007528513958633613,0.0006214876521417584,0.0
2Pac_-_Changes_preview.wav,0.000762603408174231,0.0017525456072739378,0.0048855095054201715,0.0,0.0,0.0009377972748701928,0.0,0.0009964741443226352,0.0,0.0022369316076391033,0.005535262177030858,0.0006030832181917558,0.0,0.0003617186624042197,0.0,0.0,0.004668052549903241,0.0,0.005424003712863461,0.004857552934711154,0.0,0.0005943271878915495,0.00036775088541785456,0.0,0.009638010393549555,0.0,0.008594352757662892,0.000728632940206673,0.0,0.0,0.0,0.0,0.0,0.0,0.000832619633612958,0.0004561826209513103,0.008824116254869882,0.0013685478628539308,0.0008990003826903959,0.0,0.010010635215746777,0.0,0.0013004973072223698,0.018004756500728046,0.0028601621517454295,0.0,0.0009808377728264992,0.01287755612673465,0.0,0.00106064862370088,0.0,0.012046327738814425,0.0,0.002833917283312951,0.0012183508359500043,0.0011534713245794515,0.00038852632235991343,0.0,0.0,0.001291690397467681,0.0,0.00043779710546515925,0.005609994096713891,0.0,0.0,0.003685121621063065,0.0,0.002617714120699529,0.0,0.0027917645656405548,0.005267214871719246,0.0032488312453705886,0.0,0.0003974856324694244,0.0,0.009888764056539287,0.012382183382586013,0.004160576344791465,0.0,0.0006338593336001598,0.0025551349646199427,0.0,0.006735757353911905,0.0016658820583490474,0.0,0.0001599181496617641,0.0,0.002523028599423739,0.0008185190781000897,0.0010557012824278702,0.0017001435271489038,0.0062757929819661,0.008818359511799757,0.0,0.0003662021232915642,0.0,0.01350556478865148,0.012709096827807282,0.00839521251218774,0.0,0.0017001435271489038,0.03428467593684081,0.0,0.0013145408961693552,0.002418549380694812,0.007649225384671263,0.0,0.015238184850207536,0.01254077767417892,0.0,0.0,0.013870914018410384,0.017366862587405264,0.0007567286641597761,0.018260737150915928,0.00042339680528634,0.0,0.0,0.009322314782126376,0.0,0.00024854795640434483,0.0,0.0,0.0019801227906598297,0.0005491826529297932,0.00034220517993789157,0.0,0.0
50_Cent_-_In_Da_Club_preview.wav,0.002287810224522693,0.0008762728036369689,0.0030855849507916873,0.0012153383895362377,0.0009424241983377622,0.0028133918246105783,0.0007092033528437733,0.0014947112164839529,0.020622922125212044,0.00024854795640434483,0.0023722552187275107,0.0006030832181917558,0.00769199702638947,0.017724214457806767,0.01789215667920854,0.0009137845292017585,0.0002745913264648966,0.000475015516198625,0.00644100440902536,0.001457265880413346,0.0005810962023193357,0.0017829815636746483,9.193772135446364e-05,0.0019929482886452705,0.0011338835757117125,0.007011409212445852,0.0007639424673478127,0.012872515276984558,0.009616565697156824,0.0048986228416108306,0.01606219061317454,0.016183823251637235,0.0,0.0029637776370043797,0.010824055236968456,0.010948382902831446,0.0033090435955762058,0.0004561826209513103,0.000299666794230132,0.004324188396906901,0.0003925739300292854,0.0,0.0009103481150556589,0.001074910835864361,0.0010400589642710655,0.0027764700972484125,0.0014712566592397487,0.0,0.005518952625743421,0.00159097293555132,0.0,0.00023166014882335434,0.002452094432066248,0.0006747422103126074,0.0,0.0017302069868691773,0.0015541052894396537,0.0,0.006744244266194534,0.004305634658225603,0.0035017463270289777,0.002188985527325796,0.0011219988193427782,0.04469366225994623,0.01623553989938273,0.0002834708939279281,0.002530675183462322,0.0013088570603497645,0.004935153628776083,0.0015952940375088885,0.0004788377156108407,0.0005414718742284314,0.00964626642386924,0.0006624760541157073,0.010505892681108759,0.0,0.0008539436815576561,0.0006400886684294562,0.0,0.0009507890004002397,0.0010950578419799755,0.0008883920532963479,0.00034542345404676435,0.03942587538092746,0.0,0.0001599181496617641,0.0036326186837896167,0.011353628697406824,0.0,0.009149411114374876,0.005343308228182269,0.00104596549699435,0.00022611178235383992,0.011350929962396642,0.0,0.040407279542726,0.0036833358514504035,0.0003851241462971904,0.002350659503412567,0.0,0.0041289199945044805,0.0,0.007629190727012397,0.0005258163584677421,0.007524375851050526,0.0005336668873026462,0.007232870774783542,0.0,0.0004950306976649574,0.0013554222646400178,0.005252951147246144,0.0,0.00028944770979008773,0.006053829313278209,0.0007770526447198269,0.00677434888458144,0.019260782419701753,0.0,0.0,0.0,0.0009941918256173793,0.0015383008454295183,0.005210058776221579,0.00016501023255498581,0.0005491826529297932,0.025323183315403973,0.0,0.004123238934476226
Aaliyah_-_I_Dont_Wanna_preview.wav,0.010676447714439234,0.00112663646181896,0.0017999245546284843,0.0,0.0009424241983377622,0.0004688986374350964,0.043261404523470166,0.0014947112164839529,0.0,0.017646904904708483,0.013442779572789226,0.0012061664363835116,0.0009049408266340555,0.0003617186624042197,0.0,0.0006091896861345058,0.005766417855762828,0.0,0.0003390002320539663,0.00024287764673555773,0.0,0.0,0.0,0.0,0.003118179833207209,0.0,0.0005729568505108594,0.000728632940206673,0.0,0.0,0.0,0.005394607750545745,0.0,0.022863427485462356,0.0,0.01733493959614979,0.009706527880356869,0.010036017660928825,0.001048833779805462,0.0,0.014328948446068917,0.0009492613468869927,0.00026009946144447396,0.0002687277089660902,0.0,0.0,0.012750891046744489,0.010577992532674892,0.04783092275644299,0.00106064862370088,0.0,0.002779921785880252,0.0004904188864132496,0.0006747422103126074,0.002215183338090917,0.002306942649158903,0.00038852632235991343,0.000901510906480383,0.0,0.0228198636885957,0.0,0.03940173949186433,0.00308549675319264,0.0,0.0,0.0011338835757117125,0.0,0.0,0.01418856668273124,0.0,0.005267214871719246,0.009024531237140525,0.0,0.0003974856324694244,0.010505892681108759,0.0,0.0008539436815576561,0.0032004433421472813,0.00022060290637174705,0.0,0.0010950578419799755,0.0,0.00017271172702338218,0.00444235215559746,0.0,0.0004797544489852923,0.0,0.010092114397694956,0.0,0.0038709047022355237,0.0017001435271489038,0.0083677239759548,0.004974459211784478,0.0037836433207988807,0.0003662021232915642,0.0016162911817090401,0.0,0.0015404965851887615,0.012424914518037853,0.0,0.00315740940756225,0.0005810962023193357,0.009424294427485902,0.0005258163584677421,0.002956004798626992,0.0024904454740790156,0.0,0.007433260902540262,0.00511531720920456,0.0,0.0,0.006332373791013436,0.0,0.0,0.004662315868318961,0.00338717444229072,0.005926394590677462,0.0,0.0,0.0,0.001242739782021724,0.0,0.0014472385489504387,0.00033002046510997163,0.0016475479587893793,0.0006844103598757831,0.001242975304283517,0.0
ACDC_-_Back_In_Black_preview.wav,0.0,0.0,0.0002571320792326406,0.0,0.0,0.0018755945497403856,0.0,0.0,0.00868333563166823,0.0,0.0,0.0003015416090958779,0.004524704133170277,0.017724214457806767,0.0,0.0,0.0,0.0,0.0006780004641079326,0.0,0.0011621924046386714,0.0,0.0,0.0,0.0,0.0,0.00019098561683695317,0.0,0.0,0.0,0.14663225624285145,0.0,0.0009492613468869927,0.0,0.001942779145096902,0.0,0.0,0.0,0.0040455017221067814,0.0,0.0,0.0,0.0,0.017736028791761952,0.008060456973100757,0.0027764700972484125,0.0009808377728264992,0.0,0.0,0.0,0.0,0.0,0.0,0.0,0.00022151833380909173,0.0,0.0,0.0,0.11465215252530707,0.0,0.0,0.0,0.0,0.04268495833815089,0.0,0.0014173544696396406,0.0,0.0,0.0,0.019941175468861108,0.0,0.0005414718742284314,0.02993668890166316,0.0003974856324694244,0.0,0.0,0.0,0.0,0.004412058127434941,0.008557101003602158,0.0,0.0,0.002072540724280586,0.001110588038899365,0.0,0.0001599181496617641,0.0,0.0006307571498559348,0.0008185190781000897,0.0021114025648557404,0.0021858988206200193,0.0,0.0,0.0011350929962396642,0.0,0.0,0.0020462976952502245,0.0,0.0,0.0,0.002428776467355577,0.0,0.0017951037004735053,0.0,0.002418549380694812,0.001956778586776369,0.0,0.0,0.0,0.0,0.0,0.0,0.0,0.004162007652878768,0.0,0.0021169840264317,0.0,0.0009634634665992192,0.0,0.0,0.0,0.06645459652255518,0.0,0.007260450232419375,0.006315600508692621,0.0,0.0006214876521417584,0.0
Aerosmith_-_Dream_On_preview.wav,0.0,0.0010014546327279646,0.0002571320792326406,0.0,0.0004712120991688811,0.0,0.0,0.0,0.045044803589278946,0.0,0.0,0.0012061664363835116,0.0,0.0,0.0994593415403063,0.0009137845292017585,0.0,0.0,0.0,0.00024287764673555773,0.0,0.0005943271878915495,0.0002758131640633909,0.0,0.0,0.014022818424891705,0.0005729568505108594,0.008743595282480077,0.10932516792557231,0.02939173704966498,0.0005181351810701465,0.0009808377728264992,0.003797045387547971,0.0,0.006105877313161692,0.0,0.0004412058127434941,0.0,0.001198667176920528,0.029271429148292866,0.0001962869650146427,0.0,0.0005201989228889479,0.001074910835864361,0.002080117928542131,0.0,0.0,0.0,0.00045991271881195184,0.0,0.0,0.00023166014882335434,0.0029425133184794974,0.0005397937682500859,0.0,0.0,0.0,0.0,0.0,0.0,0.0035017463270289777,0.0,0.0,0.017073983335260355,0.00333036715884774,0.0008504126817837842,0.00455521533023218,0.0,0.0,0.0,0.0,0.0009024531237140523,0.0053220780269623395,0.0006624760541157073,0.0,0.0,0.0,0.0,0.004853263940178434,0.0015846483340003995,0.0,0.0,0.00034542345404676435,0.0,0.0,0.0003198362993235282,0.0,0.0,0.0008185190781000897,0.0,0.0026716541140911344,0.0,0.0,0.0,0.0001831010616457821,0.012930329453672321,0.0,0.0,0.0,0.0,0.0,0.0,0.0013463277753551289,0.000788724537701613,0.0008061831268982706,0.0005336668873026462,0.012054784624639237,0.0,0.0,0.01762048944032023,0.08054525092444088,0.0,0.00028944770979008773,0.04010661920046814,0.0,0.0012701904158590198,0.0,0.0,0.0,0.0,0.0004970959128086897,0.0,0.010709565262233246,0.0006600409302199433,0.0005491826529297932,0.0006844103598757831,0.0,0.003092429200857169
Afrojack_-_Switch_preview.wav,0.010676447714439234,0.0007510909745459733,0.005656905743118093,0.021876091011652277,0.002827272595013286,0.0021100438684579334,0.013474863704031692,0.007473556082419765,0.0,0.0007456438692130344,0.0031630069583033476,0.0003015416090958779,0.0,0.007957810572892833,0.0,0.0015229742153362643,0.00961069642627138,0.002375077580993125,0.004068002784647595,0.002914531760826692,0.0,0.008914907818373242,0.0002758131640633909,0.016940060453484798,0.008220655923909914,0.0,0.001145913701021719,0.007772084695537847,0.0,0.0,0.0,0.0029425133184794974,0.0,0.005927555274008759,0.0,0.009123652419026206,0.011912556944074339,0.0,0.0017980007653807919,0.0009978896300554387,0.0029443044752196406,0.019934488284626847,0.0009103481150556589,0.0005374554179321805,0.0005200294821355328,0.0005552940194496825,0.0029425133184794974,0.005518952625743421,0.004599127188119518,0.00583356743035484,0.0022687258145637924,0.0018532811905868348,0.0,0.0021591750730003438,0.0,0.0,0.002719684256519394,0.000901510906480383,0.0,0.004305634658225603,0.0,0.0074425507929077065,0.0022439976386855564,0.00251087990224417,0.00832591789711935,0.0011338835757117125,0.0,0.017669570314721817,0.0,0.0,0.005267214871719246,0.0005414718742284314,0.0,0.0015899425298776975,0.00727331031769068,0.00725176030812881,0.005550633930124765,0.0,0.00022060290637174705,0.0003169296668000799,0.00401521208725991,0.005330352319778087,0.0015544055432104395,0.0,0.0,0.0001599181496617641,0.0027244640128422123,0.001892271449567804,0.0008185190781000897,0.0007038008549519135,0.0041289199945044805,0.01150562046693785,0.0015827824764768792,0.00037836433207988807,0.0016479095548120387,0.0,0.0012277786171501345,0.0050066139018634746,0.014103957020475401,0.026367297193469866,0.008743595282480077,0.007554250630151364,0.0035902074009470106,0.003154898150806452,0.02552913235177857,0.0010673337746052924,0.0,0.0018583152256350655,0.011550716278849007,0.00038726350418286223,0.0008754918578743574,0.007538540227396948,0.001157790839160351,0.0,0.006604947480118528,0.0,0.0,0.0057807807995953146,0.004350413564992309,0.0,0.0007456438692130344,0.00030766016908590366,0.0,0.0034652148836547022,0.0021967306117191727,0.00923953985832307,0.008079339477842859,0.004123238934476226
AJR_-_Wow_Im_Not_Crazy_preview.wav,0.0,0.0008762728036369689,0.021856226734774453,0.0,0.0,0.01172246593587741,0.0106380502926566,0.0,0.0005427084769792644,0.00024854795640434483,0.0,0.0018092496545752674,0.0,0.016639058470594107,0.003157439413977978,0.003959732959874287,0.010709061732130966,0.0,0.0010170006961618989,0.0,0.0,0.0,0.0005516263281267818,0.0004982370721613176,0.0002834708939279281,0.0,0.0005729568505108594,0.011658127043306769,0.0,0.0,0.0005181351810701465,0.0009808377728264992,0.0009492613468869927,0.00550415846872242,0.0,0.0022809131047565514,0.02161908482443121,0.0,0.000149833397115066,0.007650487163758364,0.0017665826851317843,0.002847784040660978,0.0005201989228889479,0.019885850463490676,0.01352076653552385,0.01110588038899365,0.0004904188864132496,0.0,0.0,0.0,0.0,0.016216210417634803,0.0,0.012280308227689453,0.00022151833380909173,0.0,0.00038852632235991343,0.0,0.0,0.0,0.0,0.0,0.001963497933849862,0.0045195838240395065,0.0004162958948559675,0.0,0.0,0.0006544285301748823,0.0,0.0003988235093772221,0.0,0.0,0.0,0.0026499042164628292,0.0040407279542726,0.0013185018742052383,0.00042697184077882807,0.0016002216710736406,0.0,0.0019015780008004794,0.00036501928065999184,0.0,0.006044910445818376,0.0,0.0,0.0001599181496617641,0.0,0.0,0.0,0.0021114025648557404,0.004857552934711154,0.00104596549699435,0.002261117823538399,0.0,0.0003662021232915642,0.0,0.002455557234300269,0.0,0.004029702005850114,0.0,0.012386759983513441,0.0,0.012116949978196158,0.00026290817923387103,0.028485137150405564,0.0010673337746052924,0.0,0.0,0.006600409302199433,0.0011617905125485867,0.0,0.0,0.0008683431293702631,0.0026485503245592167,0.0007770526447198269,0.00042339680528634,0.0,0.007707707732793754,0.001242975304283517,0.0,0.00024854795640434483,0.008614484734405303,0.0,0.0011550716278849007,0.002471321938184069,0.010608360578074637,0.0,0.0
Aleman_-_Dejame_Volar_preview.wav,0.0,0.005007273163639823,0.0,0.03646015168608713,0.0348696953384972,0.0,0.0,0.04035720284506673,0.0021708339079170576,0.0,0.0015815034791516738,0.0006030832181917558,0.0,0.0,0.001052479804659326,0.012488388565757366,0.0,0.0014250465485958748,0.0,0.0,0.004648769618554685,0.027339050643011276,0.0002758131640633909,0.025410090680227197,0.0002834708939279281,0.010283400178253915,0.0019098561683695313,0.0051004305814467115,0.001012270073384929,0.0012246557104027076,0.001036270362140293,0.0,0.0,0.0,0.001665239267225916,0.0,0.0,0.0,0.000299666794230132,0.009978896300554388,0.000588860895043928,0.0,0.00013004973072223698,0.0005374554179321805,0.000780044223203299,0.00222117607779873,0.0,0.0013797381564358553,0.0,0.03341043164657772,0.0022687258145637924,0.007644784911170693,0.0014712566592397487,0.0013494844206252148,0.0,0.0005767356622897258,0.0007770526447198269,0.005409065438882298,0.0,0.0,0.0,0.0,0.001963497933849862,0.0,0.00999110147654322,0.0,0.0,0.005235428241399058,0.0,0.003589411584394999,0.011492105174660174,0.0001804906247428105,0.0006652597533702924,0.0013249521082314146,0.0,0.025710786547002148,0.0008539436815576561,0.0044806206790061935,0.00022060290637174705,0.0,0.0007300385613199837,0.030205329812075826,0.0,0.0,0.0,0.0,0.01089785605136885,0.0,0.01268704571055139,0.0,0.0,0.013248896295261768,0.014018930505938073,0.0,0.0010986063698746925,0.0,0.0,0.02118182804634547,0.0006716170009750191,0.03608156458053771,0.0,0.01975727087885741,0.0,0.02576500156491936,0.0,0.0,0.0,0.002601641315889092,0.0004950306976649574,0.00019363175209143112,0.007879426720869217,0.0057292905728216804,0.0037628202272711403,0.0037836433207988807,0.0,0.0,0.0,0.0,0.01180826539069341,0.0,0.00024854795640434483,0.0021536211836013256,0.001157790839160351,0.0,0.0,0.0023954362595652407,0.0,0.005154048668095282
Alex_Adair_-_Make_Me_Feel_Better_-_Klingande_Remix_preview.wav,0.000762603408174231,0.004756909505457831,0.0,0.0,0.0,0.0014066959123052892,0.0,0.0,0.022251047556149837,0.0014912877384260688,0.008698269135334205,0.0003015416090958779,0.0,0.004340623948850636,0.003157439413977978,0.0015229742153362643,0.005766417855762828,0.0,0.0020340013923237977,0.0026716541140911344,0.009878635439428705,0.0,9.193772135446364e-05,0.0,0.01048842307533334,0.022436509479826727,0.0015278849346956253,0.011172371749835654,0.001012270073384929,0.0,0.0,0.0034329322048927474,0.0,0.00042339680528634,0.0,0.0022809131047565514,0.006397484284780664,0.0004561826209513103,0.002547167750956122,0.04989448150277193,0.001962869650146427,0.005695568081321956,0.0,0.002418549380694812,0.0072804127498974575,0.0,0.010298796614678241,0.004599127188119518,0.0,0.0,0.0,0.009729726250580882,0.0,0.004858143914250773,0.00033227750071363756,0.0,0.0023311579341594806,0.0,0.0,0.0,0.0,0.0,0.00028049970483569456,0.0,0.000832591789711935,0.003118179833207209,0.0,0.0006544285301748823,0.0,0.00757764667816722,0.0,0.004151284369084641,0.0003326298766851462,0.0035773706922248194,0.0,0.0,0.0,0.0,0.00022060290637174705,0.0006338593336001598,0.0010950578419799755,0.0,0.006044910445818376,0.0,0.0,0.0001599181496617641,0.0,0.0,0.0036833358514504035,0.006334207694567221,0.012143882336777885,0.0003486551656647834,0.007009465252969037,0.0,0.0,0.0,0.0012277786171501345,0.0007702482925943808,0.0016790425024375477,0.0,0.011901004690042327,0.0,0.0004487759251183763,0.0021032654338709682,0.001343638544830451,0.0010673337746052924,0.0,0.0022299782707620786,0.00907556279052422,0.00038726350418286223,0.026264755736230723,0.009649331491068093,0.0031839248076909648,0.020810038264393843,0.0031082105788793075,0.0063509520792951,0.0,0.0,0.0,0.0,0.0014912877384260688,0.0,0.0014472385489504387,0.005445337674314532,0.0010983653058595864,0.00034220517993789157,0.004350413564992309,0.002061619467238113
Alice_Cooper_-_Go_to_Hell_preview.wav,0.0,0.002002909265455929,0.0,0.0,0.0004712120991688811,0.0,0.0,0.0,0.021708339079170573,0.0032311234332564826,0.0,0.0009046248272876337,0.0,0.0,0.04630911140501034,0.0006091896861345058,0.0,0.0,0.0,0.0009715105869422309,0.0081353468324707,0.0,0.00018387544270892728,0.0,0.0,0.0004674272808297235,0.0005729568505108594,0.00024287764673555773,0.023282211687853365,0.003061639276006769,0.0,0.0,0.0,0.0,0.03913312277980903,0.004561826209513103,0.0,0.0,0.0068923362672930364,0.009978896300554388,0.0003925739300292854,0.0,0.00039014919216671094,0.0051058264703557135,0.0010400589642710655,0.0,0.0,0.0,0.0,0.0,0.0,0.0,0.0014712566592397487,0.00013494844206252149,0.0005537958345227293,0.0,0.0,0.0,0.0009634634665992192,0.0,0.0,0.0,0.0,0.0,0.0,0.0,0.0,0.0,0.0,0.0,0.0,0.0025268687463993467,0.021288312107849358,0.00026499042164628293,0.0,0.0,0.0,0.0006400886684294562,0.009044719161241629,0.04753945002001198,0.0,0.0,0.0,0.0,0.0,0.0001599181496617641,0.0,0.0,0.0,0.0,0.0017001435271489038,0.0,0.0,0.0,0.0003662021232915642,0.0008081455908545201,0.0,0.0,0.0,0.0,0.0,0.0,0.009424294427485902,0.00026290817923387103,0.0,0.0,0.0012054784624639238,0.0,0.0,0.010843378117120142,0.00963041043661793,0.0,0.0014472385489504387,0.1396164385374787,0.002719684256519394,0.00042339680528634,0.0,0.0,0.0,0.0,0.0007456438692130344,0.0,0.004631163356641404,0.0021451330232148155,0.0,0.0,0.0,0.0
Alkilados_-_Chillax_preview.wav,0.005338223857219617,0.005382818650912809,0.0023141887130937655,0.0,0.0,0.004220087736915867,0.0007092033528437733,0.0,0.0,0.001242739782021724,0.0015815034791516738,0.0,0.003619763306536222,0.02314999439387006,0.001578719706988989,0.0012183793722690115,0.006041009182227723,0.000475015516198625,0.012543008585996752,0.007286329402066731,0.0005810962023193357,0.0005943271878915495,0.0002758131640633909,0.0,0.005669417878558562,0.0,0.003246755486228203,0.0009715105869422309,0.003542945256847251,0.0024493114208054153,0.0,0.0029425133184794974,0.0009492613468869927,0.008044539300440459,0.026643828275614657,0.0036494609676104824,0.0022060290637174705,0.0,0.003895668324991716,0.0013305195067405849,0.0021591566151610694,0.0,0.0010403978457778958,0.006986920433118346,0.003900221116016495,0.0016658820583490474,0.0019616755456529984,0.0027594763128717106,0.008278428938615133,0.00053032431185044,0.0,0.0037065623811736695,0.0,0.002968865725375472,0.00011075916690454586,0.0,0.009713158058997836,0.0,0.003853853866396877,0.003444507726580483,0.0,0.001751188421860637,0.00308549675319264,0.0005021759804488341,0.0004162958948559675,0.0005669417878558562,0.0005061350366924645,0.0032721426508744112,0.0,0.00757764667816722,0.0,0.0027073593711421573,0.01496834445083158,0.003312380270578537,0.0,0.0013185018742052383,0.0029888028854517966,0.0016002216710736406,0.0026472348764609646,0.005704734002401438,0.0007300385613199837,0.0,0.004835928356654701,0.001110588038899365,0.0,0.0003198362993235282,0.0,0.001892271449567804,0.0012277786171501345,0.00985321196932679,0.0017001435271489038,0.0006973103313295668,0.0027133413882460787,0.007567286641597761,0.0003662021232915642,0.01697105740794492,0.0069574121638507624,0.0,0.0,0.0006938762419334176,0.016272802331282366,0.0005810962023193357,0.008975518502367526,0.00026290817923387103,0.0064494650151861645,0.0012452227370395078,0.0,0.0003716630451270131,0.0016501023255498582,0.0050344255543772086,0.0,0.0006030832181917558,0.010999012972023334,0.0015134573283195523,0.0031082105788793075,0.00084679361057268,0.0007407993238346828,0.0,0.0,0.0,0.00024854795640434483,0.01261406693252205,0.004631163356641404,0.003795235348764674,0.0027459132646489655,0.005475282879006265,0.0006214876521417584,0.0
Andrea_Bocelli_-_Return_To_Love_preview.wav,0.0,0.0005007273163639823,0.013370868120097312,0.047398197191913266,0.001413636297506643,0.0,0.0,0.005480607793774493,0.01628125430937793,0.0007456438692130344,0.0,0.0,0.00045247041331702775,0.0014468746496168789,0.0,0.0006091896861345058,0.0021967306117191727,0.0028500930971917496,0.0010170006961618989,0.0,0.0,0.002971635939457747,0.0,0.01046297851538767,0.0,0.0,0.0,0.03254560466256473,0.0,0.0012246557104027076,0.0031088110864208787,0.0,0.0,0.0,0.0,0.0,0.004853263940178434,0.0009123652419026206,0.001198667176920528,0.0023284091367960238,0.0001962869650146427,0.0,0.0,0.005912009597253984,0.010140574901642888,0.0,0.0,0.0,0.0,0.0,0.0,0.0,0.002452094432066248,0.0017543297468127792,0.0,0.004613885298317806,0.0,0.04868158894994067,0.0,0.0008611269316451208,0.0,0.00043779710546515925,0.00028049970483569456,0.06226982157565542,0.01998220295308644,0.0,0.006579755477002037,0.0,0.0024675768143880413,0.0,0.0,0.0,0.0,0.00013249521082314147,0.0,0.0,0.0,0.0003200443342147281,0.0,0.0,0.0,0.007107136426370783,0.0006908469080935287,0.0,0.10010532175557704,0.0006396725986470564,0.006357082696631829,0.0,0.0,0.0,0.037646035244011444,0.0003486551656647834,0.0,0.0,0.0,0.0,0.0008185190781000897,0.0,0.004365510506337624,0.0020816287258002527,0.0019430211738844618,0.0,0.0,0.00026290817923387103,0.019617122754524586,0.0001778889624342154,0.0,0.0,0.00033002046510997163,0.0,0.0008754918578743574,0.0,0.0,0.0,0.0,0.0,0.0,0.0,0.0,0.0,0.006710794822917309,0.00030766016908590366,0.00028944770979008773,0.004455276278984617,0.001922139285254276,0.05988590648913102,0.0,0.0
Anna_of_the_North_-_Sway_-_Chainsmokers_Remix_preview.wav,0.0,0.0031295457272748893,0.0005142641584652812,0.0024306767790724755,0.0004712120991688811,0.0009377972748701928,0.0,0.0004982370721613176,0.01736667126333646,0.00024854795640434483,0.0015815034791516738,0.0015077080454793895,0.0009049408266340555,0.0003617186624042197,0.001578719706988989,0.0006091896861345058,0.003844278570508552,0.003800124129589,0.0006780004641079326,0.0026716541140911344,0.024987136699731436,0.0035659631273492966,0.0004596886067723182,0.0014947112164839529,0.013039661120684692,0.003739418246637788,0.001145913701021719,0.005586185874917827,0.002530675183462322,0.0,0.0025906759053507325,0.006865864409785495,0.0,0.00042339680528634,0.0069384969467746515,0.0,0.0004412058127434941,0.0,0.010038837606709422,0.017296753587627604,0.0001962869650146427,0.0,0.0023408951530002656,0.002149821671728722,0.0005200294821355328,0.001110588038899365,0.0,0.004599127188119518,0.0,0.00106064862370088,0.0,0.0025482616370568973,0.0004904188864132496,0.0006747422103126074,0.0005537958345227293,0.0,0.00038852632235991343,0.0,0.0009634634665992192,0.0004305634658225604,0.001167248775676326,0.00043779710546515925,0.0,0.005523935784937174,0.0004162958948559675,0.002267767151423425,0.001012270073384929,0.0,0.0,0.0011964705281316663,0.0,0.0005414718742284314,0.004989448150277194,0.0006624760541157073,0.0,0.0,0.0,0.0009601330026441843,0.004632661033806688,0.0047539450020011986,0.00036501928065999184,0.0008883920532963479,0.008635586351169108,0.0,0.0,0.0003198362993235282,0.0,0.0012615142997118695,0.004092595390500449,0.009149411114374876,0.0063148188151245,0.0,0.002035006041184559,0.0030269146566391045,0.0005493031849373463,0.0032325823634180803,0.0,0.001925620731485952,0.00033580850048750956,0.0,0.0017001435271489038,0.0011621924046386714,0.003141431475828634,0.003154898150806452,0.0008061831268982706,0.0001778889624342154,0.004821913849855695,0.0011149891353810393,0.0009900613953299148,0.004259898546011484,0.004377459289371787,0.0006030832181917558,0.002026133968530614,0.1464269965149167,0.0007770526447198269,0.00169358722114536,0.0007407993238346828,0.0009634634665992192,0.0,0.0,0.00024854795640434483,0.001845961014515422,0.004052267937061228,0.007590470697529348,0.0030205045911138617,0.0013688207197515663,0.0,0.0
Anthony_Hamilton_-_Mama_Knew_Love_preview.wav,0.0,0.0008762728036369689,0.005656905743118093,0.0,0.0004712120991688811,0.0002344493187175482,0.00851044023412528,0.0,0.004884376292813379,0.0017398356948304136,0.0007907517395758369,0.0003015416090958779,0.01583646446609597,0.0007234373248084394,0.000526239902329663,0.014620552467228137,0.0,0.000475015516198625,0.0,0.0017001435271489038,0.0005810962023193357,0.001188654375783099,0.0004596886067723182,0.004484133649451858,0.0,0.000934854561659447,0.0015278849346956253,0.024530642320291327,0.0,0.0,0.0025906759053507325,0.024520944320662482,0.021833010978400832,0.00677434888458144,0.010824055236968456,0.0,0.0004412058127434941,0.0,0.001198667176920528,0.0003326298766851462,0.0060848959154539235,0.0256300563659488,0.0010403978457778958,0.01209274690347406,0.0,0.0,0.0029425133184794974,0.004139214469307566,0.009198254376239036,0.00212129724740176,0.0,0.0037065623811736695,0.0004904188864132496,0.001484432862687736,0.000775314168331821,0.0011534713245794515,0.0,0.0,0.0,0.0008611269316451208,0.0,0.0008755942109303185,0.001963497933849862,0.008034815687181346,0.014570356319958863,0.002267767151423425,0.0015184051100773932,0.0,0.004318259425179072,0.0003988235093772221,0.0,0.0012634343731996733,0.003326298766851462,0.0,0.00484887354512712,0.0,0.0,0.0003200443342147281,0.0015442203446022294,0.002852367001200719,0.0007300385613199837,0.0,0.0,0.010550586369543967,0.0,0.0001599181496617641,0.0,0.0012615142997118695,0.0,0.0010557012824278702,0.004614675287975596,0.0038352068223126167,0.0015827824764768792,0.03859316187214858,0.0005493031849373463,0.03151767804332628,0.0012277786171501345,0.002695869024080333,0.003022276504387586,0.0006938762419334176,0.00024287764673555773,0.001743288606958007,0.024682675881510695,0.0018403572546370971,0.0005374554179321805,0.0012452227370395078,0.010849306162175313,0.0003716630451270131,0.00033002046510997163,0.0027108445292800356,0.0,0.0006030832181917558,0.0026050293881107896,0.008324015305757536,0.0,0.005080761663436079,0.011111989857520242,0.006744244266194534,0.0,0.0,0.001242739782021724,0.00030766016908590366,0.009841222132862983,0.0008250511627749291,0.0027459132646489655,0.0362737490734165,0.0,0.0
Anything_Box_-_Living_in_Oblivion_preview.wav,0.002287810224522693,0.0006259091454549778,0.0,0.0,0.0,0.020397090728426694,0.01631167711540679,0.0,0.0,0.00024854795640434483,0.0,0.0006030832181917558,0.00769199702638947,0.0007234373248084394,0.0,0.0,0.0016475479587893793,0.0,0.021696014851453845,0.013844025863926789,0.0,0.0,0.0004596886067723182,0.0,0.01332313201461262,0.0,0.0009549280841847657,0.0,0.0,0.0,0.0,0.0,0.0,0.027944189148898436,0.0,0.01733493959614979,0.00022060290637174705,0.0,0.001947834162495858,0.0,0.0,0.0,0.0006502486536111849,0.002418549380694812,0.005460309562423093,0.003331764116698095,0.0004904188864132496,0.0027594763128717106,0.0032193890316836627,0.0,0.0,0.0,0.0,0.0013494844206252148,0.00011075916690454586,0.0,0.01359842128259697,0.0,0.0,0.0008611269316451208,0.0,0.0,0.0,0.0,0.0,0.003968592514990993,0.0,0.0,0.0,0.003589411584394999,0.0,0.004151284369084641,0.0,0.012852035449844723,0.02505251331649012,0.0,0.0008539436815576561,0.0,0.011691954037702594,0.02693902167800679,0.002190115683959951,0.0,0.012953379526753662,0.0005552940194496825,0.0,0.0001599181496617641,0.0,0.004415300048991543,0.0,0.03167103847283611,0.0,0.0,0.0,0.0011350929962396642,0.0003662021232915642,0.0,0.037651877592604126,0.0003851241462971904,0.0,0.0,0.004614675287975596,0.001743288606958007,0.0022438796255918815,0.00026290817923387103,0.0002687277089660902,0.005870335760329108,0.0,0.0022299782707620786,0.0009900613953299148,0.00019363175209143112,0.0,0.0,0.004341715646851316,0.0,0.00038852632235991343,0.0,0.0022223979715040483,0.0009634634665992192,0.0,0.0,0.0,0.0021536211836013256,0.0,0.00627038883708946,0.003844278570508552,0.0,0.0006214876521417584,0.0
Arctic_Monkeys_-_Whyd_You_Only_Call_Me_When_Youre_High_preview.wav,0.0,0.0008762728036369689,0.0007713962376979218,0.0,0.002356060495844405,0.003751189099480771,0.0,0.0004982370721613176,0.07109481048428364,0.0017398356948304136,0.0,0.0003015416090958779,0.0,0.015553902483381449,0.007893598534944946,0.0006091896861345058,0.0010983653058595864,0.000475015516198625,0.0003390002320539663,0.00024287764673555773,0.00929753923710937,0.0,0.0013790658203169546,0.0019929482886452705,0.0,0.002804563684978341,0.0,0.010929494103100096,0.0030368102201547864,0.003061639276006769,0.0072538925349820505,0.022068849888596233,0.0009492613468869927,0.0012701904158590198,0.0058283374352907065,0.0,0.0006618087191152412,0.0004561826209513103,0.002097667559610924,0.004324188396906901,0.0,0.0,0.00039014919216671094,0.003762187925525263,0.007540427490965223,0.0,0.0,0.0,0.012417643407922698,0.0,0.0,0.0,0.0014712566592397487,0.0013494844206252148,0.00022151833380909173,0.0005767356622897258,0.00038852632235991343,0.0,0.0019269269331984385,0.0004305634658225604,0.001167248775676326,0.0,0.001963497933849862,0.03414796667052071,0.0020814794742798374,0.0,0.005061350366924644,0.0,0.012954778275537218,0.0019941175468861107,0.0,0.000360981249485621,0.024281980998015675,0.0003974856324694244,0.0,0.0,0.0,0.0,0.00022060290637174705,0.0,0.0,0.0,0.002763387632374115,0.0,0.0,0.0,0.0,0.0006307571498559348,0.0,0.00035190042747595675,0.03060258348868027,0.00104596549699435,0.00022611178235383992,0.0158913019473553,0.0003662021232915642,0.013738475044526839,0.0,0.0,0.0,0.0,0.0021858988206200193,0.0,0.0053853111014205155,0.0042065308677419365,0.021229489008321126,0.0016010006619079384,0.0,0.0,0.0004950306976649574,0.0025172127771886043,0.007879426720869217,0.0003015416090958779,0.00028944770979008773,0.00983747263407709,0.0,0.0021169840264317,0.0,0.0,0.0,0.0,0.003479671389660827,0.0030766016908590366,0.008393983583912544,0.00627038883708946,0.006041009182227723,0.01642584863701879,0.0,0.0
Ariana_Grande_-_pete_davidson_preview.wav,0.005338223857219617,0.0007510909745459733,0.0028284528715590467,0.0,0.005183333090857691,0.00257894250589303,0.0007092033528437733,0.0,0.0,0.009941918256173791,0.006326013916606695,0.0015077080454793895,0.001809881653268111,0.0,0.001578719706988989,0.007005681390546816,0.004942643876368138,0.0,0.0010170006961618989,0.0017001435271489038,0.0,0.002971635939457747,0.0006435640494812455,0.0,0.008220655923909914,0.000934854561659447,0.00362872671990211,0.00024287764673555773,0.003542945256847251,0.0006123278552013538,0.0,0.0029425133184794974,0.0,0.007621142495154119,0.000555079755741972,0.021440583184711582,0.005515072659293676,0.0018247304838052412,0.001198667176920528,0.0,0.02276928794169855,0.002847784040660978,0.0016906464993890807,0.0008061831268982706,0.0002600147410677664,0.0,0.0019616755456529984,0.006898690782179277,0.0036793017504956147,0.00053032431185044,0.0,0.004169882678820378,0.0009808377728264992,0.003103814167437994,0.0013291100028545502,0.0,0.0031082105788793075,0.002704532719441149,0.0,0.012486340508854249,0.0,0.0030645797382561147,0.005048994687042502,0.0,0.0,0.006519830560342346,0.007085890513694502,0.0019632855905246465,0.0,0.0011964705281316663,0.013407456037103539,0.007219624989712419,0.0,0.0018549329515239806,0.0,0.0006592509371026191,0.009820352337913046,0.0009601330026441843,0.009706527880356869,0.002852367001200719,0.0029201542452799347,0.0,0.001036270362140293,0.0,0.0,0.0004797544489852923,0.0,0.0031537857492796736,0.007366671702900807,0.007389908976995091,0.000728632940206673,0.0052298274849717505,0.0036177885176614387,0.005297100649118433,0.0018310106164578209,0.0,0.004911114468600538,0.004236365609269094,0.005372936007800153,0.0006938762419334176,0.001457265880413346,0.001743288606958007,0.0026926555507102577,0.0021032654338709682,0.0,0.009961781896316062,0.0,0.011521554398937406,0.004455276278984617,0.0038726350418286223,0.0,0.007840081836492825,0.0049206110664314915,0.0022701859924793284,0.010878737026077575,0.0012701904158590198,0.0014815986476693656,0.0,0.003107438260708792,0.0,0.008699178474152068,0.0,0.002026133968530614,0.0013200818604398865,0.0010983653058595864,0.0023954362595652407,0.0,0.0
Ariana_Grande_-_Side_To_Side_-_Slushii_Remix_preview.wav,0.000762603408174231,0.0,0.0007713962376979218,0.0,0.0,0.006799030242808897,0.04680742128768904,0.0,0.0005427084769792644,0.003976767302469517,0.0,0.0003015416090958779,0.003167292893219194,0.015553902483381449,0.011051037948922923,0.0006091896861345058,0.001922139285254276,0.000475015516198625,0.08407205754938364,0.004857552934711154,0.0,0.0,0.00018387544270892728,0.0,0.003968592514990993,0.0,0.00038197123367390633,0.00024287764673555773,0.0,0.0,0.0,0.0004904188864132496,0.003797045387547971,0.01354869776916288,0.0,0.021896765805662893,0.0,0.0,0.002547167750956122,0.0003326298766851462,0.0001962869650146427,0.03132562444727076,0.0,0.0008061831268982706,0.000780044223203299,0.027764700972484128,0.0034329322048927474,0.0009198254376239037,0.00045991271881195184,0.0,0.0,0.0009266405952934174,0.0004904188864132496,0.0,0.00022151833380909173,0.0,0.040406737525430995,0.000901510906480383,0.0009634634665992192,0.002583380794935362,0.0,0.0,0.0,0.0,0.0,0.0,0.0,0.0,0.0,0.0011964705281316663,0.0,0.0021658874969137255,0.0,0.0013249521082314146,0.027476950089053678,0.0,0.0,0.0,0.004412058127434941,0.006338593336001598,0.0,0.0,0.0022452524513039683,0.0038870581361477776,0.0,0.0,0.0,0.002523028599423739,0.0,0.02709633291564867,0.00024287764673555773,0.0,0.0,0.0007567286641597761,0.0,0.0,0.04911114468600539,0.0,0.0,0.0,0.007529207048802288,0.0,0.004038983326065387,0.0,0.0008061831268982706,0.0012452227370395078,0.0,0.0,0.0004950306976649574,0.0,0.0,0.0,0.0014472385489504387,0.0,0.0,0.00084679361057268,0.03037277227722199,0.0009634634665992192,0.0,0.0,0.0004970959128086897,0.0,0.0037628202272711403,0.005280327441759546,0.0035696872440436553,0.0,0.0,0.0
Ariana_Grande_-_The_Way_preview.wav,0.0,0.009388637181824666,0.0,0.0,0.0,0.0,0.0007092033528437733,0.0,0.0,0.017646904904708483,0.0007907517395758369,0.0009046248272876337,0.0,0.0,0.0,0.0012183793722690115,0.0,0.0,0.0,0.0021858988206200193,0.0,0.0,0.0002758131640633909,0.0,0.0,0.0,0.024637144571966956,0.00024287764673555773,0.0,0.0,0.0,0.005394607750545745,0.0,0.0038105712475770596,0.00138769938935493,0.0009123652419026206,0.0,0.015054026491393238,0.002097667559610924,0.0003326298766851462,0.023161861871727838,0.0009492613468869927,0.007412834651167509,0.0,0.0,0.0,0.003923351091305997,0.0,0.004599127188119518,0.0,0.0,0.005559843571760504,0.0009808377728264992,0.0006747422103126074,0.0011075916690454586,0.002306942649158903,0.0,0.0,0.0,0.021097609825305456,0.0,0.045093101862911406,0.0,0.0,0.0,0.013890073802468476,0.025812886871315683,0.0,0.005552047832373093,0.0,0.0014365131468325218,0.0077610968639408515,0.0,0.0003974856324694244,0.0,0.0013185018742052383,0.0,0.004160576344791465,0.013236174382304823,0.0006338593336001598,0.0010950578419799755,0.0,0.00017271172702338218,0.0,0.0,0.0003198362993235282,0.0,0.011353628697406824,0.0012277786171501345,0.0,0.0,0.0,0.012436148029461193,0.0,0.0,0.0,0.0,0.006161986340755046,0.0,0.0,0.0,0.0,0.0026926555507102577,0.0028919899715725813,0.0,0.0032020013238158768,0.0,0.002601641315889092,0.0014850920929948721,0.01064974636502871,0.0,0.0057292905728216804,0.0014472385489504387,0.0007567286641597761,0.0,0.013972094574449218,0.0,0.0,0.0037289259128505505,0.0,0.004225315258873861,0.0,0.0008683431293702631,0.0004950306976649574,0.0,0.0,0.001242975304283517,0.0
Armin_van_Buuren_-_Save_My_Night_-_BlasterJaxx_Remix_preview.wav,0.003813017040871155,0.0,0.0,0.0,0.0,0.00656458092409135,0.011347253645500373,0.0,0.0,0.0029825754768521375,0.004744510437455021,0.0,0.0058821153731213605,0.01229843452174347,0.0,0.0003045948430672529,0.0,0.0014250465485958748,0.06542704478641549,0.00024287764673555773,0.0,0.0,0.00036775088541785456,0.0,0.0005669417878558562,0.0,0.00019098561683695317,0.0,0.0,0.0,0.0,0.003923351091305997,0.0,0.011855110548017519,0.0,0.0022809131047565514,0.0011030145318587353,0.0031932783466591718,0.000149833397115066,0.0,0.0,0.01423892020330489,0.0007802983843334219,0.0,0.0,0.05275293184771984,0.030896389844034724,0.0027594763128717106,0.00045991271881195184,0.00053032431185044,0.0,0.0,0.0009808377728264992,0.0,0.0006645550014272751,0.002883678311448629,0.042349369137230565,0.001803021812960766,0.0,0.003875071192403043,0.012839736532439583,0.019263072640467005,0.0,0.0,0.0,0.002834708939279281,0.004049080293539716,0.0,0.0024675768143880413,0.006381176150035554,0.0004788377156108407,0.000360981249485621,0.0,0.0108646072874976,0.03151767804332628,0.0,0.0,0.0,0.0026472348764609646,0.0047539450020011986,0.0025551349646199427,0.0,0.010535415348426311,0.001110588038899365,0.03282141696904166,0.0003198362993235282,0.0,0.001892271449567804,0.0012277786171501345,0.0007038008549519135,0.0,0.0,0.0,0.0,0.0003662021232915642,0.0,0.03601483943640395,0.0015404965851887615,0.0,0.0,0.014086903510662345,0.0011621924046386714,0.0013463277753551289,0.0,0.0,0.0,0.0,0.0018583152256350655,0.0,0.0,0.0,0.0003015416090958779,0.0017366862587405263,0.0,0.0,0.0042339680528634,0.025927976334213898,0.0,0.0,0.0,0.0019883836512347586,0.006768523719889881,0.0,0.0,0.002471321938184069,0.0,0.001242975304283517,0.0
Axwell_Ingrosso_-_Sun_Is_Shining_-_WW_Remix_preview.wav,0.0,0.0,0.0,0.0,0.0,0.00656458092409135,0.0,0.0,0.0,0.00024854795640434483,0.0,0.0003015416090958779,0.0058821153731213605,0.010851559872126592,0.001578719706988989,0.0,0.0,0.0,0.02745901879637127,0.01602992468454681,0.0,0.0035659631273492966,0.0,0.0,0.006803301454270274,0.0,0.0015278849346956253,0.0,0.0,0.0,0.0,0.0,0.0,0.00084679361057268,0.0,0.0022809131047565514,0.0017648232509739764,0.0,0.000599333588460264,0.0,0.0,0.0,0.00026009946144447396,0.0002687277089660902,0.0005200294821355328,0.02665411293358476,0.0014712566592397487,0.00045991271881195184,0.0,0.0,0.0,0.0,0.0,0.0005397937682500859,0.00022151833380909173,0.0,0.05827894835398701,0.0,0.0,0.0004305634658225604,0.0,0.00043779710546515925,0.0,0.0,0.0,0.002267767151423425,0.0,0.0,0.0,0.005982352640658332,0.0,0.0019853968721709153,0.0,0.00887717912515048,0.00727331031769068,0.0,0.0,0.0,0.003529646501947953,0.005704734002401438,0.00036501928065999184,0.0,0.0006908469080935287,0.016103526564040793,0.0,0.0,0.0,0.0,0.0,0.025336830778268885,0.0,0.0,0.0,0.0,0.0,0.0,0.1350556478865148,0.0,0.0,0.0,0.002914531760826692,0.0,0.0,0.00026290817923387103,0.002418549380694812,0.0003557779248684308,0.0,0.0,0.0,0.0005808952562742933,0.0,0.0,0.00028944770979008773,0.0,0.0,0.0,0.05407835063993184,0.0,0.0,0.0,0.0,0.0030766016908590366,0.004341715646851316,0.00033002046510997163,0.024164036728910893,0.0,0.0006214876521417584,0.0
Baauer_-_Harlem_Shake_preview.wav,0.0,0.0016273637781829423,0.0,0.0,0.0,0.0,0.0,0.0,0.0,0.00024854795640434483,0.0,0.0003015416090958779,0.0,0.0,0.0,0.0,0.0041188698969734485,0.000475015516198625,0.01288200881805072,0.008257839989008961,0.035446868341479476,0.0005943271878915495,0.0009193772135446364,0.0,0.04167022140740543,0.0,0.0015278849346956253,0.0,0.0015184051100773932,0.0,0.0,0.0,0.0,0.0,0.004995717801677748,0.004561826209513103,0.006397484284780664,0.0004561826209513103,0.0,0.0,0.0009814348250732135,0.0,0.00390149192166711,0.002418549380694812,0.0028601621517454295,0.0,0.0,0.014717207001982459,0.0,0.00424259449480352,0.0,0.006718144315877275,0.0,0.0004048453261875644,0.0005537958345227293,0.0,0.00893610541427801,0.0,0.0,0.0,0.0,0.0,0.0,0.0,0.0,0.0019842962574954967,0.0,0.0032721426508744112,0.0,0.0023929410562633325,0.0,0.000360981249485621,0.0,0.003974856324694244,0.0,0.0013185018742052383,0.0012809155223364843,0.0,0.0022060290637174705,0.0009507890004002397,0.00401521208725991,0.0,0.01122626225651984,0.001110588038899365,0.0,0.0001599181496617641,0.0,0.0,0.01514260294485166,0.004222805129711481,0.0,0.0,0.0031655649529537585,0.0,0.0001831010616457821,0.0,0.02537409142110278,0.037742166337124655,0.002014851002925057,0.0,0.00315740940756225,0.013946308855664056,0.0,0.0021032654338709682,0.0,0.0001778889624342154,0.0,0.030104706655288062,0.012870798139288894,0.00019363175209143112,0.0,0.0066339154001093135,0.02691863701047816,0.0011350929962396642,0.011655789670797403,0.0,0.0,0.0,0.006836364173559342,0.0,0.0,0.0,0.0,0.0,0.0,0.0,0.002485950608567034,0.0
Baby_Bash_-_Suga_Suga_preview.wav,0.001525206816348462,0.0006259091454549778,0.002571320792326406,0.0012153383895362377,0.0018848483966755244,0.0007033479561526446,0.0,0.004982370721613176,0.008140627154688966,0.02187222016358234,0.0,0.0,0.001357411239951083,0.007957810572892833,0.0052623990232966295,0.002436758744538023,0.001922139285254276,0.0014250465485958748,0.0016950011602698315,0.0,0.0005810962023193357,0.0,9.193772135446364e-05,0.004982370721613176,0.002834708939279281,0.0032719909658080644,0.0,0.0063148188151245,0.0,0.0,0.004663216629631318,0.0019616755456529984,0.0,0.00550415846872242,0.001665239267225916,0.02098440056376027,0.0013236174382304823,0.01459784387044193,0.006293002678832772,0.0006652597533702924,0.0009814348250732135,0.0,0.0,0.0016123662537965411,0.0002600147410677664,0.0,0.0009808377728264992,0.00045991271881195184,0.0018396508752478074,0.0,0.0,0.003474902232350315,0.0004904188864132496,0.0032387626095005152,0.0006645550014272751,0.012688184570373967,0.0,0.005409065438882298,0.0,0.005597325055693284,0.002334497551352652,0.004377971054651592,0.00617099350638528,0.00251087990224417,0.015819244004526764,0.0,0.02429448176123829,0.0,0.033312286994238556,0.0,0.0004788377156108407,0.005595209367027125,0.0006652597533702924,0.00013249521082314147,0.0,0.0006592509371026191,0.0,0.0006400886684294562,0.0,0.0003169296668000799,0.0,0.007107136426370783,0.0005181351810701465,0.01554823254459111,0.0,0.0003198362993235282,0.0036326186837896167,0.0006307571498559348,0.0,0.007038008549519135,0.007772084695537847,0.002440586159653484,0.00045222356470767984,0.008702379637837427,0.0,0.0,0.0020462976952502245,0.0007702482925943808,0.002350659503412567,0.0020816287258002527,0.001457265880413346,0.004648769618554685,0.0035902074009470106,0.00026290817923387103,0.0051058264703557135,0.0005336668873026462,0.0,0.0007433260902540262,0.0011550716278849007,0.0,0.0008754918578743574,0.0003015416090958779,0.00028944770979008773,0.0,0.0011655789670797403,0.0012701904158590198,0.0,0.0,0.0,0.0,0.02013238446875193,0.000922980507257711,0.047758872115364476,0.0023101432557698014,0.001922139285254276,0.024638772955528188,0.0,0.005154048668095282
Babyface_-_Tender_Lover_preview.wav,0.003050413632696924,0.0010014546327279646,0.001285660396163203,0.0,0.0,0.00257894250589303,0.012765660351187919,0.0,0.0,0.006959342779321654,0.0,0.0006030832181917558,0.001809881653268111,0.0,0.0,0.0003045948430672529,0.0,0.000475015516198625,0.0003390002320539663,0.019673089385580173,0.008716443034790036,0.0,9.193772135446364e-05,0.0,0.003968592514990993,0.0,0.016806734281651876,0.0,0.0,0.0,0.0,0.004904188864132496,0.0,0.005927555274008759,0.001942779145096902,0.005474191451415723,0.0,0.0009123652419026206,0.004944502104797178,0.0,0.002551730545190355,0.012340397509530905,0.0029911438066114507,0.0005374554179321805,0.0033801916338809623,0.0,0.004904188864132496,0.008738341657427083,0.006438778063367325,0.00053032431185044,0.0,0.002316601488233543,0.0,0.0008096906523751288,0.0006645550014272751,0.0,0.0034967369012392207,0.0,0.0,0.003444507726580483,0.0,0.0013133913163954777,0.0008414991145070836,0.0,0.0,0.02267767151423425,0.0,0.0,0.0,0.0003988235093772221,0.0,0.01931249684748072,0.0,0.002782399427285971,0.00242443677256356,0.0,0.0,0.0006400886684294562,0.033090435955762054,0.016163413006804076,0.005475289209899877,0.0,0.004835928356654701,0.0,0.0,0.0003198362993235282,0.0,0.005046057198847478,0.005320374007650583,0.01794692180127379,0.0,0.0,0.00022611178235383992,0.0022701859924793284,0.0016479095548120387,0.0016162911817090401,0.0,0.0003851241462971904,0.0,0.0,0.0,0.0005810962023193357,0.007629190727012397,0.0,0.0,0.009783892933881846,0.0,0.008919913083048315,0.0013200818604398865,0.007551638331565813,0.0,0.0,0.015919624038454823,0.00037836433207988807,0.0,0.00042339680528634,0.0,0.0,0.0,0.0,0.0004970959128086897,0.00030766016908590366,0.00028944770979008773,0.0023101432557698014,0.002471321938184069,0.0,0.0,0.0
Bad_Bunny_-_BAILE_INoLVIDABLE_preview.wav,0.0,0.003004363898183893,0.006942566139281296,0.0,0.0,0.007267928880243994,0.0,0.0,0.0,0.0062136989101086205,0.0,0.0,0.011311760332925695,0.006149217260871735,0.0,0.0015229742153362643,0.0010983653058595864,0.000475015516198625,0.0,0.0026716541140911344,0.008716443034790036,0.0,0.0005516263281267818,0.0,0.0,0.0,0.0021008417852064845,0.00024287764673555773,0.0,0.0006123278552013538,0.012435244345683515,0.0,0.0,0.00084679361057268,0.000555079755741972,0.0,0.0028678377828327117,0.0018247304838052412,0.008540503635558762,0.001663149383425731,0.0017665826851317843,0.0,0.0014305470379446068,0.008599286686914887,0.01716097291047258,0.001110588038899365,0.0,0.00045991271881195184,0.0009198254376239037,0.00106064862370088,0.0,0.004401542827643732,0.0,0.002024226630937822,0.000775314168331821,0.0005767356622897258,0.0011655789670797403,0.0,0.009634634665992192,0.0004305634658225604,0.0,0.00043779710546515925,0.0103784890789207,0.013056575491669685,0.0,0.0005669417878558562,0.0005061350366924645,0.0,0.0,0.006779999659412775,0.0014365131468325218,0.0018049062474281047,0.011974675560665263,0.001722437740700839,0.0,0.0,0.00042697184077882807,0.008001108355368203,0.006397484284780664,0.018064991007604555,0.00036501928065999184,0.0,0.003108811086420879,0.0,0.0,0.0001599181496617641,0.0,0.0,0.002864816773350314,0.001407601709903827,0.0017001435271489038,0.001743275828323917,0.004974459211784478,0.0030269146566391045,0.0005493031849373463,0.0,0.0,0.001155372438891571,0.00033580850048750956,0.0,0.0063148188151245,0.0,0.0,0.003943622688508066,0.006986920433118346,0.005514557835460677,0.0,0.0007433260902540262,0.0004950306976649574,0.003679003289737191,0.0,0.0012061664363835116,0.0037628202272711403,0.00037836433207988807,0.0023311579341594806,0.00042339680528634,0.0,0.0,0.0,0.0,0.0062136989101086205,0.022459192343270967,0.0026050293881107896,0.024586524650692887,0.015926296934963998,0.00034220517993789157,0.0,0.0
Bad_Company_-_Ready_for_Love_-_2015_Remaster_preview.wav,0.0,0.0012518182909099557,0.0,0.0,0.046649997817719224,0.0,0.0,0.004982370721613176,0.0075979186777097,0.017895452861112826,0.0,0.0003015416090958779,0.0,0.0,0.018418396581538203,0.0027413535876052754,0.0,0.0014250465485958748,0.0,0.0,0.0,0.001188654375783099,0.0,0.0014947112164839529,0.0,0.05328671001458848,0.0,0.0012143882336777885,0.033404912421702654,0.015308196380033846,0.0,0.009317958841851742,0.0,0.0,0.000277539877870986,0.0,0.0004412058127434941,0.021896765805662893,0.00599333588460264,0.0046568182735920475,0.0003925739300292854,0.0,0.0018206962301113177,0.0,0.0,0.0,0.0,0.0,0.0013797381564358553,0.00212129724740176,0.0,0.0004633202976467087,0.006865864409785495,0.0008096906523751288,0.0006645550014272751,0.015571862881822595,0.0,0.0,0.0,0.0008611269316451208,0.10505238981086933,0.005253565265581911,0.0,0.0005021759804488341,0.0004162958948559675,0.0002834708939279281,0.049601233595861514,0.0,0.0012337884071940207,0.0,0.0019153508624433627,0.0032488312453705886,0.0003326298766851462,0.0,0.0,0.0,0.0,0.0019202660052883686,0.00022060290637174705,0.0,0.0,0.01243748874614887,0.0,0.0,0.001641070848452083,0.0004797544489852923,0.01725493874800068,0.0,0.0,0.0,0.00024287764673555773,0.0013946206626591336,0.004070012082369118,0.0018918216603994403,0.0003662021232915642,0.0,0.0,0.006161986340755046,0.0,0.0,0.0,0.001743288606958007,0.0,0.010516327169354842,0.0,0.0,0.0024109569249278475,0.0014866521805080525,0.0008250511627749291,0.0009681587604571556,0.0017509837157487149,0.0012061664363835116,0.00028944770979008773,0.0022701859924793284,0.0,0.005927555274008759,0.0,0.0,0.0,0.0,0.039767673024695166,0.0,0.013025146940553947,0.0013200818604398865,0.0,0.00034220517993789157,0.0,0.002061619467238113
Bantu_-_Roll_With_Me_feat_Shungudzo_-_Friend_Within_Remix_preview.wav,0.0,0.0016273637781829423,0.01182807564470147,0.0,0.0,0.021334888003296883,0.0,0.0,0.03256250861875586,0.0017398356948304136,0.0,0.0,0.001357411239951083,0.020256245094636305,0.003157439413977978,0.0,0.010159879079201174,0.0,0.010848007425726922,0.0063148188151245,0.003486577213916014,0.0,0.00036775088541785456,0.0,0.003401650727135137,0.0,0.0019098561683695313,0.0,0.0,0.0,0.013989649888893953,0.0,0.0,0.00084679361057268,0.002220319022967888,0.0004561826209513103,0.005294469752921929,0.0004561826209513103,0.013335172343240874,0.0006652597533702924,0.0001962869650146427,0.0,0.0,0.0,0.0026001474106776635,0.024988230875235714,0.0019616755456529984,0.00045991271881195184,0.0,0.0,0.0,0.0009266405952934174,0.0,0.002833917283312951,0.00022151833380909173,0.0,0.01243284231551723,0.0,0.0,0.0,0.0,0.0,0.00308549675319264,0.0010043519608976682,0.0,0.0005669417878558562,0.0,0.0,0.0,0.0007976470187544442,0.0009576754312216814,0.0,0.004324188396906901,0.003047389848932254,0.00242443677256356,0.0,0.008112464974797734,0.0006400886684294562,0.0006618087191152412,0.0,0.0,0.0,0.0022452524513039683,0.014992938525141428,0.0,0.0001599181496617641,0.0,0.0,0.00040925953905004487,0.01794692180127379,0.0036431647010333654,0.0003486551656647834,0.0,0.00037836433207988807,0.0,0.0,0.03396854174115373,0.0,0.003022276504387586,0.0,0.006557696461860057,0.0,0.0004487759251183763,0.0,0.009942925231745338,0.007115558497368616,0.0,0.0003716630451270131,0.002475153488324787,0.0009681587604571556,0.004377459289371787,0.003920040918246413,0.0026050293881107896,0.006810557977437985,0.0,0.0021169840264317,0.011852789181354925,0.0,0.0,0.0,0.001242739782021724,0.007383844058061688,0.012735699230763859,0.006765419534754418,0.0041188698969734485,0.00034220517993789157,0.0018644629564252752,0.0
Barbies_Cradle_-_Pangarap_preview.wav,0.0,0.019027638021831324,0.0,0.013368722284898613,0.032984846941821674,0.0,0.0,0.008968267298903716,0.014653128878440136,0.0017398356948304136,0.0,0.0,0.0,0.0,0.003157439413977978,0.0,0.0,0.0028500930971917496,0.0,0.0,0.004648769618554685,0.04635752065554086,0.001287128098962491,0.0014947112164839529,0.0,0.004674272808297235,0.0017188705515325782,0.00315740940756225,0.011134970807234216,0.003061639276006769,0.0,0.0,0.0,0.0,0.002220319022967888,0.0,0.0,0.005930374072367033,0.00449500191345198,0.03259772791514433,0.0,0.0,0.0016906464993890807,0.0,0.0,0.0,0.0,0.0,0.0,0.0371227018295308,0.0,0.000694980446470063,0.0019616755456529984,0.0016193813047502576,0.00022151833380909173,0.0005767356622897258,0.0,0.007212087251843064,0.0,0.0,0.0,0.0,0.0,0.007532639706732511,0.0004162958948559675,0.0002834708939279281,0.00455521533023218,0.0,0.0,0.0,0.0009576754312216814,0.0025268687463993467,0.0019957792601108773,0.0005299808432925659,0.0,0.004614756559718334,0.0,0.005760798015865105,0.0017648232509739764,0.0,0.0014600771226399674,0.0,0.0,0.0,0.0,0.0001599181496617641,0.0009081546709474042,0.0,0.024555572343002693,0.0,0.0009715105869422309,0.0,0.007687800600030556,0.0,0.0007324042465831283,0.0,0.0,0.001925620731485952,0.0,0.00832651490320101,0.0,0.0029054810115966786,0.0,0.05205581948830646,0.0,0.0,0.0,0.0003716630451270131,0.0,0.008326165339931538,0.0,0.0,0.0008683431293702631,0.0034052789887189924,0.0,0.00084679361057268,0.0,0.0,0.0,0.0,0.020629480381560622,0.0,0.0049206110664314915,0.0,0.0,0.0,0.0,0.0
Bastille_-_Million_Pieces_-_M-22_Remix_preview.wav,0.0,0.0,0.02699886831942726,0.0024306767790724755,0.0004712120991688811,0.028133918246105782,0.0035460167642188665,0.0,0.0,0.0,0.0015815034791516738,0.0003015416090958779,0.002714822479902166,0.02242655706906162,0.0,0.0,0.00961069642627138,0.004275139645787625,0.011187007657780888,0.004371797641240039,0.0,0.0,0.0004596886067723182,0.0,0.0008504126817837842,0.0,0.0028647842525542973,0.0,0.0,0.0,0.004663216629631318,0.0,0.0,0.0038105712475770596,0.0,0.004105643588561792,0.012353762756817835,0.005930374072367033,0.000149833397115066,0.0,0.0003925739300292854,0.0,0.00013004973072223698,0.0,0.0,0.031651759108631904,0.002452094432066248,0.0013797381564358553,0.0013797381564358553,0.0,0.0,0.0,0.0,0.0010795875365001719,0.0,0.0,0.010101684381357749,0.0,0.0,0.013778030906321933,0.0,0.002188985527325796,0.0011219988193427782,0.0015065279413465022,0.0020814794742798374,0.00878759771176577,0.0,0.013088570603497645,0.0,0.0,0.005746052587330087,0.003970793744341831,0.0,0.0007949712649388487,0.0,0.011866516867847144,0.010247324178691874,0.0,0.00022060290637174705,0.0,0.009125482016499795,0.0,0.0,0.06607998831451221,0.0,0.0006396725986470564,0.0,0.0,0.0,0.0010557012824278702,0.0,0.0006973103313295668,0.0,0.0,0.002197212739749385,0.0,0.020462976952502245,0.001155372438891571,0.008059404011700229,0.006244886177400758,0.008986472929215636,0.0,0.0,0.0,0.019885850463490676,0.008005003309539693,0.0,0.0,0.00016501023255498581,0.0,0.0,0.0,0.0,0.0,0.0019426316117995672,0.0,0.004444795943008097,0.0,0.0018644629564252752,0.0,0.0,0.005230222874460362,0.0,0.00016501023255498581,0.009336105099806482,0.0023954362595652407,0.002485950608567034,0.0
Beartooth_-_In_Between_preview.wav,0.0,0.0,0.0,0.0,0.0,0.0021100438684579334,0.0,0.0,0.0,0.00024854795640434483,0.0,0.0,0.0,0.05823670464707937,0.0,0.0,0.0,0.0,0.010848007425726922,0.0,0.0,0.0,0.00018387544270892728,0.0,0.0,0.0,0.0007639424673478127,0.0,0.0,0.0,0.12072549718934412,0.0,0.0,0.00550415846872242,0.0,0.0,0.0,0.0,0.000599333588460264,0.0,0.0,0.0,0.0005201989228889479,0.001074910835864361,0.029381665740657596,0.016658820583490476,0.0,0.0,0.0,0.0,0.0,0.0,0.0,0.0,0.0005537958345227293,0.0,0.0,0.0,0.003853853866396877,0.0,0.0,0.0,0.0,0.0,0.0,0.0011338835757117125,0.0,0.0,0.0,0.11924822930378941,0.0,0.0001804906247428105,0.0009978896300554387,0.0003974856324694244,0.0,0.0,0.0,0.0,0.0,0.003169296668000799,0.0007300385613199837,0.0,0.0017271172702338217,0.018879996661289204,0.0,0.0,0.0,0.004415300048991543,0.0,0.001407601709903827,0.00024287764673555773,0.0,0.0,0.0,0.0,0.0,0.0556592973108061,0.0,0.0,0.0,0.010200861162893423,0.0,0.004936535176302138,0.0,0.013973840866236691,0.0,0.0,0.0,0.0,0.00038726350418286223,0.0,0.0,0.0005788954195801755,0.0,0.0,0.0,0.0,0.0,0.0,0.0,0.0,0.00584554321263217,0.0,0.0011550716278849007,0.006315600508692621,0.0,0.0006214876521417584,0.0
Bebe_Rexha_-_Im_a_Mess_preview.wav,0.003813017040871155,0.010640455472734622,0.00411411326772225,0.0,0.0018848483966755244,0.0077368275176790905,0.00212761005853132,0.0004982370721613176,0.0027135423848963216,0.0004970959128086897,0.0,0.0003015416090958779,0.001357411239951083,0.0003617186624042197,0.001578719706988989,0.005482707175210551,0.006041009182227723,0.0,0.005424003712863461,0.006557696461860057,0.0,0.006537599066807043,0.0002758131640633909,0.0029894224329679057,0.0017008253635675684,0.0,0.001336899317858672,0.0041289199945044805,0.006073620440309573,0.004286294986409477,0.0005181351810701465,0.0009808377728264992,0.0,0.004657364858149739,0.00555079755741972,0.0018247304838052412,0.006397484284780664,0.0009123652419026206,0.006143169281717705,0.010644156053924679,0.014721522376098202,0.0009492613468869927,0.00039014919216671094,0.014780023993134961,0.0028601621517454295,0.0038870581361477776,0.0004904188864132496,0.0018396508752478074,0.0013797381564358553,0.00106064862370088,0.0,0.0030115819347036063,0.0009808377728264992,0.010525978480876675,0.0006645550014272751,0.0,0.0019426316117995672,0.0,0.0,0.0,0.0,0.0,0.0014024985241784728,0.0,0.0,0.0017008253635675684,0.0015184051100773932,0.0,0.0006168942035970103,0.003190588075017777,0.0004788377156108407,0.0012634343731996733,0.006652597533702924,0.0052998084329256585,0.0016162911817090401,0.0,0.013663098904922498,0.0006400886684294562,0.0015442203446022294,0.002852367001200719,0.0,0.0,0.00397236972153779,0.004997646175047142,0.0,0.0,0.0,0.005046057198847478,0.0,0.0010557012824278702,0.0,0.004881172319306968,0.0006783353470615197,0.005297100649118433,0.0001831010616457821,0.0008081455908545201,0.01596112202295175,0.0,0.002014851002925057,0.0,0.007772084695537847,0.0,0.0004487759251183763,0.000788724537701613,0.0002687277089660902,0.015298450769342525,0.0,0.002973304361016105,0.007260450232419375,0.005421689058560071,0.0,0.0021107912636711456,0.0014472385489504387,0.0011350929962396642,0.0034967369012392207,0.00042339680528634,0.0,0.0009634634665992192,0.001242975304283517,0.0,0.0009941918256173793,0.0030766016908590366,0.006078401905591843,0.0036302251162096877,0.001922139285254276,0.0027376414395031325,0.0018644629564252752,0.0
Bell_Biv_DeVoe_-_Poison_preview.wav,0.0,0.004381364018184845,0.0,0.0,0.002356060495844405,0.0,0.0,0.0004982370721613176,0.0005427084769792644,0.0,0.009489020874910043,0.0,0.0,0.0,0.0,0.00213216390147077,0.0005491826529297932,0.000475015516198625,0.0003390002320539663,0.004614675287975596,0.061596197445849585,0.013669525321505638,0.0010113149348991,0.0004982370721613176,0.00737024324212613,0.0004674272808297235,0.002673798635717344,0.0009715105869422309,0.0030368102201547864,0.0,0.0,0.0,0.0,0.0,0.003330478534451832,0.0013685478628539308,0.0,0.0004561826209513103,0.00149833397115066,0.006652597533702924,0.0001962869650146427,0.0,0.0016906464993890807,0.002418549380694812,0.010400589642710654,0.0,0.0,0.012417643407922698,0.0,0.02757686421622288,0.0,0.006023163869407213,0.0,0.0009446390944376503,0.0005537958345227293,0.0,0.00038852632235991343,0.002704532719441149,0.03468468479757189,0.0,0.0,0.0,0.0005609994096713891,0.0,0.0,0.002834708939279281,0.0,0.00850757089227347,0.0,0.0003988235093772221,0.0009576754312216814,0.001443924997942484,0.0006652597533702924,0.0026499042164628292,0.0,0.0006592509371026191,0.0,0.0009601330026441843,0.0006618087191152412,0.0022185076676005592,0.007300385613199837,0.0,0.005354063537724847,0.0,0.0,0.0001599181496617641,0.0,0.0006307571498559348,0.06793708348230745,0.001407601709903827,0.0,0.0,0.006105018123553677,0.0,0.0027465159246867314,0.0,0.0,0.011938848535212902,0.0,0.0027755049677336704,0.0,0.005229865820874021,0.0013463277753551289,0.00499525540544355,0.0,0.0001778889624342154,0.0,0.010406565263556367,0.005610347906869517,0.003679003289737191,0.0,0.003920040918246413,0.03675985914334114,0.035566247215509474,0.0019426316117995672,0.00042339680528634,0.0,0.0,0.0,0.0,0.002485479564043448,0.0,0.001157790839160351,0.0013200818604398865,0.0002745913264648966,0.0006844103598757831,0.0,0.0
Benjamin_Francis_Leftwich_-_Shine_-_Kygo_Remix_preview.wav,0.0,0.0016273637781829423,0.0017999245546284843,0.008507368726753664,0.014607575074235312,0.0,0.0,0.004982370721613176,0.0032562508618755857,0.0029825754768521375,0.0,0.0018092496545752674,0.0,0.0003617186624042197,0.011051037948922923,0.0027413535876052754,0.0,0.0014250465485958748,0.0,0.0,0.0,0.0005943271878915495,0.0006435640494812455,0.007473556082419765,0.0002834708939279281,0.011685682020743087,0.0009549280841847657,0.0038860423477689236,0.003542945256847251,0.03857665487768529,0.0,0.0029425133184794974,0.029427101753496773,0.0,0.0,0.0,0.0022060290637174705,0.0031932783466591718,0.001048833779805462,0.003658928643536608,0.0035331653702635685,0.005695568081321956,0.00026009946144447396,0.0002687277089660902,0.0,0.0,0.0,0.010577992532674892,0.0,0.01378843210811144,0.0,0.004864863125290441,0.02304968766142273,0.0012145359785626932,0.00011075916690454586,0.02999025443906574,0.0,0.001803021812960766,0.0,0.0,0.1213938726703379,0.0,0.0022439976386855564,0.0015065279413465022,0.0020814794742798374,0.0002834708939279281,0.028343562054778008,0.0,0.001850682610791031,0.0,0.0009576754312216814,0.0009024531237140523,0.0,0.0,0.0,0.0,0.0008539436815576561,0.003840532010576737,0.0,0.0,0.0036501928065999184,0.09772312586259826,0.00017271172702338218,0.0,0.09189996751331664,0.0001599181496617641,0.01089785605136885,0.0,0.005729633546700628,0.0,0.0034002870542978077,0.0083677239759548,0.007687800600030556,0.0,0.0010986063698746925,0.0016162911817090401,0.0,0.002310744877783142,0.00738778701072521,0.0034693812096670876,0.0,0.0,0.0,0.004469439046975807,0.002687277089660902,0.0005336668873026462,0.021698612324350625,0.007061597857413248,0.0047852967440945885,0.0,0.0035019674314974297,0.0024123328727670233,0.0008683431293702631,0.0,0.0,0.0029637776370043797,0.0,0.04239239253036564,0.001242975304283517,0.0,0.006959342779321654,0.0,0.0063678496153819295,0.00016501023255498581,0.0,0.0013688207197515663,0.0,0.009277287602571507
Benny_Jamz_-_Sektion_feat_Branco_Gilli_preview.wav,0.003050413632696924,0.0005007273163639823,0.005656905743118093,0.0,0.0,0.007267928880243994,0.019857693879625653,0.004484133649451858,0.0010854169539585288,0.0014912877384260688,0.0007907517395758369,0.0006030832181917558,0.001357411239951083,0.005425779936063296,0.0,0.003655138116807034,0.015651705608499104,0.0,0.0010170006961618989,0.0,0.0,0.0,0.00036775088541785456,0.008470030226742399,0.0,0.004206845527467511,0.0007639424673478127,0.0019430211738844618,0.0005061350366924645,0.0,0.0025906759053507325,0.007846702182611994,0.004746306734434963,0.023710221096035038,0.000277539877870986,0.013229296007587998,0.006176881378408917,0.0013685478628539308,0.00074916698557533,0.0006652597533702924,0.005299748055395352,0.005695568081321956,0.0007802983843334219,0.0018810939627626315,0.0,0.018879996661289204,0.0019616755456529984,0.0,0.03357362847327248,0.0,0.0,0.0016216210417634804,0.0004904188864132496,0.0013494844206252148,0.0006645550014272751,0.00403714963602808,0.0007770526447198269,0.0,0.0,0.018514229030370095,0.0035017463270289777,0.01794968132407153,0.016268982880470285,0.0005021759804488341,0.015819244004526764,0.0005669417878558562,0.006579755477002037,0.0006544285301748823,0.032078498587044535,0.0011964705281316663,0.0047883771561084065,0.000721962498971242,0.0,0.0006624760541157073,0.00565701913598164,0.0006592509371026191,0.027326197809844997,0.0012801773368589125,0.0006618087191152412,0.0003169296668000799,0.0,0.0008883920532963479,0.0005181351810701465,0.008329410291745238,0.0,0.0001599181496617641,0.0027244640128422123,0.007569085798271216,0.0,0.0038709047022355237,0.00048575529347111545,0.011156965301273069,0.0013566706941230394,0.0030269146566391045,0.0005493031849373463,0.00727331031769068,0.0008185190781000897,0.0,0.009738446514137777,0.0,0.002428776467355577,0.0,0.009424294427485902,0.0010516327169354841,0.002956004798626992,0.003913557173552738,0.012054784624639237,0.0,0.00709543999986439,0.0,0.0,0.003618499309150535,0.00028944770979008773,0.0,0.00893610541427801,0.00042339680528634,0.006667193914512145,0.0,0.0037289259128505505,0.0,0.0004970959128086897,0.0015383008454295183,0.0037628202272711403,0.0,0.0016475479587893793,0.005475282879006265,0.0006214876521417584,0.003092429200857169
Beyonce_-_711_preview.wav,0.000762603408174231,0.0026288184109109066,0.003342717030024328,0.0,0.0,0.003751189099480771,0.0212761005853132,0.0,0.006512501723751171,0.0,0.0,0.0006030832181917558,0.004977174546487304,0.007957810572892833,0.004209919218637304,0.00426432780294154,0.006864783161622414,0.0,0.003390002320539663,0.004857552934711154,0.0023243848092773427,0.0,0.0,0.0009964741443226352,0.0011338835757117125,0.0004674272808297235,0.00038197123367390633,0.008257839989008961,0.0030368102201547864,0.0,0.0036269462674910252,0.006375445523372244,0.010441874815756919,0.00042339680528634,0.04856947862742256,0.0009123652419026206,0.005073866846550182,0.0,0.0,0.0023284091367960238,0.002551730545190355,0.013289658856417898,0.00026009946144447396,0.01236147461244015,0.000780044223203299,0.01943529068073889,0.0,0.0,0.0018396508752478074,0.0,0.0,0.0016216210417634804,0.0,0.003913504819813123,0.0,0.0,0.008547579091918094,0.000901510906480383,0.0,0.0008611269316451208,0.0,0.0013133913163954777,0.0011219988193427782,0.0005021759804488341,0.00666073431769548,0.0,0.0,0.0006544285301748823,0.0,0.003190588075017777,0.0019153508624433627,0.000721962498971242,0.018959902971053336,0.0023849137948165466,0.01777920299879944,0.0,0.012382183382586013,0.0003200443342147281,0.0019854261573457235,0.0044370153352011185,0.00036501928065999184,0.0,0.0008635586351169108,0.02665411293358476,0.0,0.0001599181496617641,0.0,0.0006307571498559348,0.00040925953905004487,0.0035190042747595676,0.0017001435271489038,0.0,0.00022611178235383992,0.0026485503245592167,0.0003662021232915642,0.07030866640434325,0.009412969398151031,0.0,0.0026864680039000765,0.0,0.0038860423477689236,0.0,0.0013463277753551289,0.0005258163584677421,0.001074910835864361,0.002134667549210585,0.0,0.0,0.0016501023255498582,0.003679003289737191,0.006128443005120502,0.0009046248272876337,0.00028944770979008773,0.0158913019473553,0.005050842190678874,0.00042339680528634,0.00814879256218151,0.003853853866396877,0.004350413564992309,0.0,0.00024854795640434483,0.009845125410748917,0.0,0.0,0.0010983653058595864,0.01095056575801253,0.0,0.0
Big_Big_Train_-_The_Second_Brightest_Star_preview.wav,0.0,0.0,0.0,0.046182858802377026,0.10413787391632272,0.0,0.0,0.04384486235019595,0.0,0.0,0.0,0.0,0.0,0.0,0.0,0.0,0.0,0.05130167574945149,0.0,0.0,0.0,0.07666820723800988,0.0,0.003985896577290541,0.0,0.011218254739913364,0.0,0.0,0.0,0.0036739671312081227,0.0,0.0,0.0,0.0,0.0,0.0,0.0,0.024633861531370753,0.0,0.0,0.0,0.0,0.0,0.0,0.0,0.0,0.0,0.0,0.0,0.01644005366736364,0.004537451629127585,0.0,0.019616755456529984,0.0,0.006091754179750022,0.02479963347845821,0.0,0.046878567136979916,0.0,0.0,0.0,0.0,0.0,0.0,0.0,0.0,0.002530675183462322,0.0032721426508744112,0.0,0.0,0.0004788377156108407,0.0,0.0,0.0,0.0,0.0013185018742052383,0.0,0.0006400886684294562,0.0,0.0,0.004745250648579893,0.023986585439001392,0.0,0.0,0.004923212545356249,0.0007995907483088205,0.0018163093418948084,0.0,0.0,0.0,0.0,0.0,0.0011305589117691995,0.0,0.006591638219248155,0.0,0.0,0.0,0.0,0.08742840648361061,0.0,0.0023243848092773427,0.0,0.0076243371977822594,0.0,0.0,0.0,0.0,0.0,0.0,0.0,0.0,0.0,0.0,0.0,0.0,0.0,0.0,0.0,0.0,0.0007456438692130344,0.0,0.0,0.0,0.0,0.0,0.07768595651771981,0.0
Big_L_-_Da_Graveyard_preview.wav,0.009913844306265003,0.00112663646181896,0.0,0.0,0.0032984846941821674,0.0,0.0007092033528437733,0.005480607793774493,0.03093438318781807,0.0037282193460651722,0.005535262177030858,0.0009046248272876337,0.014026582812827858,0.0,0.007893598534944946,0.0006091896861345058,0.0005491826529297932,0.003800124129589,0.0,0.0009715105869422309,0.03312248353220214,0.002971635939457747,0.00036775088541785456,0.011459452659710306,0.002267767151423425,0.002804563684978341,0.0,0.005343308228182269,0.0015184051100773932,0.0,0.040414544123471424,0.003923351091305997,0.0,0.0042339680528634,0.000555079755741972,0.009123652419026206,0.0022060290637174705,0.005930374072367033,0.0017980007653807919,0.013970454820776142,0.0,0.0,0.0,0.0,0.0002600147410677664,0.0,0.005394607750545745,0.013797381564358554,0.00505903990693147,0.01007616192515836,0.0,0.0025482616370568973,0.0009808377728264992,0.0010795875365001719,0.00044303666761818345,0.009804506258925337,0.0,0.001803021812960766,0.017342342398785945,0.005166761589870724,0.0,0.0026267826327909553,0.003646496162864029,0.00502175980448834,0.003746663053703707,0.0011338835757117125,0.0,0.0013088570603497645,0.001850682610791031,0.0,0.0023941885780542032,0.002346378121656536,0.0026610390134811698,0.0007949712649388487,0.0016162911817090401,0.004614756559718334,0.00042697184077882807,0.0044806206790061935,0.0019854261573457235,0.013944905339203515,0.004380231367919902,0.0,0.00017271172702338218,0.0016658820583490474,0.0,0.0001599181496617641,0.0,0.005046057198847478,0.013096305249601436,0.0010557012824278702,0.0041289199945044805,0.008716379141619584,0.002261117823538399,0.010215836966156976,0.0003662021232915642,0.0,0.0,0.010013227803726949,0.00738778701072521,0.0020816287258002527,0.0,0.011040827844067378,0.010321846277722655,0.002366173613104839,0.0,0.0,0.0,0.003716630451270131,0.0011550716278849007,0.0005808952562742933,0.007879426720869217,0.013267830800218627,0.008104535874122456,0.020810038264393843,0.00038852632235991343,0.0025403808317180396,0.0,0.0,0.001242975304283517,0.0,0.001242739782021724,0.0006153203381718073,0.012446251520973773,0.0016501023255498582,0.0005491826529297932,0.0017110258996894576,0.002485950608567034,0.003092429200857169
Billie_Eilish_-_Bored_preview.wav,0.0,0.0005007273163639823,0.0005142641584652812,0.021876091011652277,0.016963635570079717,0.0016411452310228375,0.0,0.10612449637036064,0.0,0.0007456438692130344,0.0,0.0,0.0,0.0003617186624042197,0.0,0.0006091896861345058,0.0010983653058595864,0.0014250465485958748,0.0,0.0,0.0,0.005943271878915494,0.0,0.15495172944216978,0.0,0.021969082198997,0.00019098561683695317,0.005586185874917827,0.0,0.0,0.0,0.0,0.0,0.0,0.0,0.0,0.0008824116254869882,0.0018247304838052412,0.0,0.0009978896300554387,0.0007851478600585708,0.0,0.0,0.0,0.0,0.0,0.0,0.0,0.0,0.00159097293555132,0.0,0.0,0.0004904188864132496,0.00026989688412504297,0.0,0.0,0.0,0.002704532719441149,0.0,0.0,0.0,0.0,0.00028049970483569456,0.0,0.032887375693621435,0.0,0.0,0.0,0.0,0.0,0.0028730262936650435,0.0,0.0,0.00026499042164628293,0.0,0.0006592509371026191,0.0029888028854517966,0.003520487676362009,0.0,0.0,0.00036501928065999184,0.04530799471811374,0.00017271172702338218,0.0,0.0,0.0001599181496617641,0.03814249617979097,0.0,0.0,0.0,0.00048575529347111545,0.025451827093529184,0.0052005709941383175,0.0,0.0003662021232915642,0.0,0.0,0.003080993170377523,0.0016790425024375477,0.02567342095153645,0.00048575529347111545,0.0005810962023193357,0.0,0.009201786273185486,0.0051058264703557135,0.0,0.0,0.0,0.0009900613953299148,0.0,0.0,0.012363205972930993,0.0,0.0,0.019814842440355585,0.0,0.0,0.0,0.006214876521417584,0.0,0.007704986648534689,0.0,0.0,0.0,0.0002745913264648966,0.0023954362595652407,0.0,0.026801053074095464
Bipo_Montana_-_Genere_preview.wav,0.0,0.0017525456072739378,0.0,0.0012153383895362377,0.004240908892519929,0.0,0.0014184067056875467,0.007473556082419765,0.011396878016564551,0.02634608337886055,0.0,0.0006030832181917558,0.0,0.0,0.03210063404210944,0.0027413535876052754,0.0,0.0,0.0,0.0,0.0,0.0005943271878915495,0.0002758131640633909,0.008470030226742399,0.0,0.008413691054935023,0.0,0.0038860423477689236,0.001012270073384929,0.006735606407214891,0.0,0.014712566592397489,0.006644829428208949,0.0012701904158590198,0.000832619633612958,0.0031932783466591718,0.0,0.005474191451415723,0.00299666794230132,0.003991558520221755,0.0003925739300292854,0.0009492613468869927,0.0,0.0,0.0,0.0,0.0,0.0,0.0027594763128717106,0.0,0.0,0.00023166014882335434,0.003923351091305997,0.00026989688412504297,0.00044303666761818345,0.013264920232663693,0.0,0.000901510906480383,0.0,0.01076408664556401,0.08404191184869546,0.004377971054651592,0.00028049970483569456,0.0015065279413465022,0.006244438422839513,0.0,0.0754141204671772,0.0,0.057371160934521964,0.0,0.0009576754312216814,0.002887849995884968,0.0003326298766851462,0.0,0.0,0.0019777528113078574,0.0,0.005760798015865105,0.0004412058127434941,0.0,0.0,0.04708477882470644,0.0,0.0,0.07877140072569998,0.0001599181496617641,0.01997940276084289,0.0006307571498559348,0.0,0.0,0.0,0.0020919309939887,0.0009044471294153597,0.0018918216603994403,0.0003662021232915642,0.00242443677256356,0.0,0.0,0.0,0.0006938762419334176,0.0,0.0,0.0022438796255918815,0.0026290817923387104,0.0,0.0,0.003616435387391771,0.0003716630451270131,0.0,0.0011617905125485867,0.0008754918578743574,0.0003015416090958779,0.0,0.0037836433207988807,0.0,0.004657364858149739,0.0,0.0,0.0,0.003341709066204575,0.02212076811998669,0.0,0.03878599311187176,0.0,0.0,0.0,0.0,0.014431336270666789
Bishop_Briggs_-_CAN_YOU_HEAR_ME_NOW_preview.wav,0.0,0.00225327292363792,0.03754128356796553,0.0,0.0009424241983377622,0.01031577002357212,0.0,0.0,0.0010854169539585288,0.00024854795640434483,0.0,0.0003015416090958779,0.0,0.004340623948850636,0.004209919218637304,0.0015229742153362643,0.0041188698969734485,0.000475015516198625,0.0020340013923237977,0.001457265880413346,0.0023243848092773427,0.0,0.0004596886067723182,0.0009964741443226352,0.0008504126817837842,0.0014022818424891705,0.0009549280841847657,0.004614675287975596,0.0,0.003061639276006769,0.004145081448561172,0.0,0.0,0.0,0.0069384969467746515,0.0,0.014559791820535305,0.0,0.0,0.0006652597533702924,0.0017665826851317843,0.0,0.0006502486536111849,0.007255648142084435,0.02054116454435354,0.00666352823339619,0.0,0.0,0.0,0.0,0.0,0.0004633202976467087,0.0,0.012550205111814497,0.00033227750071363756,0.0,0.0011655789670797403,0.002704532719441149,0.011561561599190629,0.0,0.0,0.0,0.0033659964580283344,0.02008703921795336,0.00333036715884774,0.0,0.0015184051100773932,0.0,0.0006168942035970103,0.012363528790693886,0.0,0.0,0.02195357186121965,0.006492265330333932,0.0,0.0,0.0029888028854517966,0.002560354673717825,0.0,0.0,0.0,0.0008883920532963479,0.0017271172702338217,0.005552940194496825,0.001641070848452083,0.0001599181496617641,0.0,0.0,0.0,0.0,0.012386759983513441,0.0003486551656647834,0.00022611178235383992,0.0,0.0005493031849373463,0.0,0.0069574121638507624,0.0007702482925943808,0.005037127507312643,0.0,0.01141524939657121,0.0,0.0,0.00026290817923387103,0.01585493482899932,0.0064040026476317536,0.0,0.0,0.0009900613953299148,0.0,0.0,0.0006030832181917558,0.0,0.00037836433207988807,0.0,0.0,0.0,0.0,0.0006214876521417584,0.0,0.0004970959128086897,0.02092089149784145,0.00028944770979008773,0.0,0.0016475479587893793,0.021216721156149275,0.0,0.0
bLAck_pARty_-_Bloom_preview.wav,0.006100827265393848,0.00012518182909099557,0.0015427924753958436,0.024306767790724753,0.00471212099168881,0.0009377972748701928,0.0007092033528437733,0.034378357979130914,0.0,0.0009941918256173793,0.006326013916606695,0.0033169577000546568,0.0,0.002532030636829538,0.0,0.0,0.0010983653058595864,0.002375077580993125,0.0013560009282158653,0.0,0.0,0.004160290315240846,0.0005516263281267818,0.03786601748426014,0.0,0.009815972897424193,0.001145913701021719,0.00024287764673555773,0.0,0.0012246557104027076,0.0,0.0,0.006644829428208949,0.00169358722114536,0.0,0.0009123652419026206,0.0015442203446022294,0.005474191451415723,0.0,0.0,0.0007851478600585708,0.010441874815756919,0.00026009946144447396,0.0,0.0005200294821355328,0.0,0.008337121069025243,0.0032193890316836627,0.0013797381564358553,0.00212129724740176,0.0,0.001389960892940126,0.002452094432066248,0.0008096906523751288,0.0005537958345227293,0.007497563609766435,0.0,0.003606043625921532,0.0,0.009902959713918889,0.0,0.014447304480350254,0.0022439976386855564,0.0,0.011656285055967091,0.002551238045351353,0.003542945256847251,0.013742999133672527,0.0024675768143880413,0.0,0.0588970390201334,0.0005414718742284314,0.0,0.0003974856324694244,0.0,0.04285131091167024,0.01110126786024953,0.003520487676362009,0.0006618087191152412,0.0012677186672003197,0.0007300385613199837,0.009772312586259825,0.00017271172702338218,0.009995292350094285,0.0,0.0001599181496617641,0.004540773354737021,0.0,0.00040925953905004487,0.0007038008549519135,0.00048575529347111545,0.024057206430870053,0.002035006041184559,0.0,0.0014648084931662567,0.0,0.010640748015301167,0.012323972681510092,0.005037127507312643,0.01734690604833544,0.0026716541140911344,0.029635906318286116,0.0,0.002366173613104839,0.0005374554179321805,0.0001778889624342154,0.0,0.0007433260902540262,0.0011550716278849007,0.00019363175209143112,0.0,0.032264952173258934,0.0005788954195801755,0.0,0.01670663186147628,0.0012701904158590198,0.0014815986476693656,0.006744244266194534,0.01118677773855165,0.0,0.0014912877384260688,0.0,0.0,0.00016501023255498581,0.0013729566323244828,0.0,0.003107438260708792,0.009277287602571507
Blanca_-_Not_Backing_Down_preview.wav,0.000762603408174231,0.0008762728036369689,0.0023141887130937655,0.0,0.0004712120991688811,0.01172246593587741,0.005673626822750187,0.0014947112164839529,0.0,0.0,0.0,0.0006030832181917558,0.001357411239951083,0.0014468746496168789,0.0,0.0015229742153362643,0.01675007091435869,0.0,0.011526007889834853,0.016515679978017922,0.0,0.0,0.0002758131640633909,0.0029894224329679057,0.003685121621063065,0.0,0.005347597271434688,0.002428776467355577,0.0,0.0,0.002072540724280586,0.0,0.0,0.00169358722114536,0.00138769938935493,0.007298921935220965,0.0059562784720371695,0.0,0.002547167750956122,0.0013305195067405849,0.005888608950439281,0.011391136162643912,0.0006502486536111849,0.006180737306220075,0.0033801916338809623,0.014437644505691745,0.0009808377728264992,0.004139214469307566,0.00045991271881195184,0.0,0.0,0.002779921785880252,0.0,0.003913504819813123,0.00022151833380909173,0.0,0.016318105539116366,0.0,0.0,0.0004305634658225604,0.0,0.00043779710546515925,0.00617099350638528,0.0030130558826930044,0.0020814794742798374,0.0011338835757117125,0.0,0.0,0.0,0.0055835291312811095,0.0,0.000721962498971242,0.003991558520221755,0.005564798854571942,0.00727331031769068,0.0,0.0029888028854517966,0.0009601330026441843,0.0006618087191152412,0.0015846483340003995,0.0,0.0,0.017443884429361598,0.009439998330644602,0.0,0.0001599181496617641,0.0009081546709474042,0.001892271449567804,0.0012277786171501345,0.004574705557187438,0.0026716541140911344,0.001743275828323917,0.0036177885176614387,0.0,0.0003662021232915642,0.0,0.01432408386675157,0.0007702482925943808,0.003022276504387586,0.0,0.00850071763574452,0.0005810962023193357,0.0,0.00026290817923387103,0.001343638544830451,0.008716559159276554,0.0,0.00483161958665117,0.01023063441840912,0.0007745270083657245,0.0,0.004221582527342291,0.007525640454542281,0.0,0.012044315993157315,0.0,0.004444795943008097,0.0057807807995953146,0.01118677773855165,0.0,0.0004970959128086897,0.005537883043546266,0.00028944770979008773,0.002475153488324787,0.003844278570508552,0.0047908725191304815,0.0,0.0010308097336190565
Blasterjaxx_-_Faith_-_Radio_Edit_preview.wav,0.0,0.0006259091454549778,0.001285660396163203,0.0,0.0,0.030712860751998815,0.0,0.0,0.0,0.0022369316076391033,0.0,0.0006030832181917558,0.0,0.0,0.0,0.0009137845292017585,0.0,0.0,0.0037290025525936288,0.009229350575951192,0.0011621924046386714,0.0,0.0007355017708357091,0.0,0.0002834708939279281,0.0,0.00019098561683695317,0.00048575529347111545,0.0,0.0,0.0,0.0,0.0,0.0025403808317180396,0.0,0.0,0.011030145318587353,0.0004561826209513103,0.011687004974975148,0.0,0.02276928794169855,0.0,0.0006502486536111849,0.0002687277089660902,0.000780044223203299,0.0,0.0004904188864132496,0.0,0.0,0.0,0.0,0.00023166014882335434,0.0,0.004993092356313295,0.000775314168331821,0.0,0.014375473927316798,0.0,0.0,0.0,0.0,0.0013133913163954777,0.010097989374085004,0.0,0.0,0.0,0.0,0.0,0.0,0.0,0.0,0.0018049062474281047,0.0006652597533702924,0.004769827589633093,0.0,0.0,0.0,0.0,0.0011030145318587353,0.0,0.0,0.0,0.0015544055432104395,0.0,0.0,0.0001599181496617641,0.0,0.0,0.0,0.0,0.0,0.001743275828323917,0.0,0.0015134573283195523,0.0001831010616457821,0.0,0.0,0.0,0.00839521251218774,0.0,0.008257839989008961,0.0,0.0,0.0,0.0,0.08111736687000222,0.0,0.0,0.0036302251162096877,0.001549054016731449,0.0,0.0006030832181917558,0.0,0.0,0.0,0.0,0.0,0.0,0.0,0.0,0.0007456438692130344,0.0015383008454295183,0.006946745034962105,0.006600409302199433,0.0,0.0,0.0,0.0
Blasterjaxx_-_Hide_Away_feat_Envy_Monroe_preview.wav,0.0,0.005257636821821813,0.0,0.0,0.0009424241983377622,0.007502378198961542,0.0,0.005978844865935811,0.0,0.0,0.0,0.0006030832181917558,0.0081444674397065,0.0039789052864464165,0.00894607833960427,0.006091896861345057,0.0008237739793946897,0.0,0.02373001624377764,0.021616110559464635,0.0,0.0,0.00018387544270892728,0.004982370721613176,0.0019842962574954967,0.006076554650786405,0.0040106979535760165,0.00048575529347111545,0.0,0.0,0.0,0.0,0.0,0.0012701904158590198,0.000832619633612958,0.0,0.0,0.0,0.0,0.0003326298766851462,0.001177721790087856,0.0,0.0011704475765001328,0.002149821671728722,0.000780044223203299,0.05108704978937079,0.0,0.0018396508752478074,0.0,0.0,0.0,0.0004633202976467087,0.0004904188864132496,0.0008096906523751288,0.00022151833380909173,0.0,0.05905600099870684,0.0,0.0,0.0,0.0,0.0,0.003926995867699724,0.0,0.007909622002263382,0.002267767151423425,0.004049080293539716,0.0,0.0012337884071940207,0.006779999659412775,0.0067037280185517694,0.0,0.0,0.002252418583993405,0.0,0.0,0.0008539436815576561,0.010881507363300754,0.0011030145318587353,0.0,0.00036501928065999184,0.0,0.002763387632374115,0.004997646175047142,0.0,0.0001599181496617641,0.0,0.0,0.0,0.0,0.0,0.009762344638613935,0.0029394531705999186,0.0011350929962396642,0.0001831010616457821,0.0,0.11254637323876232,0.0,0.0006716170009750191,0.0027755049677336704,0.004371797641240039,0.0005810962023193357,0.0035902074009470106,0.00499525540544355,0.0005374554179321805,0.0016010006619079384,0.007232870774783542,0.0,0.0014850920929948721,0.0007745270083657245,0.0,0.002713874481862901,0.001157790839160351,0.0,0.0007770526447198269,0.0,0.011111989857520242,0.0,0.004350413564992309,0.0,0.0007456438692130344,0.000922980507257711,0.00028944770979008773,0.0,0.0027459132646489655,0.0,0.0006214876521417584,0.003092429200857169
Blondie_-_Heart_Of_Glass_-_Special_Mix_preview.wav,0.0,0.004631727676366835,0.0,0.0,0.002356060495844405,0.0002344493187175482,0.0,0.0029894224329679057,0.011396878016564551,0.003479671389660827,0.0,0.0003015416090958779,0.0,0.0,0.0026311995116483147,0.0,0.0002745913264648966,0.0,0.009492006497511056,0.000728632940206673,0.014527405057983393,0.0,0.0002758131640633909,0.0,0.005385946984630634,0.0014022818424891705,0.0009549280841847657,0.005343308228182269,0.001012270073384929,0.0012246557104027076,0.0005181351810701465,0.002452094432066248,0.0,0.0038105712475770596,0.001665239267225916,0.0036494609676104824,0.0,0.0018247304838052412,0.023823510141295495,0.0023284091367960238,0.0013740087551024989,0.0,0.0006502486536111849,0.012898930030372329,0.008060456973100757,0.0005552940194496825,0.0,0.0036793017504956147,0.0009198254376239037,0.00159097293555132,0.0,0.012509648036461133,0.0,0.0018892781888753007,0.000775314168331821,0.0,0.0015541052894396537,0.0,0.0,0.006027888521515845,0.0,0.0039401739491864325,0.00028049970483569456,0.0035152318631418386,0.0,0.002551238045351353,0.001012270073384929,0.0,0.0,0.019542351959483884,0.0009576754312216814,0.012814834356739545,0.001663149383425731,0.003047389848932254,0.0,0.0,0.00042697184077882807,0.0006400886684294562,0.0030884406892044587,0.005704734002401438,0.0007300385613199837,0.0008883920532963479,0.011398973983543224,0.0,0.0,0.0001599181496617641,0.0,0.0012615142997118695,0.0045018549295504934,0.0031671038472836106,0.0019430211738844618,0.0,0.0009044471294153597,0.008702379637837427,0.0007324042465831283,0.0,0.00040925953905004487,0.002310744877783142,0.0,0.0,0.0017001435271489038,0.005229865820874021,0.01929736478009018,0.0021032654338709682,0.0,0.002134667549210585,0.0,0.003716630451270131,0.0029701841859897443,0.0007745270083657245,0.0,0.0009046248272876337,0.010420117552443159,0.01929658093607429,0.0,0.0025403808317180396,0.0,0.0,0.0,0.0,0.0009941918256173793,0.00030766016908590366,0.01910354884614579,0.0069304297673094045,0.002471321938184069,0.004106462159254698,0.0,0.0
Blues_Saraceno_-_Dogs_of_War_preview.wav,0.0,0.0,0.0,0.0,0.0,0.0,0.0,0.0,0.03527605100365218,0.0,0.0,0.0003015416090958779,0.0,0.0,0.02683823501881281,0.0012183793722690115,0.0,0.000475015516198625,0.0,0.0,0.0005810962023193357,0.0,0.0,0.0,0.0,0.006076554650786405,0.0,0.0,0.0,0.003061639276006769,0.0,0.0,0.0,0.0,0.0,0.0,0.0,0.0,0.000599333588460264,0.0,0.0,0.0,0.0,0.0,0.0,0.0,0.0,0.0,0.0,0.0,0.0,0.0,0.0029425133184794974,0.0,0.0,0.0,0.0,0.002704532719441149,0.0,0.0,0.011672487756763258,0.0,0.0,0.0,0.017068131689094667,0.0,0.004049080293539716,0.0,0.0012337884071940207,0.0,0.0,0.0,0.0,0.0,0.0,0.0,0.0,0.0,0.0,0.0,0.0,0.008883920532963479,0.0,0.0,0.0,0.0001599181496617641,0.0072652373675792335,0.0,0.0,0.0,0.0,0.0,0.0,0.0,0.0,0.0,0.0,0.0,0.0,0.0,0.0,0.0,0.0,0.0,0.0,0.0,0.014465741549567084,0.0,0.0,0.0,0.5384274925927298,0.0,0.0,0.0,0.0,0.0,0.0,0.0,0.0,0.0,0.0,0.0,0.013025146940553947,0.0,0.0,0.00034220517993789157,0.0,0.3968617474433367
Bobby_Brown_-_All_Day_All_Night_preview.wav,0.001525206816348462,0.002002909265455929,0.0005142641584652812,0.0,0.010837878280884264,0.0,0.0035460167642188665,0.0019929482886452705,0.0,0.053189262670529786,0.0031630069583033476,0.0015077080454793895,0.0,0.0,0.001052479804659326,0.003350543273739781,0.0013729566323244828,0.000475015516198625,0.0,0.0,0.0,0.0,0.0016548789843803455,0.0,0.0019842962574954967,0.000934854561659447,0.0021008417852064845,0.00024287764673555773,0.012653375917311612,0.0,0.0,0.0029425133184794974,0.0,0.00550415846872242,0.000555079755741972,0.004561826209513103,0.0004412058127434941,0.013685478628539308,0.008091003444213563,0.0023284091367960238,0.00883291342565892,0.0018985226937739855,0.0023408951530002656,0.0005374554179321805,0.0,0.0,0.0029425133184794974,0.0027594763128717106,0.019776246908913928,0.00106064862370088,0.0,0.005791503720583859,0.0004904188864132496,0.0005397937682500859,0.002879738339518192,0.0034604139737383546,0.0,0.0,0.0,0.006027888521515845,0.0,0.007004753687442548,0.008414991145070837,0.0,0.0,0.0005669417878558562,0.009616565697156824,0.003926571181049293,0.0012337884071940207,0.0,0.0014365131468325218,0.015883174977367322,0.0,0.00026499042164628293,0.0,0.0006592509371026191,0.005550633930124765,0.004160576344791465,0.008162307535754641,0.0019015780008004794,0.005110269929239885,0.0,0.00017271172702338218,0.0,0.0,0.0003198362993235282,0.0,0.0,0.0012277786171501345,0.013372216244086356,0.0,0.0006973103313295668,0.004748347429430638,0.0007567286641597761,0.002563414863040949,0.0,0.0,0.0050066139018634746,0.0,0.0006938762419334176,0.0,0.0011621924046386714,0.0053853111014205155,0.004469439046975807,0.0,0.0023125565116448,0.0,0.0018583152256350655,0.0016501023255498582,0.005808952562742934,0.0,0.003015416090958779,0.0008683431293702631,0.0,0.002719684256519394,0.00169358722114536,0.0,0.0,0.002485950608567034,0.0,0.03181413841975614,0.0,0.002315581678320702,0.0009900613953299148,0.0002745913264648966,0.0,0.0006214876521417584,0.0
BONES_-_WhatWasThat_preview.wav,0.0,0.006133909625458783,0.0,0.0,0.0009424241983377622,0.0,0.0028368134113750934,0.0019929482886452705,0.0,0.004722411171682551,0.0,0.0,0.0,0.0,0.0,0.002436758744538023,0.0002745913264648966,0.00095003103239725,0.0,0.02113035526599352,0.0,0.002377308751566198,0.0009193772135446364,0.005480607793774493,0.0011338835757117125,0.0014022818424891705,0.02062644661839094,0.00048575529347111545,0.0,0.0,0.0,0.0009808377728264992,0.0009492613468869927,0.0012701904158590198,0.000277539877870986,0.0018247304838052412,0.0,0.0031932783466591718,0.0,0.0059873377803326315,0.000588860895043928,0.0,0.011704475765001329,0.0,0.0,0.0,0.0,0.006898690782179277,0.0027594763128717106,0.01113681054885924,0.0,0.0004633202976467087,0.0009808377728264992,0.0006747422103126074,0.0011075916690454586,0.0017302069868691773,0.0019426316117995672,0.002704532719441149,0.0,0.0017222538632902416,0.0,0.0008755942109303185,0.00308549675319264,0.0,0.0020814794742798374,0.004252063408918922,0.010122700733849289,0.0,0.013571672479134227,0.0,0.0004788377156108407,0.002346378121656536,0.0003326298766851462,0.0,0.0,0.0013185018742052383,0.005550633930124765,0.04736656146377976,0.0015442203446022294,0.0019015780008004794,0.002190115683959951,0.0,0.0005181351810701465,0.0,0.0,0.0003198362993235282,0.0,0.0006307571498559348,0.009412969398151031,0.0035190042747595676,0.00024287764673555773,0.00104596549699435,0.0027133413882460787,0.00037836433207988807,0.0005493031849373463,0.0,0.0,0.007702482925943808,0.0006716170009750191,0.0,0.0,0.00406767341623535,0.0004487759251183763,0.03444097147963711,0.0,0.0014231116994737232,0.0,0.002601641315889092,0.0006600409302199433,0.03253013435136043,0.0,0.006935457009205192,0.0017366862587405263,0.0011350929962396642,0.0007770526447198269,0.00169358722114536,0.0,0.0,0.0006214876521417584,0.0,0.011681753951004204,0.0,0.0008683431293702631,0.00016501023255498581,0.0,0.0,0.0,0.0
Bonez_MC_-_Ich_Binnezz_preview.wav,0.013726861347136157,0.005382818650912809,0.0035998491092569685,0.0024306767790724755,0.009895454082546502,0.0004688986374350964,0.0007092033528437733,0.0034876595051292233,0.0027135423848963216,0.0037282193460651722,0.006326013916606695,0.0,0.003167292893219194,0.0,0.000526239902329663,0.0015229742153362643,0.005217235202833035,0.0014250465485958748,0.0006780004641079326,0.004371797641240039,0.007554250630151364,0.002971635939457747,0.0009193772135446364,0.004484133649451858,0.006803301454270274,0.0051417000891269575,0.005538582888271641,0.0063148188151245,0.0005061350366924645,0.0,0.0,0.008827539955438493,0.0009492613468869927,0.004657364858149739,0.00138769938935493,0.0036494609676104824,0.0011030145318587353,0.0009123652419026206,0.0032963347365314514,0.003326298766851462,0.0015702957201171417,0.0,0.003771442190944872,0.002687277089660902,0.002080117928542131,0.0005552940194496825,0.004413769977719246,0.011497817970298795,0.005518952625743421,0.00477291880665396,0.0,0.002084941339410189,0.0004904188864132496,0.005937731450750944,0.00044303666761818345,0.0017302069868691773,0.0011655789670797403,0.0,0.0009634634665992192,0.004305634658225603,0.0,0.00043779710546515925,0.011780987603099171,0.0,0.0012488876845679025,0.009354539499621627,0.002530675183462322,0.00850757089227347,0.0012337884071940207,0.0003988235093772221,0.004309539440497566,0.0025268687463993467,0.0026610390134811698,0.002782399427285971,0.00727331031769068,0.004614756559718334,0.006404577611682422,0.006080842350079834,0.0008824116254869882,0.005387804335601358,0.00803042417451982,0.0026651761598890434,0.0015544055432104395,0.0072188222528458725,0.0,0.0001599181496617641,0.0009081546709474042,0.006307571498559347,0.005729633546700628,0.002815203419807654,0.005586185874917827,0.0062757929819661,0.0036177885176614387,0.008702379637837427,0.0001831010616457821,0.0,0.00040925953905004487,0.0050066139018634746,0.004701319006825134,0.0,0.00024287764673555773,0.019176174676538076,0.004936535176302138,0.009727602631653228,0.0008061831268982706,0.0023125565116448,0.0,0.0018583152256350655,0.002640163720879773,0.00038726350418286223,0.0,0.008141623445588704,0.009841222132862983,0.0026485503245592167,0.008159052769558183,0.008044539300440459,0.011852789181354925,0.0,0.006214876521417584,0.0,0.001242739782021724,0.0,0.0026050293881107896,0.0019801227906598297,0.0,0.0023954362595652407,0.001242975304283517,0.002061619467238113
Boyz_II_Men_-_Motownphilly_preview.wav,0.00762603408174231,0.00025036365818199114,0.0,0.0,0.001413636297506643,0.0004688986374350964,0.0,0.0,0.0,0.0022369316076391033,0.008698269135334205,0.0006030832181917558,0.0,0.0,0.0,0.0,0.0010983653058595864,0.000475015516198625,0.009153006265457089,0.006800574108595615,0.0005810962023193357,0.0,9.193772135446364e-05,0.0,0.023244613302090104,0.0,0.0030557698693912507,0.0,0.0,0.0,0.0,0.0,0.0,0.0021169840264317,0.0,0.008667469798074895,0.0,0.0022809131047565514,0.00149833397115066,0.0003326298766851462,0.0001962869650146427,0.0,0.0,0.002149821671728722,0.0002600147410677664,0.0005552940194496825,0.002452094432066248,0.06760716966535692,0.0,0.00159097293555132,0.0,0.0025482616370568973,0.0,0.00013494844206252149,0.0006645550014272751,0.0,0.004273789545959047,0.0,0.0,0.003875071192403043,0.0,0.0008755942109303185,0.00028049970483569456,0.0,0.0,0.01927602078709911,0.0,0.0065442853017488225,0.0,0.003589411584394999,0.0,0.008122078113426471,0.0,0.0009274664757619903,0.0,0.0019777528113078574,0.0008539436815576561,0.0,0.007059293003895906,0.012994116338803275,0.009125482016499795,0.0,0.016407614067221306,0.0,0.0,0.0003198362993235282,0.0,0.0012615142997118695,0.005320374007650583,0.020058324366129535,0.0,0.0,0.0006783353470615197,0.00037836433207988807,0.0016479095548120387,0.0,0.013096305249601436,0.0069322346333494265,0.0,0.0,0.00024287764673555773,0.024406040497412098,0.0,0.000788724537701613,0.0,0.0016010006619079384,0.0,0.04013960887371741,0.004290266046429631,0.0017426857688228798,0.0,0.003920040918246413,0.04023323166082219,0.0007567286641597761,0.0007770526447198269,0.0012701904158590198,0.0,0.0,0.0,0.0,0.00024854795640434483,0.000922980507257711,0.00028944770979008773,0.00033002046510997163,0.0010983653058595864,0.0,0.002485950608567034,0.0
Brent_Faiyaz_-_First_World_Problemz_Nobody_Carez_preview.wav,0.0,0.0006259091454549778,0.0,0.0,0.005183333090857691,0.0,0.0,0.03487659505129223,0.0,0.021623672207177997,0.0,0.0,0.0,0.0,0.00894607833960427,0.013706767938026377,0.0,0.0033251086133903747,0.0,0.0,0.0,0.0,0.0017468167057348091,0.008470030226742399,0.0,0.043938164397994,0.002673798635717344,0.0,0.001012270073384929,0.004286294986409477,0.0,0.0014712566592397487,0.0,0.0,0.0,0.0,0.0,0.03968788802276399,0.0,0.0003326298766851462,0.0029443044752196406,0.0,0.0042916411138338205,0.0,0.0,0.0,0.0014712566592397487,0.0,0.0009198254376239037,0.0,0.0,0.0,0.0029425133184794974,0.0,0.0013291100028545502,0.01499512721953287,0.0,0.007212087251843064,0.0,0.003875071192403043,0.2124392771730913,0.009631536320233502,0.0,0.0,0.000832591789711935,0.0019842962574954967,0.019233131394313648,0.0,0.0024675768143880413,0.0,0.02154769720248783,0.0009024531237140523,0.0,0.0,0.0,0.0019777528113078574,0.0,0.010881507363300754,0.0015442203446022294,0.0,0.0,0.0017767841065926958,0.0,0.0,0.001641070848452083,0.0006396725986470564,0.03905065085073838,0.0,0.0,0.0,0.0,0.0,0.0013566706941230394,0.0,0.0,0.0,0.0,0.002310744877783142,0.0,0.0034693812096670876,0.0,0.0,0.0,0.002366173613104839,0.0,0.0,0.008438349237247466,0.0,0.0,0.0025172127771886043,0.0,0.0,0.0,0.0,0.0,0.0021169840264317,0.0,0.0,0.004971901217134068,0.0,0.05219507084491241,0.0,0.0017366862587405263,0.0,0.0,0.0,0.0006214876521417584,0.01752376547152396
Cade_Thompson_-_Grateful_Neon_Feather_Remix_preview.wav,0.0,0.0,0.0002571320792326406,0.0,0.0,0.0028133918246105783,0.0014184067056875467,0.0,0.0,0.0,0.0,0.0,0.043889630091751695,0.10236638146039417,0.0,0.0,0.0,0.0,0.0006780004641079326,0.0034002870542978077,0.0011621924046386714,0.0,9.193772135446364e-05,0.0,0.0,0.0,0.0009549280841847657,0.0,0.0,0.0,0.03160624604527893,0.0,0.0,0.0,0.0,0.0004561826209513103,0.00022060290637174705,0.0,0.00044950019134519796,0.0,0.0,0.0,0.0005201989228889479,0.0,0.010920619124846187,0.0072188222528458725,0.0014712566592397487,0.0,0.0,0.0,0.0,0.0,0.0,0.00013494844206252149,0.00011075916690454586,0.0,0.0019426316117995672,0.0,0.0,0.0,0.0,0.0,0.0,0.0,0.0,0.0011338835757117125,0.0,0.0,0.0,0.06819882010350498,0.0,0.0,0.0003326298766851462,0.005034818011279376,0.00727331031769068,0.0,0.0,0.0,0.0011030145318587353,0.004120085668401039,0.0,0.0,0.0,0.016658820583490476,0.0,0.0001599181496617641,0.0,0.0,0.0,0.007038008549519135,0.0,0.0,0.0,0.0007567286641597761,0.0,0.0,0.03519632035830386,0.0,0.0,0.0,0.01773006821169571,0.0,0.0,0.0,0.02633531547867684,0.0003557779248684308,0.0,0.0,0.00016501023255498581,0.0005808952562742933,0.0,0.0,0.0,0.0,0.0,0.00042339680528634,0.02370557836270985,0.0019269269331984385,0.0,0.0,0.0,0.006768523719889881,0.0,0.0028051739534347584,0.029106680605279035,0.0,0.0006214876521417584,0.0
Calum_Scott_-_Dancing_On_My_Own_-_Tiesto_Remix_preview.wav,0.0,0.010264909985461635,0.004628377426187531,0.0,0.001413636297506643,0.011488016617159862,0.007092033528437733,0.0,0.0,0.0,0.0,0.0003015416090958779,0.0,0.018085933120210985,0.0,0.004873517489076046,0.01510252295556931,0.0,0.005085003480809495,0.0060719411683889425,0.04183892656699217,0.0,0.00036775088541785456,0.0,0.0002834708939279281,0.0,0.0009549280841847657,0.02015884467905129,0.0,0.0006123278552013538,0.0015544055432104393,0.0,0.002847784040660978,0.0012701904158590198,0.013876993893549303,0.0,0.0017648232509739764,0.0,0.0,0.0059873377803326315,0.002355443580175712,0.004746306734434963,0.00026009946144447396,0.0,0.011960678089117252,0.0038870581361477776,0.0,0.0,0.0013797381564358553,0.0,0.0,0.0004633202976467087,0.0,0.010391030038814154,0.00011075916690454586,0.0,0.014375473927316798,0.0,0.0028903903997976573,0.0,0.0,0.0,0.01739098169981306,0.00502175980448834,0.009158509686831285,0.0,0.0,0.0,0.0,0.0039882350937722215,0.0,0.0001804906247428105,0.029271429148292866,0.009407159968443045,0.0,0.0,0.0034157747262306246,0.0016002216710736406,0.0004412058127434941,0.0003169296668000799,0.0,0.0,0.0037996579945144076,0.001110588038899365,0.0,0.0001599181496617641,0.0,0.0,0.00040925953905004487,0.00035190042747595675,0.0041289199945044805,0.001743275828323917,0.0009044471294153597,0.0,0.0001831010616457821,0.0,0.0008185190781000897,0.0003851241462971904,0.00033580850048750956,0.0,0.004614675287975596,0.0,0.0,0.0,0.01155529148554188,0.006581891610065969,0.0,0.0,0.0023101432557698014,0.0011617905125485867,0.0,0.0,0.0008683431293702631,0.0,0.0,0.0,0.0,0.006744244266194534,0.0,0.0,0.0,0.007076183888975784,0.0,0.0004950306976649574,0.0005491826529297932,0.00923953985832307,0.0,0.0
Calvin_Harris_-_Blame_preview.wav,0.0,0.0008762728036369689,0.005399773663885453,0.0,0.0,0.0014066959123052892,0.0,0.0,0.01248229497052308,0.0,0.0,0.0009046248272876337,0.00407223371985325,0.07198201381843972,0.0,0.004568922646008793,0.0032950959175787587,0.0,0.0013560009282158653,0.0,0.0005810962023193357,0.0,0.0002758131640633909,0.0004982370721613176,0.0,0.000934854561659447,0.00038197123367390633,0.001457265880413346,0.0015184051100773932,0.0006123278552013538,0.01191710916461337,0.0,0.0,0.0,0.004163098168064791,0.0,0.0033090435955762058,0.0004561826209513103,0.001198667176920528,0.0009978896300554387,0.0013740087551024989,0.0,0.00013004973072223698,0.008061831268982706,0.01924109083901471,0.018324702641839524,0.0,0.0,0.0,0.0,0.0,0.00023166014882335434,0.0014712566592397487,0.0018892781888753007,0.00022151833380909173,0.0,0.0015541052894396537,0.0,0.006744244266194534,0.0,0.0,0.0,0.0008414991145070836,0.039169726475009055,0.0,0.0,0.0030368102201547864,0.0,0.0,0.023530587053256103,0.0,0.0,0.019625162724423627,0.008479693492681054,0.0,0.0,0.0012809155223364843,0.0006400886684294562,0.0,0.008557101003602158,0.0,0.0,0.0025906759053507325,0.018879996661289204,0.0,0.0,0.0,0.0,0.0,0.0017595021373797838,0.009715105869422308,0.0003486551656647834,0.00022611178235383992,0.0011350929962396642,0.0,0.0,0.008185190781000898,0.0,0.0013432340019500382,0.0,0.008743595282480077,0.0,0.0,0.0005258163584677421,0.020423305881422854,0.0001778889624342154,0.0,0.0,0.0,0.0,0.0,0.0,0.0,0.0,0.00038852632235991343,0.0,0.0014815986476693656,0.0,0.0,0.0,0.0004970959128086897,0.03076601690859037,0.0,0.006600409302199433,0.002471321938184069,0.013688207197515661,0.0,0.0
Calvin_Harris_-_I_Need_Your_Love_feat_Ellie_Goulding_preview.wav,0.0,0.0,0.01671358515012164,0.0,0.0,0.012660263210747601,0.00212761005853132,0.0004982370721613176,0.005427084769792643,0.001242739782021724,0.0015815034791516738,0.0006030832181917558,0.008596937853023526,0.04449139547571902,0.011051037948922923,0.00426432780294154,0.0,0.0,0.0,0.0,0.0,0.0,0.0,0.0009964741443226352,0.0,0.0004674272808297235,0.0,0.0026716541140911344,0.0,0.0012246557104027076,0.0072538925349820505,0.0034329322048927474,0.0,0.011431713742731178,0.0,0.004561826209513103,0.0015442203446022294,0.0,0.009739170812479289,0.0,0.0021591566151610694,0.0,0.0,0.003762187925525263,0.0010400589642710655,0.011661174408443333,0.002452094432066248,0.0,0.0032193890316836627,0.0,0.0,0.0011583007441167716,0.005394607750545745,0.0,0.0,0.004613885298317806,0.002719684256519394,0.000901510906480383,0.0,0.001291690397467681,0.0,0.0008755942109303185,0.0,0.005523935784937174,0.00166518357942387,0.0,0.00455521533023218,0.0,0.009870307257552165,0.004785882112526665,0.0,0.0010829437484568627,0.0009978896300554387,0.001722437740700839,0.00484887354512712,0.0,0.0017078873631153123,0.0,0.0,0.0,0.0,0.0,0.0,0.001110588038899365,0.0,0.0001599181496617641,0.0,0.0,0.0,0.0007038008549519135,0.0009715105869422309,0.0003486551656647834,0.00022611178235383992,0.01551293761527541,0.0,0.00242443677256356,0.00040925953905004487,0.0,0.0006716170009750191,0.0,0.008986472929215636,0.0,0.004936535176302138,0.0,0.0464898936511336,0.0016010006619079384,0.0024109569249278475,0.0,0.0,0.00019363175209143112,0.0017509837157487149,0.0003015416090958779,0.0,0.0,0.0,0.00042339680528634,0.0,0.0,0.0018644629564252752,0.0,0.003976767302469517,0.010152785579834822,0.02170857823425658,0.012375767441623935,0.022791080096586418,0.02190113151602506,0.0,0.0
Camila_Cabello_-_Liar_preview.wav,0.001525206816348462,0.004381364018184845,0.007199698218513937,0.0,0.0,0.007033479561526446,0.0212761005853132,0.0009964741443226352,0.0016281254309377928,0.001242739782021724,0.0007907517395758369,0.0003015416090958779,0.008596937853023526,0.006872654585680174,0.000526239902329663,0.0009137845292017585,0.0013729566323244828,0.000475015516198625,0.0020340013923237977,0.0060719411683889425,0.0162706936649414,0.0,0.0006435640494812455,0.0019929482886452705,0.0017008253635675684,0.0023371364041486174,0.0034377411030651565,0.0063148188151245,0.0005061350366924645,0.0,0.002072540724280586,0.002452094432066248,0.0,0.018629459432598958,0.003330478534451832,0.004561826209513103,0.005515072659293676,0.0004561826209513103,0.00299666794230132,0.003658928643536608,0.007458904670556423,0.005695568081321956,0.0005201989228889479,0.0002687277089660902,0.006240353785626392,0.0,0.0029425133184794974,0.0009198254376239037,0.017476683314854167,0.00053032431185044,0.0,0.00023166014882335434,0.0004904188864132496,0.011605566017376848,0.00044303666761818345,0.0005767356622897258,0.0031082105788793075,0.000901510906480383,0.0,0.0,0.0,0.001751188421860637,0.004487995277371113,0.0030130558826930044,0.0004162958948559675,0.0,0.0,0.0,0.0012337884071940207,0.0007976470187544442,0.0004788377156108407,0.000360981249485621,0.0029936688901663158,0.014971958823014985,0.0,0.0006592509371026191,0.0021348592038941405,0.003520487676362009,0.0004412058127434941,0.0025354373344006393,0.0014600771226399674,0.0,0.004145081448561172,0.0,0.0,0.0001599181496617641,0.0,0.0012615142997118695,0.0020462976952502245,0.007038008549519135,0.0051004305814467115,0.003486551656647834,0.0031655649529537585,0.010594201298236867,0.0003662021232915642,0.0,0.0016370381562001795,0.0007702482925943808,0.0077235955112127195,0.0,0.011172371749835654,0.001743288606958007,0.0022438796255918815,0.0036807145092741943,0.0077931035600166156,0.00426933509842117,0.0,0.0,0.004125255813874645,0.0011617905125485867,0.0,0.005427748963725802,0.0031839248076909648,0.00037836433207988807,0.00038852632235991343,0.00084679361057268,0.002963197295338731,0.004817317332996096,0.0006214876521417584,0.0,0.00024854795640434483,0.005537883043546266,0.004052267937061228,0.005445337674314532,0.003844278570508552,0.0030798466194410234,0.0,0.0
Campsite_Dream_-_Genie_in_a_Bottle_preview.wav,0.0,0.00025036365818199114,0.020313434259378607,0.0024306767790724755,0.0004712120991688811,0.013598060485617795,0.0,0.0009964741443226352,0.0005427084769792644,0.0009941918256173793,0.0,0.0,0.011311760332925695,0.007234373248084394,0.0,0.007919465919748575,0.0041188698969734485,0.000475015516198625,0.0030510020884856963,0.00048575529347111545,0.0011621924046386714,0.0,0.001287128098962491,0.0009964741443226352,0.002267767151423425,0.006076554650786405,0.0007639424673478127,0.001457265880413346,0.0005061350366924645,0.0,0.0,0.0009808377728264992,0.004746306734434963,0.040222696502202296,0.001942779145096902,0.0013685478628539308,0.012794968569561327,0.0013685478628539308,0.000599333588460264,0.0019957792601108773,0.004318313230322139,0.0018985226937739855,0.0010403978457778958,0.004837098761389624,0.0036402063749487287,0.0016658820583490474,0.0019616755456529984,0.0018396508752478074,0.004599127188119518,0.0,0.0,0.0030115819347036063,0.002452094432066248,0.002968865725375472,0.0005537958345227293,0.005190620960607532,0.0,0.0,0.0028903903997976573,0.0008611269316451208,0.0,0.0026267826327909553,0.0014024985241784728,0.0005021759804488341,0.002497775369135805,0.0014173544696396406,0.002024540146769858,0.0,0.003084471017985052,0.0019941175468861107,0.0,0.0021658874969137255,0.0019957792601108773,0.0014574473190545562,0.00565701913598164,0.0013185018742052383,0.00042697184077882807,0.004800665013220922,0.0011030145318587353,0.0,0.00036501928065999184,0.03731246623844661,0.003281522813444261,0.03664940528367905,0.0,0.0001599181496617641,0.026336485457474718,0.0,0.0,0.001407601709903827,0.0026716541140911344,0.001743275828323917,0.0009044471294153597,0.008324015305757536,0.0009155053082289104,0.0016162911817090401,0.015551862483901705,0.0007702482925943808,0.00738778701072521,0.0013877524838668352,0.008257839989008961,0.003486577213916014,0.007629190727012397,0.00026290817923387103,0.008330558977948797,0.004980890948158031,0.0012054784624639238,0.0018583152256350655,0.0029701841859897443,0.0013554222646400178,0.0,0.0006030832181917558,0.0014472385489504387,0.0007567286641597761,0.005439368513038788,0.00042339680528634,0.005926394590677462,0.0,0.003107438260708792,0.0,0.0004970959128086897,0.002768941521773133,0.002315581678320702,0.004455276278984617,0.007413965814552207,0.013003796837639877,0.0,0.0010308097336190565
Capital_Kings_-_Northern_Sky_feat_Kb_preview.wav,0.0,0.0007510909745459733,0.005142641584652812,0.0,0.0,0.0046889863743509634,0.0028368134113750934,0.0,0.0010854169539585288,0.0,0.0,0.0006030832181917558,0.023075991079168412,0.014468746496168788,0.0,0.0,0.0,0.0,0.0003390002320539663,0.00024287764673555773,0.012784116451025384,0.0,0.00036775088541785456,0.0,0.0,0.0,0.00038197123367390633,0.00048575529347111545,0.0,0.0,0.03575132749384011,0.0,0.0,0.0084679361057268,0.008326196336129582,0.0,0.0008824116254869882,0.0,0.0,0.001663149383425731,0.0,0.0,0.0005201989228889479,0.0005374554179321805,0.00702039800882969,0.03998116940037714,0.0004904188864132496,0.0,0.0013797381564358553,0.0,0.0,0.0,0.0,0.0004048453261875644,0.0,0.0,0.00038852632235991343,0.0,0.0028903903997976573,0.0,0.0,0.0008755942109303185,0.0008414991145070836,0.06980246128238793,0.0,0.0,0.0005061350366924645,0.0,0.0,0.0011964705281316663,0.0,0.0,0.07151542348730644,0.0006624760541157073,0.0,0.0,0.0,0.0,0.0006618087191152412,0.0006338593336001598,0.0,0.0,0.0,0.050531755769921104,0.0,0.0,0.0,0.0,0.0,0.0010557012824278702,0.009229350575951192,0.0,0.0,0.014377844619035747,0.0001831010616457821,0.0,0.018007419718201974,0.0,0.0006716170009750191,0.0,0.002428776467355577,0.0,0.0004487759251183763,0.0,0.01585493482899932,0.0007115558497368616,0.0,0.0,0.0,0.001549054016731449,0.0,0.0,0.0,0.0011350929962396642,0.0,0.0021169840264317,0.01851998309586707,0.0009634634665992192,0.0,0.0,0.0,0.037534540628480245,0.0,0.0016501023255498582,0.009061513773341585,0.0,0.0,0.0
Carmada_-_On_Fire_preview.wav,0.003050413632696924,0.0,0.00797109445621186,0.0,0.0,0.008440175473831734,0.0007092033528437733,0.0,0.0075979186777097,0.00024854795640434483,0.0,0.0006030832181917558,0.036197633065362216,0.014468746496168788,0.0,0.0,0.0010983653058595864,0.0,0.027120018564317304,0.0041289199945044805,0.0,0.0,0.0002758131640633909,0.0,0.006519830560342346,0.0,0.0007639424673478127,0.0,0.0,0.0,0.002072540724280586,0.008337121069025243,0.0018985226937739855,0.028790982759471118,0.000277539877870986,0.0036494609676104824,0.0011030145318587353,0.0004561826209513103,0.000299666794230132,0.0,0.0,0.0,0.00026009946144447396,0.0005374554179321805,0.00702039800882969,0.0005552940194496825,0.0004904188864132496,0.0018396508752478074,0.027594763128717108,0.00212129724740176,0.0,0.0,0.0,0.0009446390944376503,0.0005537958345227293,0.0,0.012821368637877143,0.0,0.0,0.0008611269316451208,0.0,0.0008755942109303185,0.0,0.008034815687181346,0.0,0.0008504126817837842,0.0,0.0032721426508744112,0.003084471017985052,0.007976470187544443,0.0,0.0001804906247428105,0.006319967657017778,0.0006624760541157073,0.00969774709025424,0.0,0.0,0.0,0.0,0.0003169296668000799,0.0032851735259399263,0.0,0.0025906759053507325,0.001110588038899365,0.0,0.0001599181496617641,0.0,0.0,0.00040925953905004487,0.00985321196932679,0.0038860423477689236,0.0,0.00045222356470767984,0.03745806887590892,0.0,0.0016162911817090401,0.021281496030602334,0.0015404965851887615,0.0006716170009750191,0.0013877524838668352,0.0051004305814467115,0.0011621924046386714,0.012565725903314536,0.0010516327169354841,0.01585493482899932,0.0032020013238158768,0.0,0.0,0.0008250511627749291,0.0,0.0,0.0003015416090958779,0.0,0.0,0.00038852632235991343,0.0042339680528634,0.0037039966191734137,0.0,0.0,0.0,0.0,0.014152367777951569,0.0031839248076909648,0.009570593488189177,0.024987810708305584,0.0037642569793168066,0.0006214876521417584,0.0
CASS_-_Dont_Look_Down_feat_Blake_Young_preview.wav,0.00762603408174231,0.0021280910945469245,0.003342717030024328,0.0,0.0,0.0009377972748701928,0.06666511516731469,0.0,0.0,0.0009941918256173793,0.011861276093637553,0.0033169577000546568,0.00407223371985325,0.0,0.0,0.0012183793722690115,0.0002745913264648966,0.0,0.0010170006961618989,0.0060719411683889425,0.0011621924046386714,0.0005943271878915495,0.0002758131640633909,0.0009964741443226352,0.0008504126817837842,0.0004674272808297235,0.0028647842525542973,0.000728632940206673,0.001012270073384929,0.003061639276006769,0.0,0.006375445523372244,0.015188181550191884,0.0038105712475770596,0.0,0.0031932783466591718,0.0004412058127434941,0.0,0.000299666794230132,0.0,0.004907174125366068,0.11486062297332611,0.0009103481150556589,0.010211652940711427,0.000780044223203299,0.012216468427893016,0.020597593229356483,0.01793659603366612,0.01563703243960636,0.0037122701829530804,0.0,0.013667948780577905,0.0004904188864132496,0.003103814167437994,0.0012183508359500043,0.0,0.006216421157758615,0.0,0.0,0.004305634658225603,0.0,0.013133913163954777,0.002524497343521251,0.0,0.0004162958948559675,0.002267767151423425,0.0,0.0,0.001850682610791031,0.0,0.0,0.0001804906247428105,0.0,0.0013249521082314146,0.054953900178107355,0.0,0.0008539436815576561,0.0019202660052883686,0.004191455221063194,0.0047539450020011986,0.0014600771226399674,0.0,0.0006908469080935287,0.001110588038899365,0.0,0.0001599181496617641,0.0,0.012615142997118694,0.0069574121638507624,0.0,0.0012143882336777885,0.0013946206626591336,0.004974459211784478,0.0015134573283195523,0.0003662021232915642,0.0016162911817090401,0.0012277786171501345,0.002695869024080333,0.0016790425024375477,0.0,0.0,0.0029054810115966786,0.006282862951657268,0.0013145408961693552,0.0,0.004980890948158031,0.0,0.007061597857413248,0.0009900613953299148,0.0007745270083657245,0.0,0.0021107912636711456,0.006657297325172018,0.0011350929962396642,0.004662315868318961,0.0038105712475770596,0.04074396281090755,0.046246246396762516,0.0,0.0,0.0,0.002768941521773133,0.0,0.0009900613953299148,0.0008237739793946897,0.0006844103598757831,0.0037289259128505505,0.0
CeeLo_Green_-_Baby_Its_Cold_Outside_feat_Christina_Aguilera_preview.wav,0.004575620449045386,0.00112663646181896,0.0017999245546284843,0.0,0.0004712120991688811,0.0018755945497403856,0.017730083821094336,0.0004982370721613176,0.0010854169539585288,0.009444822343365102,0.009489020874910043,0.0003015416090958779,0.0009049408266340555,0.0039789052864464165,0.000526239902329663,0.0003045948430672529,0.0027459132646489655,0.000475015516198625,0.0010170006961618989,0.0034002870542978077,0.001743288606958007,0.0,0.0011032526562535635,0.0,0.003685121621063065,0.0,0.0034377411030651565,0.00048575529347111545,0.0,0.0012246557104027076,0.006735757353911904,0.006375445523372244,0.0,0.018629459432598958,0.008881276091871552,0.007298921935220965,0.0,0.009123652419026206,0.004944502104797178,0.001663149383425731,0.0031405914402342834,0.021833010978400832,0.0026009946144447396,0.002687277089660902,0.002080117928542131,0.0,0.005394607750545745,0.005518952625743421,0.017016770596042216,0.00106064862370088,0.0,0.003243242083526961,0.0014712566592397487,0.00013494844206252149,0.000775314168331821,0.0034604139737383546,0.0007770526447198269,0.000901510906480383,0.003853853866396877,0.02368099062024082,0.0,0.010507130531163821,0.014866484356291811,0.0010043519608976682,0.00166518357942387,0.0019842962574954967,0.002530675183462322,0.0,0.004318259425179072,0.006779999659412775,0.010055592027827654,0.003970793744341831,0.0046568182735920475,0.0005299808432925659,0.0080814559085452,0.0013185018742052383,0.0017078873631153123,0.017282394047595316,0.004853263940178434,0.006972452669601757,0.0010950578419799755,0.0,0.00017271172702338218,0.0,0.0,0.0003198362993235282,0.0,0.01892271449567804,0.004092595390500449,0.004222805129711481,0.000728632940206673,0.00313789649098305,0.003843900300015278,0.01362111595487597,0.0007324042465831283,0.0064651647268361605,0.0012277786171501345,0.0050066139018634746,0.0013432340019500382,0.005551009935467341,0.0,0.00406767341623535,0.011219398127959407,0.001577449075403226,0.0018810939627626315,0.0032020013238158768,0.0,0.003716630451270131,0.00016501023255498581,0.003098108033462898,0.0,0.002713874481862901,0.0014472385489504387,0.0007567286641597761,0.0011655789670797403,0.005927555274008759,0.0,0.0,0.004350413564992309,0.0,0.0027340275204477925,0.001845961014515422,0.008104535874122456,0.003795235348764674,0.005766417855762828,0.0017110258996894576,0.0,0.0
Charli_XCX_-_1999_preview.wav,0.0,0.0010014546327279646,0.0035998491092569685,0.0,0.0,0.01781814822253366,0.007801236881281506,0.0,0.0,0.006959342779321654,0.0,0.0012061664363835116,0.012669171572876775,0.002532030636829538,0.0,0.0006091896861345058,0.02004516683193745,0.0,0.009831006729565023,0.0038860423477689236,0.0,0.0,0.0,0.0009964741443226352,0.007086772348198203,0.0,0.001145913701021719,0.00048575529347111545,0.0,0.0,0.0,0.004413769977719246,0.0,0.026250601927753078,0.000555079755741972,0.0050180088304644125,0.007721101723011147,0.0,0.0008990003826903959,0.0,0.0031405914402342834,0.0,0.0007802983843334219,0.0005374554179321805,0.002080117928542131,0.024988230875235714,0.004904188864132496,0.0,0.016556857877230265,0.0,0.0,0.0011583007441167716,0.0004904188864132496,0.0024290719571253864,0.00033227750071363756,0.0,0.005050842190678874,0.0,0.0,0.009902959713918889,0.0,0.0030645797382561147,0.0,0.0,0.0,0.0005669417878558562,0.0,0.0,0.0006168942035970103,0.0003988235093772221,0.0004788377156108407,0.0034293218701133992,0.0003326298766851462,0.013647006714783572,0.0080814559085452,0.0,0.009820352337913046,0.0,0.003529646501947953,0.005704734002401438,0.0,0.0,0.009153721532239256,0.031651759108631904,0.0,0.0001599181496617641,0.0,0.0,0.0,0.012668415389134442,0.0009715105869422309,0.001743275828323917,0.0018088942588307194,0.006053829313278209,0.0,0.0,0.004092595390500449,0.0,0.0016790425024375477,0.0,0.016272802331282366,0.0,0.0022438796255918815,0.0,0.001074910835864361,0.0044472240608553855,0.0,0.0,0.009405583255634191,0.00019363175209143112,0.0,0.004523124136438169,0.00028944770979008773,0.0,0.006216421157758615,0.0,0.010371190533685558,0.0,0.0006214876521417584,0.0,0.00024854795640434483,0.00584554321263217,0.00028944770979008773,0.002475153488324787,0.002471321938184069,0.0006844103598757831,0.0,0.0
Charli_XCX_-_Break_the_Rules_preview.wav,0.003813017040871155,0.00450654584727584,0.0017999245546284843,0.0,0.0,0.0018755945497403856,0.011347253645500373,0.0,0.005969793246771907,0.0,0.0007907517395758369,0.0003015416090958779,0.00045247041331702775,0.04232108350129371,0.01210351775358225,0.00213216390147077,0.0013729566323244828,0.0,0.0020340013923237977,0.0,0.0005810962023193357,0.0,9.193772135446364e-05,0.0,0.0,0.0051417000891269575,0.0,0.006800574108595615,0.0,0.0,0.006217622172841757,0.0,0.0,0.00677434888458144,0.003885558290193804,0.0063865566933183435,0.0008824116254869882,0.0004561826209513103,0.00149833397115066,0.02461461087470082,0.0007851478600585708,0.002847784040660978,0.0006502486536111849,0.001343638544830451,0.03848218167802942,0.018324702641839524,0.0,0.0,0.0009198254376239037,0.0,0.0,0.00023166014882335434,0.0004904188864132496,0.002968865725375472,0.00011075916690454586,0.0,0.0,0.0,0.003853853866396877,0.0021528173291128017,0.0,0.0008755942109303185,0.00028049970483569456,0.0030130558826930044,0.0,0.0005669417878558562,0.0005061350366924645,0.0013088570603497645,0.0012337884071940207,0.020339998978238325,0.0,0.0001804906247428105,0.004989448150277194,0.003047389848932254,0.0,0.0006592509371026191,0.0,0.0,0.0011030145318587353,0.0019015780008004794,0.0,0.0,0.0005181351810701465,0.06607998831451221,0.0,0.0,0.0,0.0,0.0,0.00035190042747595675,0.007043451755331173,0.0,0.0006783353470615197,0.0,0.0001831010616457821,0.0,0.03396854174115373,0.0,0.0,0.0,0.010686616456364538,0.0,0.0,0.0,0.019348395045558495,0.0003557779248684308,0.0,0.0,0.0,0.0005808952562742933,0.02976672316772815,0.0,0.0,0.008324015305757536,0.002719684256519394,0.00042339680528634,0.0,0.0,0.001242975304283517,0.0,0.00024854795640434483,0.005230222874460362,0.001157790839160351,0.00033002046510997163,0.009061513773341585,0.0027376414395031325,0.0006214876521417584,0.018554575205143014
Charlie_Puth_-_We_Dont_Talk_Anymore_preview.wav,0.006100827265393848,0.00037554548727298663,0.00437124534695489,0.0012153383895362377,0.0,0.0002344493187175482,0.0014184067056875467,0.01644182338132348,0.0,0.01292449373302593,0.0007907517395758369,0.0003015416090958779,0.0,0.002170311974425318,0.0,0.0051781123321432984,0.0013729566323244828,0.000475015516198625,0.0,0.0,0.0,0.002971635939457747,0.00018387544270892728,0.008968267298903716,0.0,0.0004674272808297235,0.0,0.002428776467355577,0.0,0.0,0.0,0.0009808377728264992,0.0,0.00084679361057268,0.0,0.0013685478628539308,0.012133159850446088,0.0050180088304644125,0.0013485005740355939,0.0,0.01452523541108356,0.0,0.00013004973072223698,0.0016123662537965411,0.0,0.0,0.0014712566592397487,0.0018396508752478074,0.0,0.00159097293555132,0.0,0.010888026994697653,0.0019616755456529984,0.0018892781888753007,0.0006645550014272751,0.0034604139737383546,0.0,0.000901510906480383,0.0,0.002583380794935362,0.0,0.001751188421860637,0.0011219988193427782,0.0005021759804488341,0.0,0.0002834708939279281,0.003542945256847251,0.0,0.005552047832373093,0.0,0.08092357393823207,0.0018049062474281047,0.0,0.00026499042164628293,0.0,0.005933258433923572,0.0017078873631153123,0.0012801773368589125,0.00022060290637174705,0.0,0.00036501928065999184,0.0008883920532963479,0.00017271172702338218,0.0,0.0,0.0003198362993235282,0.0,0.003784542899135608,0.0,0.0,0.0034002870542978077,0.05369289551237664,0.008818359511799757,0.00037836433207988807,0.0,0.0,0.0,0.005776862194457856,0.032237616046800914,0.010408143629001264,0.005829063521653384,0.00406767341623535,0.0013463277753551289,0.004732347226209678,0.005912009597253984,0.001956778586776369,0.0,0.005574945676905196,0.006765419534754418,0.0,0.0,0.018394038154848552,0.0014472385489504387,0.0,0.00893610541427801,0.0,0.0,0.0,0.002485950608567034,0.0,0.005219507084491241,0.0,0.00028944770979008773,0.0004950306976649574,0.0005491826529297932,0.0068441035987578305,0.0,0.0
Charlotte_Lawrence_-_Sleep_Talking_preview.wav,0.009151240898090772,0.0007510909745459733,0.004628377426187531,0.0,0.0,0.01172246593587741,0.01489327040971924,0.0,0.005427084769792643,0.009196274386960758,0.0015815034791516738,0.0009046248272876337,0.014026582812827858,0.008681247897701272,0.0,0.0027413535876052754,0.011258244385060758,0.0,0.008814006033403123,0.00024287764673555773,0.0,0.0,0.0007355017708357091,0.0,0.003685121621063065,0.0,0.0005729568505108594,0.004614675287975596,0.0,0.0,0.0025906759053507325,0.008827539955438493,0.006644829428208949,0.024557014706607715,0.000277539877870986,0.010036017660928825,0.006397484284780664,0.0,0.004644835310567046,0.0,0.0029443044752196406,0.003797045387547971,0.0,0.004299643343457444,0.003120176892813196,0.001110588038899365,0.005885026636958995,0.0,0.019776246908913928,0.0,0.0,0.0004633202976467087,0.0,0.002833917283312951,0.00011075916690454586,0.0,0.0,0.0,0.0,0.0021528173291128017,0.0,0.002188985527325796,0.0011219988193427782,0.0010043519608976682,0.000832591789711935,0.0,0.0,0.0,0.011720989868343197,0.0027917645656405548,0.0,0.0016244156226852943,0.0009978896300554387,0.0009274664757619903,0.01535476622623588,0.0,0.0029888028854517966,0.0,0.0013236174382304823,0.0047539450020011986,0.00036501928065999184,0.0,0.0077720277160521975,0.01721411460294016,0.0,0.0001599181496617641,0.0,0.005676814348703412,0.0,0.018650722656225707,0.004614675287975596,0.0003486551656647834,0.0006783353470615197,0.013242751622796083,0.0,0.00242443677256356,0.013096305249601436,0.0,0.0033580850048750954,0.0,0.008743595282480077,0.0011621924046386714,0.020194916630326933,0.0,0.003493460216559173,0.003913557173552738,0.0,0.0,0.0018151125581048438,0.0,0.0008754918578743574,0.0006030832181917558,0.00028944770979008773,0.0007567286641597761,0.002719684256519394,0.0063509520792951,0.010371190533685558,0.0019269269331984385,0.0,0.0,0.0004970959128086897,0.000922980507257711,0.004631163356641404,0.005445337674314532,0.016200888261428896,0.005475282879006265,0.002485950608567034,0.0
Chavela_Vargas_-_Paloma_Negra_preview.wav,0.0,0.0,0.0,0.008507368726753664,0.0018848483966755244,0.0,0.0,0.0,0.0,0.00024854795640434483,0.0,0.0,0.0,0.0,0.00894607833960427,0.0,0.0,0.15865518241034074,0.0,0.0,0.0,0.010697889382047888,0.003309757968760691,0.0,0.0,0.0,0.0,0.0,0.016702456210851327,0.04347527771929612,0.0,0.0034329322048927474,0.004746306734434963,0.0,0.0,0.0,0.0,0.004561826209513103,0.0,0.0,0.0,0.0,0.004161591383111583,0.0,0.0,0.0,0.0,0.0,0.0,0.0,0.00907490325825517,0.0,0.07699576516688018,0.0,0.0005537958345227293,0.014418391557243145,0.0,0.1911203121738412,0.0,0.0,0.001167248775676326,0.0026267826327909553,0.0,0.0,0.0,0.0005669417878558562,0.012653375917311612,0.0,0.0012337884071940207,0.0,0.0,0.0,0.0,0.0,0.0,0.0,0.0,0.0,0.0,0.0,0.0007300385613199837,0.0035535682131853917,0.0,0.0,0.0,0.0036781174422205742,0.0,0.0,0.00040925953905004487,0.0,0.0,0.0,0.0,0.0007567286641597761,0.006591638219248155,0.09616932531168787,0.0,0.0,0.0,0.0006938762419334176,0.0,0.0,0.0,0.0,0.0,0.0,0.006027392312319618,0.0,0.0,0.008132533587840107,0.0,0.0,0.0,0.0015134573283195523,0.0,0.015242284990308238,0.0,0.0,0.0,0.0,0.0004970959128086897,0.0,0.00028944770979008773,0.0,0.0,0.0,0.0,0.0
Cheap_Trick_-_I_Want_You_To_Want_Me_preview.wav,0.0,0.0,0.0,0.0012153383895362377,0.009895454082546502,0.0,0.0,0.004484133649451858,0.0,0.0004970959128086897,0.0,0.0,0.0,0.0,0.009472318241933933,0.07310276233614069,0.0,0.000475015516198625,0.0,0.0,0.0,0.001188654375783099,0.0016548789843803455,0.02690480189671115,0.0,0.09582259257009332,0.0,0.015544169391075694,0.010628835770541753,0.042862949864094765,0.0,0.0004904188864132496,0.0,0.0,0.000277539877870986,0.0,0.0,0.0022809131047565514,0.000149833397115066,0.003991558520221755,0.0017665826851317843,0.0,0.0007802983843334219,0.0002687277089660902,0.0,0.0,0.0004904188864132496,0.0,0.0,0.0,0.0,0.00023166014882335434,0.010298796614678241,0.00026989688412504297,0.0,0.002306942649158903,0.0,0.006310576345362681,0.0,0.0,0.14123710185683544,0.0008755942109303185,0.0,0.0,0.015402948109670798,0.0,0.023282211687853365,0.0,0.0012337884071940207,0.0,0.0019153508624433627,0.0,0.0,0.0,0.0,0.0019777528113078574,0.0,0.0006400886684294562,0.0,0.0,0.0010950578419799755,0.00799552847966713,0.0,0.0,0.019692850181424994,0.0007995907483088205,0.09263177643663521,0.0,0.0008185190781000897,0.0,0.0,0.0,0.0013566706941230394,0.0,0.0,0.0,0.0,0.0,0.0,0.0006938762419334176,0.0,0.0,0.0,0.003154898150806452,0.0,0.0,0.007232870774783542,0.0,0.0,0.00038726350418286223,0.0,0.0,0.0,0.0,0.0,0.0063509520792951,0.0,0.0,0.0,0.0,0.007704986648534689,0.0,0.00028944770979008773,0.0,0.0,0.014714822737329337,0.0,0.02783186280771452
Chief_Keef_-_Love_Sosa_preview.wav,0.0,0.0016273637781829423,0.0015427924753958436,0.0,0.1413636297506643,0.0007033479561526446,0.0,0.009964741443226352,0.0005427084769792644,0.0,0.0,0.0003015416090958779,0.0,0.0,0.0026311995116483147,0.001827569058403517,0.0013729566323244828,0.0019000620647945,0.0,0.0019430211738844618,0.0,0.07785686161379297,0.0004596886067723182,0.0,0.0005669417878558562,0.03085020053476175,0.0028647842525542973,0.0012143882336777885,0.01822086132092872,0.0,0.0,0.0,0.0,0.0,0.003052938656580846,0.0,0.0011030145318587353,0.0,0.000299666794230132,0.008315746917128657,0.0007851478600585708,0.0,0.0016906464993890807,0.003762187925525263,0.0005200294821355328,0.0005552940194496825,0.0,0.004139214469307566,0.0,0.00636389174220528,0.0,0.004401542827643732,0.002452094432066248,0.0006747422103126074,0.00044303666761818345,0.0,0.0,0.0,0.0,0.0,0.002334497551352652,0.0,0.011500487898263476,0.0,0.002497775369135805,0.0005669417878558562,0.0005061350366924645,0.0006544285301748823,0.0,0.0019941175468861107,0.0009576754312216814,0.000360981249485621,0.001663149383425731,0.00026499042164628293,0.0,0.0,0.004269718407788281,0.01184164036594494,0.0,0.0,0.002190115683959951,0.09772312586259826,0.0006908469080935287,0.0,0.0,0.0003198362993235282,0.0435914242054754,0.0,0.0020462976952502245,0.0,0.0017001435271489038,0.0013946206626591336,0.0029394531705999186,0.0,0.0027465159246867314,0.0,0.0,0.001155372438891571,0.004365510506337624,0.0020816287258002527,0.00048575529347111545,0.0023243848092773427,0.0,0.006572704480846776,0.0,0.006581891610065969,0.0024109569249278475,0.0011149891353810393,0.0016501023255498582,0.0017426857688228798,0.0008754918578743574,0.008443165054684582,0.0031839248076909648,0.0015134573283195523,0.012044315993157315,0.0,0.0,0.0,0.002485950608567034,0.0,0.00024854795640434483,0.000922980507257711,0.0,0.00016501023255498581,0.0002745913264648966,0.0006844103598757831,0.0,0.0010308097336190565
Childish_Gambino_-_Fire_Fly_preview.wav,0.0,0.0007510909745459733,0.011056679407003547,0.0,0.0,0.0011722465935877409,0.0,0.0,0.011939586493543814,0.0,0.0,0.0,0.0,0.01229843452174347,0.000526239902329663,0.0051781123321432984,0.005217235202833035,0.00095003103239725,0.0010170006961618989,0.0,0.013946308855664056,0.0005943271878915495,0.0002758131640633909,0.0019929482886452705,0.0002834708939279281,0.0014022818424891705,0.00019098561683695317,0.035217258776655866,0.0,0.0012246557104027076,0.021243542423876004,0.0,0.0,0.0,0.000277539877870986,0.0,0.008382910442126388,0.0,0.000149833397115066,0.0059873377803326315,0.0021591566151610694,0.0,0.0007802983843334219,0.004837098761389624,0.005460309562423093,0.0,0.0,0.0,0.0,0.0,0.0,0.0025482616370568973,0.002452094432066248,0.002024226630937822,0.0,0.0005767356622897258,0.0,0.001803021812960766,0.020232732798583602,0.0,0.0,0.0,0.00028049970483569456,0.10194172403111332,0.011656285055967091,0.0008504126817837842,0.0,0.0,0.0,0.0015952940375088885,0.0014365131468325218,0.0,0.0013305195067405849,0.00013249521082314147,0.0,0.0,0.007258521293240077,0.0003200443342147281,0.0,0.0,0.0,0.0,0.00034542345404676435,0.0005552940194496825,0.0,0.0,0.0,0.0,0.00040925953905004487,0.0,0.033031359956035844,0.00313789649098305,0.0009044471294153597,0.0,0.0,0.0,0.0008185190781000897,0.0,0.00839521251218774,0.0,0.00315740940756225,0.0005810962023193357,0.0,0.0013145408961693552,0.026066587769710752,0.002668334436513231,0.0,0.0003716630451270131,0.0018151125581048438,0.0011617905125485867,0.0,0.004221582527342291,0.0026050293881107896,0.0,0.0038852632235991343,0.0,0.0,0.0,0.0,0.0,0.00024854795640434483,0.0,0.0,0.00016501023255498581,0.0,0.04003800605273331,0.0,0.0
Christopher_Wilde_-_Starstruck_preview.wav,0.0,0.00112663646181896,0.023913283368635577,0.0,0.0,0.029071715520975976,0.0,0.0,0.0010854169539585288,0.0,0.0,0.0003015416090958779,0.0009049408266340555,0.018085933120210985,0.0,0.0,0.010983653058595862,0.0,0.005085003480809495,0.00048575529347111545,0.0005810962023193357,0.0,0.0006435640494812455,0.0,0.0011338835757117125,0.0,0.00038197123367390633,0.00048575529347111545,0.0,0.0,0.01036270362140293,0.0,0.0,0.0,0.000277539877870986,0.0,0.002426631970089217,0.0,0.0026970011480711878,0.0,0.0021591566151610694,0.0,0.0015605967686668437,0.0032247325075930823,0.017420987651540345,0.01721411460294016,0.0004904188864132496,0.0,0.0,0.0,0.0,0.0,0.0,0.003373711051563037,0.00011075916690454586,0.0,0.0011655789670797403,0.0,0.0,0.0,0.0,0.0,0.001963497933849862,0.004017407843590673,0.0,0.0,0.0,0.0013088570603497645,0.0,0.00957176422505333,0.0,0.0,0.007317857287073216,0.001987428162347122,0.0,0.0,0.0,0.0006400886684294562,0.0019854261573457235,0.0025354373344006393,0.0007300385613199837,0.0,0.003281522813444261,0.00444235215559746,0.0,0.0001599181496617641,0.0,0.0,0.0008185190781000897,0.00035190042747595675,0.002914531760826692,0.0,0.0,0.0018918216603994403,0.0003662021232915642,0.0,0.01596112202295175,0.0,0.0,0.0,0.009229350575951192,0.0,0.0,0.0,0.019079667336592405,0.010139670858750277,0.0,0.0,0.00033002046510997163,0.0025172127771886043,0.0,0.0,0.0,0.00037836433207988807,0.0,0.0,0.0007407993238346828,0.0,0.0,0.0,0.0,0.02768941521773133,0.00028944770979008773,0.01567597209272365,0.04173788162266428,0.0047908725191304815,0.001242975304283517,0.0
Christopher_Williams_-_Im_Dreamin_preview.wav,0.0,0.004005818530911858,0.002571320792326406,0.0,0.0018848483966755244,0.0002344493187175482,0.004964423469906413,0.006975319010258447,0.0075979186777097,0.0022369316076391033,0.0,0.0009046248272876337,0.01764634611936408,0.0,0.001052479804659326,0.016752716368698906,0.0002745913264648966,0.000475015516198625,0.0,0.0009715105869422309,0.0,0.0,0.0009193772135446364,0.011957689731871623,0.0002834708939279281,0.004674272808297235,0.0024828130188803907,0.006800574108595615,0.0,0.0,0.012435244345683515,0.02010717434294323,0.0,0.0021169840264317,0.008048656458258594,0.0,0.002426631970089217,0.0022809131047565514,0.003895668324991716,0.0029936688901663158,0.009618061285717492,0.005695568081321956,0.001950745960833555,0.0,0.0002600147410677664,0.0,0.005885026636958995,0.00045991271881195184,0.011037905251486842,0.0037122701829530804,0.0,0.0050965232741137945,0.0019616755456529984,0.004858143914250773,0.00022151833380909173,0.006344092285186983,0.0,0.0,0.0,0.0,0.0,0.008318145003838024,0.013744485536949033,0.009039167648079013,0.008742213791975317,0.0002834708939279281,0.00455521533023218,0.00850757089227347,0.022208191329492373,0.0,0.011492105174660174,0.0005414718742284314,0.008648376793813802,0.00013249521082314147,0.0016162911817090401,0.011207265930744524,0.0,0.007361019686938747,0.00022060290637174705,0.0,0.0007300385613199837,0.0,0.0005181351810701465,0.0,0.0,0.0003198362993235282,0.0018163093418948084,0.0006307571498559348,0.002864816773350314,0.0,0.0009715105869422309,0.00941368947294915,0.011531700900045834,0.013242751622796083,0.0001831010616457821,0.01131403827196328,0.0,0.003851241462971904,0.006380361509262681,0.005551009935467341,0.0009715105869422309,0.0005810962023193357,0.0026926555507102577,0.005258163584677421,0.001074910835864361,0.0023125565116448,0.0,0.0007433260902540262,0.005280327441759546,0.0027108445292800356,0.0017509837157487149,0.007538540227396948,0.0005788954195801755,0.0015134573283195523,0.0,0.0012701904158590198,0.005926394590677462,0.0,0.0,0.0,0.005468055040895585,0.0015383008454295183,0.007236192744752194,0.0023101432557698014,0.0027459132646489655,0.0017110258996894576,0.0,0.0
Cienfue_-_On_the_Back_of_Your_Neck_preview.wav,0.0,0.0012518182909099557,0.0015427924753958436,0.0,0.00471212099168881,0.0,0.0,0.0019929482886452705,0.09497398347137126,0.0,0.0,0.0,0.0,0.01338359050895613,0.000526239902329663,0.0006091896861345058,0.0002745913264648966,0.000475015516198625,0.0003390002320539663,0.0,0.0005810962023193357,0.0,0.0004596886067723182,0.007473556082419765,0.002267767151423425,0.0051417000891269575,0.00019098561683695317,0.013844025863926789,0.0015184051100773932,0.0012246557104027076,0.018134731337455127,0.0,0.0,0.0,0.000555079755741972,0.0,0.0008824116254869882,0.0,0.000149833397115066,0.003326298766851462,0.0001962869650146427,0.0,0.00013004973072223698,0.001074910835864361,0.008840501196304055,0.0,0.0,0.0,0.0,0.0,0.0,0.0,0.0004904188864132496,0.001484432862687736,0.00022151833380909173,0.0,0.0,0.0,0.0,0.0,0.0,0.0,0.0,0.045698014220843894,0.02372886600679015,0.0,0.0005061350366924645,0.0013088570603497645,0.0,0.0003988235093772221,0.0,0.0,0.0046568182735920475,0.0011924568974082733,0.0,0.0,0.0,0.0003200443342147281,0.0,0.0,0.0,0.0,0.0012089820891636753,0.0005552940194496825,0.0,0.0,0.0,0.0,0.00040925953905004487,0.0,0.018458701151902384,0.0003486551656647834,0.0018088942588307194,0.0,0.0003662021232915642,0.0,0.0,0.0,0.0010074255014625286,0.0,0.0012143882336777885,0.0,0.0,0.008938878093951615,0.01746730108279586,0.0,0.0,0.0,0.0006600409302199433,0.0,0.24776419577844314,0.0012061664363835116,0.0008683431293702631,0.00037836433207988807,0.0,0.0,0.0,0.0,0.0,0.0,0.0,0.006460863550803977,0.00028944770979008773,0.00033002046510997163,0.0,0.021216721156149275,0.0,0.07731073002142923
Color_Me_Badd_-_I_Adore_Mi_Amor_preview.wav,0.0,0.006133909625458783,0.0,0.0,0.008010605685870977,0.0004688986374350964,0.0,0.019431245814291388,0.0,0.013173041689430275,0.0,0.0,0.0,0.0,0.000526239902329663,0.0030459484306725286,0.0041188698969734485,0.007125232742979375,0.0,0.0,0.0,0.002377308751566198,0.0013790658203169546,0.0034876595051292233,0.0014173544696396406,0.0014022818424891705,0.00038197123367390633,0.0009715105869422309,0.0005061350366924645,0.0,0.0,0.003923351091305997,0.0,0.013972094574449218,0.0,0.0,0.0017648232509739764,0.0050180088304644125,0.0053940022961423756,0.0013305195067405849,0.010010635215746777,0.0,0.0011704475765001328,0.0,0.0,0.0,0.0,0.0013797381564358553,0.014717207001982459,0.00477291880665396,0.0,0.006486484167053922,0.002452094432066248,0.0018892781888753007,0.00011075916690454586,0.0005767356622897258,0.0,0.003606043625921532,0.0,0.0,0.0,0.0030645797382561147,0.019915479043334315,0.0,0.0004162958948559675,0.0002834708939279281,0.002530675183462322,0.0006544285301748823,0.016039249293522267,0.0,0.018195833193211945,0.008122078113426471,0.0,0.0010599616865851317,0.0,0.0032962546855130957,0.008112464974797734,0.05504762548493324,0.0006618087191152412,0.0,0.0,0.00799552847966713,0.0022452524513039683,0.0,0.0,0.0004797544489852923,0.006357082696631829,0.001892271449567804,0.0118685266324513,0.008445610259422962,0.0,0.0167354479519096,0.005426682776492157,0.0,0.0003662021232915642,0.0,0.0,0.007702482925943808,0.0077235955112127195,0.0034693812096670876,0.0017001435271489038,0.0011621924046386714,0.0,0.009727602631653228,0.0,0.0044472240608553855,0.0,0.002973304361016105,0.0009900613953299148,0.0005808952562742933,0.0,0.0018092496545752674,0.0005788954195801755,0.0015134573283195523,0.00038852632235991343,0.0,0.0,0.0,0.0018644629564252752,0.0,0.0074564386921303445,0.0,0.007525640454542281,0.0018151125581048438,0.0013729566323244828,0.0006844103598757831,0.0018644629564252752,0.0
Color_Me_Badd_-_I_Wanna_Sex_You_Up_preview.wav,0.000762603408174231,0.0017525456072739378,0.001285660396163203,0.0,0.0,0.00890907411126683,0.009928846939812826,0.0,0.0,0.003976767302469517,0.004744510437455021,0.0,0.00045247041331702775,0.0,0.0,0.0,0.009885287752736276,0.000475015516198625,0.002373001624377764,0.037646035244011444,0.0,0.0,0.0006435640494812455,0.0,0.01644131184781983,0.0,0.015469834963793205,0.0,0.0,0.0,0.0,0.0,0.0,0.005080761663436079,0.001110159511483944,0.005930374072367033,0.0033090435955762058,0.0013685478628539308,0.00044950019134519796,0.0,0.0017665826851317843,0.0,0.00390149192166711,0.0,0.0005200294821355328,0.0,0.0014712566592397487,0.011497817970298795,0.004139214469307566,0.00212129724740176,0.0,0.000694980446470063,0.0,0.0010795875365001719,0.0,0.0,0.02408863198631463,0.0,0.0,0.01291690397467681,0.0,0.0074425507929077065,0.003646496162864029,0.0,0.0,0.007086772348198203,0.0,0.0006544285301748823,0.0,0.0,0.0023941885780542032,0.008302568738169282,0.0,0.004637332378809951,0.00242443677256356,0.0026370037484104766,0.024337394924393203,0.0012801773368589125,0.007941704629382894,0.006021663669201518,0.00803042417451982,0.0,0.00397236972153779,0.0,0.0,0.0001599181496617641,0.0,0.0,0.0069574121638507624,0.0021114025648557404,0.00024287764673555773,0.0003486551656647834,0.0011305589117691995,0.0,0.0010986063698746925,0.0,0.0,0.006547110487052236,0.0013432340019500382,0.0013877524838668352,0.000728632940206673,0.005229865820874021,0.0,0.0005258163584677421,0.0,0.010851226708487139,0.0,0.004088293496397144,0.005940368371979489,0.0019363175209143112,0.0,0.014172455627506261,0.004631163356641404,0.0,0.008159052769558183,0.00084679361057268,0.0,0.0,0.004971901217134068,0.0,0.0,0.003691922029030844,0.0,0.0,0.0005491826529297932,0.0,0.004350413564992309,0.0
Color_Me_Badd_-_Slow_Motion_preview.wav,0.0,0.0017525456072739378,0.0,0.0,0.0,0.0016411452310228375,0.0,0.0,0.0,0.00024854795640434483,0.005535262177030858,0.0003015416090958779,0.0,0.0,0.0,0.0,0.004942643876368138,0.0,0.011526007889834853,0.008257839989008961,0.0,0.0,0.0014710035416714182,0.0,0.016157840953891903,0.0,0.01451490687960844,0.0,0.0,0.0,0.0,0.0,0.0,0.00042339680528634,0.0,0.0018247304838052412,0.00022060290637174705,0.0013685478628539308,0.000299666794230132,0.0,0.0003925739300292854,0.0,0.005332038959611716,0.0,0.0,0.0,0.0009808377728264992,0.0781851621980318,0.0,0.0,0.0,0.0009266405952934174,0.0,0.0008096906523751288,0.0005537958345227293,0.0,0.015152526572036624,0.0,0.0,0.0004305634658225604,0.0,0.0008755942109303185,0.0,0.0,0.0,0.04790658107381985,0.0,0.00850757089227347,0.0,0.0,0.0004788377156108407,0.006678153115483988,0.0,0.0003974856324694244,0.0,0.0006592509371026191,0.0012809155223364843,0.0,0.0006618087191152412,0.0022185076676005592,0.03905706303061912,0.0,0.001036270362140293,0.0005552940194496825,0.0,0.0001599181496617641,0.0,0.0,0.01596112202295175,0.006334207694567221,0.0,0.0,0.00022611178235383992,0.0,0.0005493031849373463,0.0,0.019235198335352106,0.01116860024261852,0.0,0.0,0.0,0.022081655688134756,0.0,0.0,0.0,0.0005336668873026462,0.0,0.01783982616609663,0.01105568558118405,0.0007745270083657245,0.0,0.012363205972930993,0.004341715646851316,0.0,0.010490210703717662,0.0,0.0,0.0,0.0,0.0,0.0,0.00030766016908590366,0.0,0.0,0.0002745913264648966,0.0,0.006214876521417584,0.0
Confetti_-_Hot_preview.wav,0.000762603408174231,0.00112663646181896,0.0017999245546284843,0.0,0.0004712120991688811,0.006095682286656253,0.0,0.0009964741443226352,0.0,0.0,0.0007907517395758369,0.0,0.0022623520665851385,0.03002264897955024,0.0,0.0,0.0030205045911138617,0.000475015516198625,0.012543008585996752,0.0021858988206200193,0.004648769618554685,0.0005943271878915495,9.193772135446364e-05,0.0,0.00737024324212613,0.0,0.0005729568505108594,0.000728632940206673,0.0,0.0,0.0,0.0004904188864132496,0.0,0.00084679361057268,0.000555079755741972,0.004105643588561792,0.012574365663189582,0.0,0.00044950019134519796,0.0006652597533702924,0.001177721790087856,0.0,0.0006502486536111849,0.001343638544830451,0.020021135062218007,0.016103526564040793,0.0,0.006898690782179277,0.0036793017504956147,0.0037122701829530804,0.0,0.0011583007441167716,0.0,0.004048453261875644,0.00044303666761818345,0.0,0.0031082105788793075,0.0,0.0,0.0017222538632902416,0.0,0.00043779710546515925,0.0,0.0,0.0,0.0017008253635675684,0.0,0.0006544285301748823,0.0,0.027518822147028325,0.0,0.000721962498971242,0.003991558520221755,0.003709865903047961,0.0,0.0,0.0,0.0003200443342147281,0.0008824116254869882,0.0012677186672003197,0.0032851735259399263,0.0,0.007081180807958669,0.05330822586716952,0.0,0.0,0.0,0.0,0.0020462976952502245,0.004926605984663395,0.0041289199945044805,0.0013946206626591336,0.0033916767353075984,0.0030269146566391045,0.0,0.0,0.03478706081925381,0.0003851241462971904,0.0010074255014625286,0.0006938762419334176,0.03133121642888694,0.0029054810115966786,0.005834087026538892,0.0010516327169354841,0.020423305881422854,0.0010673337746052924,0.0,0.0007433260902540262,0.0014850920929948721,0.0,0.0,0.0021107912636711456,0.009262326713282807,0.0,0.002719684256519394,0.0,0.007407993238346827,0.0,0.0,0.0,0.0,0.0021536211836013256,0.0,0.0011550716278849007,0.009061513773341585,0.0,0.001242975304283517,0.0
Creedence_Clearwater_Revival_-_Fortunate_Son_preview.wav,0.0,0.0006259091454549778,0.0017999245546284843,0.0,0.0032984846941821674,0.0,0.0,0.0,0.17149587872544753,0.0004970959128086897,0.0,0.0003015416090958779,0.00045247041331702775,0.0,0.03473183355375776,0.0015229742153362643,0.0,0.0,0.0,0.00024287764673555773,0.03428467593684081,0.0,0.00018387544270892728,0.0,0.0,0.008881118335764746,0.00038197123367390633,0.00850071763574452,0.004049080293539716,0.0036739671312081227,0.0015544055432104393,0.0,0.0,0.0,0.018317631939485077,0.0,0.00022060290637174705,0.0,0.003895668324991716,0.003658928643536608,0.0017665826851317843,0.0,0.00013004973072223698,0.0008061831268982706,0.0013000737053388317,0.0,0.0,0.0,0.0,0.0,0.0,0.0,0.0009808377728264992,0.0008096906523751288,0.00033227750071363756,0.0,0.0,0.0,0.03179429439777423,0.0,0.0,0.0,0.0016829982290141672,0.03967190245545789,0.003746663053703707,0.0,0.0,0.0,0.0,0.0,0.0,0.000721962498971242,0.03991558520221755,0.0,0.0,0.0,0.0025618310446729685,0.0003200443342147281,0.0,0.0,0.0,0.0,0.0,0.0,0.0,0.0001599181496617641,0.0009081546709474042,0.0,0.0,0.0,0.008014962342273405,0.0003486551656647834,0.0,0.0,0.0001831010616457821,0.0,0.0,0.0,0.0,0.0,0.0,0.0,0.0,0.0,0.001074910835864361,0.0014231116994737232,0.0012054784624639238,0.0,0.00016501023255498581,0.0009681587604571556,0.1129384496657921,0.0,0.0,0.026485503245592165,0.0,0.0012701904158590198,0.0,0.0009634634665992192,0.0,0.0,0.0007456438692130344,0.0006153203381718073,0.007525640454542281,0.0036302251162096877,0.0,0.008555129498447289,0.0,0.019585384938762072
Creedence_Clearwater_Revival_-_I_Heard_It_Through_The_Grapevine_-_Single_Version_preview.wav,0.0,0.0032547275563658846,0.001285660396163203,0.0,0.0273303017517951,0.0007033479561526446,0.0,0.005978844865935811,0.0032562508618755857,0.0,0.0,0.0006030832181917558,0.0,0.003617186624042197,0.000526239902329663,0.003350543273739781,0.0002745913264648966,0.000475015516198625,0.0003390002320539663,0.008014962342273405,0.0,0.02080145157620423,0.0017468167057348091,0.01046297851538767,0.002834708939279281,0.0458078735213129,0.004201683570412969,0.00947222822268675,0.004049080293539716,0.0024493114208054153,0.001036270362140293,0.0,0.0,0.0,0.008326196336129582,0.0,0.0006618087191152412,0.0,0.001048833779805462,0.008315746917128657,0.0015702957201171417,0.0,0.001950745960833555,0.001074910835864361,0.002340132669609897,0.0,0.0,0.0013797381564358553,0.0,0.012197459172560121,0.0,0.002316601488233543,0.0009808377728264992,0.0035086594936255583,0.0006645550014272751,0.0,0.0034967369012392207,0.0,0.0,0.0,0.0,0.0,0.0016829982290141672,0.0020087039217953364,0.010823693266255156,0.00737024324212613,0.0005061350366924645,0.0065442853017488225,0.0,0.0,0.0004788377156108407,0.0001804906247428105,0.0023284091367960238,0.0023849137948165466,0.0,0.0006592509371026191,0.0012809155223364843,0.0012801773368589125,0.0033090435955762058,0.0025354373344006393,0.00803042417451982,0.09772312586259826,0.001036270362140293,0.0,0.0,0.0001599181496617641,0.12986611794547878,0.0,0.006138893085750673,0.0,0.007043451755331173,0.0013946206626591336,0.0036177885176614387,0.0,0.0009155053082289104,0.0,0.0,0.0050066139018634746,0.0010074255014625286,0.0020816287258002527,0.00024287764673555773,0.006973154427832028,0.0,0.009464694452419356,0.007524375851050526,0.001956778586776369,0.0,0.0014866521805080525,0.0009900613953299148,0.0009681587604571556,0.005252951147246144,0.0015077080454793895,0.0008683431293702631,0.0011350929962396642,0.0007770526447198269,0.0,0.0,0.0009634634665992192,0.001242975304283517,0.0,0.00024854795640434483,0.003999582198116748,0.0005788954195801755,0.0014850920929948721,0.0,0.0023954362595652407,0.0006214876521417584,0.025770243340476413
Cupid_-_Cupid_Shuffle_preview.wav,0.0,0.004131000360002853,0.006942566139281296,0.0,0.0,0.007033479561526446,0.03333255758365734,0.0004982370721613176,0.0,0.001242739782021724,0.003953758697879184,0.0009046248272876337,0.0009049408266340555,0.002532030636829538,0.0,0.0,0.006590191835157517,0.000475015516198625,0.005085003480809495,0.015544169391075694,0.0005810962023193357,0.0,9.193772135446364e-05,0.0,0.009921481287477484,0.0,0.007066467822967266,0.00024287764673555773,0.0,0.0,0.002072540724280586,0.01078921550109149,0.0,0.00042339680528634,0.001942779145096902,0.004105643588561792,0.006838690097524159,0.0009123652419026206,0.002097667559610924,0.0,0.0013740087551024989,0.01803596559085286,0.0009103481150556589,0.0008061831268982706,0.004680265339219794,0.03442822920588032,0.003923351091305997,0.011037905251486842,0.0018396508752478074,0.0026516215592522,0.0,0.0004633202976467087,0.0,0.003103814167437994,0.00044303666761818345,0.0005767356622897258,0.004662315868318961,0.0,0.0,0.005597325055693284,0.0,0.006566956581977389,0.010097989374085004,0.0015065279413465022,0.0,0.0017008253635675684,0.0,0.0,0.0012337884071940207,0.0019941175468861107,0.0004788377156108407,0.0009024531237140523,0.003991558520221755,0.009142169546796761,0.01131403827196328,0.0019777528113078574,0.007685493134018905,0.004160576344791465,0.0011030145318587353,0.0003169296668000799,0.00036501928065999184,0.0,0.00811745117009896,0.030541171069732538,0.0,0.0001599181496617641,0.0,0.001892271449567804,0.0020462976952502245,0.001407601709903827,0.000728632940206673,0.0006973103313295668,0.0013566706941230394,0.00037836433207988807,0.0003662021232915642,0.0040407279542726,0.0045018549295504934,0.002310744877783142,0.003022276504387586,0.0,0.00315740940756225,0.001743288606958007,0.0008975518502367527,0.0005258163584677421,0.006986920433118346,0.004980890948158031,0.0,0.0007433260902540262,0.006105378604534475,0.0013554222646400178,0.0,0.0048246657455340465,0.007525640454542281,0.0,0.0019426316117995672,0.0012701904158590198,0.017038384448197705,0.0009634634665992192,0.0006214876521417584,0.0,0.0004970959128086897,0.006768523719889881,0.0017366862587405263,0.0021451330232148155,0.010983653058595862,0.0,0.002485950608567034,0.0
Cypress_Hill_-_Siempre_Peligroso_feat_Fermin_IV_Caballero_-_feat_Fermin_IV_Caballero_of_Control_Mach_preview.wav,0.0,0.001377000120000951,0.0007713962376979218,0.0024306767790724755,0.016021211371741954,0.0,0.0,0.032385409690485645,0.005427084769792643,0.0019883836512347586,0.0,0.0,0.0,0.01266015318414769,0.007367358632615282,0.002436758744538023,0.0,0.00095003103239725,0.0,0.0,0.005810962023193357,0.004754617503132396,9.193772135446364e-05,0.027901276041033787,0.0,0.02290393676065645,0.00038197123367390633,0.010443738809628981,0.0015184051100773932,0.0,0.0005181351810701465,0.0,0.0,0.0,0.0,0.0,0.010588939505843858,0.0050180088304644125,0.001947834162495858,0.01230730543735041,0.0001962869650146427,0.0,0.00039014919216671094,0.001074910835864361,0.002340132669609897,0.0,0.0,0.007358603500991229,0.0,0.01803102660291496,0.0,0.00903474580411082,0.0004904188864132496,0.0009446390944376503,0.0,0.0011534713245794515,0.0,0.003606043625921532,0.0,0.0008611269316451208,0.0035017463270289777,0.0,0.001963497933849862,0.0035152318631418386,0.014570356319958863,0.0005669417878558562,0.0005061350366924645,0.0,0.0,0.005184705621903887,0.00718256573416261,0.001443924997942484,0.0,0.0,0.0,0.0026370037484104766,0.0025618310446729685,0.0003200443342147281,0.0,0.0,0.0007300385613199837,0.006218744373074435,0.00034542345404676435,0.014992938525141428,0.0,0.0001599181496617641,0.016346784077053273,0.0,0.013914824327701525,0.00035190042747595675,0.004614675287975596,0.010459654969943501,0.004296123864722958,0.0,0.0,0.0,0.0,0.005391738048160666,0.026864680039000763,0.01734690604833544,0.0,0.015689597462622062,0.0,0.008675969914717745,0.0032247325075930823,0.0,0.0,0.011521554398937406,0.0019801227906598297,0.0,0.014883361583864075,0.019600204591232063,0.004052267937061228,0.0018918216603994403,0.0023311579341594806,0.0,0.0,0.0,0.0,0.0,0.011184658038195516,0.0,0.0008683431293702631,0.002475153488324787,0.0010983653058595864,0.0037642569793168066,0.0,0.015462146004285846
Danny_Brown_-_Best_Life_preview.wav,0.0,0.008637546207278694,0.0,0.0,0.0004712120991688811,0.0002344493187175482,0.0,0.0004982370721613176,0.009226044108647493,0.0004970959128086897,0.0,0.0009046248272876337,0.0,0.003617186624042197,0.010524798046593259,0.0006091896861345058,0.0,0.0,0.0,0.001457265880413346,0.012784116451025384,0.001188654375783099,0.0007355017708357091,0.007473556082419765,0.0019842962574954967,0.000934854561659447,0.0021008417852064845,0.01797294585843127,0.006073620440309573,0.0018369835656040613,0.0015544055432104393,0.0,0.0,0.0,0.014154533771420286,0.0,0.0011030145318587353,0.0,0.0008990003826903959,0.023949351121330526,0.0003925739300292854,0.0,0.00026009946144447396,0.020692033590388945,0.004160235857084262,0.0,0.0004904188864132496,0.00045991271881195184,0.0,0.00053032431185044,0.0,0.00857142550646411,0.0,0.007692061197563724,0.00022151833380909173,0.0,0.0011655789670797403,0.0,0.007707707732793754,0.0,0.0,0.0,0.012061487307934866,0.008034815687181346,0.005411846633127578,0.0002834708939279281,0.0,0.0,0.0,0.008375293696921665,0.0009576754312216814,0.0001804906247428105,0.021620941984534504,0.0013249521082314146,0.0,0.0,0.0012809155223364843,0.004800665013220922,0.00022060290637174705,0.0009507890004002397,0.0,0.0,0.0012089820891636753,0.0,0.0,0.0003198362993235282,0.0,0.0,0.003274076312400359,0.0,0.01360114821719123,0.015340827289250467,0.010853365552984315,0.0,0.0003662021232915642,0.0,0.0,0.003080993170377523,0.011753297517062835,0.0,0.000728632940206673,0.0,0.0,0.012619592603225809,0.0018810939627626315,0.0001778889624342154,0.0,0.0018583152256350655,0.00511531720920456,0.0009681587604571556,0.0070039348629948595,0.007538540227396948,0.0063678496153819295,0.012864387290716194,0.00038852632235991343,0.00042339680528634,0.0,0.0,0.0,0.0,0.00024854795640434483,0.0006153203381718073,0.0008683431293702631,0.00033002046510997163,0.0008237739793946897,0.01813687453670825,0.0006214876521417584,0.0
Dave_-_Funky_Friday_preview.wav,0.03431715336784039,0.0005007273163639823,0.0,0.0072920303372174256,0.040524240528523776,0.0002344493187175482,0.0028368134113750934,0.004982370721613176,0.0,0.0022369316076391033,0.026885559145578452,0.009046248272876338,0.0,0.0,0.000526239902329663,0.0006091896861345058,0.0002745913264648966,0.0019000620647945,0.0003390002320539663,0.00024287764673555773,0.0,0.08617744224427468,0.003309757968760691,0.0029894224329679057,0.0,0.0,0.0,0.000728632940206673,0.0,0.003061639276006769,0.0,0.008827539955438493,0.0,0.005927555274008759,0.0,0.0063865566933183435,0.0028678377828327117,0.0036494609676104824,0.000149833397115066,0.0003326298766851462,0.0007851478600585708,0.004746306734434963,0.00026009946144447396,0.001074910835864361,0.0,0.0016658820583490474,0.008827539955438493,0.005518952625743421,0.01517711972079441,0.01750070229106452,0.006806177443691377,0.002316601488233543,0.0029425133184794974,0.0012145359785626932,0.0012183508359500043,0.0034604139737383546,0.0,0.004507554532401915,0.0,0.014208594372144492,0.0,0.010069333425698662,0.0011219988193427782,0.0,0.0,0.0008504126817837842,0.0015184051100773932,0.015051856194022292,0.007402730443164124,0.0,0.004309539440497566,0.0009024531237140523,0.0,0.00026499042164628293,0.00727331031769068,0.01450352061625762,0.00042697184077882807,0.0016002216710736406,0.0004412058127434941,0.0006338593336001598,0.00401521208725991,0.0008883920532963479,0.0,0.00222117607779873,0.001641070848452083,0.008315743782411733,0.0,0.020814985945245845,0.0016370381562001795,0.001407601709903827,0.0017001435271489038,0.0038352068223126167,0.003843900300015278,0.0030269146566391045,0.0005493031849373463,0.0008081455908545201,0.0,0.011553724388915712,0.00738778701072521,0.018040782290268856,0.00048575529347111545,0.018013982271899407,0.011219398127959407,0.0099905108108871,0.0005374554179321805,0.0001778889624342154,0.0,0.00483161958665117,0.0036302251162096877,0.0,0.0,0.0057292905728216804,0.0026050293881107896,0.0,0.0038852632235991343,0.005927555274008759,0.014815986476693655,0.003853853866396877,0.0037289259128505505,0.0,0.00024854795640434483,0.0,0.0008683431293702631,0.0,0.0,0.00034220517993789157,0.006836364173559342,0.0
David_Guetta_-_Bad_feat_Vassy_-_Radio_Edit_preview.wav,0.005338223857219617,0.0,0.0002571320792326406,0.0,0.0,0.0028133918246105783,0.014184067056875466,0.0,0.0,0.0,0.0,0.0,0.0022623520665851385,0.017724214457806767,0.0,0.0,0.0005491826529297932,0.0,0.02067901415529194,0.0036431647010333654,0.0,0.0,0.0004596886067723182,0.0,0.005102476090702706,0.0,0.00038197123367390633,0.0,0.0,0.0,0.002072540724280586,0.0,0.0,0.0012701904158590198,0.0,0.019615852700906343,0.0013236174382304823,0.0013685478628539308,0.0,0.0,0.0,0.0018985226937739855,0.0035113427295003982,0.0,0.0,0.22267290179932267,0.0009808377728264992,0.0,0.0,0.0,0.0,0.0,0.0,0.00026989688412504297,0.00033227750071363756,0.0,0.040018211203071086,0.0,0.0,0.005597325055693284,0.0,0.003502376843721274,0.0,0.0,0.0,0.003968592514990993,0.0,0.0,0.0,0.0,0.0,0.0012634343731996733,0.0,0.0011924568974082733,0.0032325823634180803,0.0006592509371026191,0.0,0.0,0.0015442203446022294,0.0003169296668000799,0.0,0.0,0.00017271172702338218,0.021101172739087935,0.0,0.0001599181496617641,0.0,0.0,0.0,0.05243316369391755,0.00024287764673555773,0.0,0.0,0.0,0.0,0.0,0.013096305249601436,0.0,0.0,0.0,0.004857552934711154,0.0011621924046386714,0.0,0.0,0.002687277089660902,0.0003557779248684308,0.0,0.0,0.00016501023255498581,0.0005808952562742933,0.0,0.0,0.00028944770979008773,0.0,0.00038852632235991343,0.00042339680528634,0.017038384448197705,0.0,0.0,0.0,0.0,0.03691922029030844,0.0,0.0,0.006864783161622414,0.0,0.0006214876521417584,0.0
Delinquent_Habits_-_California_preview.wav,0.003813017040871155,0.006634636941822765,0.0015427924753958436,0.0,0.0018848483966755244,0.0007033479561526446,0.0,0.0004982370721613176,0.0032562508618755857,0.0009941918256173793,0.0015815034791516738,0.0003015416090958779,0.004524704133170277,0.0028937492992337577,0.002104959609318652,0.0003045948430672529,0.002471321938184069,0.0,0.0006780004641079326,0.005586185874917827,0.015108501260302727,0.002971635939457747,0.0002758131640633909,0.0009964741443226352,0.007086772348198203,0.003739418246637788,0.001336899317858672,0.002428776467355577,0.004049080293539716,0.0006123278552013538,0.0025906759053507325,0.0004904188864132496,0.0,0.00169358722114536,0.007493576702516622,0.007298921935220965,0.005735675565665423,0.0009123652419026206,0.00224750095672599,0.013305195067405849,0.0001962869650146427,0.0,0.0016906464993890807,0.002418549380694812,0.005200294821355327,0.0005552940194496825,0.0,0.02345554865940954,0.00045991271881195184,0.0053032431185044,0.0,0.002316601488233543,0.0,0.004993092356313295,0.0005537958345227293,0.0,0.0031082105788793075,0.0,0.0057807807995953146,0.003444507726580483,0.0,0.00043779710546515925,0.0028049970483569457,0.00251087990224417,0.000832591789711935,0.003118179833207209,0.0005061350366924645,0.0006544285301748823,0.0,0.018744704940729436,0.0,0.004512265618570262,0.010311526177239533,0.0035773706922248194,0.0,0.0006592509371026191,0.0017078873631153123,0.0022403103395030968,0.005515072659293676,0.012994116338803275,0.0032851735259399263,0.0,0.0077720277160521975,0.01943529068073889,0.0,0.0001599181496617641,0.0,0.0031537857492796736,0.006138893085750673,0.0010557012824278702,0.001457265880413346,0.0003486551656647834,0.002261117823538399,0.0018918216603994403,0.0009155053082289104,0.0,0.0016370381562001795,0.007702482925943808,0.0013432340019500382,0.0006938762419334176,0.001457265880413346,0.005229865820874021,0.0,0.006046888122379034,0.001343638544830451,0.0023125565116448,0.0,0.010034902218429353,0.00511531720920456,0.004259898546011484,0.0,0.007538540227396948,0.029813114108379037,0.004540371984958657,0.004273789545959047,0.0,0.0,0.0,0.0,0.0,0.00024854795640434483,0.003691922029030844,0.0017366862587405263,0.002475153488324787,0.001922139285254276,0.00034220517993789157,0.001242975304283517,0.0
Demun_Jones_-_The_Beard_Song_preview.wav,0.0,0.0012518182909099557,0.009771019010840343,0.0,0.0,0.003985638418198319,0.0,0.0004982370721613176,0.0005427084769792644,0.0017398356948304136,0.0,0.0003015416090958779,0.0,0.002170311974425318,0.0026311995116483147,0.04142489865714639,0.008512331120411793,0.000475015516198625,0.0020340013923237977,0.0,0.003486577213916014,0.0,0.0004596886067723182,0.008470030226742399,0.007937185029981987,0.0079462637741053,0.0,0.01141524939657121,0.0,0.0006123278552013538,0.001036270362140293,0.0,0.0,0.0,0.001665239267225916,0.0,0.003529646501947953,0.0018247304838052412,0.008840170429788893,0.0026610390134811698,0.019236122571434984,0.0,0.0009103481150556589,0.028485137150405564,0.0002600147410677664,0.0,0.0,0.0,0.0,0.00053032431185044,0.0,0.005559843571760504,0.0029425133184794974,0.004183401703938165,0.00011075916690454586,0.0,0.0015541052894396537,0.0,0.0,0.0,0.0,0.0,0.007012492620892364,0.0,0.009158509686831285,0.0002834708939279281,0.0005061350366924645,0.0,0.0,0.0,0.004309539440497566,0.001443924997942484,0.0003326298766851462,0.0007949712649388487,0.0,0.0,0.0012809155223364843,0.0003200443342147281,0.0,0.0022185076676005592,0.0010950578419799755,0.0,0.004317793175584554,0.0,0.0,0.0001599181496617641,0.0,0.0,0.0,0.005630406839615308,0.0017001435271489038,0.006973103313295668,0.0006783353470615197,0.0,0.0001831010616457821,0.0,0.003274076312400359,0.0,0.005708744508287662,0.0,0.005829063521653384,0.0,0.0,0.0026290817923387104,0.001074910835864361,0.010139670858750277,0.0,0.0,0.0023101432557698014,0.0,0.0,0.0003015416090958779,0.002315581678320702,0.0,0.002719684256519394,0.0,0.0,0.0,0.001242975304283517,0.0,0.0037282193460651722,0.0,0.0034733725174810525,0.012870798139288894,0.003844278570508552,0.0362737490734165,0.0,0.0
Diddy_-_Satisfy_You_preview.wav,0.005338223857219617,0.00037554548727298663,0.0007713962376979218,0.0024306767790724755,0.003769696793351049,0.0002344493187175482,0.0,0.012954163876194257,0.0,0.009941918256173791,0.009489020874910043,0.0012061664363835116,0.012216701159559747,0.0,0.006314878827955956,0.006701086547479562,0.001922139285254276,0.0,0.0,0.0,0.0,0.005348944691023944,0.0013790658203169546,0.01494711216483953,0.0017008253635675684,0.004674272808297235,0.00038197123367390633,0.0036431647010333654,0.0030368102201547864,0.0012246557104027076,0.004145081448561172,0.0034329322048927474,0.0,0.0021169840264317,0.001110159511483944,0.0036494609676104824,0.0013236174382304823,0.012316930765685376,0.0008990003826903959,0.0009978896300554387,0.005299748055395352,0.0,0.0018206962301113177,0.0005374554179321805,0.0,0.0016658820583490474,0.0019616755456529984,0.01517711972079441,0.004599127188119518,0.00424259449480352,0.0,0.006254824018230566,0.0029425133184794974,0.0,0.00044303666761818345,0.011534713245794515,0.00038852632235991343,0.002704532719441149,0.0,0.008611269316451207,0.0,0.0030645797382561147,0.007292992325728058,0.0020087039217953364,0.014986652214814829,0.004252063408918922,0.010628835770541753,0.009161999422448351,0.012954778275537218,0.0003988235093772221,0.020111184055655307,0.007400115614455229,0.0009978896300554387,0.0,0.0,0.009888764056539287,0.005550633930124765,0.002560354673717825,0.0004412058127434941,0.0009507890004002397,0.006570347051879853,0.0035535682131853917,0.0,0.0,0.0,0.0001599181496617641,0.0009081546709474042,0.0006307571498559348,0.002864816773350314,0.0010557012824278702,0.00024287764673555773,0.00941368947294915,0.0031655649529537585,0.009080743969917314,0.0014648084931662567,0.0008081455908545201,0.0,0.017715710729670757,0.00738778701072521,0.013183648596734933,0.0,0.00929753923710937,0.0017951037004735053,0.003943622688508066,0.0,0.0005336668873026462,0.007232870774783542,0.005203282631778184,0.004125255813874645,0.0013554222646400178,0.0017509837157487149,0.022314079073094965,0.0005788954195801755,0.00037836433207988807,0.006604947480118528,0.00042339680528634,0.002963197295338731,0.0019269269331984385,0.0018644629564252752,0.0,0.01193030190740855,0.001845961014515422,0.004631163356641404,0.0009900613953299148,0.002471321938184069,0.005133077699068373,0.0,0.002061619467238113
Dimitri_Vegas_Like_Mike_-_Unity_preview.wav,0.0,0.0,0.0,0.0,0.0,0.0028133918246105783,0.0,0.0,0.0,0.0,0.0,0.0018092496545752674,0.00045247041331702775,0.014830465158573006,0.0,0.0,0.0,0.000475015516198625,0.12814208771639926,0.014086903510662345,0.0,0.0,0.002206505312507127,0.0,0.0,0.0,0.011077165776543283,0.0,0.0,0.0,0.0,0.0,0.0,0.0,0.0,0.0,0.0,0.0,0.0,0.0,0.0,0.0,0.007152735189723034,0.0,0.0,0.04109175743927651,0.0034329322048927474,0.0,0.0,0.0,0.0,0.0,0.0,0.0,0.0009968325021409126,0.0,0.06216421157758615,0.0,0.0,0.0,0.0,0.0,0.0,0.0,0.0,0.023244613302090104,0.0,0.0,0.0,0.0003988235093772221,0.0,0.0,0.0,0.0038423611138711025,0.0,0.0,0.0,0.0,0.00022060290637174705,0.0,0.0014600771226399674,0.0,0.0006908469080935287,0.031651759108631904,0.0,0.0003198362993235282,0.0,0.0,0.0,0.006334207694567221,0.0,0.0,0.0,0.0,0.0003662021232915642,0.0,0.03437780128020377,0.0,0.0,0.0,0.019673089385580173,0.0,0.0,0.0,0.0002687277089660902,0.0,0.0,0.0,0.0,0.0,0.0,0.0,0.0,0.0,0.0,0.0,0.028150374305717946,0.0009634634665992192,0.0,0.0,0.0,0.00030766016908590366,0.0,0.0,0.0002745913264648966,0.0,0.0006214876521417584,0.0
Dire_Straits_-_Tunnel_of_Love_Intro_The_Carousel_Waltz_preview.wav,0.005338223857219617,0.0,0.0,0.0012153383895362377,0.04382272522270594,0.0,0.0,0.0004982370721613176,0.0,0.00024854795640434483,0.03874683523921601,0.0003015416090958779,0.0,0.0,0.010524798046593259,0.0003045948430672529,0.0,0.0028500930971917496,0.0,0.0,0.0,0.005943271878915494,0.0034936334114696183,0.0014947112164839529,0.0,0.03365476421974009,0.0,0.0,0.044539883228936865,0.04408760557449747,0.0,0.0014712566592397487,0.002847784040660978,0.0,0.0,0.0,0.0,0.0063865566933183435,0.0,0.0013305195067405849,0.0,0.0,0.00039014919216671094,0.0,0.0,0.0,0.0029425133184794974,0.0,0.0,0.00053032431185044,0.0,0.0,0.05002272641415145,0.0,0.005094921677609109,0.06574786550102875,0.0,0.027045327194411488,0.0,0.0004305634658225604,0.032682965718937126,0.006129159476512229,0.0,0.0,0.0,0.0002834708939279281,0.10325154748526273,0.00588985677157394,0.012337884071940208,0.0,0.0,0.0,0.0,0.0,0.0,0.0,0.0,0.0022403103395030968,0.0,0.0,0.0036501928065999184,0.03731246623844661,0.0,0.0,0.04923212545356249,0.0014392633469558769,0.0072652373675792335,0.0,0.0,0.0,0.0,0.0,0.00045222356470767984,0.0,0.0014648084931662567,0.0008081455908545201,0.0,0.001155372438891571,0.0,0.0020816287258002527,0.0,0.0029054810115966786,0.0,0.0028919899715725813,0.0,0.0,0.004821913849855695,0.0,0.0,0.0023235810250971734,0.0,0.0,0.0,0.0,0.0,0.012278507353303858,0.0,0.0,0.0,0.0,0.0057166029972999305,0.0,0.0,0.0,0.0,0.0,0.009943802434268135,0.003092429200857169
DIVINE_-_Jungli_Sher_preview.wav,0.0,0.0037554548727298668,0.006171169901583375,0.0,0.0,0.0007033479561526446,0.0,0.0,0.0151958373554194,0.001242739782021724,0.0007907517395758369,0.0006030832181917558,0.0,0.003617186624042197,0.009998558144263597,0.003655138116807034,0.0010983653058595864,0.000475015516198625,0.0,0.007043451755331173,0.001743288606958007,0.0,0.00018387544270892728,0.0,0.0014173544696396406,0.0,0.0015278849346956253,0.030845461135415825,0.0030368102201547864,0.0,0.001036270362140293,0.02304968766142273,0.0018985226937739855,0.00084679361057268,0.009158815969742539,0.0013685478628539308,0.005735675565665423,0.0,0.0013485005740355939,0.010976785930609825,0.0027480175102049978,0.0,0.00026009946144447396,0.011824019194507969,0.005200294821355327,0.001110588038899365,0.0034329322048927474,0.00045991271881195184,0.004139214469307566,0.0,0.0,0.006718144315877275,0.0,0.014844328626877361,0.00022151833380909173,0.0017302069868691773,0.0,0.0,0.0,0.006458451987338405,0.002334497551352652,0.0013133913163954777,0.0014024985241784728,0.0,0.002497775369135805,0.0005669417878558562,0.0030368102201547864,0.0,0.0,0.008774117206298886,0.0,0.0009024531237140523,0.00798311704044351,0.010334626444205035,0.0,0.0,0.0,0.0,0.005294469752921929,0.0009507890004002397,0.0,0.0,0.002072540724280586,0.01332705646679238,0.0,0.0001599181496617641,0.0,0.0031537857492796736,0.0,0.0,0.004371797641240039,0.0,0.0015827824764768792,0.006432193645358097,0.0001831010616457821,0.00484887354512712,0.0012277786171501345,0.0,0.0077235955112127195,0.0,0.0,0.0,0.026029003656865824,0.000788724537701613,0.0,0.006226113685197539,0.006027392312319618,0.0,0.003795235348764674,0.0005808952562742933,0.0008754918578743574,0.0,0.0049206110664314915,0.014377844619035747,0.0,0.0042339680528634,0.0,0.0009634634665992192,0.0,0.0,0.00024854795640434483,0.000922980507257711,0.009841222132862983,0.0009900613953299148,0.0002745913264648966,0.007186308778695722,0.0006214876521417584,0.0
DJ_Quik_-_California_preview.wav,0.021352895428878468,0.0005007273163639823,0.0007713962376979218,0.0012153383895362377,0.001413636297506643,0.0004688986374350964,0.00425522011706264,0.005480607793774493,0.0,0.0057166029972999305,0.0031630069583033476,0.0003015416090958779,0.0009049408266340555,0.016277339808189885,0.0,0.0027413535876052754,0.0008237739793946897,0.000475015516198625,0.008814006033403123,0.0,0.0,0.001188654375783099,0.0009193772135446364,0.007971793154581082,0.004819005196774777,0.000934854561659447,0.00019098561683695317,0.00048575529347111545,0.0,0.0006123278552013538,0.0,0.004413769977719246,0.0,0.007197745689867779,0.00138769938935493,0.0063865566933183435,0.006176881378408917,0.0031932783466591718,0.001198667176920528,0.0003326298766851462,0.0013740087551024989,0.0,0.0009103481150556589,0.0032247325075930823,0.0013000737053388317,0.0005552940194496825,0.004413769977719246,0.012417643407922698,0.005978865344555374,0.0053032431185044,0.0,0.0018532811905868348,0.004904188864132496,0.0012145359785626932,0.0008860733352363669,0.0017302069868691773,0.00038852632235991343,0.000901510906480383,0.0,0.004305634658225603,0.0,0.0039401739491864325,0.007012492620892364,0.0005021759804488341,0.005411846633127578,0.0014173544696396406,0.002530675183462322,0.002617714120699529,0.0067858362395671135,0.0039882350937722215,0.007661403449773451,0.006678153115483988,0.0003326298766851462,0.0005299808432925659,0.0016162911817090401,0.005274007496820953,0.0017078873631153123,0.005440753681650377,0.0022060290637174705,0.0019015780008004794,0.007300385613199837,0.0008883920532963479,0.0025906759053507325,0.0222117607779873,0.0,0.0,0.0,0.00819984294812715,0.00040925953905004487,0.0130203158166104,0.002914531760826692,0.017432758283239168,0.004296123864722958,0.004540371984958657,0.0003662021232915642,0.0,0.02701112957730296,0.01039835195002414,0.007051978510237701,0.004163257451600505,0.009229350575951192,0.011621924046386714,0.008077966652130774,0.0036807145092741943,0.0018810939627626315,0.0016010006619079384,0.0,0.008919913083048315,0.0047852967440945885,0.0,0.0,0.009950873100163972,0.0031839248076909648,0.0,0.006604947480118528,0.00169358722114536,0.0,0.0,0.0006214876521417584,0.0,0.002485479564043448,0.00030766016908590366,0.0031839248076909648,0.0019801227906598297,0.01043447040566607,0.0027376414395031325,0.002485950608567034,0.0
Don_Diablo_-_Congratulations_-_Don_Diablo_VIP_Mix_preview.wav,0.0,0.0026288184109109066,0.0048855095054201715,0.0,0.002827272595013286,0.00257894250589303,0.0,0.0004982370721613176,0.014653128878440136,0.0009941918256173793,0.0023722552187275107,0.0006030832181917558,0.00045247041331702775,0.014830465158573006,0.001578719706988989,0.0012183793722690115,0.0005491826529297932,0.0,0.010509007193672955,0.006800574108595615,0.0011621924046386714,0.0005943271878915495,0.0005516263281267818,0.0034876595051292233,0.002551238045351353,0.0014022818424891705,0.00038197123367390633,0.01700143527148904,0.008604295623771895,0.0012246557104027076,0.0015544055432104393,0.0009808377728264992,0.0009492613468869927,0.0,0.009991435603355496,0.0022809131047565514,0.0019854261573457235,0.0,0.0017980007653807919,0.013305195067405849,0.0003925739300292854,0.0,0.0009103481150556589,0.0002687277089660902,0.010140574901642888,0.013882350486242064,0.0004904188864132496,0.0009198254376239037,0.002299563594059759,0.00212129724740176,0.0,0.000694980446470063,0.0004904188864132496,0.007017318987251117,0.00033227750071363756,0.0011534713245794515,0.014375473927316798,0.0,0.0,0.0,0.0,0.0,0.00028049970483569456,0.022095743139748696,0.0029140712639917727,0.0002834708939279281,0.0,0.0,0.0012337884071940207,0.0019941175468861107,0.0,0.0005414718742284314,0.010644156053924679,0.006492265330333932,0.0,0.0,0.0,0.0003200443342147281,0.00022060290637174705,0.003169296668000799,0.00036501928065999184,0.0,0.0034542345404676433,0.014992938525141428,0.0,0.0007995907483088205,0.0018163093418948084,0.0,0.0,0.0010557012824278702,0.025502152907233556,0.00104596549699435,0.0018088942588307194,0.006810557977437985,0.0007324042465831283,0.0080814559085452,0.015551862483901705,0.0003851241462971904,0.0026864680039000765,0.0006938762419334176,0.005586185874917827,0.0,0.0013463277753551289,0.0026290817923387104,0.02633531547867684,0.0005336668873026462,0.008438349237247466,0.0014866521805080525,0.0014850920929948721,0.0013554222646400178,0.005252951147246144,0.0006030832181917558,0.0008683431293702631,0.0037836433207988807,0.00038852632235991343,0.0,0.0,0.0009634634665992192,0.0,0.0,0.0004970959128086897,0.003999582198116748,0.0031839248076909648,0.0023101432557698014,0.0016475479587893793,0.011292770937950421,0.0,0.0010308097336190565
Don_Omar_-_Encanto_preview.wav,0.000762603408174231,0.003630273043638871,0.0035998491092569685,0.0,0.0004712120991688811,0.0028133918246105783,0.0,0.0014947112164839529,0.0,0.010190466212578136,0.0015815034791516738,0.0,0.00045247041331702775,0.007957810572892833,0.0,0.00213216390147077,0.0035696872440436553,0.000475015516198625,0.006780004641079326,0.007043451755331173,0.0,0.0,0.00036775088541785456,0.0004982370721613176,0.003401650727135137,0.0,0.005920554121945547,0.0,0.0,0.0,0.0,0.0004904188864132496,0.0,0.00084679361057268,0.000832619633612958,0.0009123652419026206,0.005515072659293676,0.0036494609676104824,0.004195335119221848,0.0,0.005299748055395352,0.0,0.0013004973072223698,0.002149821671728722,0.0002600147410677664,0.0005552940194496825,0.0009808377728264992,0.002299563594059759,0.005978865344555374,0.0037122701829530804,0.0,0.006718144315877275,0.0,0.002024226630937822,0.0008860733352363669,0.0005767356622897258,0.00038852632235991343,0.0,0.0,0.005597325055693284,0.0,0.0013133913163954777,0.0103784890789207,0.0,0.0004162958948559675,0.0011338835757117125,0.0015184051100773932,0.0019632855905246465,0.001850682610791031,0.011167058262562219,0.004309539440497566,0.0068586437402267985,0.0,0.002252418583993405,0.0,0.0019777528113078574,0.0029888028854517966,0.008961241358012387,0.003529646501947953,0.0015846483340003995,0.0014600771226399674,0.0035535682131853917,0.008981009805215873,0.0005552940194496825,0.0,0.0001599181496617641,0.0,0.0012615142997118695,0.005320374007650583,0.0017595021373797838,0.0,0.0038352068223126167,0.012888371594168875,0.0,0.0001831010616457821,0.0,0.022918534186802512,0.006161986340755046,0.003022276504387586,0.0006938762419334176,0.011658127043306769,0.011040827844067378,0.004038983326065387,0.0036807145092741943,0.0005374554179321805,0.0064040026476317536,0.0,0.007804923947667275,0.008415521860304276,0.0017426857688228798,0.0,0.012061664363835116,0.007525640454542281,0.00037836433207988807,0.00893610541427801,0.0038105712475770596,0.0,0.0,0.008079339477842859,0.0,0.004722411171682551,0.0,0.0026050293881107896,0.004950306976649574,0.0043934612234383455,0.0006844103598757831,0.0018644629564252752,0.0
Don_Omar_-_Good_Looking_preview.wav,0.005338223857219617,0.00337990938545688,0.006428301980816016,0.0,0.0,0.0009377972748701928,0.012765660351187919,0.0,0.0005427084769792644,0.0007456438692130344,0.0023722552187275107,0.0015077080454793895,0.00045247041331702775,0.0,0.0,0.0,0.0005491826529297932,0.0,0.0037290025525936288,0.0063148188151245,0.0,0.0,0.0010113149348991,0.0,0.003401650727135137,0.0,0.004583654804086876,0.00024287764673555773,0.002024540146769858,0.0006123278552013538,0.002072540724280586,0.0014712566592397487,0.0,0.0,0.010824055236968456,0.0013685478628539308,0.0,0.0,0.006442836075947838,0.0,0.0001962869650146427,0.002847784040660978,0.0009103481150556589,0.01048038064967752,0.002340132669609897,0.006108234213946508,0.0019616755456529984,0.01011807981386294,0.00781851621980318,0.0,0.0,0.002316601488233543,0.0,0.0010795875365001719,0.0012183508359500043,0.0,0.007382000124838355,0.0,0.0009634634665992192,0.0,0.0,0.0,0.0033659964580283344,0.023602271081095198,0.0,0.014457015590324331,0.0,0.0013088570603497645,0.0,0.01355999931882555,0.0,0.0016244156226852943,0.016964123710942455,0.0018549329515239806,0.0016162911817090401,0.0,0.00042697184077882807,0.0012801773368589125,0.025810540045494407,0.03327761501400839,0.006205327771219861,0.0,0.00397236972153779,0.0,0.0,0.0003198362993235282,0.0,0.006307571498559347,0.0036833358514504035,0.00035190042747595675,0.00048575529347111545,0.0,0.00022611178235383992,0.007567286641597761,0.0005493031849373463,0.0008081455908545201,0.0008185190781000897,0.0,0.0,0.0,0.00024287764673555773,0.0,0.0170534851544983,0.0,0.008061831268982706,0.0044472240608553855,0.0,0.010406565263556367,0.0008250511627749291,0.0019363175209143112,0.0,0.0006030832181917558,0.02373471220278719,0.0011350929962396642,0.0007770526447198269,0.0,0.0,0.0,0.0,0.0,0.0,0.010768105918006629,0.0008683431293702631,0.006435399069644447,0.0008237739793946897,0.0006844103598757831,0.002485950608567034,0.0
Don_Omar_-_Not_To_Much_-_Remastered_2016_preview.wav,0.003813017040871155,0.0018777274363649334,0.0,0.0,0.0009424241983377622,0.0023444931871754817,0.012765660351187919,0.0009964741443226352,0.0032562508618755857,0.0,0.0015815034791516738,0.0003015416090958779,0.00769199702638947,0.010128122547318152,0.003157439413977978,0.0015229742153362643,0.002471321938184069,0.000475015516198625,0.0057630039449174265,0.001457265880413346,0.00929753923710937,0.002377308751566198,9.193772135446364e-05,0.0029894224329679057,0.0017008253635675684,0.0023371364041486174,0.00038197123367390633,0.004857552934711154,0.006579755477002037,0.0024493114208054153,0.016580325794244687,0.0004904188864132496,0.0,0.0,0.015819773038646203,0.004105643588561792,0.0017648232509739764,0.0,0.001947834162495858,0.0029936688901663158,0.0001962869650146427,0.004746306734434963,0.0016906464993890807,0.012630202321406239,0.01066060438377842,0.0027764700972484125,0.0,0.0009198254376239037,0.0,0.00318194587110264,0.0,0.0037065623811736695,0.0004904188864132496,0.0036436079356880796,0.00022151833380909173,0.0,0.0011655789670797403,0.0,0.06262512532894925,0.0,0.0,0.0,0.0008414991145070836,0.0035152318631418386,0.002497775369135805,0.002834708939279281,0.0,0.002617714120699529,0.0,0.031108233731423327,0.0,0.0005414718742284314,0.018959902971053336,0.0021199233731702635,0.021011785362217518,0.0006592509371026191,0.0,0.0009601330026441843,0.002426631970089217,0.019649639341604953,0.002190115683959951,0.0,0.0024179641783273506,0.001110588038899365,0.0,0.0003198362993235282,0.0,0.0031537857492796736,0.002864816773350314,0.004926605984663395,0.007772084695537847,0.0013946206626591336,0.0015827824764768792,0.00037836433207988807,0.0005493031849373463,0.00888960149939972,0.017188900640101885,0.0003851241462971904,0.002014851002925057,0.0006938762419334176,0.01141524939657121,0.0005810962023193357,0.00852674257724915,0.0013145408961693552,0.002418549380694812,0.0,0.0,0.0014866521805080525,0.00016501023255498581,0.008519797092022968,0.0008754918578743574,0.0,0.0014472385489504387,0.006432193645358097,0.0,0.00084679361057268,0.004444795943008097,0.0,0.0,0.0,0.00024854795640434483,0.01169108642526434,0.001157790839160351,0.00313519441854473,0.007688557141017104,0.002053231079627349,0.0,0.0
Don_Omar_-_Ronca_preview.wav,0.0,0.0016273637781829423,0.006685434060048656,0.0,0.0,0.0021100438684579334,0.0,0.0,0.014110420401460872,0.0057166029972999305,0.0,0.0006030832181917558,0.0058821153731213605,0.01338359050895613,0.0052623990232966295,0.002436758744538023,0.003844278570508552,0.0,0.004746003248755528,0.001457265880413346,0.006973154427832028,0.0,0.0002758131640633909,0.0014947112164839529,0.0011338835757117125,0.004674272808297235,0.0015278849346956253,0.00850071763574452,0.005061350366924644,0.0,0.006217622172841757,0.0009808377728264992,0.0,0.0012701904158590198,0.00277539877870986,0.0,0.007059293003895906,0.0013685478628539308,0.006293002678832772,0.0029936688901663158,0.0015702957201171417,0.0,0.0013004973072223698,0.0051058264703557135,0.011440648606981718,0.003331764116698095,0.002452094432066248,0.0009198254376239037,0.0,0.0,0.0,0.002316601488233543,0.0,0.0024290719571253864,0.00044303666761818345,0.004613885298317806,0.004273789545959047,0.0,0.0057807807995953146,0.0,0.0,0.00043779710546515925,0.0028049970483569457,0.04017407843590672,0.002497775369135805,0.0005669417878558562,0.002530675183462322,0.0,0.0012337884071940207,0.022732940034501662,0.0,0.0034293218701133992,0.007650487163758364,0.0005299808432925659,0.0,0.0,0.0,0.0003200443342147281,0.0022060290637174705,0.0025354373344006393,0.0,0.0,0.0037996579945144076,0.0,0.0,0.0001599181496617641,0.0,0.0006307571498559348,0.0016370381562001795,0.005630406839615308,0.019673089385580173,0.00104596549699435,0.00022611178235383992,0.0018918216603994403,0.0003662021232915642,0.0008081455908545201,0.0008185190781000897,0.0007702482925943808,0.005037127507312643,0.0,0.007772084695537847,0.0,0.0017951037004735053,0.0010516327169354841,0.02714149860557511,0.0010673337746052924,0.0,0.0007433260902540262,0.0009900613953299148,0.0025172127771886043,0.0,0.0003015416090958779,0.001157790839160351,0.005297100649118433,0.0,0.0025403808317180396,0.0,0.0,0.0,0.0,0.003479671389660827,0.003691922029030844,0.0063678496153819295,0.005610347906869517,0.014553340302639517,0.009581745038260963,0.001242975304283517,0.0
Drake_-_Marvins_Room_preview.wav,0.0,0.0,0.0,0.0036460151686087128,0.007068181487533216,0.0,0.0,0.08569677641174664,0.0,0.00024854795640434483,0.0,0.0,0.0,0.0,0.0,0.0,0.0,0.002375077580993125,0.0,0.0,0.0,0.004754617503132396,0.0,0.05480607793774494,0.0,0.01075082745908364,0.0,0.0,0.005061350366924644,0.006735606407214891,0.0,0.0,0.0,0.0,0.0,0.0,0.0,0.010948382902831446,0.0,0.0,0.0,0.0,0.0,0.0,0.0,0.0,0.0,0.0013797381564358553,0.0,0.01378843210811144,0.0,0.0,0.0034329322048927474,0.0,0.0,0.002306942649158903,0.0,0.005409065438882298,0.0,0.001291690397467681,0.007003492654057955,0.0,0.0,0.0,0.003746663053703707,0.0,0.017714726284236256,0.0,0.0012337884071940207,0.0,0.03495515323959136,0.0,0.0,0.0,0.0,0.022414531861489048,0.0,0.06528904417980454,0.0,0.0,0.0,0.09505794970270923,0.0,0.0,0.001641070848452083,0.0004797544489852923,0.033601722825053956,0.0,0.0,0.0,0.0,0.0083677239759548,0.006331129905907517,0.0,0.0009155053082289104,0.0,0.0,0.016175214144481996,0.0,0.07008150043527517,0.0,0.026149329104370105,0.0,0.018403572546370973,0.0,0.0,0.0012054784624639238,0.0,0.0,0.0,0.0,0.0003015416090958779,0.0,0.0,0.0,0.0,0.0,0.0,0.0006214876521417584,0.0,0.0057166029972999305,0.0,0.0,0.0,0.0,0.0,0.001242975304283517,0.007215668135333394
DREAMCATCHER_-_Full_Moon_preview.wav,0.0,0.00012518182909099557,0.0,0.0,0.0,0.0016411452310228375,0.0,0.0,0.0016281254309377928,0.00024854795640434483,0.0,0.0,0.001357411239951083,0.05208748738620764,0.0,0.0,0.0005491826529297932,0.0,0.0057630039449174265,0.00048575529347111545,0.0,0.0,9.193772135446364e-05,0.0,0.0002834708939279281,0.0,0.0005729568505108594,0.0,0.0,0.0,0.07150265498768021,0.0,0.0,0.00169358722114536,0.0,0.0,0.0,0.0,0.000599333588460264,0.0,0.0009814348250732135,0.0,0.00039014919216671094,0.0,0.003120176892813196,0.03442822920588032,0.002452094432066248,0.0,0.0,0.0,0.0,0.0,0.0,0.0,0.00033227750071363756,0.0,0.0007770526447198269,0.0,0.0009634634665992192,0.0,0.0,0.00043779710546515925,0.0,0.007030463726283677,0.0,0.0019842962574954967,0.0,0.0,0.0,0.03868588040959055,0.0,0.0005414718742284314,0.001663149383425731,0.00026499042164628293,0.0,0.0,0.0,0.0,0.0013236174382304823,0.002852367001200719,0.0,0.0,0.0013816938161870574,0.14159997495966906,0.0,0.0001599181496617641,0.0,0.0,0.0,0.0021114025648557404,0.00024287764673555773,0.0,0.0,0.0,0.0,0.0,0.10640748015301166,0.0003851241462971904,0.0,0.0,0.0041289199945044805,0.0,0.0,0.0,0.002687277089660902,0.0005336668873026462,0.0,0.0,0.00033002046510997163,0.00019363175209143112,0.0,0.0,0.0,0.0,0.0,0.00042339680528634,0.009630391209850877,0.0,0.0,0.0,0.0,0.008614484734405303,0.0,0.00033002046510997163,0.03130341121699821,0.0,0.0006214876521417584,0.0
Duke_Dumont_-_Ocean_Drive_-_Michael_Calfan_Remix_preview.wav,0.0,0.00225327292363792,0.020313434259378607,0.0,0.004240908892519929,0.015239205716640631,0.0,0.0009964741443226352,0.0005427084769792644,0.0027340275204477925,0.0007907517395758369,0.0,0.00045247041331702775,0.020617963757040524,0.0,0.0,0.008237739793946897,0.000475015516198625,0.013221009050104687,0.0009715105869422309,0.0,0.009509235006264792,0.0004596886067723182,0.0,0.007937185029981987,0.008413691054935023,0.0019098561683695313,0.0017001435271489038,0.0005061350366924645,0.0,0.0,0.0,0.0,0.0021169840264317,0.0,0.004105643588561792,0.009265322067613376,0.0,0.001947834162495858,0.0,0.002551730545190355,0.0,0.0005201989228889479,0.002418549380694812,0.008060456973100757,0.0016658820583490474,0.0004904188864132496,0.002299563594059759,0.0,0.00636389174220528,0.0,0.004633202976467086,0.0,0.00458824703012573,0.00044303666761818345,0.0,0.0011655789670797403,0.0,0.0,0.002583380794935362,0.0,0.0013133913163954777,0.0016829982290141672,0.0005021759804488341,0.0,0.005385946984630634,0.001012270073384929,0.005235428241399058,0.0006168942035970103,0.0007976470187544442,0.0,0.0019853968721709153,0.0023284091367960238,0.004637332378809951,0.0,0.0,0.0,0.0,0.0004412058127434941,0.0,0.0018250964032999592,0.0,0.006735757353911905,0.00666352823339619,0.0,0.0001599181496617641,0.0009081546709474042,0.0006307571498559348,0.0016370381562001795,0.007389908976995091,0.0038860423477689236,0.0003486551656647834,0.002035006041184559,0.0,0.0018310106164578209,0.0,0.035605579897353905,0.0069322346333494265,0.0006716170009750191,0.0006938762419334176,0.008257839989008961,0.0,0.0004487759251183763,0.0028919899715725813,0.016123662537965412,0.00960600397144763,0.0,0.0003716630451270131,0.0029701841859897443,0.00038726350418286223,0.0,0.0021107912636711456,0.0008683431293702631,0.00037836433207988807,0.0007770526447198269,0.00042339680528634,0.0,0.0,0.0,0.0,0.0007456438692130344,0.0024612813526872293,0.0,0.01105568558118405,0.02086894081133214,0.00034220517993789157,0.0,0.0
Duki_-_She_Dont_Give_a_Fo_preview.wav,0.026691119286098085,0.00012518182909099557,0.0,0.0,0.0004712120991688811,0.0018755945497403856,0.02340371064384452,0.0,0.0,0.01093611008179117,0.004744510437455021,0.0018092496545752674,0.004524704133170277,0.0028937492992337577,0.0,0.002436758744538023,0.014278748976174621,0.0,0.0003390002320539663,0.000728632940206673,0.0,0.0,0.0,0.0,0.007653714136054058,0.0,0.00019098561683695317,0.00024287764673555773,0.0005061350366924645,0.0,0.0,0.009317958841851742,0.004746306734434963,0.04276307733392034,0.0,0.04561826209513103,0.0019854261573457235,0.004561826209513103,0.0008990003826903959,0.0,0.0037294523352782113,0.018985226937739852,0.00013004973072223698,0.002149821671728722,0.0,0.0,0.005394607750545745,0.0018396508752478074,0.01517711972079441,0.0,0.0,0.000694980446470063,0.002452094432066248,0.002564020399187908,0.00022151833380909173,0.0034604139737383546,0.0007770526447198269,0.000901510906480383,0.0,0.018514229030370095,0.0,0.018387478429536686,0.0,0.0,0.0,0.0,0.00455521533023218,0.0013088570603497645,0.004935153628776083,0.0,0.0004788377156108407,0.01534170310313889,0.0,0.0014574473190545562,0.01131403827196328,0.0,0.009820352337913046,0.0016002216710736406,0.003529646501947953,0.0019015780008004794,0.00036501928065999184,0.0,0.00017271172702338218,0.011661174408443333,0.0,0.0003198362993235282,0.0,0.015138171596542432,0.0,0.009501311541850832,0.0,0.0006973103313295668,0.0015827824764768792,0.0030269146566391045,0.0003662021232915642,0.0,0.0008185190781000897,0.0,0.0006716170009750191,0.0,0.002914531760826692,0.008716443034790036,0.016604709229379924,0.00026290817923387103,0.0,0.0037356682111185234,0.0,0.0,0.0047852967440945885,0.00019363175209143112,0.0,0.0033169577000546568,0.0017366862587405263,0.0,0.03691000062419177,0.008044539300440459,0.011111989857520242,0.0057807807995953146,0.003107438260708792,0.0,0.0044738632152782065,0.0,0.0005788954195801755,0.0006600409302199433,0.0,0.0,0.0006214876521417584,0.0
Ed_Sheeran_-_Galway_Girl_preview.wav,0.0,0.0026288184109109066,0.0015427924753958436,0.0,0.002827272595013286,0.0030478411433281266,0.0,0.0014947112164839529,0.00379895933885485,0.0004970959128086897,0.0,0.0006030832181917558,0.00045247041331702775,0.02532030636829538,0.000526239902329663,0.0015229742153362643,0.0041188698969734485,0.0,0.003390002320539663,0.00024287764673555773,0.0023243848092773427,0.002971635939457747,0.0006435640494812455,0.0014947112164839529,0.0019842962574954967,0.002804563684978341,0.0007639424673478127,0.009229350575951192,0.002530675183462322,0.0012246557104027076,0.06632130317697875,0.0,0.0,0.0025403808317180396,0.004995717801677748,0.0004561826209513103,0.0008824116254869882,0.0,0.00149833397115066,0.003658928643536608,0.0003925739300292854,0.0,0.0,0.003493460216559173,0.01716097291047258,0.004997646175047142,0.0,0.0009198254376239037,0.0013797381564358553,0.0,0.0,0.0016216210417634804,0.0,0.0032387626095005152,0.0006645550014272751,0.0,0.00038852632235991343,0.0,0.015415415465587508,0.0004305634658225604,0.0,0.00043779710546515925,0.0011219988193427782,0.03113491078782771,0.0012488876845679025,0.0,0.0,0.0,0.0,0.008774117206298886,0.0,0.0,0.01596623408088702,0.002252418583993405,0.0016162911817090401,0.0006592509371026191,0.00042697184077882807,0.0028803990079325527,0.00022060290637174705,0.0006338593336001598,0.0,0.0,0.003108811086420879,0.03942587538092746,0.0,0.0,0.0,0.0,0.0012277786171501345,0.00035190042747595675,0.016515679978017922,0.0003486551656647834,0.0011305589117691995,0.0018918216603994403,0.0,0.0,0.009412969398151031,0.0,0.0010074255014625286,0.0,0.007286329402066731,0.0011621924046386714,0.005834087026538892,0.001577449075403226,0.027410226314541198,0.0012452227370395078,0.0,0.0,0.0008250511627749291,0.00038726350418286223,0.0,0.0003015416090958779,0.0008683431293702631,0.0037836433207988807,0.0038852632235991343,0.0,0.0,0.0,0.001242975304283517,0.0,0.001242739782021724,0.021536211836013258,0.002026133968530614,0.0036302251162096877,0.010709061732130966,0.00444866733919259,0.0,0.0
Ellie_Goulding_-_Goodness_Gracious_-_The_Chainsmokers_Extended_Remix_preview.wav,0.0,0.0,0.003342717030024328,0.0,0.0,0.01430140844177044,0.0,0.0,0.0,0.0,0.0,0.0,0.0009049408266340555,0.051002331398994974,0.0,0.0,0.004942643876368138,0.0,0.03491702390155853,0.002914531760826692,0.0,0.0,9.193772135446364e-05,0.0,0.0008504126817837842,0.0,0.002673798635717344,0.0,0.0,0.0,0.0,0.0,0.0,0.00084679361057268,0.0,0.0,0.005515072659293676,0.0,0.000149833397115066,0.0,0.0003925739300292854,0.0,0.0005201989228889479,0.0002687277089660902,0.0018201031874743644,0.009995292350094285,0.0,0.00045991271881195184,0.0009198254376239037,0.0,0.0,0.0,0.0,0.0017543297468127792,0.00033227750071363756,0.0,0.0011655789670797403,0.0,0.0,0.0,0.0,0.0,0.00028049970483569456,0.0,0.0,0.002551238045351353,0.0,0.0,0.0,0.00757764667816722,0.0,0.000360981249485621,0.0,0.003974856324694244,0.0,0.0,0.0008539436815576561,0.0,0.0,0.0003169296668000799,0.00036501928065999184,0.0,0.004145081448561172,0.10717174575378872,0.0,0.0001599181496617641,0.0,0.0,0.0,0.0035190042747595676,0.0,0.0,0.0,0.0,0.0001831010616457821,0.0,0.14856121267516628,0.0,0.003022276504387586,0.0,0.025016397613762443,0.0,0.0,0.0,0.0016123662537965411,0.004091446135986954,0.0,0.0011149891353810393,0.00016501023255498581,0.0,0.0,0.0003015416090958779,0.0014472385489504387,0.0,0.0,0.0,0.0022223979715040483,0.0,0.0,0.0,0.0,0.0030766016908590366,0.0,0.0013200818604398865,0.0032950959175787587,0.0,0.0006214876521417584,0.0
Ellie_Goulding_-_Love_Me_Like_You_Do_-_From_Fifty_Shades_Of_Grey_preview.wav,0.0,0.0,0.04294105723185098,0.0,0.00895302988420874,0.01781814822253366,0.0,0.0,0.0,0.0,0.0,0.0003015416090958779,0.006334585786438388,0.015553902483381449,0.013682237460571237,0.0,0.0,0.000475015516198625,0.002373001624377764,0.0,0.0,0.0,0.0002758131640633909,0.0,0.0,0.023371364041486174,0.00019098561683695317,0.0,0.0,0.0048986228416108306,0.009326433259262636,0.0,0.0,0.0,0.000277539877870986,0.0,0.015662806352394042,0.0,0.00299666794230132,0.0003326298766851462,0.0,0.0,0.0005201989228889479,0.0,0.022361267731827908,0.0,0.0,0.0,0.0,0.0,0.0,0.0,0.002452094432066248,0.002564020399187908,0.00022151833380909173,0.0,0.0,0.002704532719441149,0.0,0.0,0.06069693633516895,0.0,0.001963497933849862,0.0,0.0,0.0,0.001012270073384929,0.0,0.0,0.007178823168789998,0.0,0.0,0.0009978896300554387,0.003444875481401678,0.0,0.0,0.0,0.0006400886684294562,0.0,0.0,0.0,0.0,0.0008635586351169108,0.0005552940194496825,0.0,0.0001599181496617641,0.009081546709474041,0.0,0.0,0.0,0.0009715105869422309,0.0003486551656647834,0.0,0.0,0.0,0.0,0.011459267093401256,0.0,0.003693893505362605,0.0,0.014329781157397904,0.0,0.0,0.000788724537701613,0.02633531547867684,0.004980890948158031,0.0,0.0,0.0006600409302199433,0.00019363175209143112,0.0,0.0,0.0,0.0007567286641597761,0.0,0.0,0.0014815986476693656,0.0,0.0,0.0,0.0009941918256173793,0.023074512681442772,0.0,0.011880736743958977,0.03459850713457697,0.00034220517993789157,0.0,0.0
Elohim_-_Sleepy_Eyes_preview.wav,0.003050413632696924,0.0023784547527289156,0.0005142641584652812,0.0,0.0,0.013598060485617795,0.00425522011706264,0.0,0.0,0.0,0.0023722552187275107,0.0003015416090958779,0.0,0.008681247897701272,0.000526239902329663,0.0006091896861345058,0.01043447040566607,0.0,0.02067901415529194,0.004614675287975596,0.003486577213916014,0.0,0.0002758131640633909,0.0,0.005102476090702706,0.0004674272808297235,0.004774640420923829,0.0009715105869422309,0.005061350366924644,0.0,0.0,0.0,0.0,0.0,0.000832619633612958,0.0004561826209513103,0.018751247041598498,0.0,0.0026970011480711878,0.009313636547184095,0.0029443044752196406,0.005695568081321956,0.0014305470379446068,0.002956004798626992,0.014820840240862682,0.0,0.0,0.0018396508752478074,0.0,0.00106064862370088,0.0,0.003938222529997024,0.0004904188864132496,0.002968865725375472,0.0005537958345227293,0.0,0.00893610541427801,0.0,0.0,0.0,0.0,0.0,0.0008414991145070836,0.0,0.0,0.0,0.0,0.0,0.0,0.005184705621903887,0.0,0.0018049062474281047,0.0013305195067405849,0.011262092919967024,0.0,0.0,0.00042697184077882807,0.0,0.0033090435955762058,0.0,0.00036501928065999184,0.0,0.016925749248291454,0.0005552940194496825,0.0,0.0001599181496617641,0.0,0.0,0.004092595390500449,0.0031671038472836106,0.00048575529347111545,0.002789241325318267,0.004974459211784478,0.0011350929962396642,0.0001831010616457821,0.00484887354512712,0.004092595390500449,0.001925620731485952,0.006044553008775172,0.0,0.008257839989008961,0.0,0.0004487759251183763,0.0042065308677419365,0.01236147461244015,0.00426933509842117,0.0,0.007433260902540262,0.016666033488053567,0.0027108445292800356,0.0,0.0009046248272876337,0.005210058776221579,0.0037836433207988807,0.0,0.0,0.0,0.0,0.0,0.0,0.0004970959128086897,0.002768941521773133,0.00028944770979008773,0.006435399069644447,0.0035696872440436553,0.00034220517993789157,0.0,0.0
Emblem3_-_Chloe_Youre_the_One_I_Want_preview.wav,0.0,0.0,0.0017999245546284843,0.0,0.0,0.0194592934535565,0.0007092033528437733,0.0,0.0,0.00024854795640434483,0.0,0.0006030832181917558,0.010406819506291638,0.028575774329933357,0.0,0.0,0.0010983653058595864,0.0,0.011526007889834853,0.0009715105869422309,0.0,0.0,0.00036775088541785456,0.0,0.0,0.0,0.0,0.0,0.0,0.0,0.012953379526753662,0.0,0.0,0.0063509520792951,0.0,0.0027370957257078616,0.0004412058127434941,0.0,0.00074916698557533,0.0,0.0,0.0,0.0005201989228889479,0.0,0.011180633865913954,0.06219293017836444,0.0,0.0,0.0013797381564358553,0.0,0.0,0.0,0.0,0.0,0.00033227750071363756,0.0,0.0007770526447198269,0.0,0.0,0.0021528173291128017,0.0,0.0008755942109303185,0.0,0.0,0.0,0.0008504126817837842,0.0,0.0,0.0,0.03310235127830944,0.0,0.000721962498971242,0.0,0.003047389848932254,0.00888960149939972,0.0,0.0,0.0,0.0017648232509739764,0.0034862263348008787,0.0,0.0,0.005008640083678083,0.0732988105673581,0.0,0.0,0.0,0.0,0.0,0.005278506412139351,0.0,0.0,0.0,0.0,0.0,0.0,0.039288915748804304,0.0,0.0,0.0,0.0041289199945044805,0.0,0.0,0.0,0.002149821671728722,0.0010673337746052924,0.0,0.0,0.00016501023255498581,0.0009681587604571556,0.0,0.0,0.0,0.0,0.0,0.0,0.025187177010379213,0.0,0.0,0.0,0.0,0.03784220079756615,0.0,0.005610347906869517,0.04942643876368138,0.0,0.0,0.0
Eminem_-_Phenomenal_preview.wav,0.0,0.0016273637781829423,0.0023141887130937655,0.0,0.0004712120991688811,0.003282290462045675,0.0007092033528437733,0.0,0.047215637497196,0.0,0.0,0.0006030832181917558,0.0,0.004340623948850636,0.0,0.0,0.006590191835157517,0.0,0.009831006729565023,0.0,0.026149329104370105,0.0005943271878915495,0.00036775088541785456,0.0,0.0,0.0,0.0,0.004614675287975596,0.00455521533023218,0.0,0.013471514707823809,0.005394607750545745,0.012340397509530905,0.0,0.0,0.0,0.004412058127434941,0.0,0.0,0.0006652597533702924,0.0,0.010441874815756919,0.00026009946144447396,0.0,0.015340869722998213,0.0,0.0009808377728264992,0.0,0.0,0.0,0.0,0.0,0.0,0.0032387626095005152,0.00022151833380909173,0.0005767356622897258,0.0,0.0,0.01059809813259141,0.0,0.001167248775676326,0.0,0.00028049970483569456,0.13307663481894103,0.0,0.0,0.0,0.0,0.0,0.0007976470187544442,0.0,0.0,0.006319967657017778,0.0011924568974082733,0.0,0.0,0.0,0.0,0.0,0.0,0.0,0.0,0.00034542345404676435,0.0005552940194496825,0.0,0.0,0.0,0.0,0.0,0.0,0.0677628634392206,0.0,0.0,0.0,0.0003662021232915642,0.03070953245247176,0.005729633546700628,0.0,0.0006716170009750191,0.0,0.008014962342273405,0.0,0.0004487759251183763,0.0,0.02257312755315158,0.0005336668873026462,0.05424653081087656,0.0,0.00033002046510997163,0.0007745270083657245,0.0008754918578743574,0.0,0.0,0.0018918216603994403,0.0,0.0,0.0,0.0,0.0,0.0,0.00024854795640434483,0.0,0.0005788954195801755,0.00016501023255498581,0.0,0.007186308778695722,0.0,0.0
Emmanuel_Franco_-_Do_Me_Like_A_Drug_preview.wav,0.001525206816348462,0.0018777274363649334,0.0005142641584652812,0.0,0.020262120264261888,0.0007033479561526446,0.0,0.0014947112164839529,0.008140627154688966,0.0,0.0,0.0,0.00407223371985325,0.0018085933120210985,0.002104959609318652,0.0003045948430672529,0.0005491826529297932,0.00095003103239725,0.005424003712863461,0.0009715105869422309,0.013946308855664056,0.017829815636746484,9.193772135446364e-05,0.0014947112164839529,0.009354539499621627,0.009815972897424193,0.00019098561683695317,0.008257839989008961,0.01720859124754379,0.0048986228416108306,0.008290162897122344,0.0,0.0,0.0,0.000277539877870986,0.0018247304838052412,0.0013236174382304823,0.0,0.000149833397115066,0.042576624215698716,0.0003925739300292854,0.0,0.0005201989228889479,0.007524375851050526,0.00780044223203299,0.0,0.0,0.0018396508752478074,0.0,0.01697037797921408,0.0,0.0050965232741137945,0.006865864409785495,0.0021591750730003438,0.00022151833380909173,0.0017302069868691773,0.01243284231551723,0.001803021812960766,0.01059809813259141,0.0008611269316451208,0.0,0.0026267826327909553,0.0,0.0010043519608976682,0.0029140712639917727,0.0002834708939279281,0.0,0.0,0.0,0.025125881090764992,0.0,0.000360981249485621,0.0026610390134811698,0.003709865903047961,0.00727331031769068,0.0,0.0,0.0,0.0004412058127434941,0.003169296668000799,0.0,0.0,0.01191710916461337,0.0016658820583490474,0.0,0.0001599181496617641,0.0018163093418948084,0.003784542899135608,0.0118685266324513,0.021817826503509316,0.0034002870542978077,0.001743275828323917,0.002487229605892239,0.00037836433207988807,0.0018310106164578209,0.0,0.00040925953905004487,0.001925620731485952,0.002014851002925057,0.0027755049677336704,0.001457265880413346,0.0,0.003141431475828634,0.007887245377016131,0.001343638544830451,0.0010673337746052924,0.0,0.004088293496397144,0.0033002046510997164,0.0,0.012256886010241004,0.0009046248272876337,0.011867356101393596,0.012864387290716194,0.0031082105788793075,0.0,0.0022223979715040483,0.0,0.0,0.0,0.00024854795640434483,0.013229387270693858,0.0,0.00033002046510997163,0.0030205045911138617,0.0006844103598757831,0.0,0.003092429200857169
Eric_Benet_-_News_For_You_preview.wav,0.0,0.0,0.0,0.0,0.005654545190026572,0.0,0.0,0.0,0.0010854169539585288,0.0014912877384260688,0.0,0.0006030832181917558,0.0,0.0,0.12261389724281148,0.0,0.0,0.0019000620647945,0.0,0.0,0.0,0.0005943271878915495,0.0009193772135446364,0.0,0.0,0.007478836493275576,0.0,0.0,0.11641105843926682,0.04041363844328935,0.0,0.021088012115769734,0.016137442897078875,0.0,0.0,0.0,0.0,0.0022809131047565514,0.0,0.0,0.0,0.0,0.00013004973072223698,0.0,0.0,0.0,0.0,0.0,0.00045991271881195184,0.0,0.0,0.0,0.008827539955438493,0.0,0.00022151833380909173,0.0034604139737383546,0.0,0.006310576345362681,0.0,0.0,0.10505238981086933,0.0013133913163954777,0.0,0.0,0.0,0.0008504126817837842,0.016702456210851327,0.0,0.0,0.0,0.0,0.0,0.0,0.0,0.0,0.0,0.0,0.0,0.0,0.0,0.0010950578419799755,0.005330352319778087,0.0,0.0,0.001641070848452083,0.0004797544489852923,0.0,0.002523028599423739,0.002455557234300269,0.0,0.0,0.0,0.0,0.0,0.0,0.0161629118170904,0.0,0.0003851241462971904,0.0,0.0,0.0,0.0,0.0017951037004735053,0.0,0.0,0.0,0.300164137153517,0.0,0.0,0.012198800381760161,0.026264755736230723,0.0,0.0,0.0071889223095178735,0.0,0.00550415846872242,0.0,0.0,0.0,0.0,0.005219507084491241,0.0,0.008104535874122456,0.0,0.0,0.0,0.0,0.010308097336190564
Erykah_Badu_-_Certainly_-_Flipped_It_preview.wav,0.0,0.0005007273163639823,0.0,0.0024306767790724755,0.01931969606592412,0.0,0.0,0.004982370721613176,0.0,0.0,0.0,0.0003015416090958779,0.0,0.0,0.001052479804659326,0.0003045948430672529,0.0,0.00475015516198625,0.0,0.0,0.005810962023193357,0.04160290315240846,0.01939885920579183,0.0014947112164839529,0.0,0.011685682020743087,0.00038197123367390633,0.0,0.031380372274932795,0.017145179945637908,0.0072538925349820505,0.0,0.0,0.0,0.001665239267225916,0.0,0.0,0.0018247304838052412,0.000299666794230132,0.0059873377803326315,0.0,0.0,0.013265072533668171,0.0,0.0,0.0,0.0,0.0,0.0,0.0212129724740176,0.0,0.00023166014882335434,0.004413769977719246,0.0,0.00719934584879548,0.0,0.0,0.0,0.038538538663968766,0.0,0.0,0.0,0.0,0.0,0.0,0.009638010393549555,0.0,0.02683156973717017,0.0,0.0003988235093772221,0.0038307017248867255,0.0,0.0006652597533702924,0.0,0.0,0.013185018742052383,0.0,0.0012801773368589125,0.0013236174382304823,0.0047539450020011986,0.0536578342570188,0.010660704639556174,0.0,0.0,0.0,0.0003198362993235282,0.004540773354737021,0.0012615142997118695,0.010231488476251122,0.0,0.0,0.0006973103313295668,0.0027133413882460787,0.0,0.006225436095956591,0.0,0.0,0.013479345120401663,0.0,0.00832651490320101,0.0,0.0,0.0,0.009464694452419356,0.0,0.0,0.0,0.0,0.0,0.007358006579474382,0.0,0.0,0.0,0.0030269146566391045,0.0,0.0,0.0,0.0019269269331984385,0.0,0.0,0.0,0.0,0.0,0.0,0.0,0.0,0.0037289259128505505,0.0
Escape_the_Fate_-_Digging_My_Own_Grave_preview.wav,0.0,0.00012518182909099557,0.0,0.0,0.0,0.0018755945497403856,0.0,0.0,0.0,0.0,0.0,0.0003015416090958779,0.0,0.02314999439387006,0.0,0.0,0.0,0.0,0.002373001624377764,0.0,0.0081353468324707,0.0,0.00036775088541785456,0.0,0.0,0.0,0.0,0.0,0.002024540146769858,0.0006123278552013538,0.23886031847333752,0.0,0.0,0.0,0.004163098168064791,0.0,0.0,0.0,0.0,0.0,0.0,0.0,0.00026009946144447396,0.0,0.035622019526283986,0.0,0.0,0.0,0.0,0.0,0.0,0.0,0.0004904188864132496,0.0,0.00022151833380909173,0.0,0.0,0.0,0.06262512532894925,0.0,0.0,0.0,0.0,0.13307663481894103,0.0,0.0,0.0,0.0,0.0,0.045864703578380545,0.0,0.0,0.006319967657017778,0.0006624760541157073,0.0,0.0,0.0,0.0,0.0,0.0,0.0,0.0,0.0006908469080935287,0.0,0.0,0.0,0.0,0.0,0.0,0.0,0.000728632940206673,0.0,0.0,0.0,0.0001831010616457821,0.0,0.00040925953905004487,0.0,0.0,0.0,0.00024287764673555773,0.0,0.0,0.0,0.002149821671728722,0.0,0.0,0.0,0.0,0.0027108445292800356,0.0,0.0,0.0,0.0007567286641597761,0.0,0.0,0.0,0.0,0.0,0.0,0.0,0.018151949976068317,0.0,0.0,0.0021967306117191727,0.0,0.0,0.0
EVERGLOW_-_Bon_Bon_Chocolat_preview.wav,0.0,0.0,0.0,0.0,0.0,0.0,0.0,0.0,0.0,0.0057166029972999305,0.0,0.0018092496545752674,0.004524704133170277,0.0,0.0142084773629009,0.006091896861345057,0.0,0.0,0.0,0.0,0.0,0.0,0.0,0.0,0.0,0.0,0.0,0.0,0.0,0.0,0.0,0.02795387652555523,0.009492613468869926,0.00677434888458144,0.0,0.0,0.0,0.0009123652419026206,0.000299666794230132,0.0,0.006673756810497851,0.0,0.0,0.0,0.0,0.0,0.0,0.0,0.12923547398615845,0.0,0.0,0.0,0.0019616755456529984,0.0,0.0,0.006344092285186983,0.0,0.0,0.0,0.005166761589870724,0.0,0.00569136237104707,0.0005609994096713891,0.0,0.0058281425279835455,0.0,0.021257671541083507,0.0,0.20480887559420746,0.0,0.0,0.0001804906247428105,0.0,0.0,0.0,0.0,0.0008539436815576561,0.0,0.0,0.0,0.0,0.0,0.0,0.0,0.0,0.0003198362993235282,0.0,0.0,0.0,0.0,0.0,0.0,0.0,0.043890262521267015,0.0,0.0121221838628178,0.0,0.0,0.0,0.0,0.0,0.0,0.024233899956392316,0.0,0.0,0.0016010006619079384,0.0,0.0,0.0,0.0,0.0,0.0,0.0,0.0,0.0,0.0,0.0,0.004817317332996096,0.0,0.0,0.0014912877384260688,0.0,0.047179976695784304,0.0,0.0,0.00034220517993789157,0.0,0.0
Fabolous_-_Into_You_feat_Tamia_-_Radio_Edit_preview.wav,0.0,0.0007510909745459733,0.006942566139281296,0.0,0.0,0.0,0.0,0.0,0.005427084769792643,0.009693370299769449,0.0,0.0009046248272876337,0.001357411239951083,0.0,0.11893021792650384,0.012792983408824619,0.005217235202833035,0.0,0.0,0.0,0.0011621924046386714,0.0,9.193772135446364e-05,0.0,0.0008504126817837842,0.022436509479826727,0.0,0.0034002870542978077,0.023788346724545825,0.0,0.0,0.0,0.0,0.00042339680528634,0.000555079755741972,0.0004561826209513103,0.0,0.0013685478628539308,0.02652051128936668,0.01230730543735041,0.002355443580175712,0.0,0.0,0.0077931035600166156,0.0,0.0,0.0,0.0,0.0,0.0,0.0,0.01227798788763778,0.0009808377728264992,0.0,0.00022151833380909173,0.010381241921215064,0.0,0.0,0.0,0.0021528173291128017,0.016341482859468563,0.0,0.005329494391878196,0.0,0.0,0.0,0.002024540146769858,0.0,0.0,0.0,0.0004788377156108407,0.006497662490741177,0.0,0.0,0.0,0.0,0.0,0.0,0.0,0.0003169296668000799,0.0,0.0,0.0012089820891636753,0.0,0.0,0.0001599181496617641,0.0,0.0,0.00040925953905004487,0.005630406839615308,0.00048575529347111545,0.0006973103313295668,0.00045222356470767984,0.0011350929962396642,0.0001831010616457821,0.0,0.0,0.0,0.0,0.0,0.0,0.0005810962023193357,0.0008975518502367527,0.0,0.0002687277089660902,0.0001778889624342154,0.028931483099134167,0.0,0.0016501023255498582,0.0,0.002626475573623072,0.0,0.0005788954195801755,0.013999480286955858,0.0031082105788793075,0.00084679361057268,0.0,0.0,0.0,0.0,0.02013238446875193,0.00030766016908590366,0.04631163356641404,0.0019801227906598297,0.0,0.0017110258996894576,0.0,0.0
Fall_Out_Boy_-_Centuries_preview.wav,0.0,0.00037554548727298663,0.001285660396163203,0.0,0.0,0.0046889863743509634,0.005673626822750187,0.0,0.0,0.0007456438692130344,0.0007907517395758369,0.0,0.007239526613072444,0.02242655706906162,0.0,0.0,0.0043934612234383455,0.0,0.01559401067448245,0.0019430211738844618,0.00406767341623535,0.0,9.193772135446364e-05,0.0,0.0017008253635675684,0.0,0.00019098561683695317,0.0,0.0,0.0,0.012953379526753662,0.0,0.0,0.0012701904158590198,0.000555079755741972,0.0018247304838052412,0.0019854261573457235,0.0,0.00074916698557533,0.0,0.0001962869650146427,0.0,0.0,0.002956004798626992,0.033281886856674096,0.006108234213946508,0.0004904188864132496,0.00045991271881195184,0.0,0.0,0.0,0.002084941339410189,0.0,0.0006747422103126074,0.00033227750071363756,0.0,0.004662315868318961,0.0,0.02119619626518282,0.0004305634658225604,0.0,0.0,0.0,0.0015065279413465022,0.0,0.0008504126817837842,0.0,0.0,0.0,0.10249764190994608,0.0,0.000360981249485621,0.006319967657017778,0.004769827589633093,0.00484887354512712,0.0,0.0,0.0,0.0033090435955762058,0.006338593336001598,0.0014600771226399674,0.0,0.005008640083678083,0.03887058136147778,0.0,0.0001599181496617641,0.0,0.0,0.0,0.01407601709903827,0.002914531760826692,0.0,0.0006783353470615197,0.0,0.0001831010616457821,0.0,0.03233150358495354,0.0,0.0,0.0,0.007043451755331173,0.0023243848092773427,0.0004487759251183763,0.0,0.005374554179321804,0.0007115558497368616,0.0,0.0003716630451270131,0.00033002046510997163,0.001549054016731449,0.0,0.0,0.004341715646851316,0.00037836433207988807,0.002719684256519394,0.0,0.014815986476693655,0.0,0.0,0.0,0.0004970959128086897,0.01784428980698241,0.0,0.006105378604534475,0.007413965814552207,0.0,0.0,0.0
Fall_Out_Boy_-_Champion_preview.wav,0.0,0.0,0.009513886931607703,0.0,0.0,0.003282290462045675,0.0014184067056875467,0.0004982370721613176,0.0,0.0,0.0,0.0,0.03303034017214302,0.008681247897701272,0.0,0.0003045948430672529,0.003844278570508552,0.000475015516198625,0.013221009050104687,0.00024287764673555773,0.0,0.001188654375783099,0.00036775088541785456,0.0,0.0,0.006543981931616129,0.0,0.007286329402066731,0.0,0.0,0.016580325794244687,0.0,0.0,0.00042339680528634,0.000277539877870986,0.0004561826209513103,0.007721101723011147,0.0,0.0,0.007317857287073216,0.0007851478600585708,0.0,0.00039014919216671094,0.0005374554179321805,0.036662078490555056,0.003331764116698095,0.0,0.0,0.00045991271881195184,0.0,0.0,0.0004633202976467087,0.0,0.002564020399187908,0.00033227750071363756,0.0,0.0031082105788793075,0.0,0.0028903903997976573,0.0,0.0,0.0,0.0033659964580283344,0.008034815687181346,0.007909622002263382,0.0,0.0,0.0019632855905246465,0.0,0.0342988218064411,0.0,0.0,0.0029936688901663158,0.0233191571048729,0.07515753994947036,0.0019777528113078574,0.0,0.0,0.0,0.0,0.0007300385613199837,0.0,0.0058721987187949935,0.0038870581361477776,0.0,0.0,0.0,0.0,0.0,0.00035190042747595675,0.011658127043306769,0.0,0.00022611178235383992,0.006432193645358097,0.0005493031849373463,0.0008081455908545201,0.006548152624800718,0.0,0.003693893505362605,0.0013877524838668352,0.008257839989008961,0.0023243848092773427,0.0,0.0010516327169354841,0.01236147461244015,0.0007115558497368616,0.0,0.0003716630451270131,0.00033002046510997163,0.00019363175209143112,0.0017509837157487149,0.0,0.0,0.0,0.0,0.0,0.017038384448197705,0.0,0.001242975304283517,0.0,0.0004970959128086897,0.013229387270693858,0.00028944770979008773,0.0011550716278849007,0.0010983653058595864,0.0037642569793168066,0.0,0.0
Fickle_Friends_-_Hello_Hello_preview.wav,0.0,0.0007510909745459733,0.007456830297746578,0.0,0.0,0.005861232967938705,0.0028368134113750934,0.0,0.004341667815834115,0.0,0.0,0.0006030832181917558,0.02171857983921733,0.018447651782615204,0.013155997558241575,0.0,0.0032950959175787587,0.0,0.014238009746266584,0.0,0.008716443034790036,0.0,0.00036775088541785456,0.0,0.0,0.0,0.0,0.00024287764673555773,0.0,0.0,0.0025906759053507325,0.01373172881957099,0.002847784040660978,0.01100831693744484,0.0,0.0036494609676104824,0.0017648232509739764,0.0,0.00074916698557533,0.0,0.0,0.0,0.0006502486536111849,0.002418549380694812,0.03588203426735175,0.0,0.0,0.0,0.0027594763128717106,0.0,0.0,0.0,0.0029425133184794974,0.00553288612456338,0.00011075916690454586,0.0011534713245794515,0.0,0.0,0.0,0.0,0.0,0.0,0.0,0.0005021759804488341,0.0,0.0,0.0,0.0,0.0,0.016351763884466106,0.0,0.000360981249485621,0.004324188396906901,0.0054323036437488,0.0,0.0,0.0,0.0,0.0,0.0009507890004002397,0.00036501928065999184,0.0,0.003281522813444261,0.00222117607779873,0.0,0.0001599181496617641,0.0,0.0,0.0,0.023929229068365056,0.01700143527148904,0.0,0.0,0.004918736317038545,0.0003662021232915642,0.0016162911817090401,0.04542780883455498,0.0,0.002014851002925057,0.0,0.009715105869422308,0.0,0.02513145180662907,0.0,0.016123662537965412,0.0010673337746052924,0.003616435387391771,0.0,0.0,0.0005808952562742933,0.0008754918578743574,0.0,0.0,0.0,0.0,0.00169358722114536,0.0014815986476693656,0.0,0.0,0.0,0.0,0.0030766016908590366,0.013604042360134122,0.006765419534754418,0.015651705608499104,0.00034220517993789157,0.0,0.0
FISHER_-_Losing_It_preview.wav,0.018302481796181543,0.0006259091454549778,0.0035998491092569685,0.013368722284898613,0.001413636297506643,0.0009377972748701928,0.0,0.004484133649451858,0.0,0.0,0.006326013916606695,0.0003015416090958779,0.05520139042467738,0.01229843452174347,0.001052479804659326,0.0006091896861345058,0.0030205045911138617,0.00095003103239725,0.006102004176971393,0.0021858988206200193,0.0,0.008320580630481692,0.0,0.008470030226742399,0.01048842307533334,0.013087963863232258,0.001145913701021719,0.007286329402066731,0.0,0.0006123278552013538,0.009326433259262636,0.0029425133184794974,0.0018985226937739855,0.008044539300440459,0.0,0.008667469798074895,0.007279895910267653,0.0,0.0008990003826903959,0.007317857287073216,0.0003925739300292854,0.0,0.00039014919216671094,0.0,0.002080117928542131,0.011661174408443333,0.0014712566592397487,0.018856421471290023,0.00045991271881195184,0.00318194587110264,0.022687258145637924,0.0,0.0,0.0009446390944376503,0.00011075916690454586,0.0,0.004662315868318961,0.0,0.006744244266194534,0.002583380794935362,0.0,0.0,0.0,0.0020087039217953364,0.009158509686831285,0.005669417878558562,0.0,0.007853142362098586,0.0,0.007976470187544443,0.0,0.000721962498971242,0.008315746917128657,0.0010599616865851317,0.0064651647268361605,0.0006592509371026191,0.0008539436815576561,0.0003200443342147281,0.0006618087191152412,0.0038031560016009588,0.0036501928065999184,0.006218744373074435,0.00034542345404676435,0.0,0.0,0.0003198362993235282,0.03087725881221174,0.0,0.0020462976952502245,0.013372216244086356,0.014815536450869018,0.0006973103313295668,0.00022611178235383992,0.006432193645358097,0.0020141116781036026,0.0008081455908545201,0.015551862483901705,0.002695869024080333,0.0010074255014625286,0.0,0.007043451755331173,0.00406767341623535,0.0004487759251183763,0.0,0.009405469813813157,0.0010673337746052924,0.0,0.0003716630451270131,0.0028051739534347584,0.0005808952562742933,0.0,0.0015077080454793895,0.0008683431293702631,0.00037836433207988807,0.002719684256519394,0.0,0.006667193914512145,0.0009634634665992192,0.0,0.0,0.0,0.004307242367202651,0.00028944770979008773,0.0018151125581048438,0.010709061732130966,0.011977181297826203,0.007457851825701101,0.009277287602571507
Fleetwood_Mac_-_Go_Your_Own_Way_-_2004_Remaster_preview.wav,0.0,0.007010182429095751,0.002571320792326406,0.0,0.0,0.0021100438684579334,0.0,0.0,0.020622922125212044,0.0009941918256173793,0.0,0.0,0.00407223371985325,0.01338359050895613,0.0,0.0,0.0,0.000475015516198625,0.0,0.0012143882336777885,0.06043400504121091,0.0,0.0002758131640633909,0.0,0.0,0.0,0.00019098561683695317,0.0038860423477689236,0.005567485403617108,0.0,0.0072538925349820505,0.0,0.0,0.0,0.001110159511483944,0.0,0.0004412058127434941,0.0,0.021426175787454437,0.006319967657017778,0.0001962869650146427,0.0,0.00013004973072223698,0.0032247325075930823,0.021841238249692373,0.001110588038899365,0.0004904188864132496,0.0,0.0,0.0,0.0,0.0,0.0,0.003373711051563037,0.0005537958345227293,0.0,0.00038852632235991343,0.0,0.006744244266194534,0.0,0.0,0.0,0.0,0.021091391178851032,0.0,0.0002834708939279281,0.0,0.0,0.0,0.011964705281316663,0.0,0.0001804906247428105,0.017296753587627604,0.003179885059755395,0.0,0.0,0.0,0.0,0.0017648232509739764,0.002852367001200719,0.0,0.0,0.0036269462674910257,0.0,0.0,0.0,0.0,0.0012615142997118695,0.0016370381562001795,0.0,0.007529207048802288,0.0,0.0009044471294153597,0.0015134573283195523,0.0005493031849373463,0.0,0.0016370381562001795,0.0,0.0,0.0,0.014086903510662345,0.0,0.0,0.000788724537701613,0.008868014395880976,0.0005336668873026462,0.0,0.0,0.00016501023255498581,0.001549054016731449,0.0035019674314974297,0.0,0.0005788954195801755,0.026107138913512275,0.0,0.00084679361057268,0.0,0.0,0.0,0.0,0.0007456438692130344,0.004922562705374459,0.0005788954195801755,0.03085691348778235,0.009885287752736276,0.0,0.0,0.0
Fleetwood_Mac_-_Little_Lies_preview.wav,0.003050413632696924,0.0023784547527289156,0.0005142641584652812,0.0,0.0004712120991688811,0.0,0.0,0.0004982370721613176,0.0,0.04871539945525158,0.006326013916606695,0.0003015416090958779,0.0,0.0,0.002104959609318652,0.01858028542710242,0.009061513773341585,0.000475015516198625,0.0,0.0009715105869422309,0.0,0.001188654375783099,0.0006435640494812455,0.0,0.0011338835757117125,0.0,0.008976323991336797,0.0,0.0,0.0,0.0,0.0,0.0,0.00042339680528634,0.0,0.0004561826209513103,0.0059562784720371695,0.015054026491393238,0.002397334353841056,0.0003326298766851462,0.02767646206706462,0.0,0.0035113427295003982,0.0,0.0,0.0,0.003923351091305997,0.002299563594059759,0.004139214469307566,0.00053032431185044,0.0,0.0004633202976467087,0.0,0.00013494844206252149,0.0008860733352363669,0.0034604139737383546,0.0,0.000901510906480383,0.0,0.018944792496192655,0.0,0.013571710269419935,0.0008414991145070836,0.0,0.0,0.002834708939279281,0.0,0.00850757089227347,0.0,0.0,0.004309539440497566,0.009746493736111765,0.0,0.0,0.0,0.004614756559718334,0.008112464974797734,0.011201551697515483,0.0006618087191152412,0.0,0.012775674823099714,0.0026651761598890434,0.00017271172702338218,0.0,0.0,0.0003198362993235282,0.0,0.0,0.0008185190781000897,0.0,0.0,0.0013946206626591336,0.002487229605892239,0.0007567286641597761,0.0003662021232915642,0.0,0.0,0.017715710729670757,0.0010074255014625286,0.0013877524838668352,0.00024287764673555773,0.0023243848092773427,0.0,0.00026290817923387103,0.0,0.002134667549210585,0.0,0.005574945676905196,0.012705787906733908,0.0027108445292800356,0.0,0.010553956318355727,0.0005788954195801755,0.0,0.007770526447198269,0.0,0.0,0.0,0.006836364173559342,0.0,0.015409973297069378,0.0,0.0017366862587405263,0.0011550716278849007,0.0,0.0,0.0006214876521417584,0.0
Fleetwood_Mac_-_Rhiannon_preview.wav,0.0,0.007010182429095751,0.0,0.0024306767790724755,0.07256666327200768,0.0,0.0,0.01494711216483953,0.0,0.003976767302469517,0.0,0.0,0.0,0.0,0.02157583599551618,0.010051629821219344,0.0005491826529297932,0.00095003103239725,0.0,0.00048575529347111545,0.0,0.006537599066807043,0.00036775088541785456,0.007971793154581082,0.0011338835757117125,0.06824438300113962,0.002291827402043438,0.0017001435271489038,0.02429448176123829,0.007347934262416245,0.0,0.0,0.0,0.0,0.000555079755741972,0.0,0.0,0.010492200281880136,0.00044950019134519796,0.03658928643536608,0.001962869650146427,0.0,0.00039014919216671094,0.0,0.0,0.0,0.0,0.0009198254376239037,0.0,0.00477291880665396,0.0,0.000694980446470063,0.0014712566592397487,0.00013494844206252149,0.0,0.0017302069868691773,0.0,0.010818130877764596,0.0,0.0,0.005836243878381629,0.00043779710546515925,0.0005609994096713891,0.0,0.0012488876845679025,0.0008504126817837842,0.001012270073384929,0.0006544285301748823,0.0,0.0,0.0028730262936650435,0.004692756243313072,0.0,0.0003974856324694244,0.0,0.009229513119436669,0.0,0.012161684700159669,0.0,0.0,0.0,0.0630758357840407,0.0006908469080935287,0.0,0.008205354242260415,0.0004797544489852923,0.016346784077053273,0.0,0.0012277786171501345,0.0,0.0,0.0003486551656647834,0.007009465252969037,0.0,0.0009155053082289104,0.0,0.0,0.005776862194457856,0.0,0.005551009935467341,0.0,0.0005810962023193357,0.0,0.03496678783810485,0.0,0.0016010006619079384,0.0,0.0014866521805080525,0.002475153488324787,0.0013554222646400178,0.0,0.0024123328727670233,0.0,0.0030269146566391045,0.0,0.0,0.0,0.0,0.0,0.0,0.013173041689430275,0.0,0.00028944770979008773,0.0004950306976649574,0.0,0.0,0.0,0.0
Flume_-_Say_It_preview.wav,0.001525206816348462,0.00112663646181896,0.0002571320792326406,0.0,0.006125757289195454,0.0,0.00851044023412528,0.0,0.00379895933885485,0.0,0.0,0.0003015416090958779,0.003167292893219194,0.022064838406657402,0.0,0.0,0.0,0.0,0.0016950011602698315,0.005829063521653384,0.006392058225512692,0.0,0.00018387544270892728,0.0019929482886452705,0.0002834708939279281,0.0051417000891269575,0.00019098561683695317,0.007043451755331173,0.0015184051100773932,0.0,0.026943029415647617,0.0019616755456529984,0.0009492613468869927,0.00084679361057268,0.00138769938935493,0.0009123652419026206,0.0011030145318587353,0.0,0.000149833397115066,0.004989448150277194,0.0,0.003797045387547971,0.0005201989228889479,0.0,0.004420250598152028,0.029430583030833176,0.0,0.0,0.0,0.00424259449480352,0.0,0.0,0.0009808377728264992,0.0005397937682500859,0.00011075916690454586,0.0,0.002719684256519394,0.0,0.0,0.0,0.0,0.0,0.0,0.02962838284648121,0.004162958948559675,0.0005669417878558562,0.0005061350366924645,0.0,0.0,0.1084799945506044,0.0,0.0,0.0023284091367960238,0.003312380270578537,0.01454662063538136,0.0,0.0,0.0,0.0008824116254869882,0.0044370153352011185,0.00036501928065999184,0.0,0.0006908469080935287,0.06885645841176063,0.0,0.0,0.004540773354737021,0.0,0.004092595390500449,0.0017595021373797838,0.008014962342273405,0.0,0.0011305589117691995,0.0,0.0001831010616457821,0.0016162911817090401,0.03028520588970332,0.0,0.0,0.0,0.00048575529347111545,0.0,0.0008975518502367527,0.006046888122379034,0.010749108358643608,0.0,0.0,0.0,0.00016501023255498581,0.0009681587604571556,0.002626475573623072,0.0012061664363835116,0.00028944770979008773,0.0,0.00038852632235991343,0.0,0.06963513644046017,0.0,0.0,0.0,0.00024854795640434483,0.005230222874460362,0.0,0.0,0.0005491826529297932,0.008212924318509396,0.0,0.005154048668095282
Foreigner_-_Juke_Box_Hero_preview.wav,0.0,0.0,0.001285660396163203,0.0,0.002356060495844405,0.0028133918246105783,0.0,0.0,0.023879172987087628,0.00024854795640434483,0.0,0.0006030832181917558,0.009049408266340554,0.0014468746496168789,0.001578719706988989,0.0,0.0,0.0,0.0003390002320539663,0.0036431647010333654,0.0011621924046386714,0.002377308751566198,9.193772135446364e-05,0.0,0.0,0.0014022818424891705,0.0,0.0,0.004049080293539716,0.011634229248825722,0.044041490390962446,0.0004904188864132496,0.0,0.0,0.005273257679548734,0.0,0.0,0.0,0.0028468345451862537,0.0013305195067405849,0.0001962869650146427,0.0,0.0007802983843334219,0.001343638544830451,0.0036402063749487287,0.0027764700972484125,0.0014712566592397487,0.0,0.0,0.0,0.0,0.0,0.006375445523372244,0.0012145359785626932,0.00022151833380909173,0.0,0.005439368513038788,0.0,0.008671171199392973,0.0,0.016341482859468563,0.0,0.0005609994096713891,0.09390690834393198,0.0,0.0,0.0,0.0,0.0,0.011565881771939441,0.0,0.0,0.0884795471982489,0.006094779697864508,0.0,0.0,0.0,0.0,0.003970852314691447,0.005070874668801279,0.0,0.0008883920532963479,0.0008635586351169108,0.0,0.003282141696904166,0.0,0.0,0.0,0.0,0.00035190042747595675,0.002428776467355577,0.0,0.0,0.0,0.0,0.02181993095307204,0.00040925953905004487,0.0,0.0,0.0,0.000728632940206673,0.0,0.0004487759251183763,0.0,0.0018810939627626315,0.0,0.03736983233638163,0.0,0.0,0.0009681587604571556,0.0350196743149743,0.0,0.00028944770979008773,0.0022701859924793284,0.0,0.0012701904158590198,0.0,0.0009634634665992192,0.0,0.0,0.0,0.047994986377400975,0.0,0.004290266046429631,0.004668052549903241,0.004106462159254698,0.0,0.0
Foreigner_-_Urgent_preview.wav,0.0,0.0017525456072739378,0.003342717030024328,0.0,0.0004712120991688811,0.005626783649221157,0.0014184067056875467,0.0,0.019537505171253515,0.0014912877384260688,0.0,0.0006030832181917558,0.0058821153731213605,0.006510935923275955,0.031048154237450117,0.0027413535876052754,0.0002745913264648966,0.0,0.0010170006961618989,0.0,0.006392058225512692,0.0,0.00036775088541785456,0.0,0.0,0.0032719909658080644,0.00038197123367390633,0.0038860423477689236,0.007085890513694502,0.0048986228416108306,0.0031088110864208787,0.0014712566592397487,0.0,0.0012701904158590198,0.014987153405033244,0.0,0.0,0.0,0.009889004209594356,0.0003326298766851462,0.001962869650146427,0.0,0.00026009946144447396,0.0005374554179321805,0.009360530678439588,0.0005552940194496825,0.0004904188864132496,0.0,0.0,0.0,0.0,0.00023166014882335434,0.0004904188864132496,0.0010795875365001719,0.000775314168331821,0.0,0.0,0.0,0.009634634665992192,0.0,0.002334497551352652,0.00043779710546515925,0.0008414991145070836,0.017073983335260355,0.00333036715884774,0.0005669417878558562,0.0030368102201547864,0.0,0.001850682610791031,0.006381176150035554,0.0,0.0009024531237140523,0.017962013340997895,0.0009274664757619903,0.00565701913598164,0.0,0.0,0.0016002216710736406,0.005073866846550182,0.030108318346007593,0.00036501928065999184,0.0,0.0005181351810701465,0.001110588038899365,0.0,0.0001599181496617641,0.0,0.0,0.0,0.009501311541850832,0.010200861162893423,0.0,0.00022611178235383992,0.013999480286955858,0.0003662021232915642,0.020203639771363,0.007775931241950852,0.0003851241462971904,0.0026864680039000765,0.0,0.0051004305814467115,0.0,0.004936535176302138,0.00026290817923387103,0.006718192724152256,0.0024904454740790156,0.0,0.0,0.00016501023255498581,0.005421689058560071,0.00963041043661793,0.0,0.001157790839160351,0.013242751622796083,0.0,0.00042339680528634,0.0014815986476693656,0.0,0.0,0.0,0.0007456438692130344,0.010152785579834822,0.01823520571677553,0.01023063441840912,0.009885287752736276,0.00889733467838518,0.0,0.0
French_Montana_-_No_Stylist_preview.wav,0.000762603408174231,0.0005007273163639823,0.00411411326772225,0.0,0.020733332363430765,0.005392334330503608,0.0028368134113750934,0.0034876595051292233,0.0021708339079170576,0.0009941918256173793,0.0023722552187275107,0.0012061664363835116,0.002714822479902166,0.0014468746496168789,0.0026311995116483147,0.0030459484306725286,0.006864783161622414,0.0,0.0030510020884856963,0.001457265880413346,0.0023243848092773427,0.001188654375783099,9.193772135446364e-05,0.0029894224329679057,0.006519830560342346,0.003739418246637788,0.0005729568505108594,0.0038860423477689236,0.004049080293539716,0.0024493114208054153,0.0015544055432104393,0.016674242138050487,0.020883749631513838,0.013125300963876539,0.0047181779238067625,0.0063865566933183435,0.004191455221063194,0.0009123652419026206,0.000299666794230132,0.0029936688901663158,0.0017665826851317843,0.0,0.00013004973072223698,0.006986920433118346,0.0013000737053388317,0.005552940194496825,0.0029425133184794974,0.006438778063367325,0.024375374097033446,0.00636389174220528,0.0,0.0037065623811736695,0.0004904188864132496,0.0006747422103126074,0.00022151833380909173,0.0017302069868691773,0.0015541052894396537,0.0,0.0009634634665992192,0.008180705850628646,0.0,0.002188985527325796,0.004768494982206807,0.0015065279413465022,0.00166518357942387,0.0,0.013159510954004075,0.0006544285301748823,0.01727303770071629,0.0007976470187544442,0.0019153508624433627,0.0001804906247428105,0.006319967657017778,0.0007949712649388487,0.00484887354512712,0.005274007496820953,0.011528239701028358,0.0009601330026441843,0.0,0.0,0.00036501928065999184,0.0,0.0044905049026079365,0.016103526564040793,0.0,0.0,0.0,0.0031537857492796736,0.002864816773350314,0.00035190042747595675,0.0012143882336777885,0.003486551656647834,0.003843900300015278,0.010594201298236867,0.0,0.02343622213478108,0.007366671702900807,0.002310744877783142,0.004701319006825134,0.0006938762419334176,0.004857552934711154,0.005229865820874021,0.004038983326065387,0.01761484800866936,0.003493460216559173,0.0012452227370395078,0.0204931338618867,0.003716630451270131,0.0028051739534347584,0.00019363175209143112,0.0008754918578743574,0.0006030832181917558,0.0049206110664314915,0.0015134573283195523,0.011655789670797403,0.00084679361057268,0.0022223979715040483,0.009634634665992192,0.026102481389953854,0.0,0.0014912877384260688,0.003999582198116748,0.0037628202272711403,0.0,0.0008237739793946897,0.008212924318509396,0.0006214876521417584,0.0
Fuego_-_Una_Vaina_Loca_preview.wav,0.001525206816348462,0.00588354596727679,0.0007713962376979218,0.0,0.0,0.0,0.005673626822750187,0.0014947112164839529,0.0,0.015658521253473723,0.0,0.0003015416090958779,0.0,0.0,0.001052479804659326,0.006701086547479562,0.0013729566323244828,0.000475015516198625,0.0,0.00947222822268675,0.0,0.0,0.001287128098962491,0.0029894224329679057,0.0002834708939279281,0.0,0.013178007561749767,0.0017001435271489038,0.0005061350366924645,0.0,0.0,0.004904188864132496,0.0,0.011431713742731178,0.0047181779238067625,0.0013685478628539308,0.0026472348764609646,0.0022809131047565514,0.002097667559610924,0.0003326298766851462,0.012562365760937133,0.0,0.0035113427295003982,0.0,0.0,0.0,0.0014712566592397487,0.0013797381564358553,0.014717207001982459,0.00106064862370088,0.0,0.002779921785880252,0.0,0.0017543297468127792,0.00033227750071363756,0.0,0.0,0.0,0.0,0.027556061812643865,0.0,0.013571710269419935,0.0022439976386855564,0.0,0.00166518357942387,0.0011338835757117125,0.0,0.0006544285301748823,0.001850682610791031,0.0,0.0047883771561084065,0.013175815606225164,0.0,0.0010599616865851317,0.0,0.0,0.020067676516604918,0.01984274872131314,0.0017648232509739764,0.0003169296668000799,0.0018250964032999592,0.0,0.0,0.0,0.0,0.0001599181496617641,0.0,0.002523028599423739,0.0,0.0,0.0,0.0076704136446252335,0.008140024164738236,0.0015134573283195523,0.0007324042465831283,0.0,0.0,0.0050066139018634746,0.010410063515112795,0.0,0.0,0.0023243848092773427,0.0035902074009470106,0.00499525540544355,0.0,0.007649225384671263,0.0,0.0007433260902540262,0.013860859534618809,0.0038726350418286223,0.0,0.013569372409314506,0.0005788954195801755,0.0,0.013209894960237056,0.00042339680528634,0.0,0.0,0.0006214876521417584,0.0,0.002485479564043448,0.0,0.006946745034962105,0.0004950306976649574,0.0,0.0006844103598757831,0.002485950608567034,0.0
Galantis_-_Smile_-_Years_Remix_preview.wav,0.0,0.0,0.0,0.0,0.0,0.09471752476188947,0.0,0.0,0.0,0.0,0.0,0.0003015416090958779,0.00769199702638947,0.0014468746496168789,0.0,0.0,0.0002745913264648966,0.0,0.01728901183475228,0.01360114821719123,0.0,0.0,0.0002758131640633909,0.0,0.0,0.0,0.0005729568505108594,0.0,0.0,0.0,0.0,0.0,0.0,0.0,0.0,0.0,0.0033090435955762058,0.0,0.0,0.0,0.0,0.0,0.0009103481150556589,0.0,0.0,0.01776940862238984,0.0,0.0,0.0,0.0,0.0,0.0,0.0,0.0,0.00044303666761818345,0.0,0.14569737088496754,0.0,0.0,0.0,0.0,0.0,0.0,0.0,0.0,0.0019842962574954967,0.0,0.0,0.0,0.0,0.0,0.0,0.0,0.006094779697864508,0.03717469717930792,0.0,0.0,0.0,0.0066180871911524115,0.006972452669601757,0.0007300385613199837,0.0,0.00017271172702338218,0.0,0.0,0.0,0.0,0.0,0.0,0.013372216244086356,0.0,0.0,0.0,0.0,0.0003662021232915642,0.0,0.003274076312400359,0.0,0.0,0.0,0.018701578798637944,0.0,0.0,0.0,0.0002687277089660902,0.0005336668873026462,0.0,0.0,0.00033002046510997163,0.00038726350418286223,0.0,0.0,0.0,0.0,0.0,0.0,0.005926394590677462,0.0,0.0,0.0,0.0,0.0021536211836013256,0.0,0.0004950306976649574,0.003844278570508552,0.0,0.0,0.0
Gareth_Emery_-_Million_Years_preview.wav,0.0,0.00225327292363792,0.010542415248538264,0.0,0.0,0.0,0.0,0.0,0.01899479669427425,0.0004970959128086897,0.0,0.0006030832181917558,0.0,0.0,0.12103517753582249,0.0012183793722690115,0.0,0.0,0.0,0.0,0.0,0.0,0.00018387544270892728,0.0,0.0,0.011685682020743087,0.00038197123367390633,0.046389630526491525,0.005061350366924644,0.0018369835656040613,0.0,0.0,0.0,0.0,0.007771116580387608,0.0,0.0006618087191152412,0.0,0.004345168516336913,0.0,0.0003925739300292854,0.0,0.0,0.0,0.0002600147410677664,0.0,0.0,0.0,0.0,0.0,0.0,0.0,0.0019616755456529984,0.0016193813047502576,0.00033227750071363756,0.002883678311448629,0.0,0.0,0.0,0.0,0.0,0.0,0.00028049970483569456,0.03113491078782771,0.006244438422839513,0.0,0.005567485403617108,0.0,0.0024675768143880413,0.0,0.0,0.0001804906247428105,0.0029936688901663158,0.0,0.0,0.0,0.0008539436815576561,0.0,0.0004412058127434941,0.0,0.0,0.0,0.0,0.0,0.0,0.0001599181496617641,0.0,0.0,0.0,0.0,0.038374668184218114,0.0003486551656647834,0.0,0.0030269146566391045,0.0003662021232915642,0.0,0.0,0.0,0.00033580850048750956,0.0,0.0,0.0,0.0,0.00026290817923387103,0.007255648142084435,0.0023125565116448,0.0012054784624639238,0.0,0.0,0.0025172127771886043,0.004377459289371787,0.0003015416090958779,0.0,0.0007567286641597761,0.0,0.0,0.0,0.0,0.0,0.0,0.001242739782021724,0.0,0.012446251520973773,0.0004950306976649574,0.0,0.08007601210546662,0.0,0.014431336270666789
Garmiani_-_BARRACA_feat_MC_Pikachu_preview.wav,0.0,0.004005818530911858,0.0,0.0,0.0,0.0002344493187175482,0.0063828301755939594,0.0,0.0,0.0,0.0,0.0003015416090958779,0.024885872732436524,0.061492172608717345,0.0,0.0,0.0008237739793946897,0.0,0.005085003480809495,0.002914531760826692,0.003486577213916014,0.0,9.193772135446364e-05,0.0,0.0011338835757117125,0.0,0.0028647842525542973,0.000728632940206673,0.0,0.0,0.0072538925349820505,0.0009808377728264992,0.0009492613468869927,0.0042339680528634,0.000277539877870986,0.0009123652419026206,0.0026472348764609646,0.0,0.000149833397115066,0.0,0.0,0.004746306734434963,0.00013004973072223698,0.0,0.010920619124846187,0.020545878719638255,0.0,0.0,0.0,0.00053032431185044,0.0,0.0,0.0,0.002968865725375472,0.00033227750071363756,0.0,0.0019426316117995672,0.0,0.0,0.0,0.0,0.00043779710546515925,0.0,0.0020087039217953364,0.0,0.0,0.0,0.0,0.0,0.014756469846957219,0.0,0.0,0.0003326298766851462,0.002782399427285971,0.03070953245247176,0.0,0.0,0.0,0.00022060290637174705,0.0012677186672003197,0.0007300385613199837,0.0,0.0012089820891636753,0.13771291682352127,0.0,0.0,0.0,0.0,0.013096305249601436,0.01618741966389401,0.004614675287975596,0.0,0.0013566706941230394,0.0007567286641597761,0.0001831010616457821,0.0064651647268361605,0.018416679257252017,0.001155372438891571,0.0,0.0,0.004857552934711154,0.0,0.0026926555507102577,0.00026290817923387103,0.016123662537965412,0.0005336668873026462,0.0,0.0003716630451270131,0.00016501023255498581,0.00038726350418286223,0.0,0.0,0.0,0.0,0.0,0.0,0.09334071480317004,0.004817317332996096,0.0,0.0,0.0,0.00030766016908590366,0.0,0.0014850920929948721,0.012356609690920345,0.0,0.0,0.0
GASHI_-_Safety_feat_DJ_Snake_-_Dark_Heart_Burn_Mix_preview.wav,0.0,0.0007510909745459733,0.014656528516260516,0.0,0.0009424241983377622,0.006095682286656253,0.0,0.0009964741443226352,0.0,0.0004970959128086897,0.0,0.0,0.0,0.004340623948850636,0.0,0.003655138116807034,0.008786922446876691,0.000475015516198625,0.0027120018564317306,0.00315740940756225,0.0,0.001188654375783099,9.193772135446364e-05,0.0029894224329679057,0.003118179833207209,0.0,0.0024828130188803907,0.002428776467355577,0.0,0.0,0.0,0.0,0.0,0.0,0.003330478534451832,0.0009123652419026206,0.017427629603368015,0.0009123652419026206,0.0008990003826903959,0.0006652597533702924,0.00510346109038071,0.0,0.00026009946144447396,0.026872770896609024,0.006240353785626392,0.004997646175047142,0.0,0.002299563594059759,0.00045991271881195184,0.0,0.0,0.009266405952934173,0.0009808377728264992,0.003913504819813123,0.00044303666761818345,0.0,0.00038852632235991343,0.0,0.0009634634665992192,0.0,0.0,0.0,0.004487995277371113,0.006026111765386009,0.002497775369135805,0.0005669417878558562,0.0,0.0,0.0,0.0027917645656405548,0.0019153508624433627,0.0009024531237140523,0.009313636547184095,0.002252418583993405,0.0,0.0,0.004269718407788281,0.0003200443342147281,0.0008824116254869882,0.0,0.0,0.0,0.004835928356654701,0.0,0.0,0.0001599181496617641,0.0,0.0,0.00040925953905004487,0.0,0.002914531760826692,0.013946206626591335,0.004070012082369118,0.004918736317038545,0.0012817074315204745,0.00242443677256356,0.0069574121638507624,0.0007702482925943808,0.039625403057526126,0.0,0.0038860423477689236,0.0011621924046386714,0.0026926555507102577,0.0036807145092741943,0.009136742104847067,0.004091446135986954,0.0,0.0014866521805080525,0.00627038883708946,0.0013554222646400178,0.0,0.005126207354629924,0.004052267937061228,0.0,0.012821368637877143,0.00042339680528634,0.0,0.0,0.0037289259128505505,0.0,0.0004970959128086897,0.02184387200509916,0.005788954195801755,0.00033002046510997163,0.0013729566323244828,0.014372617557391444,0.0,0.0
Gaullin_-_Moonlight_preview.wav,0.003813017040871155,0.0015021819490919465,0.009771019010840343,0.0024306767790724755,0.0004712120991688811,0.0004688986374350964,0.0,0.015445349237000845,0.0,0.00024854795640434483,0.0031630069583033476,0.0006030832181917558,0.0,0.002170311974425318,0.006314878827955956,0.0009137845292017585,0.0027459132646489655,0.00095003103239725,0.0,0.000728632940206673,0.0,0.0,0.0014710035416714182,0.02740303896887247,0.0014173544696396406,0.0014022818424891705,0.0015278849346956253,0.005343308228182269,0.0,0.0,0.0,0.003923351091305997,0.0,0.0,0.0,0.0004561826209513103,0.003970852314691447,0.0013685478628539308,0.00074916698557533,0.0013305195067405849,0.003925739300292854,0.0,0.0014305470379446068,0.0005374554179321805,0.0005200294821355328,0.0,0.0,0.0,0.004599127188119518,0.00106064862370088,0.0,0.002316601488233543,0.0,0.006207628334875988,0.0005537958345227293,0.004613885298317806,0.0011655789670797403,0.0,0.0,0.0008611269316451208,0.0,0.001751188421860637,0.011780987603099171,0.0,0.008742213791975317,0.0002834708939279281,0.005061350366924644,0.003926571181049293,0.009253413053955155,0.0,0.03687050410203473,0.001443924997942484,0.0,0.0010599616865851317,0.0,0.030325543106720483,0.01110126786024953,0.0009601330026441843,0.0,0.0,0.0,0.0017767841065926958,0.0,0.0,0.0,0.0001599181496617641,0.004540773354737021,0.0,0.0,0.00035190042747595675,0.00850071763574452,0.05683079200335969,0.005426682776492157,0.00037836433207988807,0.0009155053082289104,0.0008081455908545201,0.0,0.004621489755566284,0.022834978033150648,0.022204039741869363,0.00024287764673555773,0.0,0.0,0.004469439046975807,0.006718192724152256,0.0028462233989474464,0.0,0.0,0.00313519441854473,0.0,0.0,0.01899712137304031,0.0028944770979008774,0.0,0.011655789670797403,0.0,0.0,0.0,0.016158678955685717,0.0,0.001242739782021724,0.00030766016908590366,0.0034733725174810525,0.003960245581319659,0.0002745913264648966,0.007186308778695722,0.0006214876521417584,0.0
GAWVI_-_Free_feat_T-Jay_preview.wav,0.011439051122613465,0.0015021819490919465,0.0007713962376979218,0.0,0.0004712120991688811,0.0007033479561526446,0.013474863704031692,0.011459452659710306,0.0,0.0044738632152782065,0.006326013916606695,0.0,0.005429644959804332,0.0003617186624042197,0.0,0.002436758744538023,0.0016475479587893793,0.00095003103239725,0.0003390002320539663,0.000728632940206673,0.0,0.004754617503132396,0.0004596886067723182,0.01046297851538767,0.003685121621063065,0.0,0.0017188705515325782,0.002914531760826692,0.0,0.0012246557104027076,0.0077720277160521975,0.017655079910876986,0.004746306734434963,0.01820606262731262,0.002497858900838874,0.009123652419026206,0.004853263940178434,0.0027370957257078616,0.000599333588460264,0.0003326298766851462,0.0035331653702635685,0.0018985226937739855,0.0010403978457778958,0.0005374554179321805,0.0,0.0016658820583490474,0.002452094432066248,0.009198254376239036,0.02851458856634101,0.00318194587110264,0.0,0.004864863125290441,0.0,0.0016193813047502576,0.0008860733352363669,0.002883678311448629,0.0019426316117995672,0.0,0.0,0.01636141170125729,0.0035017463270289777,0.015322898691280572,0.007573492030563752,0.0015065279413465022,0.003746663053703707,0.0019842962574954967,0.005061350366924644,0.002617714120699529,0.016656143497119278,0.0,0.02202653491809867,0.0025268687463993467,0.0,0.0005299808432925659,0.0040407279542726,0.00857026218233405,0.005977605770903593,0.003520487676362009,0.0013236174382304823,0.0015846483340003995,0.0025551349646199427,0.0,0.0005181351810701465,0.012771762447342698,0.0,0.0001599181496617641,0.0009081546709474042,0.014507414446686498,0.0012277786171501345,0.00035190042747595675,0.0019430211738844618,0.015340827289250467,0.004748347429430638,0.005675464981198321,0.0007324042465831283,0.0016162911817090401,0.0,0.001925620731485952,0.023170786533638157,0.004857133693533923,0.0,0.006392058225512692,0.013014501828432912,0.005521071763911292,0.0,0.0007115558497368616,0.0,0.004088293496397144,0.0019801227906598297,0.0,0.0,0.00723699861830107,0.0028944770979008774,0.0,0.004273789545959047,0.009314729716299479,0.009630391209850877,0.0009634634665992192,0.013672728347118685,0.0,0.0014912877384260688,0.001845961014515422,0.002026133968530614,0.0013200818604398865,0.001922139285254276,0.0017110258996894576,0.0,0.0010308097336190565
Geto_Boys_-_Bring_It_On_preview.wav,0.006863430673568078,0.005007273163639823,0.0017999245546284843,0.0,0.010366666181715382,0.00257894250589303,0.00212761005853132,0.017438297525646115,0.0005427084769792644,0.0022369316076391033,0.0031630069583033476,0.0,0.0,0.0,0.002104959609318652,0.004873517489076046,0.0013729566323244828,0.0014250465485958748,0.0,0.005586185874917827,0.0,0.0035659631273492966,0.0014710035416714182,0.010961215587548987,0.0002834708939279281,0.015425100267380875,0.009549280841847658,0.0026716541140911344,0.001012270073384929,0.0006123278552013538,0.0005181351810701465,0.0014712566592397487,0.0,0.0021169840264317,0.001110159511483944,0.0013685478628539308,0.0,0.0050180088304644125,0.0026970011480711878,0.012972565190720703,0.001962869650146427,0.004746306734434963,0.0031211935373336875,0.0,0.0,0.0,0.002452094432066248,0.004139214469307566,0.004599127188119518,0.01803102660291496,0.0,0.0050965232741137945,0.0,0.0024290719571253864,0.000775314168331821,0.0,0.0,0.0,0.0,0.0030139442607579224,0.0,0.002188985527325796,0.007573492030563752,0.0005021759804488341,0.00999110147654322,0.005385946984630634,0.002530675183462322,0.0,0.001850682610791031,0.0003988235093772221,0.005746052587330087,0.004331774993827451,0.0006652597533702924,0.0007949712649388487,0.0,0.003955505622615715,0.0,0.014722039373877494,0.0019854261573457235,0.0003169296668000799,0.0025551349646199427,0.0,0.0015544055432104395,0.0,0.0,0.0001599181496617641,0.0,0.0031537857492796736,0.007775931241950852,0.0,0.0,0.008716379141619584,0.010175030205922796,0.004162007652878768,0.0010986063698746925,0.00484887354512712,0.00040925953905004487,0.013479345120401663,0.004365510506337624,0.0034693812096670876,0.000728632940206673,0.0029054810115966786,0.0013463277753551289,0.029182807894959688,0.001343638544830451,0.0010673337746052924,0.0,0.0033449674061431177,0.0019801227906598297,0.0025172127771886043,0.0,0.015077080454793897,0.002026133968530614,0.005297100649118433,0.002719684256519394,0.00084679361057268,0.0,0.0,0.0018644629564252752,0.0,0.0037282193460651722,0.00030766016908590366,0.002315581678320702,0.004290266046429631,0.010709061732130966,0.0006844103598757831,0.0,0.003092429200857169
Gloria_Estefan_-_Dr_Beat_preview.wav,0.0,0.0017525456072739378,0.0,0.0,0.0,0.0,0.0028368134113750934,0.0,0.0,0.0019883836512347586,0.007907517395758368,0.0009046248272876337,0.00045247041331702775,0.0,0.0,0.0,0.0,0.0,0.0,0.02307337643987798,0.0,0.0,0.016548789843803455,0.0,0.0005669417878558562,0.0,0.028265871291869065,0.0,0.0,0.0,0.0005181351810701465,0.0,0.0,0.00042339680528634,0.00138769938935493,0.0,0.0,0.0018247304838052412,0.001048833779805462,0.0,0.0037294523352782113,0.0,0.019247360146891074,0.0,0.0,0.0005552940194496825,0.012260472160331241,0.0027594763128717106,0.0,0.007424540365906161,0.0,0.00023166014882335434,0.0,0.0005397937682500859,0.0012183508359500043,0.0,0.007382000124838355,0.0,0.0,0.0004305634658225604,0.0,0.006129159476512229,0.0,0.0,0.0,0.02636279313529731,0.0,0.028794855327694817,0.0,0.0,0.00718256573416261,0.0016244156226852943,0.0,0.004107351535517385,0.00484887354512712,0.030325543106720483,0.0,0.00512070934743565,0.01036833659947211,0.0044370153352011185,0.030661619575439312,0.0,0.00017271172702338218,0.0,0.0,0.0004797544489852923,0.0,0.0006307571498559348,0.002864816773350314,0.0,0.0,0.00104596549699435,0.0031655649529537585,0.0,0.0005493031849373463,0.0,0.0,0.016175214144481996,0.0,0.0,0.0,0.0005810962023193357,0.0004487759251183763,0.001577449075403226,0.0,0.0023125565116448,0.0,0.0011149891353810393,0.00033002046510997163,0.0050344255543772086,0.0,0.0003015416090958779,0.00028944770979008773,0.00037836433207988807,0.0,0.0,0.0,0.0,0.0,0.0,0.0,0.001845961014515422,0.0,0.0,0.0,0.0,0.0037289259128505505,0.0
Gloria_Estefan_-_I_See_Your_Smile_preview.wav,0.0,0.0168995469272844,0.0002571320792326406,0.0,0.0,0.0030478411433281266,0.0,0.0,0.0,0.0037282193460651722,0.0,0.0006030832181917558,0.0,0.0,0.0,0.007919465919748575,0.0016475479587893793,0.000475015516198625,0.0003390002320539663,0.026959418787646905,0.0,0.0,0.0006435640494812455,0.0,0.002267767151423425,0.0,0.022154331553086565,0.0,0.0,0.0,0.0,0.0004904188864132496,0.0,0.00042339680528634,0.006660957068903664,0.0,0.0,0.0027370957257078616,0.003895668324991716,0.0003326298766851462,0.012562365760937133,0.0,0.004681790306000531,0.001343638544830451,0.0,0.0,0.0,0.0032193890316836627,0.0,0.0,0.0,0.01806949160822164,0.0009808377728264992,0.0021591750730003438,0.000775314168331821,0.0,0.00038852632235991343,0.0,0.0,0.0,0.0,0.0,0.00308549675319264,0.0,0.0004162958948559675,0.00453553430284685,0.0,0.0,0.0,0.0,0.0014365131468325218,0.016424646851595753,0.0003326298766851462,0.002252418583993405,0.0,0.0,0.00042697184077882807,0.002560354673717825,0.011471351131330847,0.003169296668000799,0.0,0.0,0.0024179641783273506,0.0,0.0,0.0001599181496617641,0.0,0.0,0.007366671702900807,0.0021114025648557404,0.0,0.00104596549699435,0.010853365552984315,0.0,0.0003662021232915642,0.0,0.0,0.0034661173166747133,0.0,0.0,0.0,0.0,0.0,0.003943622688508066,0.0,0.007115558497368616,0.0,0.01821148921122364,0.00511531720920456,0.004840793802285778,0.0,0.0066339154001093135,0.010709565262233246,0.0007567286641597761,0.0031082105788793075,0.0012701904158590198,0.0,0.0,0.0037289259128505505,0.0,0.0027340275204477925,0.000922980507257711,0.001157790839160351,0.0008250511627749291,0.0005491826529297932,0.0,0.0,0.0
gnash_-_i_hate_u_i_love_u_feat_olivia_obrien_-_Deepend_Remix_preview.wav,0.0,0.0018777274363649334,0.0010285283169305624,0.006076691947681188,0.0009424241983377622,0.0,0.0035460167642188665,0.007473556082419765,0.004341667815834115,0.0027340275204477925,0.0015815034791516738,0.0003015416090958779,0.0,0.0,0.0,0.01066081950735385,0.0005491826529297932,0.003800124129589,0.0,0.000728632940206673,0.0,0.004754617503132396,0.0,0.005978844865935811,0.0,0.0004674272808297235,0.0007639424673478127,0.018215823505166828,0.0005061350366924645,0.0,0.0,0.0009808377728264992,0.0,0.0,0.000277539877870986,0.0,0.01036833659947211,0.004105643588561792,0.000299666794230132,0.011642045683980118,0.00883291342565892,0.0018985226937739855,0.0,0.0018810939627626315,0.0018201031874743644,0.0,0.0,0.00505903990693147,0.0009198254376239037,0.00212129724740176,0.0,0.022239374287042014,0.0029425133184794974,0.004048453261875644,0.0,0.0,0.0011655789670797403,0.018931729036088044,0.0,0.0017222538632902416,0.0,0.00043779710546515925,0.001963497933849862,0.00251087990224417,0.018733315268518538,0.0002834708939279281,0.0,0.020287284435421347,0.0,0.0,0.022505372633709508,0.000721962498971242,0.0003326298766851462,0.0013249521082314146,0.0,0.0006592509371026191,0.00042697184077882807,0.006720931018509291,0.0,0.0,0.0018250964032999592,0.0035535682131853917,0.00017271172702338218,0.0,0.0,0.0009595088979705846,0.0,0.0006307571498559348,0.0045018549295504934,0.0,0.005586185874917827,0.021965275436881353,0.02577674318833775,0.0007567286641597761,0.0018310106164578209,0.0008081455908545201,0.0,0.024262821216722994,0.01376814851998789,0.0006938762419334176,0.0021858988206200193,0.003486577213916014,0.0,0.007887245377016131,0.0005374554179321805,0.0005336668873026462,0.0,0.011521554398937406,0.003795235348764674,0.0,0.0017509837157487149,0.017489413327560918,0.0,0.0011350929962396642,0.005827894835398702,0.0,0.0,0.0,0.0006214876521417584,0.0,0.0017398356948304136,0.0,0.0,0.00033002046510997163,0.0,0.00889733467838518,0.0,0.002061619467238113
Gramatik_-_Hit_That_Jive_preview.wav,0.0,0.0023784547527289156,0.0,0.0,0.012251514578390908,0.0002344493187175482,0.0,0.0029894224329679057,0.0021708339079170576,0.001242739782021724,0.0,0.0,0.0,0.0003617186624042197,0.004209919218637304,0.0006091896861345058,0.012356609690920345,0.0014250465485958748,0.02000101369118401,0.002428776467355577,0.0005810962023193357,0.02199010595198733,0.0002758131640633909,0.009964741443226352,0.021260317044594607,0.021034227637337557,0.00362872671990211,0.0017001435271489038,0.004049080293539716,0.005510950696812184,0.0,0.0,0.0,0.00042339680528634,0.000277539877870986,0.0004561826209513103,0.0011030145318587353,0.0013685478628539308,0.0008990003826903959,0.012639935314035556,0.0013740087551024989,0.0,0.0018206962301113177,0.001074910835864361,0.002080117928542131,0.0,0.0,0.017016770596042216,0.0,0.0371227018295308,0.0,0.0018532811905868348,0.0004904188864132496,0.0005397937682500859,0.0005537958345227293,0.0005767356622897258,0.00038852632235991343,0.0,0.0,0.0,0.004668995102705304,0.0,0.0005609994096713891,0.0005021759804488341,0.0029140712639917727,0.003401650727135137,0.001012270073384929,0.0013088570603497645,0.0,0.0015952940375088885,0.0033518640092758847,0.0019853968721709153,0.0,0.0006624760541157073,0.0,0.0013185018742052383,0.00042697184077882807,0.009601330026441843,0.0011030145318587353,0.0009507890004002397,0.005840308490559869,0.010660704639556174,0.0015544055432104395,0.0,0.0,0.0001599181496617641,0.011806010722316254,0.0006307571498559348,0.007775931241950852,0.0017595021373797838,0.0026716541140911344,0.012900241129596986,0.009044471294153596,0.0,0.0027465159246867314,0.0,0.007775931241950852,0.022722324631534233,0.0016790425024375477,0.005551009935467341,0.00315740940756225,0.0011621924046386714,0.0,0.014197041678629034,0.0002687277089660902,0.0003557779248684308,0.004821913849855695,0.007804923947667275,0.00627038883708946,0.0005808952562742933,0.014883361583864075,0.019600204591232063,0.0026050293881107896,0.0015134573283195523,0.002719684256519394,0.00042339680528634,0.0,0.0,0.0,0.0,0.0017398356948304136,0.0,0.0028944770979008774,0.0016501023255498582,0.0027459132646489655,0.0010266155398136745,0.0006214876521417584,0.014431336270666789
Guns_N_Roses_-_Live_And_Let_Die_preview.wav,0.0,0.0010014546327279646,0.0002571320792326406,0.0,0.0,0.0,0.0,0.0,0.10148648519512243,0.0,0.0,0.0006030832181917558,0.00045247041331702775,0.0,0.0026311995116483147,0.0012183793722690115,0.0,0.0,0.0,0.0,0.003486577213916014,0.0,0.00036775088541785456,0.0,0.0,0.0,0.0,0.009957983516157865,0.00455521533023218,0.0006123278552013538,0.015025920251034247,0.0,0.0,0.0,0.020537950962452967,0.0,0.0,0.0,0.004345168516336913,0.0026610390134811698,0.0,0.0,0.00039014919216671094,0.0016123662537965411,0.004680265339219794,0.0,0.0004904188864132496,0.0,0.0,0.0,0.0,0.0,0.0004904188864132496,0.003373711051563037,0.00022151833380909173,0.0,0.0,0.0,0.003853853866396877,0.0,0.0,0.0,0.0,0.04469366225994623,0.0004162958948559675,0.0,0.0,0.0,0.0,0.0,0.0,0.0,0.12573409338698527,0.0026499042164628292,0.0,0.0,0.0,0.0,0.0004412058127434941,0.0,0.0,0.0,0.0,0.0,0.0,0.0001599181496617641,0.0,0.0,0.0,0.0,0.005343308228182269,0.0,0.0,0.00037836433207988807,0.0001831010616457821,0.0,0.0,0.0,0.0,0.0,0.0,0.0,0.0,0.0,0.001074910835864361,0.0005336668873026462,0.0,0.0,0.0,0.0019363175209143112,0.0595334463354563,0.0,0.0,0.013242751622796083,0.0,0.0025403808317180396,0.0,0.0,0.0,0.0,0.0,0.03199665758493398,0.0,0.007260450232419375,0.0071393744880873106,0.0027376414395031325,0.0,0.0
Guns_N_Roses_-_You_Could_Be_Mine_preview.wav,0.0,0.00012518182909099557,0.0002571320792326406,0.0,0.0,0.0007033479561526446,0.0,0.0,0.04124584425042409,0.0,0.0,0.0003015416090958779,0.03122045851887491,0.001085155987212659,0.0,0.0,0.0,0.0,0.0013560009282158653,0.00048575529347111545,0.00929753923710937,0.0,0.0002758131640633909,0.0,0.0,0.0,0.0,0.0,0.0005061350366924645,0.0006123278552013538,0.0031088110864208787,0.0,0.0,0.0,0.009158815969742539,0.0,0.0,0.0,0.00524416889902731,0.0,0.0,0.0,0.00013004973072223698,0.001074910835864361,0.010140574901642888,0.0,0.0009808377728264992,0.0,0.0,0.0,0.0,0.0,0.0,0.00026989688412504297,0.0005537958345227293,0.0,0.0007770526447198269,0.0,0.028903903997976575,0.0,0.0,0.0,0.0,0.024104447061544035,0.0,0.0011338835757117125,0.0,0.0,0.0,0.004387058603149443,0.0,0.0,0.127397242770411,0.002517409005639688,0.0,0.0,0.0,0.0,0.0019854261573457235,0.003169296668000799,0.0,0.0,0.0018998289972572038,0.0,0.0,0.0001599181496617641,0.0,0.0,0.0008185190781000897,0.004222805129711481,0.00048575529347111545,0.0,0.0,0.0,0.0,0.0,0.0,0.0,0.0,0.0,0.0,0.0,0.0,0.0,0.001074910835864361,0.0,0.0,0.0,0.0,0.0011617905125485867,0.004377459289371787,0.0,0.0,0.004540371984958657,0.0,0.00042339680528634,0.0,0.0,0.0,0.0,0.0,0.06583927618438339,0.0,0.01963621767404331,0.02086894081133214,0.0006844103598757831,0.0006214876521417584,0.0
Guy_-_Goodbye_Love_preview.wav,0.005338223857219617,0.0,0.0,0.0,0.0,0.0,0.0028368134113750934,0.0,0.0,0.0009941918256173793,0.008698269135334205,0.0006030832181917558,0.0,0.0,0.0,0.0,0.0,0.0,0.0,0.0,0.0,0.009509235006264792,0.01875529515631058,0.0,0.0008504126817837842,0.0,0.0040106979535760165,0.0,0.0,0.0036739671312081227,0.0,0.007846702182611994,0.0,0.00042339680528634,0.0,0.009123652419026206,0.0,0.02098440056376027,0.0,0.0,0.0,0.009492613468869926,0.033032631603448194,0.0,0.0,0.0,0.028934714298381726,0.0013797381564358553,0.0,0.0037122701829530804,0.0,0.0,0.002452094432066248,0.0,0.004319607509277288,0.009227770596635612,0.0,0.0,0.0,0.003444507726580483,0.0,0.01707408711314121,0.0,0.0,0.0,0.0181421372113874,0.0005061350366924645,0.030103712388044584,0.0,0.0,0.0,0.0016244156226852943,0.0,0.0,0.0,0.009888764056539287,0.0,0.0022403103395030968,0.0026472348764609646,0.0,0.023726253242899467,0.0,0.0,0.0,0.0,0.0009595088979705846,0.0,0.022076500244957716,0.002455557234300269,0.0,0.0,0.0,0.0,0.0,0.0009155053082289104,0.0,0.0,0.004621489755566284,0.0,0.0006938762419334176,0.0,0.004648769618554685,0.0,0.0026290817923387104,0.0,0.0,0.0,0.002601641315889092,0.0,0.018007752944503092,0.0,0.0,0.0,0.0,0.0,0.023710221096035038,0.0,0.0,0.010565290086409893,0.0,0.0007456438692130344,0.0,0.0,0.0,0.0,0.0,0.008079339477842859,0.0
Halestorm_-_Freak_Like_Me_preview.wav,0.0,0.00025036365818199114,0.0,0.0,0.0,0.0,0.0,0.0,0.0,0.0,0.0,0.0003015416090958779,0.0,0.05823670464707937,0.0,0.0,0.0,0.0,0.0010170006961618989,0.00048575529347111545,0.0005810962023193357,0.0,0.00018387544270892728,0.0,0.0,0.0,0.0,0.0,0.0,0.0,0.0590674106419967,0.0,0.003797045387547971,0.0,0.0,0.0,0.0,0.0,0.000149833397115066,0.0,0.0,0.009492613468869926,0.00026009946144447396,0.0,0.019501105580082473,0.001110588038899365,0.0,0.0,0.0,0.0,0.0,0.0,0.0,0.0,0.00011075916690454586,0.0,0.0,0.0,0.053953954129556274,0.0,0.0,0.0,0.0,0.0010043519608976682,0.0,0.0,0.0,0.0,0.0,0.28077175060156434,0.0,0.000721962498971242,0.0019957792601108773,0.00026499042164628293,0.021011785362217518,0.0,0.0,0.0,0.00022060290637174705,0.0006338593336001598,0.0,0.0,0.0006908469080935287,0.00444235215559746,0.0,0.0001599181496617641,0.0,0.0,0.0,0.0,0.0,0.0,0.0,0.0,0.0,0.013738475044526839,0.0045018549295504934,0.0,0.0,0.0,0.0034002870542978077,0.0,0.0,0.0,0.002149821671728722,0.0,0.0,0.0,0.0,0.0007745270083657245,0.0,0.0,0.0,0.0,0.0,0.0,0.0,0.0028903903997976573,0.0,0.0,0.0,0.011383426256178436,0.0,0.0,0.0,0.0,0.0006214876521417584,0.0
Hannah_Montana_-_He_Could_Be_the_One_preview.wav,0.0,0.00037554548727298663,0.0017999245546284843,0.0,0.0,0.009846871386137023,0.0,0.0,0.0,0.0,0.0,0.0,0.0,0.016277339808189885,0.0,0.0,0.004942643876368138,0.000475015516198625,0.012204008353942785,0.000728632940206673,0.02033836708117675,0.0,0.0002758131640633909,0.0,0.005669417878558562,0.0,0.00019098561683695317,0.0,0.0,0.0,0.002072540724280586,0.0,0.0,0.0,0.0,0.008211287177123584,0.0026472348764609646,0.0,0.0017980007653807919,0.0,0.0001962869650146427,0.0,0.0,0.0008061831268982706,0.04056229960657155,0.006108234213946508,0.0,0.00045991271881195184,0.0,0.0,0.0,0.00023166014882335434,0.0,0.0008096906523751288,0.00011075916690454586,0.0,0.0007770526447198269,0.0,0.0009634634665992192,0.0,0.0,0.0,0.0,0.0020087039217953364,0.0,0.0008504126817837842,0.0,0.002617714120699529,0.0,0.06979411414101387,0.0,0.0001804906247428105,0.0006652597533702924,0.007154741384449639,0.0,0.0,0.0,0.0,0.0013236174382304823,0.006972452669601757,0.002190115683959951,0.0,0.029533705320998353,0.010550586369543967,0.0,0.0,0.0,0.0006307571498559348,0.0,0.0031671038472836106,0.00048575529347111545,0.0,0.0,0.0,0.0005493031849373463,0.0,0.056477816388906185,0.001155372438891571,0.0006716170009750191,0.0,0.011172371749835654,0.0,0.0,0.0,0.006180737306220075,0.0012452227370395078,0.0,0.0014866521805080525,0.0028051739534347584,0.0,0.0,0.0,0.006078401905591843,0.0,0.00038852632235991343,0.0,0.0007407993238346828,0.0,0.0,0.0,0.0,0.01784428980698241,0.0,0.0047852967440945885,0.0041188698969734485,0.0,0.001242975304283517,0.0
Hardwell_-_Dare_You_-_Radio_Edit_preview.wav,0.0,0.0,0.02159909465554181,0.0,0.0,0.10878448388494236,0.004964423469906413,0.0,0.0,0.0,0.0,0.0006030832181917558,0.0,0.0014468746496168789,0.0,0.0,0.006041009182227723,0.0,0.003390002320539663,0.0,0.0,0.0,0.0,0.0,0.0,0.0,0.0,0.0,0.0,0.0,0.0,0.004904188864132496,0.0,0.00084679361057268,0.0,0.0009123652419026206,0.01720702669699627,0.0,0.0,0.0,0.0001962869650146427,0.0,0.0,0.0,0.003120176892813196,0.001110588038899365,0.0014712566592397487,0.0,0.0,0.0,0.0,0.0,0.0,0.0009446390944376503,0.00011075916690454586,0.0,0.0,0.0,0.0,0.0004305634658225604,0.0,0.00043779710546515925,0.0,0.0,0.0,0.0,0.0,0.0,0.0,0.0,0.0,0.0019853968721709153,0.0,0.0013249521082314146,0.0363665515884534,0.0,0.0,0.0,0.0,0.0,0.0,0.0,0.006908469080935287,0.0,0.0,0.0001599181496617641,0.0,0.0031537857492796736,0.0,0.00035190042747595675,0.000728632940206673,0.0,0.0,0.0,0.0,0.0,0.0,0.0,0.00033580850048750956,0.0,0.05391883757529381,0.0,0.0004487759251183763,0.0,0.02096076129935504,0.012985894257697724,0.0,0.0003716630451270131,0.0,0.0,0.0,0.0,0.0,0.0,0.0,0.0012701904158590198,0.0,0.006744244266194534,0.0,0.0,0.0,0.002768941521773133,0.0,0.005775358139424504,0.008786922446876691,0.0,0.0006214876521417584,0.0
Harold_Faltermeyer_-_Axel_F_-_From_Beverly_Hills_Cop_Soundtrack_preview.wav,0.0,0.0015021819490919465,0.0,0.05104421236052198,0.007068181487533216,0.0,0.0,0.005978844865935811,0.0,0.0,0.0007907517395758369,0.0021107912636711456,0.0,0.0,0.000526239902329663,0.0,0.0,0.012825418937362873,0.0,0.00024287764673555773,0.0,0.057055410037588745,0.003309757968760691,0.0,0.0,0.0,0.00019098561683695317,0.0,0.005567485403617108,0.003061639276006769,0.0,0.0,0.0,0.0,0.0,0.0,0.0,0.0027370957257078616,0.0,0.0013305195067405849,0.0,0.0,0.0013004973072223698,0.0,0.0,0.0,0.014712566592397489,0.0,0.0,0.0450775665072874,0.011343629072818962,0.0,0.0019616755456529984,0.00013494844206252149,0.0064240316804636596,0.0034604139737383546,0.0,0.011719641784244979,0.0,0.0,0.0,0.0,0.0,0.0,0.0,0.0017008253635675684,0.0,0.0844212803925598,0.0,0.0,0.0009576754312216814,0.0,0.0,0.0,0.0,0.011866516867847144,0.0,0.0,0.0,0.0,0.02190115683959951,0.006218744373074435,0.0,0.0,0.0,0.010234761578352902,0.0009081546709474042,0.0,0.04420003021740484,0.0,0.0,0.0,0.0009044471294153597,0.0,0.017211499794703513,0.0,0.0,0.008472731218538188,0.0,0.08326514903201011,0.0,0.0,0.0,0.004469439046975807,0.0,0.0,0.0,0.004088293496397144,0.0,0.0023235810250971734,0.0,0.0015077080454793895,0.002026133968530614,0.00037836433207988807,0.0,0.0012701904158590198,0.0,0.0028903903997976573,0.0,0.0,0.0007456438692130344,0.0,0.0,0.0,0.0,0.0,0.06587769112702639,0.0
Harry_Nilsson_-_Without_You_-_Remastered_preview.wav,0.0,0.004882091334548827,0.002571320792326406,0.0,0.0,0.0011722465935877409,0.0,0.0,0.02116563060219131,0.0014912877384260688,0.0,0.0003015416090958779,0.0,0.0,0.0052623990232966295,0.0012183793722690115,0.0,0.0,0.0010170006961618989,0.00024287764673555773,0.003486577213916014,0.0,0.0009193772135446364,0.0,0.0,0.0,0.0,0.005829063521653384,0.0,0.0,0.0,0.0,0.0,0.0,0.026088748519872685,0.0,0.0004412058127434941,0.0022809131047565514,0.04764702028259099,0.001663149383425731,0.0007851478600585708,0.0,0.00026009946144447396,0.009405469813813157,0.011440648606981718,0.0,0.0,0.0,0.0,0.0,0.0,0.00023166014882335434,0.0009808377728264992,0.0016193813047502576,0.001439869169759096,0.0,0.0,0.0,0.0,0.0,0.0,0.0,0.004487995277371113,0.00502175980448834,0.0045792548434156425,0.0,0.0005061350366924645,0.0,0.0,0.0003988235093772221,0.0,0.0005414718742284314,0.03259772791514433,0.002517409005639688,0.0,0.0,0.0,0.0012801773368589125,0.0013236174382304823,0.0076063120032019175,0.0,0.0,0.002763387632374115,0.0,0.0,0.0001599181496617641,0.0,0.0,0.0,0.0,0.0036431647010333654,0.0,0.0011305589117691995,0.004162007652878768,0.0,0.0,0.00040925953905004487,0.0003851241462971904,0.0,0.0,0.0060719411683889425,0.0,0.0,0.0,0.001343638544830451,0.000889444812171077,0.0,0.0,0.0,0.00038726350418286223,0.0,0.0,0.0,0.01172929429447653,0.0,0.0,0.0,0.0,0.0,0.0,0.0027340275204477925,0.0006153203381718073,0.023445264492997105,0.028546770232012544,0.0005491826529297932,0.005133077699068373,0.001242975304283517,0.0
Hootie_The_Blowfish_-_I_Go_Blind_preview.wav,0.0,0.0031295457272748893,0.0015427924753958436,0.0,0.0032984846941821674,0.0007033479561526446,0.0,0.0009964741443226352,0.008140627154688966,0.005468055040895585,0.0,0.0,0.003619763306536222,0.0003617186624042197,0.0026311995116483147,0.012183793722690114,0.002471321938184069,0.000475015516198625,0.0003390002320539663,0.0,0.0,0.002971635939457747,0.0014710035416714182,0.002491185360806588,0.002267767151423425,0.005609127369956682,0.00019098561683695317,0.019187334092109057,0.0,0.0006123278552013538,0.0,0.0,0.0,0.00338717444229072,0.0036080184123228184,0.0013685478628539308,0.0013236174382304823,0.005474191451415723,0.013335172343240874,0.0053220780269623395,0.00726261770554178,0.0,0.0006502486536111849,0.014780023993134961,0.017420987651540345,0.0,0.0,0.0,0.0,0.00106064862370088,0.0,0.005559843571760504,0.0014712566592397487,0.011605566017376848,0.00022151833380909173,0.0005767356622897258,0.0,0.000901510906480383,0.0,0.0,0.0,0.0,0.0008414991145070836,0.0015065279413465022,0.002497775369135805,0.0,0.0,0.0,0.0,0.0019941175468861107,0.0023941885780542032,0.005595209367027125,0.0053220780269623395,0.0015899425298776975,0.0,0.0006592509371026191,0.00042697184077882807,0.0009601330026441843,0.003529646501947953,0.0076063120032019175,0.0,0.0,0.004317793175584554,0.0,0.0,0.0001599181496617641,0.0,0.0,0.0008185190781000897,0.002815203419807654,0.022344743499671308,0.0020919309939887,0.0027133413882460787,0.00037836433207988807,0.0003662021232915642,0.0,0.0,0.0003851241462971904,0.002014851002925057,0.0020816287258002527,0.0012143882336777885,0.0,0.0026926555507102577,0.0005258163584677421,0.007255648142084435,0.0010673337746052924,0.0,0.0007433260902540262,0.005610347906869517,0.0011617905125485867,0.0,0.0012061664363835116,0.002026133968530614,0.00037836433207988807,0.0007770526447198269,0.00042339680528634,0.0,0.0,0.0,0.0,0.0019883836512347586,0.00922980507257711,0.0017366862587405263,0.0221113711623681,0.0041188698969734485,0.0030798466194410234,0.0,0.0
IC3PEAK_-_This_World_Is_Sick_preview.wav,0.0,0.00112663646181896,0.005914037822350735,0.0,0.0,0.009377972748701927,0.015602473762563011,0.0,0.0,0.0,0.0,0.0,0.002714822479902166,0.01302187184655191,0.0,0.0006091896861345058,0.007413965814552207,0.000475015516198625,0.02034001392323798,0.007043451755331173,0.0,0.001188654375783099,0.00018387544270892728,0.004484133649451858,0.004252063408918922,0.0,0.00038197123367390633,0.0,0.0,0.0,0.016580325794244687,0.0,0.0,0.00084679361057268,0.0,0.0031932783466591718,0.0030884406892044587,0.0,0.0,0.0,0.0001962869650146427,0.05031085138501061,0.00026009946144447396,0.0002687277089660902,0.003900221116016495,0.08162822085910333,0.0,0.0,0.0,0.0,0.0,0.000694980446470063,0.0,0.002833917283312951,0.00033227750071363756,0.0,0.01670663186147628,0.0,0.0009634634665992192,0.0,0.0,0.0,0.0,0.0,0.00166518357942387,0.0008504126817837842,0.0,0.0006544285301748823,0.0,0.0271199986376511,0.0,0.0001804906247428105,0.0003326298766851462,0.006227274908687648,0.0444480074969986,0.0,0.0,0.0,0.0030884406892044587,0.004120085668401039,0.0,0.0,0.00880829807819249,0.020545878719638255,0.0,0.0001599181496617641,0.0,0.0,0.005320374007650583,0.0017595021373797838,0.0017001435271489038,0.008716379141619584,0.004522235647076798,0.0,0.0007324042465831283,0.0,0.004911114468600538,0.0,0.0013432340019500382,0.0,0.007772084695537847,0.0,0.0004487759251183763,0.007887245377016131,0.006986920433118346,0.0,0.0,0.0007433260902540262,0.00511531720920456,0.0007745270083657245,0.0,0.0003015416090958779,0.004052267937061228,0.00037836433207988807,0.0011655789670797403,0.0,0.042966360782411596,0.0,0.0,0.0,0.0,0.021536211836013258,0.0,0.00016501023255498581,0.0002745913264648966,0.00034220517993789157,0.0,0.0
In_Flames_-_Only_for_the_Weak_preview.wav,0.0,0.0,0.0,0.0,0.0,0.0004688986374350964,0.0,0.0,0.0,0.0,0.0,0.0003015416090958779,0.0,0.01266015318414769,0.0,0.0,0.0,0.0,0.01627201113859038,0.00024287764673555773,0.00406767341623535,0.0,0.0002758131640633909,0.0,0.004252063408918922,0.0,0.0,0.0,0.0,0.0,0.03212438122634908,0.0,0.0,0.0,0.0,0.0,0.0,0.0,0.000299666794230132,0.0,0.0,0.0,0.00039014919216671094,0.0,0.0028601621517454295,0.00444235215559746,0.0,0.0,0.0,0.0,0.0,0.0,0.0,0.0,0.00022151833380909173,0.0,0.0019426316117995672,0.0,0.08382132159413207,0.0,0.0,0.0,0.0,0.0,0.0,0.0005669417878558562,0.0,0.0,0.0,0.32145174855804104,0.0,0.0,0.0,0.0013249521082314146,0.0,0.0,0.0,0.0,0.0013236174382304823,0.0009507890004002397,0.0007300385613199837,0.0,0.006908469080935287,0.00444235215559746,0.0,0.0,0.0,0.0,0.002864816773350314,0.0017595021373797838,0.0,0.0,0.0,0.0,0.0001831010616457821,0.0,0.03478706081925381,0.0,0.0,0.0,0.0009715105869422309,0.0,0.0,0.0,0.0,0.0,0.0,0.0,0.0,0.00038726350418286223,0.0,0.0,0.004052267937061228,0.0,0.0,0.0,0.0,0.0,0.0,0.0,0.0,0.0012306406763436147,0.0,0.0,0.0,0.0,0.0006214876521417584,0.0
In_This_Moment_-_Adrenalize_preview.wav,0.0,0.0,0.0,0.0,0.0,0.0014066959123052892,0.0,0.0,0.0005427084769792644,0.0,0.0,0.0003015416090958779,0.0,0.03617186624042197,0.0,0.0,0.0,0.0,0.0,0.00048575529347111545,0.0023243848092773427,0.0,0.0002758131640633909,0.0,0.0,0.0,0.0005729568505108594,0.0,0.0,0.0,0.3155443252717192,0.0,0.0,0.0,0.002497858900838874,0.0,0.0,0.0,0.000299666794230132,0.0,0.0,0.0,0.0007802983843334219,0.0,0.005720324303490859,0.02443293685578603,0.0,0.0,0.0,0.0,0.0,0.0,0.0,0.00013494844206252149,0.00033227750071363756,0.0,0.0011655789670797403,0.0,0.03757507519736955,0.0,0.0,0.0,0.0,0.024104447061544035,0.0,0.0,0.0,0.0,0.0,0.027518822147028325,0.0,0.0,0.011974675560665263,0.0006624760541157073,0.0,0.0,0.0,0.0,0.0004412058127434941,0.0,0.0,0.0,0.0,0.0072188222528458725,0.0,0.0,0.0,0.0,0.0,0.0,0.006800574108595615,0.0,0.0,0.0,0.0,0.0,0.0008185190781000897,0.0,0.0,0.0,0.0021858988206200193,0.0,0.0,0.0,0.004837098761389624,0.0,0.0,0.0,0.0,0.001549054016731449,0.0,0.0,0.0,0.0,0.0,0.0,0.0,0.0009634634665992192,0.0,0.0,0.0,0.059686072802665316,0.0,0.0,0.0002745913264648966,0.0,0.0,0.0
Izi_-_48H_feat_Sfera_Ebbasta_preview.wav,0.0,0.009138273523642675,0.0005142641584652812,0.0,0.014136362975066432,0.0009377972748701928,0.0,0.012455926804032942,0.0,0.0,0.0,0.0003015416090958779,0.0,0.0007234373248084394,0.0,0.005787302018277804,0.0008237739793946897,0.0,0.004407003016701562,0.002428776467355577,0.0,0.008320580630481692,0.0008274394921901728,0.006975319010258447,0.0011338835757117125,0.001869709123318894,0.003246755486228203,0.0019430211738844618,0.0,0.0006123278552013538,0.0,0.0014712566592397487,0.0,0.0,0.000832619633612958,0.0,0.004632661033806688,0.0009123652419026206,0.000299666794230132,0.008648376793813802,0.007066330740527137,0.0,0.0007802983843334219,0.0002687277089660902,0.0002600147410677664,0.001110588038899365,0.0,0.0027594763128717106,0.0013797381564358553,0.01166713486070968,0.0,0.006718144315877275,0.0009808377728264992,0.002833917283312951,0.0006645550014272751,0.002306942649158903,0.004662315868318961,0.001803021812960766,0.0,0.0,0.0,0.0008755942109303185,0.007573492030563752,0.0,0.00666073431769548,0.0,0.002530675183462322,0.0,0.0024675768143880413,0.005982352640658332,0.005267214871719246,0.0,0.0,0.00026499042164628293,0.0,0.01648127342756548,0.014944014427258982,0.026883724074037163,0.0,0.0,0.0010950578419799755,0.023986585439001392,0.0006908469080935287,0.0,0.0,0.0001599181496617641,0.004540773354737021,0.0006307571498559348,0.022918534186802512,0.00035190042747595675,0.00024287764673555773,0.015689482454915252,0.011305589117691996,0.0,0.0003662021232915642,0.0,0.0012277786171501345,0.015790089998184806,0.013432340019500381,0.012489772354801516,0.000728632940206673,0.034865772139160145,0.0,0.019455205263306456,0.0,0.0023125565116448,0.0,0.007433260902540262,0.005280327441759546,0.0007745270083657245,0.0,0.013267830800218627,0.0017366862587405263,0.00037836433207988807,0.007382000124838355,0.0012701904158590198,0.0,0.0,0.008079339477842859,0.0,0.0004970959128086897,0.000922980507257711,0.0,0.0,0.0,0.0023954362595652407,0.0006214876521417584,0.0
J_Balvin_-_Ella_Me_Cautivo_preview.wav,0.0,0.0021280910945469245,0.014656528516260516,0.0,0.0018848483966755244,0.003282290462045675,0.0,0.0004982370721613176,0.0005427084769792644,0.0014912877384260688,0.0,0.0006030832181917558,0.004524704133170277,0.019171089107423645,0.016313436972219552,0.003350543273739781,0.0030205045911138617,0.000475015516198625,0.008475005801349158,0.0036431647010333654,0.0,0.001188654375783099,9.193772135446364e-05,0.0009964741443226352,0.0008504126817837842,0.006543981931616129,0.0030557698693912507,0.00048575529347111545,0.001012270073384929,0.0018369835656040613,0.0,0.007846702182611994,0.002847784040660978,0.012278507353303858,0.0119342147484524,0.0031932783466591718,0.006176881378408917,0.0004561826209513103,0.002547167750956122,0.001663149383425731,0.006477469845483209,0.0018985226937739855,0.00039014919216671094,0.002687277089660902,0.0005200294821355328,0.0005552940194496825,0.0,0.0,0.023915461378221495,0.0,0.0,0.0,0.0004904188864132496,0.0008096906523751288,0.00033227750071363756,0.0005767356622897258,0.00038852632235991343,0.000901510906480383,0.0,0.0030139442607579224,0.002334497551352652,0.0026267826327909553,0.013744485536949033,0.0,0.009574805581687253,0.0,0.008098160587079432,0.0,0.01850682610791031,0.0023929410562633325,0.0,0.0016244156226852943,0.003326298766851462,0.0009274664757619903,0.0,0.0006592509371026191,0.007685493134018905,0.006720931018509291,0.005073866846550182,0.0006338593336001598,0.0,0.005330352319778087,0.004317793175584554,0.0222117607779873,0.014769637636068745,0.0001599181496617641,0.004540773354737021,0.0,0.0008185190781000897,0.0010557012824278702,0.00024287764673555773,0.0003486551656647834,0.00045222356470767984,0.006432193645358097,0.0003662021232915642,0.0,0.005729633546700628,0.0003851241462971904,0.0010074255014625286,0.0,0.007529207048802288,0.0011621924046386714,0.003141431475828634,0.0021032654338709682,0.0051058264703557135,0.01956778586776369,0.028931483099134167,0.0007433260902540262,0.0033002046510997164,0.003679003289737191,0.0008754918578743574,0.0015077080454793895,0.0008683431293702631,0.0022701859924793284,0.005439368513038788,0.0029637776370043797,0.0,0.0,0.0006214876521417584,0.0,0.0007456438692130344,0.0006153203381718073,0.007236192744752194,0.0034652148836547022,0.0071393744880873106,0.0017110258996894576,0.0,0.0
J_Balvin_-_Safari_preview.wav,0.0,0.0023784547527289156,0.0028284528715590467,0.0,0.00942424198337762,0.0,0.0,0.005978844865935811,0.005427084769792643,0.0017398356948304136,0.0,0.0006030832181917558,0.0009049408266340555,0.008681247897701272,0.0026311995116483147,0.006701086547479562,0.0027459132646489655,0.0,0.0,0.0,0.011040827844067378,0.0017829815636746483,0.0002758131640633909,0.01444887509267821,0.0008504126817837842,0.006543981931616129,0.0,0.02307337643987798,0.001012270073384929,0.0012246557104027076,0.0015544055432104393,0.0004904188864132496,0.0,0.0012701904158590198,0.001942779145096902,0.0027370957257078616,0.007059293003895906,0.0018247304838052412,0.00224750095672599,0.020623052354479067,0.002551730545190355,0.0,0.00013004973072223698,0.0064494650151861645,0.003120176892813196,0.0005552940194496825,0.0004904188864132496,0.0,0.0013797381564358553,0.00106064862370088,0.0,0.014362929227047969,0.0,0.002564020399187908,0.00022151833380909173,0.0017302069868691773,0.0007770526447198269,0.0,0.0,0.0,0.001167248775676326,0.00043779710546515925,0.0011219988193427782,0.0015065279413465022,0.02206368242736628,0.0002834708939279281,0.006073620440309573,0.0,0.004318259425179072,0.0007976470187544442,0.0014365131468325218,0.000360981249485621,0.0009978896300554387,0.0010599616865851317,0.0,0.0013185018742052383,0.0029888028854517966,0.0022403103395030968,0.0,0.0003169296668000799,0.00036501928065999184,0.0008883920532963479,0.0018998289972572038,0.026098818914135076,0.0,0.0001599181496617641,0.0,0.005046057198847478,0.003274076312400359,0.0010557012824278702,0.007772084695537847,0.014643516957920901,0.004748347429430638,0.0022701859924793284,0.0,0.0,0.01759816017915193,0.001155372438891571,0.027872105540463293,0.0020816287258002527,0.006800574108595615,0.001743288606958007,0.0008975518502367527,0.0034178063300403234,0.003493460216559173,0.0001778889624342154,0.0,0.0,0.0019801227906598297,0.00019363175209143112,0.014007869725989719,0.0024123328727670233,0.0014472385489504387,0.006810557977437985,0.008159052769558183,0.0021169840264317,0.0007407993238346828,0.0,0.0018644629564252752,0.0,0.004970959128086896,0.0006153203381718073,0.004631163356641404,0.0016501023255498582,0.0041188698969734485,0.0160836434570809,0.002485950608567034,0.006184858401714338
James_TW_-_Soldier_preview.wav,0.0,0.001377000120000951,0.0007713962376979218,0.0,0.019790908165093005,0.0002344493187175482,0.0,0.008968267298903716,0.008140627154688966,0.0044738632152782065,0.0,0.0,0.0,0.006149217260871735,0.0,0.00213216390147077,0.0016475479587893793,0.0014250465485958748,0.004068002784647595,0.0,0.0011621924046386714,0.008914907818373242,0.0002758131640633909,0.002491185360806588,0.0,0.007011409212445852,0.0,0.03133121642888694,0.001012270073384929,0.0012246557104027076,0.0,0.0,0.0,0.0,0.000277539877870986,0.0,0.004853263940178434,0.011860748144734066,0.001947834162495858,0.0019957792601108773,0.0013740087551024989,0.0,0.0,0.007255648142084435,0.028601621517454295,0.0,0.0,0.0,0.0,0.0037122701829530804,0.0,0.004633202976467086,0.004413769977719246,0.007287215871376159,0.000775314168331821,0.0011534713245794515,0.0,0.0,0.0,0.0,0.0,0.00043779710546515925,0.0005609994096713891,0.030130558826930044,0.0004162958948559675,0.0,0.0030368102201547864,0.0,0.0,0.0011964705281316663,0.0,0.001443924997942484,0.0009978896300554387,0.0005299808432925659,0.0,0.0,0.0,0.0006400886684294562,0.0,0.0,0.0,0.0044419602664817395,0.004317793175584554,0.001110588038899365,0.0,0.0001599181496617641,0.0036326186837896167,0.0,0.0,0.0,0.05999077874368275,0.001743275828323917,0.002487229605892239,0.0,0.0007324042465831283,0.0,0.0036833358514504035,0.0,0.006044553008775172,0.006244886177400758,0.009715105869422308,0.0,0.0,0.0076243371977822594,0.010211652940711427,0.0,0.0,0.002973304361016105,0.00313519441854473,0.0,0.0035019674314974297,0.0,0.0,0.0007567286641597761,0.0,0.0,0.0,0.0,0.0,0.0,0.0062136989101086205,0.0,0.0005788954195801755,0.0004950306976649574,0.0,0.018821284896584033,0.0,0.0
Janet_Jackson_-_Miss_You_Much_preview.wav,0.002287810224522693,0.0008762728036369689,0.019027773863215407,0.0,0.0,0.010784668661007217,0.0007092033528437733,0.0,0.0,0.0017398356948304136,0.0,0.0006030832181917558,0.06063103538448172,0.006149217260871735,0.0,0.003655138116807034,0.0030205045911138617,0.000475015516198625,0.0003390002320539663,0.002428776467355577,0.0,0.0,0.0009193772135446364,0.0,0.0002834708939279281,0.0,0.004201683570412969,0.000728632940206673,0.0,0.0,0.004663216629631318,0.0,0.0,0.005080761663436079,0.003885558290193804,0.0027370957257078616,0.008603513348498135,0.0,0.004794668707682112,0.0,0.009029200390673564,0.0,0.0032512432680559247,0.005912009597253984,0.005460309562423093,0.001110588038899365,0.0014712566592397487,0.0009198254376239037,0.0018396508752478074,0.0,0.0,0.0009266405952934174,0.0,0.0036436079356880796,0.0005537958345227293,0.0005767356622897258,0.0023311579341594806,0.0,0.0009634634665992192,0.0030139442607579224,0.0,0.0008755942109303185,0.0016829982290141672,0.00251087990224417,0.000832591789711935,0.002834708939279281,0.0030368102201547864,0.0013088570603497645,0.003084471017985052,0.0007976470187544442,0.0014365131468325218,0.0005414718742284314,0.006652597533702924,0.0026499042164628292,0.01535476622623588,0.0,0.0029888028854517966,0.0,0.0017648232509739764,0.0022185076676005592,0.0018250964032999592,0.0,0.001036270362140293,0.005552940194496825,0.0,0.0001599181496617641,0.0,0.0,0.0,0.0031671038472836106,0.0026716541140911344,0.0,0.0006783353470615197,0.008702379637837427,0.0005493031849373463,0.0016162911817090401,0.0008185190781000897,0.0003851241462971904,0.002350659503412567,0.0,0.007286329402066731,0.0,0.0,0.00026290817923387103,0.011017836067609699,0.00960600397144763,0.0,0.0003716630451270131,0.0014850920929948721,0.0034853715376457596,0.0,0.0,0.0,0.0,0.0,0.0,0.008889591886016193,0.0019269269331984385,0.001242975304283517,0.0,0.0,0.013229387270693858,0.0034733725174810525,0.009405583255634191,0.028557497952349242,0.014372617557391444,0.002485950608567034,0.0
Janet_Jackson_-_Nasty_preview.wav,0.012964257938961925,0.0007510909745459733,0.0005142641584652812,0.0,0.0004712120991688811,0.0002344493187175482,0.031914150877969796,0.0,0.0010854169539585288,0.0057166029972999305,0.009489020874910043,0.003015416090958779,0.012669171572876775,0.0,0.003683679316307641,0.0006091896861345058,0.0,0.0,0.0,0.0026716541140911344,0.0,0.0005943271878915495,0.0011032526562535635,0.0,0.0008504126817837842,0.0,0.0028647842525542973,0.0,0.007085890513694502,0.0018369835656040613,0.0,0.07552450850764043,0.007594090775095942,0.015242284990308238,0.008603736214000566,0.009123652419026206,0.0,0.0013685478628539308,0.003895668324991716,0.0023284091367960238,0.0003925739300292854,0.0256300563659488,0.0026009946144447396,0.0002687277089660902,0.0,0.0,0.03481974093534072,0.0018396508752478074,0.01287755612673465,0.0,0.0,0.0,0.0004904188864132496,0.00013494844206252149,0.0011075916690454586,0.0005767356622897258,0.0007770526447198269,0.000901510906480383,0.0,0.018083665564547536,0.0,0.013133913163954777,0.0005609994096713891,0.0,0.0,0.005669417878558562,0.001012270073384929,0.0013088570603497645,0.0006168942035970103,0.0,0.0,0.002346378121656536,0.0013305195067405849,0.00013249521082314147,0.0,0.0,0.0,0.0,0.018089438322483258,0.009190960337202318,0.004745250648579893,0.0,0.00034542345404676435,0.0,0.0,0.0014392633469558769,0.0,0.0163996858962543,0.0016370381562001795,0.0007038008549519135,0.0,0.0,0.0,0.012486022958636307,0.0,0.012930329453672321,0.0,0.0,0.0,0.0,0.0,0.0023243848092773427,0.0435312647364825,0.0,0.0,0.0,0.0,0.0007433260902540262,0.0,0.01026248286084585,0.0,0.0,0.0028944770979008774,0.0015134573283195523,0.0,0.021169840264317,0.0,0.009634634665992192,0.0006214876521417584,0.0,0.0029825754768521375,0.0,0.007815088164332368,0.0018151125581048438,0.0,0.0006844103598757831,0.004350413564992309,0.0
Jarren_Benton_-_Alladat_preview.wav,0.0,0.0056331823090948,0.00411411326772225,0.0,0.002827272595013286,0.0077368275176790905,0.004964423469906413,0.0019929482886452705,0.0021708339079170576,0.0009941918256173793,0.0,0.0009046248272876337,0.003167292893219194,0.0,0.003157439413977978,0.0027413535876052754,0.002471321938184069,0.0,0.0013560009282158653,0.0034002870542978077,0.0023243848092773427,0.0,9.193772135446364e-05,0.004982370721613176,0.005385946984630634,0.014022818424891705,0.006111539738782501,0.0063148188151245,0.002530675183462322,0.0006123278552013538,0.0,0.0019616755456529984,0.005695568081321956,0.01354869776916288,0.003330478534451832,0.0004561826209513103,0.0026472348764609646,0.0009123652419026206,0.00224750095672599,0.02295146149127509,0.005692321985424638,0.011391136162643912,0.0,0.001343638544830451,0.000780044223203299,0.012771762447342698,0.0,0.0009198254376239037,0.016556857877230265,0.0,0.0,0.0018532811905868348,0.004413769977719246,0.0008096906523751288,0.00022151833380909173,0.0005767356622897258,0.0019426316117995672,0.000901510906480383,0.0,0.008611269316451207,0.004668995102705304,0.0026267826327909553,0.007573492030563752,0.0010043519608976682,0.00666073431769548,0.0,0.006073620440309573,0.0,0.013571672479134227,0.0003988235093772221,0.0028730262936650435,0.0005414718742284314,0.0023284091367960238,0.0014574473190545562,0.0040407279542726,0.0032962546855130957,0.023483451242835542,0.003520487676362009,0.00022060290637174705,0.0025354373344006393,0.0,0.0,0.0006908469080935287,0.014992938525141428,0.003282141696904166,0.0001599181496617641,0.0009081546709474042,0.0,0.00040925953905004487,0.0021114025648557404,0.0,0.0073217584789604506,0.003843900300015278,0.012486022958636307,0.0,0.0161629118170904,0.004911114468600538,0.0,0.01376814851998789,0.0,0.00024287764673555773,0.0,0.007629190727012397,0.008413061735483873,0.0008061831268982706,0.0046251130232896,0.0012054784624639238,0.0,0.0006600409302199433,0.0032917397855543287,0.004377459289371787,0.0033169577000546568,0.0008683431293702631,0.005297100649118433,0.0011655789670797403,0.0042339680528634,0.01333438782902429,0.0019269269331984385,0.020509092520678028,0.0,0.00024854795640434483,0.000922980507257711,0.008104535874122456,0.0011550716278849007,0.0013729566323244828,0.00923953985832307,0.002485950608567034,0.015462146004285846
Javiera_Mena_-_Los_Olores_de_Tu_Alma_preview.wav,0.0,0.0025036365818199113,0.003342717030024328,0.0,0.0,0.015942553672793278,0.0,0.0004982370721613176,0.0,0.0007456438692130344,0.0,0.0009046248272876337,0.0,0.05064061273659076,0.000526239902329663,0.0003045948430672529,0.0010983653058595864,0.0,0.0013560009282158653,0.002914531760826692,0.0,0.0,0.0006435640494812455,0.006975319010258447,0.0008504126817837842,0.0014022818424891705,0.0015278849346956253,0.0034002870542978077,0.0,0.0006123278552013538,0.016580325794244687,0.0,0.0,0.0012701904158590198,0.000832619633612958,0.0,0.010809542412215606,0.0,0.00299666794230132,0.004324188396906901,0.0007851478600585708,0.0,0.00039014919216671094,0.0002687277089660902,0.016640943428337048,0.0016658820583490474,0.0,0.00045991271881195184,0.0,0.00212129724740176,0.0,0.00023166014882335434,0.0,0.002968865725375472,0.00022151833380909173,0.0011534713245794515,0.004273789545959047,0.0,0.0,0.0004305634658225604,0.0,0.0,0.00028049970483569456,0.0015065279413465022,0.003746663053703707,0.0,0.001012270073384929,0.0,0.0,0.02073882248761555,0.0014365131468325218,0.0010829437484568627,0.0006652597533702924,0.012189559395729016,0.0,0.0,0.00042697184077882807,0.0022403103395030968,0.002426631970089217,0.0009507890004002397,0.0,0.0,0.004317793175584554,0.0005552940194496825,0.0,0.0,0.0,0.0,0.00040925953905004487,0.004574705557187438,0.004857552934711154,0.00313789649098305,0.0015827824764768792,0.00037836433207988807,0.0005493031849373463,0.0,0.006138893085750673,0.0015404965851887615,0.002014851002925057,0.0,0.02113035526599352,0.0,0.0,0.001577449075403226,0.04595243823320143,0.00426933509842117,0.0,0.0003716630451270131,0.0016501023255498582,0.0013554222646400178,0.0,0.0033169577000546568,0.0017366862587405263,0.0,0.00038852632235991343,0.0,0.0,0.0,0.0006214876521417584,0.0,0.0009941918256173793,0.003999582198116748,0.0014472385489504387,0.009570593488189177,0.007413965814552207,0.0013688207197515663,0.0,0.0
Jax_Jones_-_You_Dont_Know_Me_-_Radio_Edit_preview.wav,0.019827688612530005,0.0026288184109109066,0.0007713962376979218,0.0,0.0004712120991688811,0.003516739780763223,0.009219643586969053,0.0029894224329679057,0.0,0.0037282193460651722,0.003953758697879184,0.0009046248272876337,0.011764230746242721,0.0014468746496168789,0.0,0.0009137845292017585,0.008786922446876691,0.0,0.004068002784647595,0.008743595282480077,0.00406767341623535,0.0,0.0007355017708357091,0.005480607793774493,0.009921481287477484,0.0,0.005538582888271641,0.0041289199945044805,0.002530675183462322,0.009184917828020308,0.0,0.002452094432066248,0.0009492613468869927,0.018629459432598958,0.001665239267225916,0.01733493959614979,0.0015442203446022294,0.0,0.0016481673682657257,0.0009978896300554387,0.001962869650146427,0.007594090775095942,0.003771442190944872,0.002418549380694812,0.001560088446406598,0.0,0.005885026636958995,0.0036793017504956147,0.0013797381564358553,0.00053032431185044,0.0,0.002779921785880252,0.0,0.007557112755501203,0.00011075916690454586,0.0,0.011267263348437489,0.0,0.0,0.005166761589870724,0.0,0.0074425507929077065,0.0028049970483569457,0.0,0.0012488876845679025,0.003685121621063065,0.0,0.0,0.0012337884071940207,0.0015952940375088885,0.0009576754312216814,0.004512265618570262,0.0003326298766851462,0.00635977011951079,0.0121221838628178,0.0,0.005550633930124765,0.0012801773368589125,0.005294469752921929,0.006655523002801678,0.00036501928065999184,0.0,0.004663216629631318,0.0,0.0,0.0004797544489852923,0.0,0.00819984294812715,0.00040925953905004487,0.009149411114374876,0.004857552934711154,0.0041838619879774,0.0013566706941230394,0.0026485503245592167,0.0003662021232915642,0.0016162911817090401,0.002455557234300269,0.0007702482925943808,0.008059404011700229,0.0,0.008743595282480077,0.0005810962023193357,0.004038983326065387,0.001577449075403226,0.0018810939627626315,0.0028462233989474464,0.0,0.002601641315889092,0.002640163720879773,0.0017426857688228798,0.0,0.01718787171846504,0.004052267937061228,0.004540371984958657,0.0015541052894396537,0.0038105712475770596,0.004444795943008097,0.0028903903997976573,0.0,0.0,0.001242739782021724,0.0012306406763436147,0.0,0.0034652148836547022,0.004942643876368138,0.0047908725191304815,0.003107438260708792,0.0
JAY-Z_-_Lucifer_preview.wav,0.0,0.00112663646181896,0.005656905743118093,0.0,0.0004712120991688811,0.0023444931871754817,0.0,0.0,0.004884376292813379,0.0014912877384260688,0.0,0.0003015416090958779,0.009049408266340554,0.0039789052864464165,0.000526239902329663,0.0006091896861345058,0.00961069642627138,0.0,0.007797005337241225,0.00024287764673555773,0.0,0.0,0.0004596886067723182,0.0,0.002834708939279281,0.0004674272808297235,0.00038197123367390633,0.006557696461860057,0.001012270073384929,0.0,0.08704671041978461,0.0,0.0,0.00042339680528634,0.001110159511483944,0.0004561826209513103,0.003529646501947953,0.0004561826209513103,0.002547167750956122,0.0019957792601108773,0.0003925739300292854,0.0,0.0006502486536111849,0.007255648142084435,0.007540427490965223,0.003331764116698095,0.0,0.0013797381564358553,0.0,0.00424259449480352,0.0,0.0050965232741137945,0.0,0.004048453261875644,0.00022151833380909173,0.0,0.0015541052894396537,0.0,0.014451951998988287,0.0004305634658225604,0.0,0.0013133913163954777,0.0005609994096713891,0.06277199755610426,0.0004162958948559675,0.0002834708939279281,0.0,0.0,0.0012337884071940207,0.008774117206298886,0.0004788377156108407,0.0016244156226852943,0.0059873377803326315,0.0005299808432925659,0.0,0.0,0.0012809155223364843,0.0009601330026441843,0.00022060290637174705,0.0003169296668000799,0.0,0.0,0.0034542345404676433,0.005552940194496825,0.0,0.0001599181496617641,0.0,0.0012615142997118695,0.0020462976952502245,0.0038709047022355237,0.02307337643987798,0.0020919309939887,0.004296123864722958,0.006810557977437985,0.0003662021232915642,0.0,0.0036833358514504035,0.001155372438891571,0.005372936007800153,0.0,0.007772084695537847,0.0011621924046386714,0.0004487759251183763,0.0028919899715725813,0.017198573373829774,0.0003557779248684308,0.0,0.0033449674061431177,0.002475153488324787,0.0007745270083657245,0.0,0.0021107912636711456,0.0037628202272711403,0.0007567286641597761,0.01476400024967671,0.00042339680528634,0.0,0.0,0.0,0.0,0.0019883836512347586,0.0033842618599449403,0.005210058776221579,0.004455276278984617,0.0030205045911138617,0.012661591657701986,0.0,0.0
Jay_Wheeler_-_Me_Enamore_preview.wav,0.0,0.0,0.0,0.05590556591866693,0.0,0.0,0.0,0.0004982370721613176,0.0,0.0017398356948304136,0.0,0.0,0.0,0.0,0.001578719706988989,0.0,0.0,0.015200496518356,0.0,0.0,0.0,0.0,9.193772135446364e-05,0.0,0.0,0.0,0.0,0.0,0.0,0.0,0.0,0.0,0.0009492613468869927,0.0,0.0,0.0,0.0,0.0009123652419026206,0.000149833397115066,0.0,0.0,0.0,0.0,0.0,0.0,0.0,0.0,0.0,0.0,0.0,0.0,0.0,0.0004904188864132496,0.0,0.00011075916690454586,0.004613885298317806,0.0,0.052287632575862206,0.0,0.0,0.261463725751497,0.0,0.0,0.0,0.0,0.0,0.001012270073384929,0.0,0.0,0.0,0.0,0.000360981249485621,0.0,0.0,0.0,0.0,0.0,0.0003200443342147281,0.0,0.0,0.0,0.007107136426370783,0.0,0.0,0.9977710758588664,0.012633533823279364,0.013622320064211062,0.0,0.0,0.0,0.0,0.00104596549699435,0.0,0.0,0.0,0.0008081455908545201,0.0,0.0,0.00033580850048750956,0.0,0.0,0.0,0.0,0.0,0.0,0.0,0.17117794166987715,0.0,0.0,0.0,0.004377459289371787,0.0009046248272876337,0.0,0.0,0.0,0.0,0.0,0.0,0.0,0.0,0.001242739782021724,0.0,0.00028944770979008773,0.0,0.0,0.0,0.0,0.03092429200857169
Jeezy_-_Go_Getta_preview.wav,0.003813017040871155,0.0031295457272748893,0.023141887130937656,0.0,0.0,0.01031577002357212,0.0,0.0,0.0,0.0007456438692130344,0.0031630069583033476,0.0003015416090958779,0.014931523639461914,0.002532030636829538,0.0,0.0003045948430672529,0.005766417855762828,0.000475015516198625,0.0010170006961618989,0.0012143882336777885,0.0023243848092773427,0.0,0.00036775088541785456,0.0,0.0005669417878558562,0.0,0.0007639424673478127,0.000728632940206673,0.0,0.0,0.02072540724280586,0.0004904188864132496,0.0,0.0042339680528634,0.003052938656580846,0.0018247304838052412,0.005294469752921929,0.0,0.0032963347365314514,0.0,0.002551730545190355,0.0009492613468869927,0.0005201989228889479,0.01048038064967752,0.016120913946201514,0.0027764700972484125,0.0009808377728264992,0.0,0.007358603500991229,0.0,0.0,0.000694980446470063,0.0,0.0037785563777506014,0.00022151833380909173,0.0011534713245794515,0.006216421157758615,0.0,0.007707707732793754,0.0008611269316451208,0.0,0.004815768160116751,0.005048994687042502,0.004017407843590673,0.0,0.0,0.0005061350366924645,0.0,0.004318259425179072,0.005184705621903887,0.0,0.0009024531237140523,0.010976785930609825,0.002517409005639688,0.00242443677256356,0.0,0.0008539436815576561,0.0019202660052883686,0.0030884406892044587,0.0044370153352011185,0.0,0.0,0.006563045626888522,0.00222117607779873,0.0,0.0003198362993235282,0.0,0.0012615142997118695,0.0,0.00035190042747595675,0.0038860423477689236,0.001743275828323917,0.0018088942588307194,0.0158913019473553,0.0003662021232915642,0.0,0.01105000755435121,0.0,0.003693893505362605,0.0,0.0012143882336777885,0.0,0.0053853111014205155,0.0,0.006718192724152256,0.010673337746052924,0.0,0.0,0.005445337674314532,0.0023235810250971734,0.0,0.002713874481862901,0.001157790839160351,0.00037836433207988807,0.0019426316117995672,0.0012701904158590198,0.0,0.0,0.0,0.0,0.0,0.02676643471047362,0.00028944770979008773,0.012870798139288894,0.01675007091435869,0.0030798466194410234,0.0,0.0
Jelly_Roll_-_Lose_Your_Soul_preview.wav,0.0,0.007636091574550728,0.0028284528715590467,0.0,0.0,0.0,0.0,0.0014947112164839529,0.0005427084769792644,0.0032311234332564826,0.0,0.0,0.0,0.0,0.0,0.018884880270169675,0.0,0.0014250465485958748,0.0,0.0009715105869422309,0.0005810962023193357,0.002377308751566198,0.0008274394921901728,0.025410090680227197,0.0002834708939279281,0.0,0.0028647842525542973,0.009715105869422308,0.0,0.0018369835656040613,0.0,0.0,0.0,0.0,0.0058283374352907065,0.0,0.007721101723011147,0.0004561826209513103,0.0017980007653807919,0.011642045683980118,0.0041220262653074964,0.0,0.0005201989228889479,0.0008061831268982706,0.0,0.0,0.0,0.0027594763128717106,0.00045991271881195184,0.00636389174220528,0.0,0.009961386399404236,0.0,0.005128040798375816,0.0005537958345227293,0.0,0.0,0.0,0.0,0.0,0.0,0.0,0.004768494982206807,0.0,0.03122219211419756,0.0,0.0,0.0,0.0,0.0,0.004309539440497566,0.0009024531237140523,0.0019957792601108773,0.0009274664757619903,0.0,0.0,0.00042697184077882807,0.012161684700159669,0.0,0.0,0.0,0.0,0.00017271172702338218,0.0,0.0,0.0001599181496617641,0.0,0.0,0.002864816773350314,0.0,0.00024287764673555773,0.041838619879774004,0.04092623260604503,0.0,0.0009155053082289104,0.0,0.0,0.015404965851887616,0.005372936007800153,0.0,0.00048575529347111545,0.0011621924046386714,0.0013463277753551289,0.026290817923387104,0.0005374554179321805,0.0005336668873026462,0.0,0.0007433260902540262,0.0019801227906598297,0.0007745270083657245,0.0,0.012664747582026872,0.001157790839160351,0.00037836433207988807,0.005827894835398702,0.0,0.0,0.0009634634665992192,0.0006214876521417584,0.0,0.003976767302469517,0.0,0.0005788954195801755,0.0016501023255498582,0.0,0.007186308778695722,0.0,0.0
Jhaye_-_Me_Myself_I_preview.wav,0.0,0.0006259091454549778,0.0,0.0,0.016492423470910837,0.0,0.0,0.03288364676264696,0.0005427084769792644,0.0019883836512347586,0.0,0.0,0.0,0.0,0.007893598534944946,0.01827569058403517,0.0,0.0028500930971917496,0.0,0.00024287764673555773,0.0,0.0005943271878915495,0.00018387544270892728,0.05630078915422889,0.0002834708939279281,0.03973131887052649,0.001336899317858672,0.0017001435271489038,0.00455521533023218,0.004286294986409477,0.006735757353911904,0.0,0.0,0.0,0.00138769938935493,0.0,0.0,0.0031932783466591718,0.000149833397115066,0.008981006670498948,0.0013740087551024989,0.0,0.00026009946144447396,0.0,0.0,0.0005552940194496825,0.0,0.002299563594059759,0.0,0.00053032431185044,0.0,0.0009266405952934174,0.0034329322048927474,0.0,0.0,0.0011534713245794515,0.0,0.010818130877764596,0.004817317332996096,0.0008611269316451208,0.03968645837299508,0.0,0.0005609994096713891,0.0035152318631418386,0.04038070180102885,0.0,0.002530675183462322,0.0,0.0024675768143880413,0.0,0.010534429743438493,0.0,0.0029936688901663158,0.0,0.0,0.0026370037484104766,0.0017078873631153123,0.017282394047595316,0.0,0.0,0.0,0.10305347818237635,0.0,0.0,0.0,0.0003198362993235282,0.16346784077053275,0.0,0.0008185190781000897,0.0,0.0,0.004881172319306968,0.004296123864722958,0.0,0.0,0.0016162911817090401,0.0,0.0003851241462971904,0.00033580850048750956,0.01387752483866835,0.0,0.0,0.0,0.007887245377016131,0.0,0.0,0.004821913849855695,0.0007433260902540262,0.00016501023255498581,0.0005808952562742933,0.004377459289371787,0.0015077080454793895,0.0,0.00037836433207988807,0.0019426316117995672,0.0,0.0,0.0,0.015537191303543961,0.0,0.010439014168982482,0.000922980507257711,0.0017366862587405263,0.0,0.0,0.0,0.0,0.031955101742190746
Joakim_Molitor_-_Always_Gonna_Say_Sorry_preview.wav,0.0,0.0008762728036369689,0.018770641783982765,0.0,0.0,0.016411452310228374,0.00212761005853132,0.0,0.0,0.007953534604939035,0.0,0.0,0.0058821153731213605,0.010851559872126592,0.000526239902329663,0.0027413535876052754,0.0041188698969734485,0.00095003103239725,0.0,0.008743595282480077,0.0,0.0,0.00036775088541785456,0.0,0.002834708939279281,0.0004674272808297235,0.001145913701021719,0.0012143882336777885,0.0,0.0,0.0031088110864208787,0.0,0.0,0.0148188881850219,0.001665239267225916,0.014141661249490617,0.0030884406892044587,0.0,0.0017980007653807919,0.0003326298766851462,0.003925739300292854,0.002847784040660978,0.0010403978457778958,0.002149821671728722,0.002340132669609897,0.0072188222528458725,0.0014712566592397487,0.0,0.02851458856634101,0.0,0.0,0.0004633202976467087,0.0,0.0012145359785626932,0.00044303666761818345,0.0,0.034578842690032294,0.0,0.0,0.005597325055693284,0.0,0.0,0.008414991145070837,0.0015065279413465022,0.003746663053703707,0.003118179833207209,0.0030368102201547864,0.0,0.009253413053955155,0.0007976470187544442,0.0009576754312216814,0.006317171865998367,0.003991558520221755,0.0021199233731702635,0.0008081455908545201,0.0019777528113078574,0.0034157747262306246,0.0016002216710736406,0.003529646501947953,0.005070874668801279,0.00036501928065999184,0.0,0.0015544055432104395,0.0005552940194496825,0.0,0.0001599181496617641,0.0,0.0,0.0,0.007038008549519135,0.001457265880413346,0.001743275828323917,0.00045222356470767984,0.006053829313278209,0.0007324042465831283,0.0,0.003274076312400359,0.0,0.002014851002925057,0.0,0.0041289199945044805,0.0,0.017502261079616676,0.000788724537701613,0.0077931035600166156,0.004091446135986954,0.0,0.0,0.0011550716278849007,0.00019363175209143112,0.0,0.0,0.0,0.00037836433207988807,0.0019426316117995672,0.00084679361057268,0.0,0.0,0.001242975304283517,0.0,0.004722411171682551,0.010152785579834822,0.013025146940553947,0.0034652148836547022,0.020319758158402347,0.012661591657701986,0.0,0.0
Jody_Watley_-_Dont_You_Want_Me_preview.wav,0.002287810224522693,0.004756909505457831,0.0005142641584652812,0.0,0.00895302988420874,0.0009377972748701928,0.0014184067056875467,0.0,0.0,0.020380932425156272,0.0023722552187275107,0.0012061664363835116,0.0009049408266340555,0.0,0.000526239902329663,0.0009137845292017585,0.0041188698969734485,0.0028500930971917496,0.0,0.002428776467355577,0.0,0.002971635939457747,0.006159827330749064,0.0,0.0,0.000934854561659447,0.004583654804086876,0.0,0.002024540146769858,0.0,0.0,0.005885026636958995,0.0,0.024557014706607715,0.002497858900838874,0.0018247304838052412,0.0,0.013685478628539308,0.00149833397115066,0.0009978896300554387,0.000588860895043928,0.0,0.012614823880056988,0.0,0.0002600147410677664,0.0,0.01078921550109149,0.004139214469307566,0.009198254376239036,0.00212129724740176,0.0,0.0004633202976467087,0.0014712566592397487,0.00013494844206252149,0.0040980891754681965,0.0034604139737383546,0.00038852632235991343,0.000901510906480383,0.0,0.011625213577209128,0.0,0.03896394238639917,0.0005609994096713891,0.0,0.0004162958948559675,0.01502395737818019,0.003542945256847251,0.0032721426508744112,0.0012337884071940207,0.0,0.0004788377156108407,0.0068586437402267985,0.0,0.0006624760541157073,0.0,0.0,0.0,0.009281285692227114,0.018971849947970246,0.0044370153352011185,0.008760462735839804,0.0,0.0,0.0,0.0,0.0004797544489852923,0.0,0.017030443046110236,0.009412969398151031,0.0021114025648557404,0.0,0.0,0.0015827824764768792,0.00037836433207988807,0.0014648084931662567,0.0032325823634180803,0.0,0.0007702482925943808,0.0,0.0020816287258002527,0.0,0.0005810962023193357,0.004487759251183763,0.00499525540544355,0.0,0.0032020013238158768,0.0,0.0011149891353810393,0.0,0.015103276663131627,0.0,0.0,0.0008683431293702631,0.0,0.0,0.012278507353303858,0.0,0.0009634634665992192,0.0006214876521417584,0.0,0.0009941918256173793,0.0,0.00028944770979008773,0.0034652148836547022,0.001922139285254276,0.0,0.0,0.0
Joe_Arroyo_-_La_rebelion_preview.wav,0.0,0.00037554548727298663,0.0,0.0,0.0,0.005861232967938705,0.025531320702375838,0.0,0.0,0.00024854795640434483,0.0,0.0003015416090958779,0.009501878679657582,0.0,0.0,0.0,0.0035696872440436553,0.000475015516198625,0.006102004176971393,0.0041289199945044805,0.001743288606958007,0.0,0.0002758131640633909,0.0,0.00737024324212613,0.0,0.0015278849346956253,0.0,0.0,0.0,0.002072540724280586,0.0019616755456529984,0.002847784040660978,0.00042339680528634,0.001665239267225916,0.0050180088304644125,0.0,0.0004561826209513103,0.0013485005740355939,0.0,0.0,0.08733204391360333,0.0006502486536111849,0.0016123662537965411,0.0005200294821355328,0.0027764700972484125,0.004904188864132496,0.0036793017504956147,0.00045991271881195184,0.0,0.0,0.00023166014882335434,0.0,0.0004048453261875644,0.0012183508359500043,0.0,0.015152526572036624,0.0,0.011561561599190629,0.0021528173291128017,0.0,0.0008755942109303185,0.0,0.0,0.0,0.010204952181405411,0.0,0.0013088570603497645,0.0006168942035970103,0.008774117206298886,0.0,0.0034293218701133992,0.0023284091367960238,0.0013249521082314146,0.021011785362217518,0.0,0.0008539436815576561,0.0,0.022501496449918196,0.07796469803281966,0.005110269929239885,0.0,0.00794473944307558,0.001110588038899365,0.0,0.0001599181496617641,0.0,0.007569085798271216,0.0045018549295504934,0.033782441037691846,0.0,0.0,0.0,0.0011350929962396642,0.0001831010616457821,0.0016162911817090401,0.0016370381562001795,0.0007702482925943808,0.0,0.0,0.00048575529347111545,0.0,0.0022438796255918815,0.0,0.0,0.002668334436513231,0.0,0.0022299782707620786,0.0008250511627749291,0.004453530298102915,0.0,0.0003015416090958779,0.014472385489504387,0.0015134573283195523,0.0015541052894396537,0.00084679361057268,0.02666877565804858,0.003853853866396877,0.0,0.0,0.0,0.004614902536288555,0.0,0.0023101432557698014,0.0027459132646489655,0.0,0.007457851825701101,0.0
Joey_Montana_-_Tus_Ojos_No_Me_Ven_-_feat_Joewell_y_Randy_preview.wav,0.0,0.001377000120000951,0.0,0.0,0.0004712120991688811,0.0,0.0,0.0004982370721613176,0.0,0.013421589645834618,0.008698269135334205,0.0012061664363835116,0.0,0.0,0.004736159120966967,0.0006091896861345058,0.001922139285254276,0.0,0.0,0.005586185874917827,0.0081353468324707,0.004160290315240846,0.007355017708357091,0.0,0.0002834708939279281,0.0004674272808297235,0.005729568505108595,0.0,0.010122700733849289,0.0024493114208054153,0.0,0.0019616755456529984,0.0,0.0,0.00555079755741972,0.0,0.0,0.026458592015175995,0.00674250287017797,0.0006652597533702924,0.002551730545190355,0.0009492613468869927,0.01859711149327989,0.0002687277089660902,0.0,0.0,0.0009808377728264992,0.0027594763128717106,0.0009198254376239037,0.00477291880665396,0.0,0.00023166014882335434,0.0014712566592397487,0.00026989688412504297,0.0025474608388045545,0.005767356622897258,0.0007770526447198269,0.000901510906480383,0.0,0.004305634658225603,0.001167248775676326,0.005253565265581911,0.0,0.0,0.0,0.00878759771176577,0.0,0.0065442853017488225,0.0,0.0,0.004309539440497566,0.003970793744341831,0.0,0.0,0.0,0.004614756559718334,0.00042697184077882807,0.003520487676362009,0.011912556944074339,0.003169296668000799,0.02044107971695954,0.0,0.0,0.0,0.0,0.0004797544489852923,0.0,0.004415300048991543,0.008594450320050942,0.0,0.0,0.0,0.0015827824764768792,0.00037836433207988807,0.0020141116781036026,0.00565701913598164,0.0,0.010783476096321331,0.0,0.0020816287258002527,0.0,0.00406767341623535,0.0,0.0042065308677419365,0.0,0.0012452227370395078,0.007232870774783542,0.008919913083048315,0.0036302251162096877,0.020331333969600265,0.0,0.004221582527342291,0.01157790839160351,0.0071889223095178735,0.0011655789670797403,0.0063509520792951,0.0,0.0,0.002485950608567034,0.0,0.0062136989101086205,0.0,0.001157790839160351,0.0,0.0,0.0,0.01926611721639451,0.0
Jon_Z_-_Por_Contarle_Los_Secretos_preview.wav,0.002287810224522693,0.00112663646181896,0.005142641584652812,0.004861353558144951,0.0009424241983377622,0.012660263210747601,0.00212761005853132,0.004484133649451858,0.0010854169539585288,0.001242739782021724,0.0,0.0003015416090958779,0.003619763306536222,0.0007234373248084394,0.003157439413977978,0.0006091896861345058,0.03597146376690145,0.000475015516198625,0.0016950011602698315,0.00024287764673555773,0.003486577213916014,0.0,0.00018387544270892728,0.0009964741443226352,0.003685121621063065,0.004206845527467511,0.00038197123367390633,0.000728632940206673,0.001012270073384929,0.0006123278552013538,0.001036270362140293,0.0,0.004746306734434963,0.007197745689867779,0.002497858900838874,0.006842739314269654,0.012794968569561327,0.0013685478628539308,0.0008990003826903959,0.0023284091367960238,0.0037294523352782113,0.0,0.0013004973072223698,0.0002687277089660902,0.0005200294821355328,0.0016658820583490474,0.0004904188864132496,0.0032193890316836627,0.0027594763128717106,0.00106064862370088,0.0,0.00023166014882335434,0.0,0.0009446390944376503,0.00011075916690454586,0.0,0.0011655789670797403,0.000901510906480383,0.0028903903997976573,0.003875071192403043,0.0,0.0030645797382561147,0.023000975796526952,0.0,0.0004162958948559675,0.0,0.0,0.0019632855905246465,0.001850682610791031,0.0007976470187544442,0.009576754312216813,0.0021658874969137255,0.0013305195067405849,0.0007949712649388487,0.0,0.0013185018742052383,0.08283253711109265,0.006080842350079834,0.0011030145318587353,0.0015846483340003995,0.0,0.0044419602664817395,0.0029360993593974967,0.011661174408443333,0.0,0.0001599181496617641,0.0027244640128422123,0.0006307571498559348,0.00040925953905004487,0.004574705557187438,0.0012143882336777885,0.011854275632602634,0.00022611178235383992,0.0034052789887189924,0.0003662021232915642,0.0,0.003274076312400359,0.0007702482925943808,0.011753297517062835,0.0006938762419334176,0.0019430211738844618,0.00406767341623535,0.0008975518502367527,0.0,0.001074910835864361,0.010139670858750277,0.031342440024062015,0.0011149891353810393,0.0033002046510997164,0.0005808952562742933,0.00963041043661793,0.007538540227396948,0.0026050293881107896,0.0018918216603994403,0.011655789670797403,0.0,0.005185595266842779,0.0,0.010565290086409893,0.0,0.00024854795640434483,0.000922980507257711,0.0005788954195801755,0.0014850920929948721,0.0008237739793946897,0.0010266155398136745,0.0,0.007215668135333394
JONES_-_Hoops_-_Acoustic_preview.wav,0.003050413632696924,0.0,0.0,0.15556331386063843,0.005654545190026572,0.0,0.0,0.004982370721613176,0.0,0.01640416512268676,0.0,0.0,0.0,0.0,0.0,0.00213216390147077,0.0,0.005225170678184874,0.0,0.00048575529347111545,0.0,0.017829815636746484,0.0009193772135446364,0.0004982370721613176,0.0002834708939279281,0.0014022818424891705,0.0007639424673478127,0.0,0.0,0.0036739671312081227,0.0,0.0,0.0,0.0,0.00277539877870986,0.0004561826209513103,0.0,0.06933975838459916,0.0016481673682657257,0.0,0.009029200390673564,0.0,0.0,0.0016123662537965411,0.0,0.0,0.0,0.0013797381564358553,0.0,0.00477291880665396,0.0,0.004864863125290441,0.012260472160331241,0.0,0.0,0.006920827947476709,0.0,0.02163626175552919,0.0,0.0008611269316451208,0.0,0.005253565265581911,0.0008414991145070836,0.0,0.0012488876845679025,0.0017008253635675684,0.0005061350366924645,0.003926571181049293,0.0,0.0,0.02298421034932035,0.00379030311959902,0.0,0.0,0.0,0.017799775301770716,0.0008539436815576561,0.009281285692227114,0.005073866846550182,0.0012677186672003197,0.0032851735259399263,0.03997764239833566,0.0,0.0,0.07877140072569998,0.0007995907483088205,0.0018163093418948084,0.0012615142997118695,0.002864816773350314,0.0,0.0,0.00104596549699435,0.0013566706941230394,0.0018918216603994403,0.0005493031849373463,0.0,0.0,0.018485959022265137,0.0,0.06730599546754151,0.0,0.03196029112756346,0.0013463277753551289,0.00026290817923387103,0.0,0.0003557779248684308,0.0,0.02750306533939897,0.0,0.0,0.0,0.0018092496545752674,0.0,0.0,0.0015541052894396537,0.00042339680528634,0.0,0.0,0.014915703651402202,0.0,0.007953534604939035,0.0,0.0014472385489504387,0.00016501023255498581,0.0,0.0006844103598757831,0.0,0.0
Josh_Stanley_-_Sass_Cafe_preview.wav,0.000762603408174231,0.009138273523642675,0.00411411326772225,0.026737444569797226,0.0004712120991688811,0.0002344493187175482,0.0,0.0019929482886452705,0.0,0.0022369316076391033,0.011861276093637553,0.0,0.0,0.0,0.0,0.003959732959874287,0.0,0.0033251086133903747,0.0,0.008014962342273405,0.0,0.018424142824638032,0.001287128098962491,0.0004982370721613176,0.0,0.0,0.00725745343980422,0.00024287764673555773,0.0015184051100773932,0.011634229248825722,0.0,0.004904188864132496,0.0,0.0,0.00138769938935493,0.0,0.004191455221063194,0.004561826209513103,0.000599333588460264,0.0,0.005888608950439281,0.0,0.004031541652389346,0.002418549380694812,0.0036402063749487287,0.0,0.0014712566592397487,0.0013797381564358553,0.0,0.01166713486070968,0.004537451629127585,0.013204628482931198,0.005885026636958995,0.014709380184814842,0.001550628336663642,0.0,0.0,0.006310576345362681,0.0,0.0004305634658225604,0.0,0.0,0.002524497343521251,0.0,0.0,0.003401650727135137,0.0,0.0032721426508744112,0.0006168942035970103,0.0,0.0033518640092758847,0.0016244156226852943,0.0,0.005829789276218225,0.0,0.00725176030812881,0.0,0.005760798015865105,0.00022060290637174705,0.0,0.006935366332539845,0.008883920532963479,0.00034542345404676435,0.0,0.0,0.0003198362993235282,0.0,0.002523028599423739,0.0016370381562001795,0.0,0.002914531760826692,0.001743275828323917,0.014697265852999592,0.0007567286641597761,0.00787334565076863,0.0,0.0,0.028884310972289277,0.0026864680039000765,0.006938762419334175,0.0012143882336777885,0.010459731641748042,0.0004487759251183763,0.0036807145092741943,0.011017836067609699,0.004091446135986954,0.0,0.010778228308683378,0.00709543999986439,0.004066266793920054,0.0,0.006030832181917558,0.001157790839160351,0.0,0.0007770526447198269,0.00042339680528634,0.0,0.0,0.0037289259128505505,0.0,0.0032311234332564826,0.0,0.0014472385489504387,0.00033002046510997163,0.0,0.0,0.001242975304283517,0.0
Josh_Stanley_-_Swish_preview.wav,0.0,0.001377000120000951,0.0010285283169305624,0.032814136517478415,0.016963635570079717,0.0014066959123052892,0.0,0.01644182338132348,0.0027135423848963216,0.002485479564043448,0.003953758697879184,0.0,0.0,0.0,0.001578719706988989,0.030764079149792536,0.005217235202833035,0.0033251086133903747,0.0,0.0,0.0,0.02020712438831268,0.0008274394921901728,0.011957689731871623,0.0017008253635675684,0.006543981931616129,0.0017188705515325782,0.009957983516157865,0.0005061350366924645,0.003061639276006769,0.0,0.005394607750545745,0.0,0.0,0.00277539877870986,0.0,0.00022060290637174705,0.009579835039977516,0.000149833397115066,0.0029936688901663158,0.012562365760937133,0.0,0.0005201989228889479,0.001074910835864361,0.0,0.0,0.0,0.019776246908913928,0.0018396508752478074,0.00583356743035484,0.0,0.0011583007441167716,0.008337121069025243,0.0010795875365001719,0.00022151833380909173,0.00807429927205616,0.0,0.002704532719441149,0.0,0.0,0.0,0.0026267826327909553,0.008134491440235142,0.0015065279413465022,0.022479978322222243,0.002267767151423425,0.006579755477002037,0.0065442853017488225,0.001850682610791031,0.0,0.028251425221039596,0.0001804906247428105,0.0009978896300554387,0.00013249521082314147,0.0,0.00791101124523143,0.0038427465670094526,0.009601330026441843,0.00022060290637174705,0.0,0.0036501928065999184,0.021321409279112347,0.0006908469080935287,0.0,0.0,0.0003198362993235282,0.009989701380421444,0.0,0.00040925953905004487,0.00035190042747595675,0.00024287764673555773,0.0073217584789604506,0.004974459211784478,0.0,0.0018310106164578209,0.0,0.0,0.011938848535212902,0.007051978510237701,0.010408143629001264,0.001457265880413346,0.0325413873298828,0.0,0.009201786273185486,0.0,0.0014231116994737232,0.0,0.007433260902540262,0.0009900613953299148,0.0,0.0008754918578743574,0.005427748963725802,0.0008683431293702631,0.0,0.005439368513038788,0.00084679361057268,0.0,0.0,0.007457851825701101,0.0,0.0009941918256173793,0.0,0.005499506486011667,0.0004950306976649574,0.0010983653058595864,0.007528513958633613,0.0,0.0010308097336190565
Juanes_-_Tequila_preview.wav,0.006100827265393848,0.0015021819490919465,0.006685434060048656,0.0,0.0,0.004923435693068512,0.015602473762563011,0.0004982370721613176,0.0010854169539585288,0.0,0.0023722552187275107,0.003920040918246413,0.006787056199755416,0.008681247897701272,0.000526239902329663,0.0003045948430672529,0.0021967306117191727,0.00095003103239725,0.0027120018564317306,0.01141524939657121,0.0011621924046386714,0.0,0.0002758131640633909,0.0,0.0014173544696396406,0.0,0.0021008417852064845,0.000728632940206673,0.0005061350366924645,0.0024493114208054153,0.013989649888893953,0.005885026636958995,0.003797045387547971,0.00889133291101314,0.00138769938935493,0.005930374072367033,0.0008824116254869882,0.0,0.00299666794230132,0.00798311704044351,0.002551730545190355,0.019934488284626847,0.0,0.0064494650151861645,0.004420250598152028,0.0038870581361477776,0.008827539955438493,0.0,0.006438778063367325,0.00106064862370088,0.0,0.0011583007441167716,0.0019616755456529984,0.004183401703938165,0.00011075916690454586,0.0005767356622897258,0.0015541052894396537,0.000901510906480383,0.0,0.009041832782273768,0.004668995102705304,0.009193739214768343,0.004487995277371113,0.00251087990224417,0.0004162958948559675,0.0,0.0005061350366924645,0.003926571181049293,0.0,0.025524704600142216,0.0009576754312216814,0.002346378121656536,0.0019957792601108773,0.00450483716798681,0.013738475044526839,0.0,0.006404577611682422,0.0003200443342147281,0.005073866846550182,0.007923241670001998,0.00036501928065999184,0.0,0.009844568440332784,0.018324702641839524,0.0,0.0006396725986470564,0.0,0.0006307571498559348,0.0008185190781000897,0.005982307267091264,0.00024287764673555773,0.00104596549699435,0.0031655649529537585,0.006053829313278209,0.0001831010616457821,0.0,0.006548152624800718,0.0,0.002014851002925057,0.0,0.0019430211738844618,0.0,0.00852674257724915,0.0013145408961693552,0.001074910835864361,0.014942672844474094,0.0,0.0011149891353810393,0.0036302251162096877,0.0013554222646400178,0.0,0.0015077080454793895,0.012735699230763859,0.0018918216603994403,0.0019426316117995672,0.00084679361057268,0.005185595266842779,0.007707707732793754,0.0,0.0,0.0,0.005230222874460362,0.0014472385489504387,0.005445337674314532,0.005766417855762828,0.0006844103598757831,0.0018644629564252752,0.0
Julieta_Venegas_-_Andar_Conmigo_preview.wav,0.0,0.0017525456072739378,0.007456830297746578,0.0012153383895362377,0.016963635570079717,0.0011722465935877409,0.0,0.007971793154581082,0.0,0.00820208256134338,0.0015815034791516738,0.0,0.0,0.0,0.000526239902329663,0.009747034978152092,0.002471321938184069,0.0019000620647945,0.0,0.0012143882336777885,0.0,0.01010356219415634,0.00036775088541785456,0.005480607793774493,0.0011338835757117125,0.0014022818424891705,0.007639424673478125,0.0009715105869422309,0.005567485403617108,0.0,0.0,0.0,0.0,0.0,0.00138769938935493,0.0,0.008603513348498135,0.0063865566933183435,0.002097667559610924,0.0026610390134811698,0.013151226655981061,0.0,0.0016906464993890807,0.0032247325075930823,0.0002600147410677664,0.0,0.0,0.002299563594059759,0.0027594763128717106,0.00318194587110264,0.0,0.007413124762347339,0.0019616755456529984,0.0009446390944376503,0.00011075916690454586,0.0011534713245794515,0.0,0.0,0.0,0.0008611269316451208,0.0,0.0026267826327909553,0.014305484946620421,0.0,0.01332146863539096,0.002267767151423425,0.002024540146769858,0.0032721426508744112,0.009870307257552165,0.0,0.00814024116538429,0.0025268687463993467,0.0,0.00013249521082314147,0.0,0.00725176030812881,0.0029888028854517966,0.014401995039662765,0.002426631970089217,0.0003169296668000799,0.0010950578419799755,0.009772312586259825,0.0018998289972572038,0.0,0.0,0.0003198362993235282,0.0009081546709474042,0.0006307571498559348,0.0020462976952502245,0.0,0.0012143882336777885,0.010459654969943501,0.011983924464753515,0.00983747263407709,0.002197212739749385,0.0,0.0,0.01116860024261852,0.006044553008775172,0.005551009935467341,0.00024287764673555773,0.008716443034790036,0.0,0.004469439046975807,0.001343638544830451,0.0024904454740790156,0.0,0.010406565263556367,0.006600409302199433,0.001549054016731449,0.0,0.004221582527342291,0.0,0.0,0.006993473802478441,0.0,0.0,0.0,0.007457851825701101,0.0,0.014415781471451998,0.0,0.014761833199294474,0.0013200818604398865,0.0,0.013688207197515661,0.0,0.0
Jungle_-_Busy_Earnin_preview.wav,0.0,0.0017525456072739378,0.005142641584652812,0.0,0.0,0.006330131605373801,0.0,0.0,0.0,0.0009941918256173793,0.0,0.0,0.023528461492485442,0.01229843452174347,0.0,0.0,0.004942643876368138,0.0,0.012543008585996752,0.0,0.0,0.0,0.0007355017708357091,0.0,0.0,0.0,0.0007639424673478127,0.0,0.0,0.0,0.0077720277160521975,0.0,0.0,0.00169358722114536,0.000832619633612958,0.0,0.014780394726907052,0.0,0.011087671386514885,0.0,0.0,0.0,0.0005201989228889479,0.0002687277089660902,0.010400589642710654,0.0,0.0,0.0,0.002299563594059759,0.0,0.0,0.0,0.0,0.004858143914250773,0.00022151833380909173,0.0,0.0,0.0,0.0,0.0,0.0,0.00043779710546515925,0.00028049970483569456,0.0005021759804488341,0.0,0.0,0.0,0.0,0.0,0.00917294071567611,0.0,0.0012634343731996733,0.0,0.0035773706922248194,0.0,0.0,0.0,0.0,0.0008824116254869882,0.0003169296668000799,0.0,0.0,0.0044905049026079365,0.00666352823339619,0.0,0.0001599181496617641,0.0,0.0,0.0,0.006686108122043178,0.016515679978017922,0.0,0.0,0.0034052789887189924,0.0001831010616457821,0.0,0.010640748015301167,0.0,0.0,0.0,0.033031359956035844,0.0,0.0026926555507102577,0.0,0.018273484209694133,0.0007115558497368616,0.0,0.0,0.0004950306976649574,0.0,0.0,0.0003015416090958779,0.00028944770979008773,0.0,0.0,0.0029637776370043797,0.0007407993238346828,0.0,0.0,0.0,0.0,0.0015383008454295183,0.0017366862587405263,0.03531218976676696,0.03926655968448021,0.0,0.0006214876521417584,0.0
Justin_Bieber_-_Sorry_preview.wav,0.0,0.0005007273163639823,0.03599849109256969,0.0,0.0,0.01781814822253366,0.0,0.0,0.004884376292813379,0.001242739782021724,0.0,0.0,0.004977174546487304,0.014468746496168788,0.002104959609318652,0.005787302018277804,0.014827931629104413,0.000475015516198625,0.0027120018564317306,0.000728632940206673,0.0,0.0,0.0004596886067723182,0.0,0.0011338835757117125,0.002804563684978341,0.0005729568505108594,0.0038860423477689236,0.0,0.0,0.010880838802473076,0.0,0.0,0.0,0.001665239267225916,0.0,0.015000997633278798,0.0,0.001198667176920528,0.0,0.004907174125366068,0.0,0.00013004973072223698,0.012898930030372329,0.0049402800802875605,0.00444235215559746,0.0,0.0,0.0009198254376239037,0.0,0.0,0.0004633202976467087,0.0,0.0017543297468127792,0.00033227750071363756,0.0,0.0,0.0,0.0019269269331984385,0.0,0.0,0.0,0.013183486127277643,0.01606963137436269,0.003746663053703707,0.0008504126817837842,0.002024540146769858,0.0,0.0,0.0023929410562633325,0.0,0.0012634343731996733,0.0009978896300554387,0.0007949712649388487,0.00484887354512712,0.0006592509371026191,0.027326197809844997,0.0006400886684294562,0.0004412058127434941,0.0,0.0,0.0,0.0017271172702338217,0.031651759108631904,0.0,0.0,0.0,0.0,0.0,0.0010557012824278702,0.005586185874917827,0.00104596549699435,0.00045222356470767984,0.0071889223095178735,0.0003662021232915642,0.0,0.004911114468600538,0.0003851241462971904,0.005708744508287662,0.0,0.007529207048802288,0.0,0.0,0.00026290817923387103,0.019885850463490676,0.009428115009013416,0.0,0.0,0.0019801227906598297,0.00038726350418286223,0.0017509837157487149,0.0003015416090958779,0.0,0.0,0.0015541052894396537,0.0,0.0037039966191734137,0.0,0.0018644629564252752,0.0,0.00024854795640434483,0.003691922029030844,0.00028944770979008773,0.002640163720879773,0.007688557141017104,0.0242965677755903,0.0,0.0
KARD_-_Dumb_Litty_preview.wav,0.000762603408174231,0.0010014546327279646,0.006428301980816016,0.0,0.0,0.009846871386137023,0.005673626822750187,0.0,0.0005427084769792644,0.0,0.0,0.013267830800218627,0.009049408266340554,0.021703119744253183,0.0,0.0,0.0010983653058595864,0.0,0.012204008353942785,0.010686616456364538,0.0005810962023193357,0.0,0.0002758131640633909,0.0,0.0002834708939279281,0.0,0.00038197123367390633,0.00024287764673555773,0.0,0.0,0.03419692195062967,0.004413769977719246,0.0,0.0012701904158590198,0.004163098168064791,0.010948382902831446,0.0006618087191152412,0.0,0.0,0.0003326298766851462,0.000588860895043928,0.0,0.0011704475765001328,0.001074910835864361,0.0036402063749487287,0.07218822252845873,0.0009808377728264992,0.0,0.002299563594059759,0.0,0.0,0.0,0.0,0.0026989688412504295,0.0,0.0,0.025254210953394373,0.0,0.007707707732793754,0.0,0.0,0.00043779710546515925,0.0,0.00251087990224417,0.0,0.0011338835757117125,0.0,0.0,0.0,0.01316117580944833,0.0,0.0,0.003658928643536608,0.007154741384449639,0.02181993095307204,0.0,0.0,0.0003200443342147281,0.00022060290637174705,0.0015846483340003995,0.0,0.0,0.0008635586351169108,0.05386351988661921,0.0,0.001599181496617641,0.0,0.0,0.0,0.0017595021373797838,0.00315740940756225,0.0,0.0,0.0037836433207988807,0.0,0.0080814559085452,0.01759816017915193,0.0,0.0,0.0,0.005586185874917827,0.0,0.0017951037004735053,0.0010516327169354841,0.012898930030372329,0.0012452227370395078,0.0,0.0,0.0,0.00019363175209143112,0.0,0.0,0.0,0.0,0.0007770526447198269,0.0,0.05259675199226248,0.004817317332996096,0.0,0.0,0.00024854795640434483,0.03076601690859037,0.0,0.0,0.001922139285254276,0.00034220517993789157,0.0006214876521417584,0.0
KaseO_-_Triste_preview.wav,0.0,0.00037554548727298663,0.0,0.2746664760351897,0.003769696793351049,0.0,0.0,0.0029894224329679057,0.0,0.00024854795640434483,0.0031630069583033476,0.0,0.006787056199755416,0.0,0.0,0.0,0.0,0.03657619474729412,0.0,0.0,0.0,0.018424142824638032,0.00036775088541785456,0.0,0.0,0.0,0.0,0.0,0.0,0.0006123278552013538,0.0,0.0014712566592397487,0.0,0.0,0.000832619633612958,0.0,0.0,0.0018247304838052412,0.0,0.0,0.0,0.0,0.00013004973072223698,0.0,0.0,0.0,0.0004904188864132496,0.0,0.00045991271881195184,0.00053032431185044,0.20191659749617755,0.0,0.032858065389687725,0.0,0.00044303666761818345,0.005767356622897258,0.0,0.2803698919153991,0.0,0.0,0.0035017463270289777,0.0013133913163954777,0.0,0.0,0.0,0.0,0.0,0.06217071036661381,0.0,0.0,0.005746052587330087,0.0,0.001663149383425731,0.0,0.0,0.01582202249046286,0.0,0.0003200443342147281,0.0006618087191152412,0.0,0.0,0.122598103354896,0.0,0.0,0.04102677121130208,0.0025586903945882256,0.01089785605136885,0.0,0.0,0.0,0.0,0.0,0.0,0.0026485503245592167,0.0038451222945614237,0.0,0.0,0.0,0.0,0.02289791598380278,0.0,0.0,0.0004487759251183763,0.0005258163584677421,0.0,0.0,0.0,0.0,0.0,0.0009681587604571556,0.0,0.0,0.0,0.0,0.0,0.00084679361057268,0.0,0.0,0.0,0.0,0.00024854795640434483,0.0024612813526872293,0.00028944770979008773,0.00016501023255498581,0.0,0.0,0.001242975304283517,0.0
Kash_Doll_-_Ready_Set_feat_Big_Sean_preview.wav,0.0,0.0012518182909099557,0.0015427924753958436,0.0,0.00471212099168881,0.0030478411433281266,0.0,0.007473556082419765,0.0,0.0,0.0015815034791516738,0.0003015416090958779,0.0,0.0032554679616379773,0.000526239902329663,0.015229742153362643,0.0032950959175787587,0.0,0.002373001624377764,0.007286329402066731,0.0005810962023193357,0.005348944691023944,0.0006435640494812455,0.0034876595051292233,0.00878759771176577,0.011685682020743087,0.005729568505108595,0.006557696461860057,0.0005061350366924645,0.0018369835656040613,0.0,0.0,0.0,0.0,0.00138769938935493,0.0,0.007721101723011147,0.0,0.0,0.003991558520221755,0.002355443580175712,0.0,0.0006502486536111849,0.018542211918660224,0.0026001474106776635,0.003331764116698095,0.0,0.013337468845546601,0.0,0.00053032431185044,0.0,0.025945936668215687,0.0004904188864132496,0.001484432862687736,0.0006645550014272751,0.0,0.0034967369012392207,0.0,0.0,0.0,0.0,0.0,0.0014024985241784728,0.0005021759804488341,0.005411846633127578,0.0008504126817837842,0.0,0.004580999711224176,0.0,0.007178823168789998,0.00814024116538429,0.000360981249485621,0.0006652597533702924,0.0013249521082314146,0.0,0.00857026218233405,0.005123662089345937,0.003840532010576737,0.0008824116254869882,0.0003169296668000799,0.0029201542452799347,0.0017767841065926958,0.0024179641783273506,0.014992938525141428,0.0,0.0003198362993235282,0.008173392038526637,0.0,0.005729633546700628,0.0007038008549519135,0.0017001435271489038,0.006973103313295668,0.004748347429430638,0.0,0.0012817074315204745,0.0,0.011459267093401256,0.0050066139018634746,0.021155935530713103,0.0027755049677336704,0.0017001435271489038,0.017432886069580072,0.0,0.0099905108108871,0.002149821671728722,0.005158779910592246,0.0,0.014123195714826496,0.004620286511539603,0.0007745270083657245,0.0,0.006332373791013436,0.005788954195801755,0.0026485503245592167,0.011655789670797403,0.0,0.0,0.0,0.006214876521417584,0.0,0.00024854795640434483,0.000922980507257711,0.0,0.0009900613953299148,0.0002745913264648966,0.0030798466194410234,0.0006214876521417584,0.010308097336190564
Keith_Sweat_-_Nobody_feat_Athena_Cage_-_Single_Version_2007_Remaster_preview.wav,0.0,0.002002909265455929,0.0017999245546284843,0.0,0.030628786445977267,0.0,0.0,0.007473556082419765,0.0010854169539585288,0.005468055040895585,0.0,0.0,0.0,0.0003617186624042197,0.04630911140501034,0.021930828700842203,0.0,0.0014250465485958748,0.0,0.0,0.0,0.01010356219415634,0.0006435640494812455,0.007473556082419765,0.0,0.03739418246637788,0.0007639424673478127,0.0038860423477689236,0.0075920255503869665,0.0006123278552013538,0.0,0.0004904188864132496,0.0,0.0,0.0047181779238067625,0.0,0.0,0.004561826209513103,0.00524416889902731,0.00964626642386924,0.011777217900878562,0.0,0.00039014919216671094,0.0002687277089660902,0.0002600147410677664,0.0,0.0,0.0,0.0009198254376239037,0.00318194587110264,0.0,0.008108105208817402,0.0014712566592397487,0.0006747422103126074,0.00044303666761818345,0.00807429927205616,0.0,0.000901510906480383,0.0,0.0,0.008170741429734282,0.0,0.004207495572535419,0.0,0.015402948109670798,0.0,0.01720859124754379,0.0,0.0067858362395671135,0.0,0.01628048233076858,0.000721962498971242,0.003658928643536608,0.0,0.0,0.005274007496820953,0.0,0.010881507363300754,0.0011030145318587353,0.0,0.0,0.0017767841065926958,0.00017271172702338218,0.0,0.0,0.0001599181496617641,0.0036326186837896167,0.0012615142997118695,0.009003709859100987,0.0,0.00024287764673555773,0.0062757929819661,0.005426682776492157,0.0022701859924793284,0.0007324042465831283,0.0,0.0,0.0015404965851887615,0.006380361509262681,0.0020816287258002527,0.0,0.0,0.0013463277753551289,0.013671225320161294,0.0,0.0016010006619079384,0.006027392312319618,0.002601641315889092,0.0,0.0007745270083657245,0.002626475573623072,0.0003015416090958779,0.0005788954195801755,0.009080743969917314,0.0,0.0,0.0,0.0,0.003107438260708792,0.0,0.018889644686730205,0.0,0.017077414877615174,0.002475153488324787,0.007963148467481999,0.0030798466194410234,0.0,0.005154048668095282
Kenny_Lattimore_-_Make_Believe_preview.wav,0.0,0.0,0.0,0.0,0.010837878280884264,0.0,0.0,0.022420668247259294,0.0,0.002485479564043448,0.0,0.0,0.0,0.0,0.0,0.003959732959874287,0.0002745913264648966,0.0014250465485958748,0.0006780004641079326,0.00024287764673555773,0.0,0.0,0.00018387544270892728,0.005480607793774493,0.0002834708939279281,0.0014022818424891705,0.001336899317858672,0.0,0.0,0.0,0.0,0.0,0.0,0.0,0.0,0.0,0.0,0.0036494609676104824,0.000149833397115066,0.0,0.0060848959154539235,0.0,0.00039014919216671094,0.0,0.0,0.0,0.0,0.00045991271881195184,0.0,0.0053032431185044,0.0,0.0004633202976467087,0.0,0.0,0.0,0.0005767356622897258,0.0,0.0,0.0,0.0004305634658225604,0.0,0.00043779710546515925,0.00028049970483569456,0.0,0.0,0.0011338835757117125,0.008604295623771895,0.004580999711224176,0.0,0.0,0.19153508624433627,0.0009024531237140523,0.0,0.0,0.0,0.05339932590531215,0.005977605770903593,0.0012801773368589125,0.00022060290637174705,0.0,0.0007300385613199837,0.0,0.0008635586351169108,0.003331764116698095,0.0,0.0001599181496617641,0.0,0.0,0.0,0.001407601709903827,0.0,0.0460224818677514,0.0052005709941383175,0.0,0.0010986063698746925,0.0,0.009003709859100987,0.040052911214907796,0.004365510506337624,0.0076326386612675925,0.0017001435271489038,0.0023243848092773427,0.0,0.0042065308677419365,0.0,0.0005336668873026462,0.0,0.005574945676905196,0.0018151125581048438,0.0,0.0,0.027440286427724888,0.00028944770979008773,0.0,0.002719684256519394,0.0,0.0,0.0,0.05344793808419123,0.0,0.0004970959128086897,0.0,0.0,0.00033002046510997163,0.0008237739793946897,0.0,0.0,0.0
Khalid_-_Outta_My_Head_with_John_Mayer_preview.wav,0.003050413632696924,0.0018777274363649334,0.0005142641584652812,0.0,0.009895454082546502,0.0,0.0,0.0014947112164839529,0.0,0.00024854795640434483,0.0,0.0003015416090958779,0.0,0.0,0.003683679316307641,0.05726383049664353,0.0,0.000475015516198625,0.0,0.0021858988206200193,0.0005810962023193357,0.001188654375783099,0.002206505312507127,0.024413616535904563,0.0005669417878558562,0.01215310930157281,0.005538582888271641,0.029631072901738036,0.003542945256847251,0.012246557104027077,0.0,0.006865864409785495,0.0,0.00084679361057268,0.000277539877870986,0.0,0.0066180871911524115,0.0004561826209513103,0.000599333588460264,0.001663149383425731,0.012169791830907847,0.0,0.0031211935373336875,0.0018810939627626315,0.0010400589642710655,0.0,0.0,0.0036793017504956147,0.0009198254376239037,0.00053032431185044,0.0,0.002084941339410189,0.002452094432066248,0.011200720691189284,0.00022151833380909173,0.0,0.0,0.0,0.0,0.0,0.0,0.0039401739491864325,0.0,0.0,0.007493326107407414,0.0011338835757117125,0.002024540146769858,0.0,0.0012337884071940207,0.0003988235093772221,0.010055592027827654,0.000721962498971242,0.0,0.002782399427285971,0.0,0.0,0.0038427465670094526,0.003520487676362009,0.0008824116254869882,0.0009507890004002397,0.0014600771226399674,0.0,0.0018998289972572038,0.0,0.0,0.0001599181496617641,0.013622320064211062,0.0,0.0020462976952502245,0.0,0.002428776467355577,0.011854275632602634,0.003843900300015278,0.0,0.0003662021232915642,0.0,0.0,0.0003851241462971904,0.0033580850048750954,0.0006938762419334176,0.008014962342273405,0.0011621924046386714,0.0022438796255918815,0.0057839799431451625,0.0032247325075930823,0.0037356682111185234,0.0,0.0,0.005445337674314532,0.0013554222646400178,0.0008754918578743574,0.010553956318355727,0.0008683431293702631,0.00037836433207988807,0.0,0.011855110548017519,0.0,0.0,0.0,0.0,0.0019883836512347586,0.0,0.002026133968530614,0.0008250511627749291,0.0,0.014030412377453552,0.0,0.008246477868952452
Khalid_-_Talk_-_Alle_Farben_Remix_preview.wav,0.0,0.002002909265455929,0.02005630218014597,0.0,0.0032984846941821674,0.01031577002357212,0.0,0.002491185360806588,0.0,0.0004970959128086897,0.0,0.0,0.002714822479902166,0.01193671585933925,0.0,0.021017044171640447,0.010159879079201174,0.0014250465485958748,0.002373001624377764,0.004857552934711154,0.0,0.0,0.00018387544270892728,0.007473556082419765,0.003401650727135137,0.004206845527467511,0.001145913701021719,0.0063148188151245,0.0,0.0006123278552013538,0.0005181351810701465,0.0,0.0,0.0084679361057268,0.00138769938935493,0.004105643588561792,0.02073667319894422,0.0009123652419026206,0.000599333588460264,0.0023284091367960238,0.016684392026244627,0.0,0.0005201989228889479,0.0002687277089660902,0.0010400589642710655,0.0,0.0,0.004599127188119518,0.0,0.0,0.0,0.0018532811905868348,0.003923351091305997,0.005802783008688424,0.0,0.0,0.005050842190678874,0.000901510906480383,0.0,0.0,0.0,0.0,0.002524497343521251,0.0,0.0045792548434156425,0.002267767151423425,0.0,0.0,0.0,0.0,0.0038307017248867255,0.0005414718742284314,0.0,0.0010599616865851317,0.0008081455908545201,0.0013185018742052383,0.0008539436815576561,0.0028803990079325527,0.00022060290637174705,0.0,0.004380231367919902,0.0044419602664817395,0.0008635586351169108,0.0027764700972484125,0.0,0.0,0.0,0.0,0.0,0.004222805129711481,0.0019430211738844618,0.005578482650636534,0.004296123864722958,0.0026485503245592167,0.0007324042465831283,0.0,0.006138893085750673,0.00962810365742976,0.00839521251218774,0.0006938762419334176,0.014572658804133462,0.001743288606958007,0.0,0.0076243371977822594,0.009942925231745338,0.013163783220131939,0.0,0.0018583152256350655,0.0034652148836547022,0.0005808952562742933,0.0,0.0033169577000546568,0.0,0.0,0.0038852632235991343,0.0,0.004444795943008097,0.0,0.002485950608567034,0.0,0.0007456438692130344,0.0012306406763436147,0.0,0.0014850920929948721,0.006041009182227723,0.01813687453670825,0.0,0.0
Killstation_-_Rearranged_preview.wav,0.003050413632696924,0.0007510909745459733,0.0,0.0,0.0,0.0002344493187175482,0.012056456998344145,0.0014947112164839529,0.0,0.0017398356948304136,0.0015815034791516738,0.0006030832181917558,0.0,0.0,0.0,0.0003045948430672529,0.0027459132646489655,0.0,0.004407003016701562,0.010443738809628981,0.0,0.001188654375783099,0.0009193772135446364,0.0004982370721613176,0.007086772348198203,0.0,0.01948053291736922,0.0,0.0,0.0,0.0,0.0004904188864132496,0.0,0.004657364858149739,0.0,0.008211287177123584,0.0022060290637174705,0.0022809131047565514,0.0,0.0,0.0009814348250732135,0.0,0.0027310443451669768,0.0,0.0,0.0,0.0,0.011497817970298795,0.0032193890316836627,0.00477291880665396,0.0,0.0,0.0,0.0,0.00044303666761818345,0.0005767356622897258,0.0034967369012392207,0.0,0.0,0.04219521965061091,0.0,0.004815768160116751,0.0014024985241784728,0.0,0.0004162958948559675,0.003968592514990993,0.0,0.004580999711224176,0.0,0.0011964705281316663,0.0067037280185517694,0.007039134364969609,0.0,0.00013249521082314147,0.0008081455908545201,0.011207265930744524,0.058922114027478274,0.002560354673717825,0.002426631970089217,0.0034862263348008787,0.0014600771226399674,0.0,0.00017271172702338218,0.0,0.0,0.0,0.0,0.005676814348703412,0.0,0.005982307267091264,0.0,0.0038352068223126167,0.0029394531705999186,0.0,0.0031127180479782954,0.0,0.004092595390500449,0.016560338290779186,0.010074255014625286,0.006938762419334175,0.0,0.006973154427832028,0.0,0.0013145408961693552,0.0,0.0012452227370395078,0.0,0.014494858759953511,0.005940368371979489,0.00019363175209143112,0.0,0.049151282282628106,0.0034733725174810525,0.0,0.02836242153227368,0.0012701904158590198,0.0007407993238346828,0.0,0.010565290086409893,0.0,0.0004970959128086897,0.00030766016908590366,0.0,0.00016501023255498581,0.0,0.0,0.0,0.0
Kinto_Sol_-_Ella_Se_Fue_preview.wav,0.014489464755310388,0.0032547275563658846,0.007199698218513937,0.0,0.0,0.012425813892030055,0.025531320702375838,0.0004982370721613176,0.0,0.002485479564043448,0.005535262177030858,0.0003015416090958779,0.006334585786438388,0.0,0.000526239902329663,0.0006091896861345058,0.007963148467481999,0.00095003103239725,0.0,0.005586185874917827,0.0,0.0,0.0004596886067723182,0.0,0.0008504126817837842,0.0,0.004583654804086876,0.00048575529347111545,0.0,0.0,0.0,0.0,0.0,0.022863427485462356,0.0,0.008211287177123584,0.011030145318587353,0.0009123652419026206,0.001947834162495858,0.0,0.004318313230322139,0.0,0.0011704475765001328,0.005912009597253984,0.0002600147410677664,0.0016658820583490474,0.008827539955438493,0.0009198254376239037,0.019776246908913928,0.0,0.0,0.0018532811905868348,0.0,0.002024226630937822,0.0009968325021409126,0.0005767356622897258,0.0,0.0,0.0,0.02368099062024082,0.0,0.013133913163954777,0.010939488488592088,0.0,0.0004162958948559675,0.002267767151423425,0.0005061350366924645,0.0006544285301748823,0.0006168942035970103,0.0,0.0028730262936650435,0.006497662490741177,0.0,0.0015899425298776975,0.0,0.0032962546855130957,0.023483451242835542,0.00512070934743565,0.004191455221063194,0.0,0.0014600771226399674,0.0,0.004835928356654701,0.024988230875235714,0.0,0.0001599181496617641,0.0,0.0,0.0,0.0024633029923316974,0.0,0.00104596549699435,0.00045222356470767984,0.004162007652878768,0.0001831010616457821,0.0,0.00040925953905004487,0.003851241462971904,0.005708744508287662,0.0,0.0041289199945044805,0.0005810962023193357,0.0022438796255918815,0.000788724537701613,0.001074910835864361,0.01120700463335557,0.0,0.003716630451270131,0.00313519441854473,0.0005808952562742933,0.0,0.014775538845698018,0.0063678496153819295,0.0,0.009324631736637922,0.0021169840264317,0.004444795943008097,0.0,0.002485950608567034,0.0,0.0004970959128086897,0.0015383008454295183,0.001157790839160351,0.00313519441854473,0.009336105099806482,0.0,0.001242975304283517,0.0
KISS_-_I_Was_Made_For_Lovin_You_preview.wav,0.0,0.0008762728036369689,0.0002571320792326406,0.0,0.0,0.00515788501178606,0.0,0.0,0.007055210200730436,0.001242739782021724,0.0,0.0003015416090958779,0.06153597621111576,0.02134140108184896,0.006314878827955956,0.0009137845292017585,0.0010983653058595864,0.0,0.0006780004641079326,0.000728632940206673,0.0005810962023193357,0.0,0.0005516263281267818,0.0,0.0005669417878558562,0.000934854561659447,0.0,0.00024287764673555773,0.001012270073384929,0.0012246557104027076,0.006735757353911904,0.006375445523372244,0.0018985226937739855,0.013125300963876539,0.004440638045935776,0.0004561826209513103,0.00022060290637174705,0.0,0.02217534277302977,0.0006652597533702924,0.0003925739300292854,0.0,0.0,0.0002687277089660902,0.006760383267761925,0.0016658820583490474,0.0,0.0,0.0,0.0,0.0,0.00023166014882335434,0.0,0.0005397937682500859,0.00022151833380909173,0.0,0.0015541052894396537,0.0,0.0,0.0008611269316451208,0.0,0.0,0.003646496162864029,0.0010043519608976682,0.0012488876845679025,0.0,0.0,0.0,0.0,0.010369411243807775,0.0,0.0036098124948562094,0.011974675560665263,0.0029148946381091123,0.0,0.0,0.0,0.0,0.0033090435955762058,0.005070874668801279,0.0,0.0,0.0006908469080935287,0.0005552940194496825,0.0,0.0,0.0,0.0,0.0,0.018650722656225707,0.00048575529347111545,0.0,0.0,0.02005330960023407,0.0001831010616457821,0.0,0.002455557234300269,0.0,0.00033580850048750956,0.0,0.012872515276984558,0.0,0.0,0.0,0.002687277089660902,0.006048224722763323,0.0024109569249278475,0.0,0.00016501023255498581,0.0019363175209143112,0.0008754918578743574,0.0,0.0,0.0071889223095178735,0.0,0.00338717444229072,0.0007407993238346828,0.0,0.0,0.0,0.00024854795640434483,0.0076915042271475925,0.012156803811183685,0.03333206697610713,0.014004157649709723,0.0,0.0,0.002061619467238113
Kool_Moe_Dee_-_How_Ya_Like_Me_Now_-_Longer_Version_preview.wav,0.011439051122613465,0.00225327292363792,0.0,0.0,0.0,0.0002344493187175482,0.0,0.0,0.0,0.0007456438692130344,0.008698269135334205,0.0,0.00045247041331702775,0.0,0.0,0.0,0.0,0.0014250465485958748,0.012543008585996752,0.010443738809628981,0.007554250630151364,0.0005943271878915495,0.0026661939192794454,0.0,0.02211072972637839,0.0,0.004201683570412969,0.0,0.011134970807234216,0.005510950696812184,0.0,0.0009808377728264992,0.0009492613468869927,0.0,0.0058283374352907065,0.009579835039977516,0.0,0.0009123652419026206,0.000149833397115066,0.0013305195067405849,0.0,0.0,0.002470944883722503,0.0032247325075930823,0.0,0.001110588038899365,0.002452094432066248,0.026674937691093203,0.00045991271881195184,0.00212129724740176,0.0,0.0011583007441167716,0.0,0.0,0.002215183338090917,0.0011534713245794515,0.011267263348437489,0.0,0.0,0.0008611269316451208,0.0,0.0013133913163954777,0.00028049970483569456,0.0,0.0004162958948559675,0.017008253635675687,0.0,0.002617714120699529,0.0,0.0,0.0004788377156108407,0.00379030311959902,0.0003326298766851462,0.0005299808432925659,0.0,0.0,0.0,0.0012801773368589125,0.014559791820535305,0.021234287675605354,0.016790886910359626,0.0,0.0017271172702338217,0.0,0.0,0.0004797544489852923,0.0,0.013245900146974628,0.052794480537455786,0.012668415389134442,0.0,0.0,0.0,0.0,0.0020141116781036026,0.0040407279542726,0.0,0.0007702482925943808,0.0,0.0,0.00024287764673555773,0.013946308855664056,0.003141431475828634,0.000788724537701613,0.0,0.0003557779248684308,0.003616435387391771,0.017468163120969615,0.00016501023255498581,0.006002584314834364,0.0,0.0003015416090958779,0.03849654540208167,0.0022701859924793284,0.0,0.005927555274008759,0.0,0.0,0.0,0.0,0.0,0.00030766016908590366,0.0,0.0004950306976649574,0.0002745913264648966,0.0,0.0006214876521417584,0.0
L_Devine_-_Peachy_Keen_preview.wav,0.004575620449045386,0.00337990938545688,0.0,0.008507368726753664,0.0032984846941821674,0.0011722465935877409,0.015602473762563011,0.0004982370721613176,0.0,0.0037282193460651722,0.0023722552187275107,0.0057292905728216804,0.0,0.0007234373248084394,0.000526239902329663,0.003655138116807034,0.0043934612234383455,0.007125232742979375,0.0016950011602698315,0.0019430211738844618,0.0,0.002377308751566198,0.00036775088541785456,0.0009964741443226352,0.010771893969261268,0.0014022818424891705,0.001145913701021719,0.0021858988206200193,0.014677916064081468,0.0,0.0,0.004413769977719246,0.01423892020330489,0.00042339680528634,0.0,0.0063865566933183435,0.0008824116254869882,0.005930374072367033,0.001048833779805462,0.032265098038459186,0.0003925739300292854,0.029427101753496773,0.00026009946144447396,0.001074910835864361,0.0,0.006108234213946508,0.0019616755456529984,0.005518952625743421,0.0013797381564358553,0.0106064862370088,0.0317621614038931,0.011351347292344362,0.0019616755456529984,0.0010795875365001719,0.0009968325021409126,0.002306942649158903,0.0011655789670797403,0.0,0.0,0.001291690397467681,0.0,0.009193739214768343,0.0,0.0,0.000832591789711935,0.0002834708939279281,0.002530675183462322,0.012434142073322762,0.009870307257552165,0.0007976470187544442,0.0004788377156108407,0.001443924997942484,0.0,0.0011924568974082733,0.0,0.0019777528113078574,0.0,0.0,0.0015442203446022294,0.0,0.0025551349646199427,0.0035535682131853917,0.0012089820891636753,0.00444235215559746,0.02953927527213749,0.001599181496617641,0.0,0.031537857492796736,0.013914824327701525,0.00035190042747595675,0.0012143882336777885,0.00104596549699435,0.015375601200061113,0.0,0.0007324042465831283,0.0008081455908545201,0.002864816773350314,0.006547110487052236,0.013432340019500381,0.0013877524838668352,0.00048575529347111545,0.006392058225512692,0.0053853111014205155,0.009464694452419356,0.0,0.0001778889624342154,0.0,0.007061597857413248,0.014850920929948722,0.00038726350418286223,0.0,0.011157039536547482,0.006078401905591843,0.0030269146566391045,0.004273789545959047,0.0021169840264317,0.0,0.006744244266194534,0.0,0.0,0.005965150953704275,0.0,0.0008683431293702631,0.0004950306976649574,0.0,0.0,0.006836364173559342,0.0
Lady_Gaga_-_Paparazzi_preview.wav,0.0,0.00012518182909099557,0.009771019010840343,0.0,0.0,0.0021100438684579334,0.0,0.0,0.011939586493543814,0.0,0.0,0.0,0.0,0.015553902483381449,0.0,0.0,0.007413965814552207,0.0,0.0003390002320539663,0.00024287764673555773,0.007554250630151364,0.0005943271878915495,0.0002758131640633909,0.0004982370721613176,0.0,0.0004674272808297235,0.0007639424673478127,0.013358270570455672,0.002530675183462322,0.0,0.03212438122634908,0.0,0.0,0.0,0.002497858900838874,0.0,0.0066180871911524115,0.0,0.000599333588460264,0.001663149383425731,0.001177721790087856,0.0,0.00013004973072223698,0.004030915634491353,0.028861636258522064,0.0,0.0,0.0,0.0,0.0,0.0,0.0009266405952934174,0.0004904188864132496,0.0043183501460006875,0.00022151833380909173,0.0,0.0007770526447198269,0.0,0.015415415465587508,0.0,0.0,0.0,0.0008414991145070836,0.03615667059231605,0.00166518357942387,0.0,0.0,0.0006544285301748823,0.0,0.01834588143135222,0.0,0.0,0.010644156053924679,0.001722437740700839,0.0,0.0,0.0021348592038941405,0.0,0.00022060290637174705,0.0022185076676005592,0.0007300385613199837,0.0,0.0006908469080935287,0.00666352823339619,0.0,0.0001599181496617641,0.0,0.0,0.0008185190781000897,0.0,0.0568333693361205,0.001743275828323917,0.00022611178235383992,0.0,0.0007324042465831283,0.0,0.0008185190781000897,0.0,0.0033580850048750954,0.0,0.0038860423477689236,0.0,0.0,0.00026290817923387103,0.020692033590388945,0.0007115558497368616,0.0,0.0011149891353810393,0.0004950306976649574,0.00038726350418286223,0.005252951147246144,0.0,0.0008683431293702631,0.0034052789887189924,0.0,0.0,0.0,0.0,0.0,0.0,0.00024854795640434483,0.0021536211836013256,0.00028944770979008773,0.0021451330232148155,0.0,0.054410623610124755,0.0006214876521417584,0.0
League_of_Legends_-_Legends_Never_Die_feat_Against_the_Current_preview.wav,0.01601467157165885,0.0,0.0,0.07778165693031922,0.0004712120991688811,0.0,0.0,0.010961215587548987,0.0,0.002485479564043448,0.07195840830140114,0.0012061664363835116,0.0,0.0,0.005788638925626292,0.0003045948430672529,0.0,0.005225170678184874,0.0,0.0,0.0,0.004160290315240846,9.193772135446364e-05,0.002491185360806588,0.0,0.0,0.0,0.0,0.0005061350366924645,0.0,0.0,0.0009808377728264992,0.0,0.0,0.0,0.0,0.0,0.09899162874643433,0.0,0.0,0.0,0.0,0.0,0.0,0.0,0.0,0.005885026636958995,0.0,0.0009198254376239037,0.00212129724740176,0.0,0.0,0.016183823251637235,0.0,0.004319607509277288,0.10669609752359926,0.0,0.015325685410166509,0.0,0.001291690397467681,0.008170741429734282,0.014885101585815413,0.0,0.0,0.0,0.0005669417878558562,0.051625773742631366,0.015051856194022292,0.011104095664746187,0.0,0.0014365131468325218,0.0,0.0,0.0,0.0,0.00857026218233405,0.0,0.0003200443342147281,0.0,0.0,0.008760462735839804,0.02931693775877948,0.0,0.0,0.01148749593916458,0.0003198362993235282,0.005448928025684425,0.005676814348703412,0.00040925953905004487,0.0,0.0,0.0,0.0,0.0,0.002563414863040949,0.0,0.0,0.004621489755566284,0.0,0.03053055464507037,0.0,0.030217002520605454,0.0,0.0,0.0,0.0,0.0,0.0011149891353810393,0.0,0.0,0.0,0.0003015416090958779,0.0,0.0,0.0011655789670797403,0.013972094574449218,0.0,0.0,0.0,0.010025127198613723,0.0166527130790911,0.0,0.0008683431293702631,0.0,0.0,0.0,0.004971901217134068,0.0
Leonell_Cassio_-_Lying_Were_Fine_preview.wav,0.0,0.004381364018184845,0.0,0.0,0.002827272595013286,0.0,0.0,0.010961215587548987,0.0005427084769792644,0.003479671389660827,0.0,0.0009046248272876337,0.0081444674397065,0.0,0.004209919218637304,0.016448121525631652,0.0,0.00095003103239725,0.0003390002320539663,0.0021858988206200193,0.0,0.0,0.0,0.013452400948355574,0.002551238045351353,0.018229663952359216,0.00019098561683695317,0.015544169391075694,0.0030368102201547864,0.0,0.0,0.009808377728264992,0.0,0.00338717444229072,0.001110159511483944,0.0004561826209513103,0.0,0.0013685478628539308,0.004794668707682112,0.020623052354479067,0.002551730545190355,0.0,0.0011704475765001328,0.01236147461244015,0.004160235857084262,0.0,0.0009808377728264992,0.0036793017504956147,0.0013797381564358553,0.00053032431185044,0.0,0.03104245994232948,0.0,0.004453298588063209,0.00011075916690454586,0.0005767356622897258,0.0019426316117995672,0.0,0.0,0.0008611269316451208,0.009337990205410608,0.0,0.0008414991145070836,0.0005021759804488341,0.003746663053703707,0.0002834708939279281,0.00455521533023218,0.0006544285301748823,0.001850682610791031,0.004387058603149443,0.005267214871719246,0.001443924997942484,0.0,0.002782399427285971,0.0016162911817090401,0.004614756559718334,0.00042697184077882807,0.0,0.0008824116254869882,0.0009507890004002397,0.0029201542452799347,0.0017767841065926958,0.0063903338998651405,0.0,0.0,0.0001599181496617641,0.0072652373675792335,0.0,0.002864816773350314,0.001407601709903827,0.0026716541140911344,0.0073217584789604506,0.009270583076507435,0.009459108301997202,0.0001831010616457821,0.0,0.0,0.001155372438891571,0.002350659503412567,0.0,0.0021858988206200193,0.0011621924046386714,0.02558022773174745,0.0042065308677419365,0.0008061831268982706,0.0001778889624342154,0.0,0.00483161958665117,0.0029701841859897443,0.0023235810250971734,0.002626475573623072,0.005427748963725802,0.009551774423072895,0.006053829313278209,0.005439368513038788,0.00042339680528634,0.0,0.0009634634665992192,0.0,0.0,0.0019883836512347586,0.0,0.011288460681813422,0.0011550716278849007,0.0016475479587893793,0.00444866733919259,0.0,0.0
Lianne_La_Havas_-_Tokyo_preview.wav,0.0,0.00025036365818199114,0.0007713962376979218,0.0036460151686087128,0.009895454082546502,0.0,0.0,0.017438297525646115,0.0005427084769792644,0.0004970959128086897,0.0,0.0,0.0,0.0,0.0,0.007919465919748575,0.0013729566323244828,0.0014250465485958748,0.0,0.0,0.0023243848092773427,0.02080145157620423,0.00018387544270892728,0.07971793154581082,0.0002834708939279281,0.0004674272808297235,0.0005729568505108594,0.011658127043306769,0.0,0.0018369835656040613,0.0,0.0,0.0,0.00042339680528634,0.0,0.0,0.012133159850446088,0.0013685478628539308,0.0,0.0006652597533702924,0.0017665826851317843,0.0,0.00013004973072223698,0.0008061831268982706,0.000780044223203299,0.0,0.0,0.0036793017504956147,0.0,0.00954583761330792,0.0,0.006486484167053922,0.0014712566592397487,0.004048453261875644,0.00011075916690454586,0.0011534713245794515,0.0,0.0,0.0,0.0008611269316451208,0.0,0.0,0.0005609994096713891,0.0,0.0333036715884774,0.0,0.0015184051100773932,0.0013088570603497645,0.0012337884071940207,0.0,0.023463048064931193,0.0005414718742284314,0.0,0.00026499042164628293,0.0,0.003955505622615715,0.0038427465670094526,0.0,0.0,0.0,0.00036501928065999184,0.0044419602664817395,0.00034542345404676435,0.0,0.0,0.0001599181496617641,0.0,0.0,0.0020462976952502245,0.0,0.0051004305814467115,0.05473886100937099,0.009044471294153596,0.0,0.0003662021232915642,0.0,0.0,0.012709096827807282,0.04164025406045118,0.004163257451600505,0.00024287764673555773,0.0011621924046386714,0.0,0.007098520839314517,0.004299643343457444,0.0,0.0,0.0033449674061431177,0.0023101432557698014,0.0,0.0017509837157487149,0.012363205972930993,0.00028944770979008773,0.0,0.01592957921675645,0.0,0.0,0.0,0.002485950608567034,0.0,0.0027340275204477925,0.0,0.0005788954195801755,0.0,0.0,0.010266155398136747,0.0,0.009277287602571507
Lil_Jon_-_La_Vida_Es_Una_feat_Pitbull_preview.wav,0.0,0.0006259091454549778,0.0028284528715590467,0.0,0.0,0.004220087736915867,0.02340371064384452,0.0004982370721613176,0.0,0.0,0.0007907517395758369,0.0003015416090958779,0.009954349092974608,0.005064061273659076,0.000526239902329663,0.003350543273739781,0.0027459132646489655,0.0,0.008475005801349158,0.01797294585843127,0.0,0.0,0.0007355017708357091,0.0019929482886452705,0.00453553430284685,0.0004674272808297235,0.004774640420923829,0.002428776467355577,0.0,0.0,0.005181351810701465,0.0,0.0,0.00550415846872242,0.016097312916517188,0.005474191451415723,0.0026472348764609646,0.0,0.0,0.0006652597533702924,0.0003925739300292854,0.004746306734434963,0.0013004973072223698,0.008599286686914887,0.0033801916338809623,0.04220234547817587,0.004413769977719246,0.005978865344555374,0.0009198254376239037,0.00159097293555132,0.0,0.0009266405952934174,0.0,0.002833917283312951,0.00044303666761818345,0.0,0.03924115855835126,0.0,0.0,0.0017222538632902416,0.0,0.0,0.002524497343521251,0.0020087039217953364,0.003746663053703707,0.003968592514990993,0.0,0.0,0.0,0.003589411584394999,0.0019153508624433627,0.000721962498971242,0.011642045683980118,0.002517409005639688,0.07919826790374296,0.0,0.0008539436815576561,0.0009601330026441843,0.002426631970089217,0.0038031560016009588,0.0029201542452799347,0.0,0.0044905049026079365,0.014437644505691745,0.0,0.0001599181496617641,0.0,0.0,0.00040925953905004487,0.0010557012824278702,0.00048575529347111545,0.0041838619879774,0.0015827824764768792,0.0030269146566391045,0.0007324042465831283,0.01131403827196328,0.002455557234300269,0.0,0.0006716170009750191,0.0,0.0060719411683889425,0.0023243848092773427,0.003141431475828634,0.0010516327169354841,0.002687277089660902,0.004091446135986954,0.0,0.0007433260902540262,0.00033002046510997163,0.002904476281371467,0.0,0.0003015416090958779,0.0008683431293702631,0.0007567286641597761,0.0034967369012392207,0.0,0.04222556145857692,0.0009634634665992192,0.0,0.0,0.0,0.018767270314240123,0.00028944770979008773,0.0,0.001922139285254276,0.002053231079627349,0.001242975304283517,0.0
Lil_Kleine_-_Krantenwijk_preview.wav,0.00838863748991654,0.00012518182909099557,0.00874249069390978,0.0,0.0032984846941821674,0.0007033479561526446,0.011347253645500373,0.002491185360806588,0.0,0.0017398356948304136,0.0023722552187275107,0.012061664363835116,0.00769199702638947,0.003617186624042197,0.001052479804659326,0.005787302018277804,0.0,0.0,0.0010170006961618989,0.0,0.0,0.0005943271878915495,0.0002758131640633909,0.0019929482886452705,0.0008504126817837842,0.000934854561659447,0.00019098561683695317,0.002428776467355577,0.0,0.0018369835656040613,0.001036270362140293,0.02010717434294323,0.004746306734434963,0.020323046653744316,0.000832619633612958,0.009123652419026206,0.0004412058127434941,0.0022809131047565514,0.0008990003826903959,0.0,0.014132661481054274,0.004746306734434963,0.0005201989228889479,0.010749108358643608,0.0005200294821355328,0.00444235215559746,0.0029425133184794974,0.0,0.03633310478614419,0.0,0.0,0.003938222529997024,0.0029425133184794974,0.0017543297468127792,0.00033227750071363756,0.01499512721953287,0.00038852632235991343,0.0,0.0,0.007319578918983526,0.0035017463270289777,0.009631536320233502,0.005329494391878196,0.0010043519608976682,0.0045792548434156425,0.0,0.006579755477002037,0.0,0.010487201461149176,0.0007976470187544442,0.0014365131468325218,0.0012634343731996733,0.0003326298766851462,0.0005299808432925659,0.01131403827196328,0.0,0.0,0.0032004433421472813,0.0006618087191152412,0.0009507890004002397,0.00036501928065999184,0.0035535682131853917,0.0005181351810701465,0.04053646341982683,0.003282141696904166,0.0004797544489852923,0.0018163093418948084,0.010092114397694956,0.00040925953905004487,0.006686108122043178,0.000728632940206673,0.0076704136446252335,0.0006783353470615197,0.020810038264393843,0.0,0.01777920299879944,0.006548152624800718,0.0,0.006380361509262681,0.0020816287258002527,0.0,0.0011621924046386714,0.024682675881510695,0.0010516327169354841,0.006986920433118346,0.003557779248684308,0.0012054784624639238,0.0003716630451270131,0.0,0.00019363175209143112,0.0008754918578743574,0.0,0.0,0.00037836433207988807,0.0,0.007621142495154119,0.025187177010379213,0.004817317332996096,0.0,0.0,0.002485479564043448,0.0024612813526872293,0.001157790839160351,0.0011550716278849007,0.005217235202833035,0.011292770937950421,0.002485950608567034,0.0010308097336190565
Lil_Tecca_-_Did_It_Again_preview.wav,0.01525206816348462,0.0015021819490919465,0.0015427924753958436,0.0,0.0018848483966755244,0.0002344493187175482,0.007801236881281506,0.0,0.0,0.0029825754768521375,0.007116765656182532,0.0003015416090958779,0.003167292893219194,0.0,0.000526239902329663,0.0012183793722690115,0.0016475479587893793,0.0,0.0,0.0021858988206200193,0.0,0.002377308751566198,0.0004596886067723182,0.0004982370721613176,0.0019842962574954967,0.0014022818424891705,0.0017188705515325782,0.0012143882336777885,0.006579755477002037,0.0048986228416108306,0.0005181351810701465,0.009808377728264992,0.003797045387547971,0.011855110548017519,0.007216036824645637,0.0177911222171011,0.005515072659293676,0.0050180088304644125,0.0,0.0059873377803326315,0.0,0.0009492613468869927,0.0011704475765001328,0.015317479411067142,0.000780044223203299,0.008329410291745238,0.0014712566592397487,0.013337468845546601,0.004599127188119518,0.00106064862370088,0.0,0.006254824018230566,0.0009808377728264992,0.0009446390944376503,0.00022151833380909173,0.0005767356622897258,0.002719684256519394,0.0,0.0,0.014208594372144492,0.0,0.004377971054651592,0.0033659964580283344,0.0,0.0012488876845679025,0.00595288877248649,0.0030368102201547864,0.0,0.003701365221582062,0.0,0.0033518640092758847,0.0027073593711421573,0.0023284091367960238,0.00026499042164628293,0.0016162911817090401,0.0013185018742052383,0.005977605770903593,0.012161684700159669,0.0022060290637174705,0.008874030670402237,0.0025551349646199427,0.0,0.0029360993593974967,0.0,0.0,0.0003198362993235282,0.0,0.01892271449567804,0.011459267093401256,0.0024633029923316974,0.00048575529347111545,0.0006973103313295668,0.0015827824764768792,0.0037836433207988807,0.0005493031849373463,0.01131403827196328,0.0,0.0069322346333494265,0.006716170009750191,0.0006938762419334176,0.00048575529347111545,0.001743288606958007,0.04128738511089062,0.005521071763911292,0.001343638544830451,0.0023125565116448,0.0024109569249278475,0.010778228308683378,0.0033002046510997164,0.0019363175209143112,0.0008754918578743574,0.013870914018410384,0.013314594650344036,0.009080743969917314,0.008547579091918094,0.00169358722114536,0.019260782419701753,0.0009634634665992192,0.006836364173559342,0.0,0.0019883836512347586,0.0012306406763436147,0.0028944770979008774,0.0,0.0,0.0006844103598757831,0.0006214876521417584,0.0
Lil_Wayne_-_Best_Rapper_Alive_preview.wav,0.0,0.00037554548727298663,0.007199698218513937,0.0,0.0004712120991688811,0.004923435693068512,0.0,0.0,0.0,0.0,0.0,0.0006030832181917558,0.001357411239951083,0.005064061273659076,0.004209919218637304,0.0003045948430672529,0.0010983653058595864,0.0,0.003390002320539663,0.008743595282480077,0.011040827844067378,0.0,0.00036775088541785456,0.0,0.002267767151423425,0.0,0.00019098561683695317,0.001457265880413346,0.0030368102201547864,0.0012246557104027076,0.008290162897122344,0.0,0.0009492613468869927,0.0,0.020537950962452967,0.0,0.0037502494083196994,0.0,0.000599333588460264,0.0,0.0003925739300292854,0.0,0.00039014919216671094,0.02552913235177857,0.01768100239260811,0.012771762447342698,0.0,0.0,0.00045991271881195184,0.0,0.0,0.0011583007441167716,0.0,0.0012145359785626932,0.0,0.0,0.01592957921675645,0.0,0.008671171199392973,0.0,0.0,0.0,0.0022439976386855564,0.014563103433016186,0.000832591789711935,0.0,0.0,0.0,0.0,0.015554116865711664,0.0,0.0,0.02827353951823743,0.005167313222102518,0.0,0.0,0.0,0.0,0.007500498816639399,0.017431131674004396,0.0,0.0,0.016407614067221306,0.026098818914135076,0.0,0.0,0.0,0.0,0.0,0.0031671038472836106,0.0051004305814467115,0.0,0.0,0.0015134573283195523,0.0,0.0064651647268361605,0.0008185190781000897,0.0,0.0006716170009750191,0.0,0.007529207048802288,0.0,0.0,0.0,0.005643281888287895,0.00426933509842117,0.0,0.0,0.0,0.004453530298102915,0.0,0.0,0.002315581678320702,0.008324015305757536,0.0,0.0,0.0022223979715040483,0.003853853866396877,0.0,0.0,0.0,0.02768941521773133,0.0008683431293702631,0.002475153488324787,0.005217235202833035,0.0017110258996894576,0.0,0.0
Lil_Whigga_-_Freh_preview.wav,0.010676447714439234,0.0005007273163639823,0.0002571320792326406,0.004861353558144951,0.011780302479222028,0.0009377972748701928,0.0007092033528437733,0.023915379463743246,0.0,0.00024854795640434483,0.004744510437455021,0.0018092496545752674,0.0,0.0,0.0,0.007919465919748575,0.0013729566323244828,0.000475015516198625,0.0003390002320539663,0.0026716541140911344,0.0,0.007726253442590142,0.0,0.007971793154581082,0.0008504126817837842,0.007478836493275576,0.0017188705515325782,0.0,0.001012270073384929,0.011021901393624368,0.0,0.030896389844034724,0.013289658856417898,0.0,0.0,0.0013685478628539308,0.0011030145318587353,0.004105643588561792,0.0,0.0026610390134811698,0.002355443580175712,0.0,0.00026009946144447396,0.0,0.0,0.00222117607779873,0.004904188864132496,0.008278428938615133,0.005978865344555374,0.007424540365906161,0.0,0.004864863125290441,0.019616755456529984,0.0006747422103126074,0.000775314168331821,0.019609012517850674,0.004273789545959047,0.004507554532401915,0.0,0.001291690397467681,0.01400698530811591,0.0030645797382561147,0.0028049970483569457,0.0,0.0029140712639917727,0.0,0.012147240880619145,0.002617714120699529,0.01974061451510433,0.0015952940375088885,0.022505372633709508,0.0010829437484568627,0.0,0.0005299808432925659,0.0,0.019118277175975956,0.010247324178691874,0.006400886684294563,0.00022060290637174705,0.0003169296668000799,0.0,0.01243748874614887,0.0006908469080935287,0.0,0.0,0.0001599181496617641,0.019071248089895486,0.02586104314409332,0.0020462976952502245,0.0,0.0,0.005927137816301317,0.007687800600030556,0.0007567286641597761,0.0001831010616457821,0.0008081455908545201,0.0020462976952502245,0.012323972681510092,0.00738778701072521,0.010408143629001264,0.00024287764673555773,0.009878635439428705,0.005834087026538892,0.01025341899012097,0.0,0.0003557779248684308,0.008438349237247466,0.004088293496397144,0.004455276278984617,0.00038726350418286223,0.0,0.019298662982136186,0.001157790839160351,0.00037836433207988807,0.006993473802478441,0.02498041151189406,0.0,0.0028903903997976573,0.014294215999260444,0.0,0.0004970959128086897,0.0012306406763436147,0.001157790839160351,0.0,0.0010983653058595864,0.0,0.001242975304283517,0.002061619467238113
Lil_Yachty_-_Say_My_Name_preview.wav,0.0,0.00112663646181896,0.010542415248538264,0.0012153383895362377,0.0,0.0016411452310228375,0.0,0.013452400948355574,0.0,0.00024854795640434483,0.0,0.0,0.0,0.01157499719693503,0.0,0.03259164820819605,0.0008237739793946897,0.0014250465485958748,0.0006780004641079326,0.00024287764673555773,0.0,0.002377308751566198,0.00018387544270892728,0.020427719958614022,0.0005669417878558562,0.005609127369956682,0.0007639424673478127,0.009715105869422308,0.0,0.0006123278552013538,0.0031088110864208787,0.0009808377728264992,0.0,0.0,0.000832619633612958,0.0,0.008382910442126388,0.0031932783466591718,0.000149833397115066,0.010311526177239533,0.002355443580175712,0.0,0.00013004973072223698,0.01316765773933842,0.003900221116016495,0.0016658820583490474,0.0,0.0018396508752478074,0.0013797381564358553,0.0,0.0,0.006023163869407213,0.0,0.0016193813047502576,0.00022151833380909173,0.010381241921215064,0.00038852632235991343,0.0,0.0009634634665992192,0.0008611269316451208,0.0,0.0008755942109303185,0.008975990554742226,0.0,0.029140712639917726,0.0002834708939279281,0.0030368102201547864,0.005235428241399058,0.024675768143880415,0.0027917645656405548,0.019632346340044467,0.000360981249485621,0.001663149383425731,0.0021199233731702635,0.0,0.044169812785875485,0.005977605770903593,0.0028803990079325527,0.0,0.0,0.0014600771226399674,0.0026651761598890434,0.0025906759053507325,0.0005552940194496825,0.0,0.0003198362993235282,0.018163093418948083,0.0,0.0,0.00035190042747595675,0.0038860423477689236,0.0073217584789604506,0.0011305589117691995,0.0,0.0001831010616457821,0.0,0.003274076312400359,0.002310744877783142,0.0077235955112127195,0.006244886177400758,0.004614675287975596,0.003486577213916014,0.0004487759251183763,0.0005258163584677421,0.006718192724152256,0.003913557173552738,0.0,0.0003716630451270131,0.0021451330232148155,0.0,0.0,0.0048246657455340465,0.0014472385489504387,0.0011350929962396642,0.005439368513038788,0.00042339680528634,0.0,0.0,0.050961987475624186,0.0,0.0007456438692130344,0.0012306406763436147,0.0,0.0004950306976649574,0.0021967306117191727,0.009923950218198854,0.0006214876521417584,0.002061619467238113
Lizzo_-_Good_as_Hell_feat_Ariana_Grande_-_Remix_preview.wav,0.0,0.00012518182909099557,0.0082282265354445,0.0,0.0009424241983377622,0.027899468927388232,0.0,0.0,0.0010854169539585288,0.0009941918256173793,0.0,0.0003015416090958779,0.032577869758826,0.033278116941188214,0.015260957167560226,0.0012183793722690115,0.0032950959175787587,0.0,0.0027120018564317306,0.00024287764673555773,0.0005810962023193357,0.0,0.0,0.0004982370721613176,0.0,0.001869709123318894,0.0,0.002428776467355577,0.001012270073384929,0.0018369835656040613,0.054404194012365376,0.005394607750545745,0.004746306734434963,0.0,0.000277539877870986,0.0,0.00022060290637174705,0.0,0.00149833397115066,0.0,0.0,0.0,0.0,0.0,0.004420250598152028,0.04053646341982683,0.0,0.0,0.0013797381564358553,0.0,0.0,0.0,0.0004904188864132496,0.0004048453261875644,0.0,0.0017302069868691773,0.0015541052894396537,0.0,0.0,0.0,0.011672487756763258,0.0,0.00028049970483569456,0.0020087039217953364,0.0020814794742798374,0.0,0.004049080293539716,0.0,0.012954778275537218,0.014756469846957219,0.0,0.0,0.0003326298766851462,0.0011924568974082733,0.01697105740794492,0.0,0.0,0.0,0.0,0.0,0.0,0.0,0.002072540724280586,0.06719057635341158,0.0,0.0,0.0,0.0,0.0,0.0,0.0034002870542978077,0.0,0.0,0.011350929962396642,0.0001831010616457821,0.0040407279542726,0.024146312803952647,0.0,0.00033580850048750956,0.0,0.0038860423477689236,0.0,0.0008975518502367527,0.0,0.01128656377657579,0.0030241123613816614,0.008438349237247466,0.0,0.0006600409302199433,0.00019363175209143112,0.0,0.0,0.0,0.0015134573283195523,0.0,0.0,0.017038384448197705,0.006744244266194534,0.0,0.0,0.0009941918256173793,0.011075766087092532,0.009551774423072895,0.0023101432557698014,0.01977057550547255,0.004106462159254698,0.0,0.0010308097336190565
LORYN_-_Stand_By_feat_Rudimental_CWC19_preview.wav,0.000762603408174231,0.0018777274363649334,0.007456830297746578,0.0,0.001413636297506643,0.013363611166900248,0.0035460167642188665,0.0019929482886452705,0.007055210200730436,0.004225315258873861,0.0,0.0,0.010859289919608665,0.018085933120210985,0.006314878827955956,0.002436758744538023,0.0013729566323244828,0.00095003103239725,0.0027120018564317306,0.0012143882336777885,0.0005810962023193357,0.0,0.0002758131640633909,0.0,0.0011338835757117125,0.0051417000891269575,0.0007639424673478127,0.001457265880413346,0.003542945256847251,0.0024493114208054153,0.020207272061735712,0.0,0.0,0.0021169840264317,0.008048656458258594,0.004561826209513103,0.0004412058127434941,0.0031932783466591718,0.002397334353841056,0.0006652597533702924,0.0015702957201171417,0.0,0.00039014919216671094,0.002687277089660902,0.014300810758727148,0.008329410291745238,0.0,0.00045991271881195184,0.0009198254376239037,0.0,0.0,0.000694980446470063,0.0029425133184794974,0.0024290719571253864,0.00011075916690454586,0.0011534713245794515,0.0011655789670797403,0.0,0.011561561599190629,0.0030139442607579224,0.04202095592434773,0.0,0.0005609994096713891,0.023602271081095198,0.00166518357942387,0.0002834708939279281,0.019739266431006115,0.0,0.010487201461149176,0.0055835291312811095,0.0004788377156108407,0.0012634343731996733,0.029604059024978015,0.003974856324694244,0.01858734858965396,0.0,0.0,0.0032004433421472813,0.0015442203446022294,0.005704734002401438,0.0,0.0,0.0017271172702338217,0.0016658820583490474,0.0,0.0001599181496617641,0.0027244640128422123,0.001892271449567804,0.0,0.002815203419807654,0.0026716541140911344,0.0006973103313295668,0.0,0.0037836433207988807,0.0009155053082289104,0.0,0.007775931241950852,0.0,0.0,0.0,0.0026716541140911344,0.004648769618554685,0.006731638876775644,0.0,0.011017836067609699,0.002134667549210585,0.0024109569249278475,0.0,0.0011550716278849007,0.0009681587604571556,0.018385329015361506,0.0003015416090958779,0.0,0.0015134573283195523,0.0031082105788793075,0.00084679361057268,0.0007407993238346828,0.0,0.002485950608567034,0.0,0.007704986648534689,0.02338217285052868,0.0037628202272711403,0.0014850920929948721,0.006315600508692621,0.005475282879006265,0.0,0.008246477868952452
Lost_Frequencies_-_Beautiful_Life_preview.wav,0.0,0.0021280910945469245,0.0007713962376979218,0.0,0.030628786445977267,0.0009377972748701928,0.0,0.0019929482886452705,0.0,0.0014912877384260688,0.0,0.0006030832181917558,0.00045247041331702775,0.006510935923275955,0.001052479804659326,0.0012183793722690115,0.0010983653058595864,0.00095003103239725,0.0006780004641079326,0.0012143882336777885,0.0,0.004754617503132396,0.0004596886067723182,0.004484133649451858,0.002267767151423425,0.03505704606222926,0.0009549280841847657,0.004614675287975596,0.013159510954004075,0.003061639276006769,0.0,0.01078921550109149,0.0009492613468869927,0.0,0.0,0.0,0.0004412058127434941,0.0036494609676104824,0.001048833779805462,0.010311526177239533,0.0003925739300292854,0.002847784040660978,0.00026009946144447396,0.0002687277089660902,0.0002600147410677664,0.001110588038899365,0.0009808377728264992,0.0032193890316836627,0.0,0.00318194587110264,0.0,0.001389960892940126,0.006375445523372244,0.0021591750730003438,0.0006645550014272751,0.0692082794747671,0.0007770526447198269,0.0,0.0,0.001291690397467681,0.06536593143787425,0.004815768160116751,0.0028049970483569457,0.0,0.002497775369135805,0.0011338835757117125,0.07440185039379227,0.0,0.0024675768143880413,0.0011964705281316663,0.0009576754312216814,0.000721962498971242,0.0,0.0010599616865851317,0.0016162911817090401,0.0,0.0025618310446729685,0.0019202660052883686,0.0006618087191152412,0.0003169296668000799,0.00036501928065999184,0.008883920532963479,0.00034542345404676435,0.0,0.2527249106616208,0.0,0.024520176115579908,0.007569085798271216,0.0008185190781000897,0.0,0.0017001435271489038,0.00104596549699435,0.006331129905907517,0.0,0.0007324042465831283,0.0,0.0012277786171501345,0.004621489755566284,0.0013432340019500382,0.0,0.0012143882336777885,0.0,0.0022438796255918815,0.007887245377016131,0.0005374554179321805,0.0007115558497368616,0.0,0.0003716630451270131,0.0023101432557698014,0.0011617905125485867,0.0,0.006935457009205192,0.00028944770979008773,0.0018918216603994403,0.002719684256519394,0.007621142495154119,0.0007407993238346828,0.0028903903997976573,0.0,0.0,0.010190466212578136,0.0,0.00028944770979008773,0.00033002046510997163,0.0,0.0006844103598757831,0.0,0.01752376547152396
Lost_Kings_-_Dont_Kill_My_High_preview.wav,0.006863430673568078,0.001377000120000951,0.028027396636357827,0.0,0.0,0.02086598936586179,0.03475096428934489,0.0,0.0005427084769792644,0.0007456438692130344,0.0,0.0,0.0058821153731213605,0.015553902483381449,0.0,0.0,0.0035696872440436553,0.000475015516198625,0.012543008585996752,0.0019430211738844618,0.0,0.0005943271878915495,0.0004596886067723182,0.0004982370721613176,0.0011338835757117125,0.0,0.0015278849346956253,0.0017001435271489038,0.001012270073384929,0.0,0.004145081448561172,0.0009808377728264992,0.017086704243965866,0.024557014706607715,0.004163098168064791,0.005930374072367033,0.009706527880356869,0.0,0.002547167750956122,0.0,0.002551730545190355,0.0009492613468869927,0.0009103481150556589,0.0002687277089660902,0.0018201031874743644,0.009439998330644602,0.0,0.0,0.00781851621980318,0.0,0.0,0.00023166014882335434,0.0004904188864132496,0.0043183501460006875,0.00011075916690454586,0.0,0.0007770526447198269,0.0,0.0,0.0008611269316451208,0.0,0.00043779710546515925,0.00308549675319264,0.0,0.0020814794742798374,0.0002834708939279281,0.0,0.0,0.0,0.0023929410562633325,0.0,0.0012634343731996733,0.0009978896300554387,0.004239846746340527,0.02262807654392656,0.0,0.00042697184077882807,0.0,0.0033090435955762058,0.008240171336802079,0.0,0.0,0.0024179641783273506,0.01110588038899365,0.0,0.0,0.0,0.006938328648415281,0.0,0.010908913251754658,0.0009715105869422309,0.00104596549699435,0.00022611178235383992,0.0026485503245592167,0.0007324042465831283,0.0,0.01514260294485166,0.0,0.005372936007800153,0.0,0.0060719411683889425,0.0,0.003141431475828634,0.0,0.01048038064967752,0.007293447459802831,0.0,0.0018583152256350655,0.0028051739534347584,0.0009681587604571556,0.0,0.0015077080454793895,0.0017366862587405263,0.00037836433207988807,0.0007770526447198269,0.00042339680528634,0.020742381067371116,0.0028903903997976573,0.0,0.0,0.0,0.007076183888975784,0.0017366862587405263,0.00627038883708946,0.014553340302639517,0.004106462159254698,0.0,0.0
Lost_Kings_-_First_Love_preview.wav,0.0,0.0028791820690928977,0.0005142641584652812,0.0,0.0,0.011019117979724763,0.049644234699064135,0.0,0.0005427084769792644,0.0,0.0,0.0006030832181917558,0.011311760332925695,0.005425779936063296,0.0,0.0,0.008512331120411793,0.0,0.002373001624377764,0.005829063521653384,0.0005810962023193357,0.0,0.0,0.0,0.002551238045351353,0.0,0.001336899317858672,0.00048575529347111545,0.0,0.0,0.0,0.0009808377728264992,0.0,0.0025403808317180396,0.001110159511483944,0.0050180088304644125,0.014780394726907052,0.0,0.000299666794230132,0.0009978896300554387,0.0021591566151610694,0.0009492613468869927,0.00039014919216671094,0.0,0.005200294821355327,0.001110588038899365,0.004413769977719246,0.0,0.004139214469307566,0.00053032431185044,0.0,0.0004633202976467087,0.0,0.004453298588063209,0.0,0.0,0.005439368513038788,0.0,0.004817317332996096,0.0004305634658225604,0.0,0.002188985527325796,0.00028049970483569456,0.0005021759804488341,0.0,0.0005669417878558562,0.0,0.0,0.0,0.01834588143135222,0.0014365131468325218,0.000360981249485621,0.0006652597533702924,0.00635977011951079,0.13900104162697746,0.0,0.005550633930124765,0.0006400886684294562,0.0015442203446022294,0.012677186672003196,0.0007300385613199837,0.0,0.0036269462674910257,0.0005552940194496825,0.0,0.0,0.0,0.0,0.0,0.006334207694567221,0.0034002870542978077,0.00104596549699435,0.00045222356470767984,0.0,0.0,0.00484887354512712,0.006548152624800718,0.001155372438891571,0.006044553008775172,0.0,0.027445174081118018,0.0,0.0013463277753551289,0.00026290817923387103,0.006986920433118346,0.005514557835460677,0.0,0.0,0.0011550716278849007,0.0005808952562742933,0.0,0.0009046248272876337,0.0028944770979008774,0.00037836433207988807,0.002719684256519394,0.00042339680528634,0.07185753441196424,0.0019269269331984385,0.0037289259128505505,0.0,0.00024854795640434483,0.0012306406763436147,0.0005788954195801755,0.0018151125581048438,0.00961069642627138,0.0023954362595652407,0.0006214876521417584,0.0
Louis_Tomlinson_-_Dont_Let_It_Break_Your_Heart_-_Single_Edit_preview.wav,0.0,0.0006259091454549778,0.005656905743118093,0.0,0.0,0.020397090728426694,0.0,0.0,0.015738545832398664,0.0017398356948304136,0.0,0.0003015416090958779,0.0,0.01193671585933925,0.0,0.0,0.0043934612234383455,0.000475015516198625,0.013560009282158652,0.0,0.0,0.0,9.193772135446364e-05,0.0,0.0005669417878558562,0.0,0.0,0.0009715105869422309,0.0,0.0,0.0072538925349820505,0.0,0.0,0.00169358722114536,0.0,0.0,0.004191455221063194,0.0004561826209513103,0.000149833397115066,0.0,0.0,0.0,0.00039014919216671094,0.0016123662537965411,0.03120176892813196,0.0005552940194496825,0.0004904188864132496,0.0,0.0013797381564358553,0.0,0.0,0.0,0.0,0.0043183501460006875,0.00011075916690454586,0.0011534713245794515,0.0,0.0,0.0009634634665992192,0.0004305634658225604,0.0,0.0030645797382561147,0.0,0.02962838284648121,0.0,0.0002834708939279281,0.0,0.0019632855905246465,0.0,0.022732940034501662,0.0,0.0010829437484568627,0.003326298766851462,0.004239846746340527,0.0,0.0,0.0,0.0,0.00022060290637174705,0.0,0.0014600771226399674,0.0,0.008462874624145727,0.00222117607779873,0.0,0.0,0.0,0.0031537857492796736,0.0,0.0007038008549519135,0.03983193406463146,0.0,0.0,0.0,0.0,0.0,0.04911114468600539,0.0,0.0,0.0,0.03254560466256473,0.0,0.0,0.0,0.02499167693384639,0.0005336668873026462,0.0,0.0,0.0009900613953299148,0.0009681587604571556,0.0,0.0,0.0,0.0,0.0015541052894396537,0.0,0.0,0.0,0.0,0.0,0.0,0.007999164396233495,0.0,0.0016501023255498582,0.005217235202833035,0.0013688207197515663,0.0037289259128505505,0.0
Lund_-_Alone_preview.wav,0.0,0.00025036365818199114,0.0,0.06198225786634811,0.01366515087589755,0.0,0.0,0.10164036272090879,0.0,0.0,0.0,0.0,0.0,0.0,0.0,0.0,0.0,0.0028500930971917496,0.0,0.000728632940206673,0.0,0.007726253442590142,9.193772135446364e-05,0.026406564824549835,0.0,0.0032719909658080644,0.0007639424673478127,0.0,0.002530675183462322,0.0,0.005181351810701465,0.0,0.0,0.0,0.000555079755741972,0.0,0.0,0.0027370957257078616,0.0,0.0003326298766851462,0.000588860895043928,0.0,0.00039014919216671094,0.0,0.0,0.00444235215559746,0.0,0.0,0.0,0.0,0.0022687258145637924,0.0,0.0,0.0,0.0,0.0,0.0011655789670797403,0.004507554532401915,0.0,0.0,0.0,0.0,0.0,0.0,0.0,0.0002834708939279281,0.0005061350366924645,0.00850757089227347,0.0,0.0,0.05267214871719247,0.0,0.0013305195067405849,0.00013249521082314147,0.0,0.11602816493006096,0.0008539436815576561,0.016322261044951134,0.0006618087191152412,0.0012677186672003197,0.0,0.17501323449938055,0.0,0.0,0.0,0.0006396725986470564,0.01725493874800068,0.0,0.0,0.0,0.0,0.002440586159653484,0.0011305589117691995,0.0,0.0001831010616457821,0.0,0.0,0.004236365609269094,0.0,0.1387752483866835,0.0,0.0,0.0,0.002366173613104839,0.0,0.0,0.0,0.0,0.0,0.0009681587604571556,0.0,0.005126207354629924,0.0,0.0,0.0,0.0,0.0,0.0,0.008700827129984618,0.0,0.0007456438692130344,0.004307242367202651,0.0,0.0,0.0,0.0,0.0,0.0
Lykke_Li_-_I_Follow_Rivers_preview.wav,0.0,0.0,0.024170415447868215,0.0,0.0,0.004923435693068512,0.0014184067056875467,0.0,0.0,0.0022369316076391033,0.0,0.0009046248272876337,0.06244091703774982,0.019171089107423645,0.0,0.0,0.0008237739793946897,0.0,0.006102004176971393,0.0,0.0,0.0,9.193772135446364e-05,0.0,0.0,0.0,0.00019098561683695317,0.0,0.0,0.0,0.0,0.0019616755456529984,0.0,0.032178157201761835,0.000277539877870986,0.0004561826209513103,0.02073667319894422,0.0,0.004644835310567046,0.0,0.0003925739300292854,0.0,0.0005201989228889479,0.003762187925525263,0.0028601621517454295,0.0,0.0009808377728264992,0.0,0.04185205741188761,0.0,0.0,0.00023166014882335434,0.0,0.004453298588063209,0.00033227750071363756,0.0,0.00038852632235991343,0.0,0.0,0.0,0.0,0.0026267826327909553,0.00028049970483569456,0.0,0.0,0.0,0.0,0.0,0.0,0.0,0.0,0.0027073593711421573,0.0,0.0014574473190545562,0.0,0.0,0.0008539436815576561,0.0,0.0004412058127434941,0.0012677186672003197,0.0,0.0,0.004835928356654701,0.0027764700972484125,0.0,0.0001599181496617641,0.0,0.0,0.0,0.0010557012824278702,0.0019430211738844618,0.0,0.00045222356470767984,0.03783643320798881,0.0,0.0,0.0045018549295504934,0.0,0.012089106017550344,0.0,0.021373232912729075,0.0,0.004038983326065387,0.0,0.010749108358643608,0.012808005295263507,0.0,0.0,0.0004950306976649574,0.0019363175209143112,0.0,0.0003015416090958779,0.0,0.0,0.0,0.0025403808317180396,0.0014815986476693656,0.0,0.0,0.0,0.0004970959128086897,0.0030766016908590366,0.002026133968530614,0.009735603720744163,0.00961069642627138,0.0,0.0006214876521417584,0.0
Lykke_Li_-_No_Rest_for_the_Wicked_-_Robin_Schulz_Remix_Edit_preview.wav,0.0,0.00788645523273272,0.005399773663885453,0.0,0.0,0.008205726155114187,0.0,0.0,0.02008021364823278,0.0,0.0,0.0003015416090958779,0.0022623520665851385,0.008681247897701272,0.0142084773629009,0.0003045948430672529,0.002471321938184069,0.000475015516198625,0.021357014619399876,0.008014962342273405,0.013365212653344722,0.0,0.0006435640494812455,0.0,0.002834708939279281,0.007478836493275576,0.0021008417852064845,0.011658127043306769,0.002530675183462322,0.0018369835656040613,0.0005181351810701465,0.0,0.0,0.00042339680528634,0.0119342147484524,0.0,0.005515072659293676,0.0,0.000599333588460264,0.010644156053924679,0.0003925739300292854,0.0,0.00039014919216671094,0.0016123662537965411,0.013780781276591617,0.007774116272295555,0.0,0.0,0.0,0.0,0.0,0.000694980446470063,0.0014712566592397487,0.009311442502313982,0.00022151833380909173,0.0,0.027585368887553856,0.0,0.0,0.0,0.001167248775676326,0.0,0.0,0.01004351960897668,0.009158509686831285,0.0,0.0005061350366924645,0.0,0.0,0.005982352640658332,0.0,0.0001804906247428105,0.013305195067405849,0.012057064184905873,0.0,0.0,0.0,0.0,0.0,0.0025354373344006393,0.0,0.0,0.0029360993593974967,0.0,0.0,0.0,0.0,0.0,0.0016370381562001795,0.0010557012824278702,0.013358270570455672,0.0,0.0006783353470615197,0.0011350929962396642,0.0001831010616457821,0.0,0.005320374007650583,0.0,0.0,0.0,0.007529207048802288,0.0,0.0,0.0005258163584677421,0.008868014395880976,0.0001778889624342154,0.0024109569249278475,0.0,0.003960245581319659,0.0017426857688228798,0.00963041043661793,0.0012061664363835116,0.0031839248076909648,0.00037836433207988807,0.0,0.0,0.0,0.0,0.0,0.0,0.0,0.007999164396233495,0.002026133968530614,0.002640163720879773,0.0013729566323244828,0.012319386477764094,0.0,0.0
Mack_10_-_Nothin_But_The_Cavi_Hit_preview.wav,0.012964257938961925,0.0023784547527289156,0.0002571320792326406,0.0,0.0004712120991688811,0.0004688986374350964,0.0,0.0029894224329679057,0.0,0.003976767302469517,0.003953758697879184,0.0003015416090958779,0.0058821153731213605,0.0003617186624042197,0.000526239902329663,0.0006091896861345058,0.017573844893753382,0.0,0.0003390002320539663,0.0041289199945044805,0.0,0.0005943271878915495,0.0007355017708357091,0.0009964741443226352,0.006519830560342346,0.0,0.004583654804086876,0.0,0.0015184051100773932,0.0,0.0005181351810701465,0.007846702182611994,0.0,0.0105849201321585,0.002220319022967888,0.011860748144734066,0.0026472348764609646,0.004561826209513103,0.000599333588460264,0.0013305195067405849,0.000588860895043928,0.0,0.0023408951530002656,0.0018810939627626315,0.0,0.007774116272295555,0.0009808377728264992,0.017016770596042216,0.017016770596042216,0.00636389174220528,0.0,0.0018532811905868348,0.0004904188864132496,0.00026989688412504297,0.0006645550014272751,0.0005767356622897258,0.0019426316117995672,0.0,0.0,0.014639157837967052,0.0,0.010944927636628982,0.01290298642244195,0.0005021759804488341,0.0029140712639917727,0.003401650727135137,0.002024540146769858,0.0065442853017488225,0.01974061451510433,0.0,0.00814024116538429,0.0019853968721709153,0.0023284091367960238,0.00026499042164628293,0.0032325823634180803,0.00857026218233405,0.018359789153489608,0.021122926058172054,0.0022060290637174705,0.0015846483340003995,0.005475289209899877,0.0008883920532963479,0.0008635586351169108,0.01554823254459111,0.0,0.0003198362993235282,0.0,0.012615142997118694,0.006138893085750673,0.0021114025648557404,0.00024287764673555773,0.0013946206626591336,0.0029394531705999186,0.006432193645358097,0.0016479095548120387,0.00484887354512712,0.0,0.013479345120401663,0.002350659503412567,0.0013877524838668352,0.000728632940206673,0.015108501260302727,0.0053853111014205155,0.0018403572546370971,0.0002687277089660902,0.0005336668873026462,0.0,0.006318271767159222,0.0033002046510997164,0.0009681587604571556,0.0,0.00723699861830107,0.00028944770979008773,0.00037836433207988807,0.022534526696874977,0.005080761663436079,0.028891173629552628,0.0,0.008700827129984618,0.0,0.0009941918256173793,0.0015383008454295183,0.004052267937061228,0.00016501023255498581,0.0002745913264648966,0.0006844103598757831,0.0,0.0
Maffio_-_Celebration_feat_Ky-Mani_Marley_preview.wav,0.0,0.00225327292363792,0.011313811486236187,0.0,0.002356060495844405,0.0016411452310228375,0.0,0.004484133649451858,0.0016281254309377928,0.0057166029972999305,0.0031630069583033476,0.0,0.00045247041331702775,0.014468746496168788,0.001052479804659326,0.007005681390546816,0.0035696872440436553,0.000475015516198625,0.0,0.0026716541140911344,0.0005810962023193357,0.0017829815636746483,0.0008274394921901728,0.0034876595051292233,0.0008504126817837842,0.004206845527467511,0.0021008417852064845,0.010200861162893423,0.0,0.0012246557104027076,0.004663216629631318,0.0,0.0,0.00550415846872242,0.00138769938935493,0.0013685478628539308,0.013677380195048317,0.0022809131047565514,0.0026970011480711878,0.0,0.010599496110790705,0.0,0.0015605967686668437,0.0002687277089660902,0.0002600147410677664,0.0027764700972484125,0.0,0.004599127188119518,0.0032193890316836627,0.00212129724740176,0.0,0.0009266405952934174,0.0,0.003373711051563037,0.00044303666761818345,0.0,0.0,0.0,0.0,0.001291690397467681,0.0,0.0026267826327909553,0.016829982290141675,0.0,0.00499555073827161,0.002834708939279281,0.0,0.0019632855905246465,0.006168942035970104,0.0,0.007661403449773451,0.0027073593711421573,0.0006652597533702924,0.0007949712649388487,0.0,0.0026370037484104766,0.007685493134018905,0.007040975352724018,0.0019854261573457235,0.0006338593336001598,0.0032851735259399263,0.0,0.0005181351810701465,0.0,0.0,0.0001599181496617641,0.0009081546709474042,0.0,0.00040925953905004487,0.00035190042747595675,0.004371797641240039,0.01847872378023352,0.002487229605892239,0.004918736317038545,0.0012817074315204745,0.0,0.00040925953905004487,0.007317358779646617,0.02048431852973808,0.0020816287258002527,0.004371797641240039,0.006973154427832028,0.0,0.0018403572546370971,0.01236147461244015,0.0037356682111185234,0.0,0.002973304361016105,0.006105378604534475,0.002129949273005742,0.0,0.00723699861830107,0.0,0.00037836433207988807,0.005827894835398702,0.0,0.0,0.0,0.003107438260708792,0.0,0.0037282193460651722,0.001845961014515422,0.009841222132862983,0.005445337674314532,0.008512331120411793,0.011292770937950421,0.0,0.002061619467238113
Magic_City_Hippies_-_Limestone_preview.wav,0.0,0.0017525456072739378,0.002571320792326406,0.0,0.006596969388364335,0.0,0.0,0.0004982370721613176,0.007055210200730436,0.004970959128086896,0.0,0.0,0.0,0.005425779936063296,0.015787197069889892,0.0374651656972721,0.0,0.000475015516198625,0.0,0.0,0.0,0.001188654375783099,9.193772135446364e-05,0.02690480189671115,0.0,0.004674272808297235,0.0005729568505108594,0.050518550520996,0.004049080293539716,0.0006123278552013538,0.0,0.0019616755456529984,0.0,0.00169358722114536,0.002220319022967888,0.0,0.0022060290637174705,0.0004561826209513103,0.006143169281717705,0.007317857287073216,0.004710887160351424,0.0,0.0009103481150556589,0.0002687277089660902,0.0,0.0,0.0004904188864132496,0.0,0.0,0.0,0.0,0.0018532811905868348,0.0029425133184794974,0.0021591750730003438,0.0,0.0,0.0,0.000901510906480383,0.0,0.0,0.0,0.002188985527325796,0.013744485536949033,0.0015065279413465022,0.0678562308615227,0.0,0.0030368102201547864,0.0,0.0006168942035970103,0.0,0.0,0.0021658874969137255,0.0003326298766851462,0.00013249521082314147,0.0,0.0,0.0029888028854517966,0.0016002216710736406,0.0004412058127434941,0.0009507890004002397,0.0,0.0,0.0,0.0,0.0,0.0001599181496617641,0.0,0.0,0.0,0.0,0.0034002870542978077,0.0073217584789604506,0.0031655649529537585,0.0011350929962396642,0.0001831010616457821,0.0,0.0,0.0003851241462971904,0.008731021012675248,0.0,0.000728632940206673,0.0,0.0017951037004735053,0.0036807145092741943,0.006718192724152256,0.0003557779248684308,0.0,0.0,0.0013200818604398865,0.004453530298102915,0.0017509837157487149,0.0,0.0005788954195801755,0.00037836433207988807,0.0,0.0,0.0,0.0,0.001242975304283517,0.0,0.008450630517747722,0.0,0.011288460681813422,0.0029701841859897443,0.005217235202833035,0.020874515976211382,0.0,0.014431336270666789
Major_Lazer_-_Get_Free_feat_Amber_Coffman_preview.wav,0.0,0.004005818530911858,0.0005142641584652812,0.0,0.003769696793351049,0.0,0.0,0.004982370721613176,0.0005427084769792644,0.004722411171682551,0.0,0.0006030832181917558,0.0,0.0,0.001052479804659326,0.011574604036555608,0.0,0.00095003103239725,0.0,0.0060719411683889425,0.0,0.004160290315240846,0.0,0.015943586309162164,0.0002834708939279281,0.011685682020743087,0.004201683570412969,0.005586185874917827,0.03441718249508758,0.0,0.0,0.0,0.0,0.0,0.0036080184123228184,0.0,0.002426631970089217,0.0,0.001048833779805462,0.025279870628071112,0.0029443044752196406,0.0,0.0005201989228889479,0.0005374554179321805,0.0,0.0,0.0,0.0018396508752478074,0.0,0.012197459172560121,0.0,0.024324315626452202,0.0,0.003913504819813123,0.0006645550014272751,0.0,0.0,0.0,0.0,0.0,0.0,0.0,0.00028049970483569456,0.0,0.00333036715884774,0.0011338835757117125,0.0005061350366924645,0.003926571181049293,0.0,0.0,0.011970942890271017,0.000721962498971242,0.0,0.00026499042164628293,0.0,0.022414531861489048,0.0017078873631153123,0.0006400886684294562,0.012574365663189582,0.0,0.002190115683959951,0.0,0.0,0.0,0.0,0.0003198362993235282,0.0009081546709474042,0.004415300048991543,0.013096305249601436,0.0,0.002428776467355577,0.004532517153642184,0.015827824764768794,0.0,0.0010986063698746925,0.0,0.0,0.006161986340755046,0.00738778701072521,0.011102019870934681,0.0,0.0011621924046386714,0.0004487759251183763,0.04101367596048388,0.002418549380694812,0.0,0.0,0.008919913083048315,0.0008250511627749291,0.0007745270083657245,0.0008754918578743574,0.004221582527342291,0.0049206110664314915,0.0026485503245592167,0.004273789545959047,0.00084679361057268,0.0,0.0,0.017401654259969236,0.0,0.0074564386921303445,0.0,0.0037628202272711403,0.00016501023255498581,0.0,0.0,0.0006214876521417584,0.003092429200857169
Manila_Killa_-_Youth_Qrion_Remix_feat_Satica_preview.wav,0.0,0.006885000600004756,0.006685434060048656,0.0,0.003769696793351049,0.0,0.0,0.005978844865935811,0.0,0.003479671389660827,0.0,0.0006030832181917558,0.00045247041331702775,0.0,0.0,0.009747034978152092,0.0,0.000475015516198625,0.0,0.002428776467355577,0.0,0.0,0.0011032526562535635,0.008470030226742399,0.0002834708939279281,0.0014022818424891705,0.008021395907152033,0.0060719411683889425,0.0,0.0,0.0,0.0,0.0,0.011431713742731178,0.000277539877870986,0.0013685478628539308,0.02007486447982898,0.0,0.00299666794230132,0.004324188396906901,0.008636626460644278,0.0,0.0022108454222780284,0.003493460216559173,0.0,0.0,0.0019616755456529984,0.0013797381564358553,0.00505903990693147,0.00212129724740176,0.0,0.0016216210417634804,0.0,0.0064775252190010305,0.00033227750071363756,0.0,0.0,0.0,0.0,0.005166761589870724,0.0,0.001751188421860637,0.0103784890789207,0.0,0.0029140712639917727,0.0005669417878558562,0.0,0.0,0.0,0.0,0.020590021771266148,0.004151284369084641,0.0,0.0007949712649388487,0.0,0.0006592509371026191,0.014517042586480153,0.020162793055527872,0.0,0.0006338593336001598,0.0,0.0,0.00034542345404676435,0.0,0.0,0.0,0.0,0.0012615142997118695,0.0008185190781000897,0.00035190042747595675,0.0019430211738844618,0.021965275436881353,0.009496694858861275,0.0022701859924793284,0.0003662021232915642,0.0,0.0,0.009242979511132569,0.02216336103217563,0.0,0.0034002870542978077,0.0,0.0053853111014205155,0.015248674395564519,0.004837098761389624,0.0032020013238158768,0.0,0.0003716630451270131,0.0034652148836547022,0.0007745270083657245,0.0,0.01718787171846504,0.0014472385489504387,0.0,0.0019426316117995672,0.00042339680528634,0.0,0.0,0.0037289259128505505,0.0,0.0037282193460651722,0.0,0.001157790839160351,0.003960245581319659,0.0013729566323244828,0.0006844103598757831,0.0,0.0
Manu_Chao_-_Bongo_Bong_preview.wav,0.001525206816348462,0.00012518182909099557,0.0,0.0,0.002827272595013286,0.0,0.0007092033528437733,0.0014947112164839529,0.009768752585626757,0.005965150953704275,0.0,0.0006030832181917558,0.0,0.0,0.09261822281002068,0.0030459484306725286,0.0,0.0,0.0,0.0,0.0023243848092773427,0.0035659631273492966,0.0006435640494812455,0.0004982370721613176,0.0,0.011685682020743087,0.0,0.00024287764673555773,0.02783742701808554,0.011634229248825722,0.0,0.026482619866315477,0.007594090775095942,0.0012701904158590198,0.000277539877870986,0.0009123652419026206,0.0,0.0036494609676104824,0.001947834162495858,0.0009978896300554387,0.0007851478600585708,0.0009492613468869927,0.0009103481150556589,0.0,0.0,0.0,0.0,0.0018396508752478074,0.00781851621980318,0.0,0.0,0.00023166014882335434,0.007846702182611994,0.0,0.00011075916690454586,0.01499512721953287,0.0,0.0,0.0,0.002583380794935362,0.026846721840555497,0.0026267826327909553,0.0008414991145070836,0.0,0.002497775369135805,0.0,0.09009203653125868,0.0,0.050585324694954845,0.0,0.0009576754312216814,0.0010829437484568627,0.0006652597533702924,0.0,0.0008081455908545201,0.0,0.0,0.0,0.0004412058127434941,0.0003169296668000799,0.0,0.0026651761598890434,0.0,0.0,0.006564283393808332,0.0003198362993235282,0.0036326186837896167,0.001892271449567804,0.0036833358514504035,0.0,0.0,0.0,0.0,0.006053829313278209,0.0,0.02181993095307204,0.0,0.0003851241462971904,0.0,0.0,0.0,0.0011621924046386714,0.007180414801894021,0.0,0.0,0.0,0.05304105234841264,0.0,0.0,0.0013554222646400178,0.03764614988859737,0.0,0.0,0.010215836966156976,0.0,0.0148188881850219,0.0,0.0019269269331984385,0.0,0.0,0.019386740599538897,0.0,0.0306814572377493,0.0008250511627749291,0.0,0.0006844103598757831,0.0,0.008246477868952452
Manuel_Turizo_-_Baila_Conmigo_preview.wav,0.006863430673568078,0.0,0.0,0.010938045505826138,0.003769696793351049,0.0,0.0,0.01893300874213007,0.0,0.008699178474152068,0.0,0.0,0.0,0.001085155987212659,0.0,0.0,0.010983653058595862,0.00095003103239725,0.002373001624377764,0.00024287764673555773,0.0,0.004754617503132396,0.00018387544270892728,0.003985896577290541,0.00737024324212613,0.0,0.0009549280841847657,0.00024287764673555773,0.0,0.0,0.0,0.0,0.0,0.007197745689867779,0.0,0.010948382902831446,0.008824116254869882,0.013685478628539308,0.00074916698557533,0.0,0.0037294523352782113,0.0,0.0005201989228889479,0.002149821671728722,0.0005200294821355328,0.0,0.0034329322048927474,0.008738341657427083,0.0,0.0026516215592522,0.0,0.006023163869407213,0.017164661024463738,0.0006747422103126074,0.00011075916690454586,0.011534713245794515,0.0,0.008113598158323446,0.0,0.003875071192403043,0.0,0.0026267826327909553,0.0,0.0,0.000832591789711935,0.0014173544696396406,0.006579755477002037,0.002617714120699529,0.0,0.0007976470187544442,0.011970942890271017,0.018229553099023858,0.0,0.00013249521082314147,0.0,0.0019777528113078574,0.0017078873631153123,0.0012801773368589125,0.0006618087191152412,0.0015846483340003995,0.0018250964032999592,0.08528563711644939,0.00552677526474823,0.0,0.001641070848452083,0.0001599181496617641,0.005448928025684425,0.007569085798271216,0.0008185190781000897,0.011964614534182528,0.0,0.00313789649098305,0.005878906341199837,0.00037836433207988807,0.0010986063698746925,0.0,0.009003709859100987,0.006547110487052236,0.009738446514137777,0.006244886177400758,0.008014962342273405,0.0011621924046386714,0.006282862951657268,0.003154898150806452,0.0,0.0012452227370395078,0.0,0.00966323917330234,0.013695849302063823,0.0,0.0,0.01598170528208153,0.0017366862587405263,0.0,0.012044315993157315,0.0,0.0,0.0,0.002485950608567034,0.0,0.002485479564043448,0.0,0.0,0.0033002046510997164,0.003844278570508552,0.0,0.002485950608567034,0.0
Mark_Mendy_-_Mine_preview.wav,0.0,0.0007510909745459733,0.017999245546284844,0.0,0.0,0.004220087736915867,0.0007092033528437733,0.0,0.0,0.0004970959128086897,0.0,0.01296628919112275,0.0,0.01193671585933925,0.0,0.0,0.012905792343850137,0.00095003103239725,0.005085003480809495,0.0038860423477689236,0.0005810962023193357,0.0,0.0009193772135446364,0.0,0.00595288877248649,0.0,0.004583654804086876,0.00024287764673555773,0.0,0.0,0.0,0.0019616755456529984,0.002847784040660978,0.0,0.000832619633612958,0.0009123652419026206,0.015883409258765788,0.0050180088304644125,0.00044950019134519796,0.0,0.004318313230322139,0.012340397509530905,0.00039014919216671094,0.003762187925525263,0.0028601621517454295,0.00222117607779873,0.003923351091305997,0.002299563594059759,0.0,0.00159097293555132,0.0,0.002316601488233543,0.0014712566592397487,0.0043183501460006875,0.00011075916690454586,0.0,0.0011655789670797403,0.0,0.0019269269331984385,0.0,0.0,0.0013133913163954777,0.0005609994096713891,0.0015065279413465022,0.0,0.003118179833207209,0.0005061350366924645,0.0013088570603497645,0.001850682610791031,0.0,0.009097916596605972,0.0009024531237140523,0.0006652597533702924,0.0013249521082314146,0.00242443677256356,0.015162771553360242,0.006404577611682422,0.0009601330026441843,0.0017648232509739764,0.0,0.0007300385613199837,0.0,0.00811745117009896,0.0,0.0,0.0039979537415441024,0.0,0.007569085798271216,0.003274076312400359,0.00035190042747595675,0.001457265880413346,0.002440586159653484,0.005652794558845998,0.0,0.0009155053082289104,0.0008081455908545201,0.0045018549295504934,0.00962810365742976,0.011081680516087815,0.0006938762419334176,0.015301291744340135,0.015689597462622062,0.0017951037004735053,0.0013145408961693552,0.01746730108279586,0.0023125565116448,0.0,0.00966323917330234,0.010725665116074078,0.0005808952562742933,0.0,0.010553956318355727,0.0037628202272711403,0.0007567286641597761,0.01476400024967671,0.0025403808317180396,0.0,0.014451951998988287,0.014294215999260444,0.0,0.00024854795640434483,0.0015383008454295183,0.00028944770979008773,0.0008250511627749291,0.0010983653058595864,0.0023954362595652407,0.001242975304283517,0.0
Marracash_-_SUPREME_-_Lego_feat_tha_Supreme_Sfera_Ebbasta_preview.wav,0.001525206816348462,0.00112663646181896,0.0048855095054201715,0.0,0.004240908892519929,0.0023444931871754817,0.0,0.008968267298903716,0.0,0.01193030190740855,0.0,0.0006030832181917558,0.001357411239951083,0.0007234373248084394,0.0,0.0003045948430672529,0.01977057550547255,0.0,0.0027120018564317306,0.0,0.0,0.0,0.00018387544270892728,0.005480607793774493,0.007086772348198203,0.0004674272808297235,0.001145913701021719,0.001457265880413346,0.0,0.0,0.0,0.0,0.0,0.009314729716299479,0.0,0.006842739314269654,0.017868835416111513,0.005474191451415723,0.00149833397115066,0.0003326298766851462,0.0037294523352782113,0.0,0.00026009946144447396,0.002956004798626992,0.0028601621517454295,0.00222117607779873,0.0,0.0,0.004139214469307566,0.00106064862370088,0.0,0.0016216210417634804,0.0,0.002564020399187908,0.00044303666761818345,0.002883678311448629,0.00038852632235991343,0.0,0.0,0.006889015453160966,0.0,0.0026267826327909553,0.011219988193427783,0.0005021759804488341,0.0004162958948559675,0.0002834708939279281,0.002024540146769858,0.0019632855905246465,0.003701365221582062,0.0023929410562633325,0.010055592027827654,0.009385512486626144,0.0,0.0014574473190545562,0.0,0.0032962546855130957,0.03159591621763328,0.0022403103395030968,0.00022060290637174705,0.0003169296668000799,0.00401521208725991,0.0044419602664817395,0.0034542345404676433,0.013882350486242064,0.0,0.0001599181496617641,0.004540773354737021,0.001892271449567804,0.0,0.00035190042747595675,0.001457265880413346,0.016386792786244816,0.005878906341199837,0.0022701859924793284,0.0003662021232915642,0.0,0.009003709859100987,0.002695869024080333,0.02048431852973808,0.006244886177400758,0.0051004305814467115,0.006392058225512692,0.0,0.0018403572546370971,0.0005374554179321805,0.0023125565116448,0.0,0.004088293496397144,0.013035808371843878,0.00019363175209143112,0.0,0.006030832181917558,0.001157790839160351,0.0,0.0318591584335129,0.0,0.0,0.0,0.007457851825701101,0.0,0.0019883836512347586,0.00030766016908590366,0.0017366862587405263,0.0004950306976649574,0.0,0.0017110258996894576,0.002485950608567034,0.0
Marshmello_-_FRIENDS_preview.wav,0.013726861347136157,0.00037554548727298663,0.002057056633861125,0.0,0.0,0.003282290462045675,0.014184067056875466,0.003985896577290541,0.0016281254309377928,0.0004970959128086897,0.0015815034791516738,0.0,0.0058821153731213605,0.005064061273659076,0.0,0.002436758744538023,0.0032950959175787587,0.000475015516198625,0.008814006033403123,0.00024287764673555773,0.006392058225512692,0.0,9.193772135446364e-05,0.005978844865935811,0.003968592514990993,0.0,0.0,0.0041289199945044805,0.0,0.0,0.014507785069964101,0.0004904188864132496,0.0009492613468869927,0.00677434888458144,0.000832619633612958,0.011404565523782757,0.0037502494083196994,0.0,0.0,0.003326298766851462,0.0007851478600585708,0.0009492613468869927,0.00026009946144447396,0.007255648142084435,0.016120913946201514,0.008329410291745238,0.0,0.0,0.006438778063367325,0.0,0.0,0.006718144315877275,0.0,0.007017318987251117,0.00044303666761818345,0.0,0.0,0.0,0.0019269269331984385,0.006458451987338405,0.0,0.0013133913163954777,0.00028049970483569456,0.0065282877458348425,0.0004162958948559675,0.0014173544696396406,0.0005061350366924645,0.0,0.0,0.019941175468861108,0.0028730262936650435,0.0,0.007650487163758364,0.004107351535517385,0.040407279542726,0.0,0.0012809155223364843,0.0,0.0004412058127434941,0.0022185076676005592,0.0010950578419799755,0.0,0.014853208524010867,0.009995292350094285,0.0,0.0,0.0,0.00946135724783902,0.0,0.0077418094044710475,0.004371797641240039,0.00104596549699435,0.004070012082369118,0.0018918216603994403,0.0001831010616457821,0.0008081455908545201,0.009003709859100987,0.0,0.0006716170009750191,0.0,0.007043451755331173,0.0,0.003141431475828634,0.000788724537701613,0.005912009597253984,0.0,0.0,0.002973304361016105,0.016996053953163538,0.0,0.0008754918578743574,0.003015416090958779,0.0034733725174810525,0.0007567286641597761,0.006604947480118528,0.00084679361057268,0.05111515334459311,0.0,0.003107438260708792,0.0,0.0,0.003691922029030844,0.0,0.0004950306976649574,0.001922139285254276,0.011634976117888312,0.0,0.0
Maxwell_-_Dancewitme_preview.wav,0.0,0.0016273637781829423,0.0,0.0,0.001413636297506643,0.0021100438684579334,0.0,0.027901276041033787,0.0005427084769792644,0.007207890735725999,0.0,0.0006030832181917558,0.0009049408266340555,0.006510935923275955,0.002104959609318652,0.005787302018277804,0.0,0.0,0.0,0.0,0.0,0.005348944691023944,0.0005516263281267818,0.01644182338132348,0.0008504126817837842,0.007011409212445852,0.0,0.005343308228182269,0.001012270073384929,0.0,0.001036270362140293,0.0029425133184794974,0.0,0.0,0.002220319022967888,0.0,0.0006618087191152412,0.02372149628946813,0.001198667176920528,0.009978896300554388,0.0013740087551024989,0.0,0.0007802983843334219,0.0,0.0,0.0027764700972484125,0.0,0.0,0.004599127188119518,0.007424540365906161,0.0,0.003474902232350315,0.0019616755456529984,0.0008096906523751288,0.0,0.013841655894953418,0.0019426316117995672,0.0,0.0,0.0,0.005836243878381629,0.0026267826327909553,0.0016829982290141672,0.0,0.010823693266255156,0.0008504126817837842,0.010628835770541753,0.0,0.010487201461149176,0.0003988235093772221,0.02298421034932035,0.000360981249485621,0.0,0.0014574473190545562,0.0,0.005274007496820953,0.0,0.0044806206790061935,0.0030884406892044587,0.0015846483340003995,0.00036501928065999184,0.008883920532963479,0.00034542345404676435,0.011661174408443333,0.0,0.0003198362993235282,0.0036326186837896167,0.0,0.00040925953905004487,0.0,0.000728632940206673,0.019176034111563083,0.01650616011183031,0.0011350929962396642,0.0001831010616457821,0.0016162911817090401,0.00040925953905004487,0.006547110487052236,0.004365510506337624,0.09714267387067846,0.001457265880413346,0.0,0.003141431475828634,0.009727602631653228,0.0002687277089660902,0.0001778889624342154,0.0,0.0003716630451270131,0.005610347906869517,0.002129949273005742,0.0,0.008744706663780459,0.0,0.0011350929962396642,0.0,0.004657364858149739,0.0,0.0,0.0,0.0,0.018392548773921515,0.000922980507257711,0.018524653426565615,0.0013200818604398865,0.001922139285254276,0.002053231079627349,0.0,0.002061619467238113
MC_Breed_-_Aint_No_Future_In_Yo_Frontin_preview.wav,0.005338223857219617,0.0023784547527289156,0.0002571320792326406,0.0,0.002827272595013286,0.0,0.0014184067056875467,0.0,0.0010854169539585288,0.0032311234332564826,0.0,0.0003015416090958779,0.010859289919608665,0.0,0.002104959609318652,0.0003045948430672529,0.0,0.0014250465485958748,0.0,0.005829063521653384,0.0,0.0017829815636746483,0.0013790658203169546,0.0,0.00453553430284685,0.0014022818424891705,0.0028647842525542973,0.000728632940206673,0.0075920255503869665,0.0036739671312081227,0.001036270362140293,0.019126336570116736,0.0018985226937739855,0.0012701904158590198,0.007493576702516622,0.0027370957257078616,0.0,0.0013685478628539308,0.004794668707682112,0.0013305195067405849,0.000588860895043928,0.006644829428208949,0.0014305470379446068,0.0018810939627626315,0.0,0.0,0.0004904188864132496,0.016556857877230265,0.004599127188119518,0.0026516215592522,0.0,0.004401542827643732,0.0009808377728264992,0.00026989688412504297,0.0006645550014272751,0.0017302069868691773,0.0019426316117995672,0.000901510906480383,0.026976977064778137,0.005166761589870724,0.0,0.00043779710546515925,0.0028049970483569457,0.0,0.0,0.01190577754497298,0.004049080293539716,0.0,0.004318259425179072,0.004785882112526665,0.0004788377156108407,0.0059561906165127455,0.003658928643536608,0.0003974856324694244,0.01535476622623588,0.0006592509371026191,0.00042697184077882807,0.0016002216710736406,0.01720702669699627,0.029157529345607353,0.019346021874979566,0.0,0.0,0.0,0.0,0.0004797544489852923,0.0,0.018291957345822105,0.020053717413452198,0.004574705557187438,0.00024287764673555773,0.0,0.0018088942588307194,0.004540371984958657,0.0001831010616457821,0.01777920299879944,0.00040925953905004487,0.002310744877783142,0.0,0.0006938762419334176,0.0,0.007554250630151364,0.008975518502367526,0.0010516327169354841,0.0,0.0012452227370395078,0.0,0.017468163120969615,0.0009900613953299148,0.006196216066925796,0.0,0.0009046248272876337,0.016209071748244912,0.00983747263407709,0.004273789545959047,0.009314729716299479,0.009630391209850877,0.0,0.0,0.0,0.0044738632152782065,0.003999582198116748,0.0034733725174810525,0.00033002046510997163,0.0002745913264648966,0.00034220517993789157,0.0018644629564252752,0.0
MC_Igu_-_Popeye_preview.wav,0.012201654530787696,0.00025036365818199114,0.0,0.004861353558144951,0.0009424241983377622,0.0,0.00425522011706264,0.004982370721613176,0.0,0.00820208256134338,0.005535262177030858,0.0006030832181917558,0.00407223371985325,0.0,0.002104959609318652,0.0012183793722690115,0.0,0.003800124129589,0.0,0.0,0.0,0.0005943271878915495,0.0002758131640633909,0.0004982370721613176,0.0002834708939279281,0.0004674272808297235,0.00038197123367390633,0.0,0.0,0.0006123278552013538,0.0,0.044628118663605706,0.060752726200767534,0.0042339680528634,0.00138769938935493,0.0022809131047565514,0.0006618087191152412,0.025090044152322064,0.001048833779805462,0.0,0.0013740087551024989,0.0,0.00026009946144447396,0.0,0.0,0.0,0.004413769977719246,0.0,0.006898690782179277,0.00053032431185044,0.0,0.0018532811905868348,0.018145498797290237,0.00026989688412504297,0.0,0.06459439417644929,0.00038852632235991343,0.000901510906480383,0.0,0.01205577704303169,0.022177726737850192,0.03852614528093401,0.0005609994096713891,0.0,0.0020814794742798374,0.0019842962574954967,0.029355832128162937,0.0006544285301748823,0.0900665537251635,0.0,0.00814024116538429,0.0027073593711421573,0.0,0.0,0.0016162911817090401,0.0026370037484104766,0.00042697184077882807,0.004160576344791465,0.0017648232509739764,0.0003169296668000799,0.0,0.01687944901263061,0.00017271172702338218,0.0,0.04594998375665832,0.0004797544489852923,0.0009081546709474042,0.017661200195966172,0.0016370381562001795,0.0,0.0,0.005927137816301317,0.002487229605892239,0.0034052789887189924,0.0,0.0008081455908545201,0.0,0.0069322346333494265,0.0016790425024375477,0.0076326386612675925,0.0,0.0005810962023193357,0.019746140705208554,0.001577449075403226,0.0,0.0003557779248684308,0.012054784624639237,0.00594660872203221,0.00016501023255498581,0.0005808952562742933,0.0,0.0003015416090958779,0.0,0.0,0.0,0.01778266582202628,0.014075187152858973,0.0028903903997976573,0.001242975304283517,0.0,0.0029825754768521375,0.0,0.0017366862587405263,0.00016501023255498581,0.0,0.0,0.0,0.0
Merk_Kremont_-_Get_Get_Down_-_Radio_Edit_preview.wav,0.0,0.0,0.0,0.0,0.0,0.00914352342998438,0.0,0.0,0.0,0.00024854795640434483,0.0,0.0003015416090958779,0.016288934879413,0.04847030076216544,0.0,0.0,0.0016475479587893793,0.0,0.006102004176971393,0.000728632940206673,0.0,0.0,0.0002758131640633909,0.0,0.0,0.0,0.001336899317858672,0.0,0.0,0.0,0.05751300509878626,0.0004904188864132496,0.0,0.0012701904158590198,0.001110159511483944,0.0,0.0019854261573457235,0.0004561826209513103,0.0008990003826903959,0.0,0.0,0.0,0.00039014919216671094,0.0,0.001560088446406598,0.030541171069732538,0.0004904188864132496,0.0,0.00045991271881195184,0.0,0.0,0.0,0.0,0.00026989688412504297,0.00011075916690454586,0.0,0.012044315993157315,0.0,0.0009634634665992192,0.0,0.0,0.0,0.0,0.019082687257055694,0.0,0.0,0.0,0.0006544285301748823,0.0,0.0039882350937722215,0.0,0.000360981249485621,0.0023284091367960238,0.0011924568974082733,0.0,0.0,0.0008539436815576561,0.0,0.0019854261573457235,0.0015846483340003995,0.0,0.0,0.0012089820891636753,0.04220234547817587,0.0,0.0,0.0,0.0,0.0,0.0017595021373797838,0.0,0.0,0.0,0.0007567286641597761,0.0001831010616457821,0.0,0.03519632035830386,0.0,0.0,0.0,0.0189444564453735,0.0,0.0008975518502367527,0.0,0.002418549380694812,0.0005336668873026462,0.0,0.0,0.0008250511627749291,0.0009681587604571556,0.0,0.0006030832181917558,0.0005788954195801755,0.0,0.0,0.0,0.011111989857520242,0.0009634634665992192,0.0,0.0,0.0,0.022459192343270967,0.0,0.0047852967440945885,0.08896758977462649,0.0,0.0,0.0
MESSIAH_-_ANGST_II_preview.wav,0.002287810224522693,0.0008762728036369689,0.0015427924753958436,0.0072920303372174256,0.005183333090857691,0.0002344493187175482,0.0,0.028399513113195107,0.018452088217294986,0.0019883836512347586,0.0,0.0,0.0,0.0,0.0026311995116483147,0.01858028542710242,0.0035696872440436553,0.000475015516198625,0.0003390002320539663,0.000728632940206673,0.0029054810115966786,0.001188654375783099,0.00018387544270892728,0.029395987257517738,0.003401650727135137,0.018229663952359216,0.0038197123367390627,0.005343308228182269,0.002530675183462322,0.005510950696812184,0.0,0.0,0.0,0.00042339680528634,0.000555079755741972,0.0004561826209513103,0.00022060290637174705,0.0022809131047565514,0.001198667176920528,0.006319967657017778,0.008636626460644278,0.0,0.00039014919216671094,0.003762187925525263,0.0002600147410677664,0.0,0.0,0.006438778063367325,0.0027594763128717106,0.0026516215592522,0.0,0.008339765357640756,0.0019616755456529984,0.0009446390944376503,0.0,0.0,0.0,0.009916619971284213,0.0,0.001291690397467681,0.005836243878381629,0.0008755942109303185,0.014305484946620421,0.0045195838240395065,0.02372886600679015,0.0,0.002024540146769858,0.002617714120699529,0.008636518850358144,0.0,0.01628048233076858,0.001443924997942484,0.0019957792601108773,0.0,0.0,0.005933258433923572,0.006404577611682422,0.003840532010576737,0.0,0.0003169296668000799,0.00036501928065999184,0.03375889802526122,0.0,0.0,0.013128566787616664,0.0001599181496617641,0.05812189894063387,0.0,0.00040925953905004487,0.001407601709903827,0.001457265880413346,0.017432758283239168,0.004748347429430638,0.0015134573283195523,0.0001831010616457821,0.0,0.0,0.003080993170377523,0.005037127507312643,0.011102019870934681,0.0,0.0029054810115966786,0.0,0.007098520839314517,0.0,0.0012452227370395078,0.0012054784624639238,0.0033449674061431177,0.0013200818604398865,0.0007745270083657245,0.011381394152366647,0.0048246657455340465,0.0008683431293702631,0.0030269146566391045,0.019814842440355585,0.0,0.0,0.0,0.010565290086409893,0.0,0.0027340275204477925,0.0,0.0034733725174810525,0.0019801227906598297,0.0,0.009581745038260963,0.0006214876521417584,0.013400526537047732
Metallica_-_Now_That_Were_Dead_preview.wav,0.0,0.004631727676366835,0.0,0.0,0.0009424241983377622,0.0,0.0,0.0,0.0016281254309377928,0.0,0.0,0.0,0.0,0.0,0.0,0.0,0.0002745913264648966,0.000475015516198625,0.00813600556929519,0.0017001435271489038,0.22778971130917958,0.0035659631273492966,0.00018387544270892728,0.0,0.0002834708939279281,0.0004674272808297235,0.0005729568505108594,0.0012143882336777885,0.00455521533023218,0.0,0.0,0.0,0.0,0.0,0.0,0.0,0.0008824116254869882,0.0,0.0,0.04889659187271649,0.0,0.0,0.0007802983843334219,0.0,0.03120176892813196,0.0,0.0,0.0,0.0,0.00318194587110264,0.0,0.0018532811905868348,0.0,0.008636700292001375,0.00011075916690454586,0.0,0.0,0.0,0.015415415465587508,0.0,0.0,0.0,0.0,0.0,0.0,0.0011338835757117125,0.0,0.0,0.0,0.015952940375088886,0.0,0.0,0.0,0.00450483716798681,0.0,0.0,0.0,0.0,0.0,0.0,0.00036501928065999184,0.0,0.009671856713309402,0.0,0.0,0.0001599181496617641,0.0,0.0,0.002455557234300269,0.0,0.000728632940206673,0.0006973103313295668,0.0031655649529537585,0.0,0.0007324042465831283,0.0,0.028238908194453093,0.0003851241462971904,0.00033580850048750956,0.0,0.015058414097604576,0.0,0.0,0.0042065308677419365,0.0,0.0,0.0,0.0,0.008910552557969234,0.0,0.0,0.0033169577000546568,0.0008683431293702631,0.016648030611515072,0.0,0.0,0.0,0.0,0.0,0.0,0.0,0.0,0.0,0.0,0.0,0.0,0.0,0.0
Miami_Horror_-_Love_Like_Mine_preview.wav,0.000762603408174231,0.006885000600004756,0.0023141887130937655,0.019445414232579804,0.01931969606592412,0.0028133918246105783,0.0,0.030392461401840373,0.0,0.004225315258873861,0.0023722552187275107,0.0,0.001357411239951083,0.007234373248084394,0.002104959609318652,0.006091896861345057,0.0,0.002375077580993125,0.0,0.00048575529347111545,0.0,0.007131926254698593,0.0004596886067723182,0.03138893554616301,0.0,0.044873018959653455,0.00038197123367390633,0.001457265880413346,0.005567485403617108,0.0006123278552013538,0.0,0.0009808377728264992,0.0,0.0012701904158590198,0.000832619633612958,0.0,0.0004412058127434941,0.014141661249490617,0.0016481673682657257,0.011642045683980118,0.0007851478600585708,0.0,0.00026009946144447396,0.0,0.0,0.0,0.0009808377728264992,0.0009198254376239037,0.00045991271881195184,0.00424259449480352,0.0,0.00023166014882335434,0.0019616755456529984,0.003103814167437994,0.00044303666761818345,0.006920827947476709,0.0,0.003606043625921532,0.0,0.0004305634658225604,0.004668995102705304,0.006129159476512229,0.00308549675319264,0.0,0.005411846633127578,0.0,0.014677916064081468,0.0006544285301748823,0.001850682610791031,0.0,0.008619078880995132,0.0009024531237140523,0.0006652597533702924,0.0007949712649388487,0.0,0.0026370037484104766,0.0029888028854517966,0.015362128042306949,0.006397484284780664,0.0012677186672003197,0.00036501928065999184,0.02576336954559409,0.0,0.008329410291745238,0.01641070848452083,0.0001599181496617641,0.012714165393263657,0.0,0.0008185190781000897,0.0,0.0,0.010459654969943501,0.010175030205922796,0.00037836433207988807,0.0007324042465831283,0.0,0.0,0.007317358779646617,0.00738778701072521,0.013183648596734933,0.00048575529347111545,0.003486577213916014,0.0,0.02576500156491936,0.0002687277089660902,0.001778889624342154,0.0,0.0003716630451270131,0.0,0.0087134288441144,0.0008754918578743574,0.003920040918246413,0.00028944770979008773,0.0030269146566391045,0.0007770526447198269,0.0,0.002963197295338731,0.0,0.0,0.0,0.006462246866512965,0.00030766016908590366,0.0034733725174810525,0.0008250511627749291,0.006590191835157517,0.0,0.0,0.002061619467238113
Michael_Learns_To_Rock_-_Paint_My_Love_-_2014_Remastered_Version_preview.wav,0.00838863748991654,0.00037554548727298663,0.0038569811884896095,0.0,0.002356060495844405,0.0018755945497403856,0.02411291399668829,0.008470030226742399,0.0021708339079170576,0.0019883836512347586,0.0,0.0009046248272876337,0.006787056199755416,0.0007234373248084394,0.003683679316307641,0.0063964917044123095,0.0008237739793946897,0.0,0.0,0.001457265880413346,0.0029054810115966786,0.0017829815636746483,0.0005516263281267818,0.003985896577290541,0.004252063408918922,0.000934854561659447,0.0030557698693912507,0.0009715105869422309,0.0005061350366924645,0.0,0.001036270362140293,0.03531015982175397,0.015188181550191884,0.007621142495154119,0.0058283374352907065,0.007298921935220965,0.0066180871911524115,0.0,0.00044950019134519796,0.0029936688901663158,0.0037294523352782113,0.0009492613468869927,0.0009103481150556589,0.004837098761389624,0.0,0.0,0.0004904188864132496,0.007358603500991229,0.021615897784161734,0.00318194587110264,0.0,0.005559843571760504,0.0,0.0008096906523751288,0.0,0.002306942649158903,0.002719684256519394,0.000901510906480383,0.0009634634665992192,0.009041832782273768,0.001167248775676326,0.005253565265581911,0.003646496162864029,0.0,0.0029140712639917727,0.0005669417878558562,0.011134970807234216,0.0019632855905246465,0.02035750871870134,0.0027917645656405548,0.006224890302940929,0.0012634343731996733,0.0023284091367960238,0.0006624760541157073,0.012930329453672321,0.012525767804949763,0.008966408656355389,0.0028803990079325527,0.0006618087191152412,0.0009507890004002397,0.0010950578419799755,0.0044419602664817395,0.0015544055432104395,0.0072188222528458725,0.0,0.0003198362993235282,0.0018163093418948084,0.002523028599423739,0.004911114468600538,0.0,0.0009715105869422309,0.002789241325318267,0.0031655649529537585,0.01362111595487597,0.0,0.0161629118170904,0.0,0.003851241462971904,0.010745872015600306,0.004857133693533923,0.00024287764673555773,0.019176174676538076,0.0170534851544983,0.0034178063300403234,0.003493460216559173,0.0023125565116448,0.0012054784624639238,0.00483161958665117,0.004125255813874645,0.0011617905125485867,0.0008754918578743574,0.0033169577000546568,0.005788954195801755,0.0026485503245592167,0.007382000124838355,0.0025403808317180396,0.015556785800528338,0.0019269269331984385,0.01118677773855165,0.0,0.001242739782021724,0.002768941521773133,0.006657297325172018,0.00033002046510997163,0.002471321938184069,0.002053231079627349,0.0,0.005154048668095282
Miles_Wesley_-_Lil_Mama_preview.wav,0.003813017040871155,0.0010014546327279646,0.0010285283169305624,0.0,0.002827272595013286,0.0004688986374350964,0.012765660351187919,0.0029894224329679057,0.0,0.00024854795640434483,0.0015815034791516738,0.0003015416090958779,0.001809881653268111,0.0,0.0,0.0003045948430672529,0.0043934612234383455,0.0,0.0,0.0041289199945044805,0.0,0.0,0.00018387544270892728,0.0,0.003685121621063065,0.004206845527467511,0.006493510972456406,0.00024287764673555773,0.0,0.0018369835656040613,0.002072540724280586,0.0004904188864132496,0.0018985226937739855,0.011855110548017519,0.000555079755741972,0.0027370957257078616,0.0026472348764609646,0.0004561826209513103,0.0,0.0009978896300554387,0.0029443044752196406,0.0,0.0013004973072223698,0.0,0.0,0.00888470431119492,0.0,0.006438778063367325,0.046451184600007134,0.0,0.0,0.00023166014882335434,0.0014712566592397487,0.0,0.0005537958345227293,0.0011534713245794515,0.0023311579341594806,0.0,0.0,0.021097609825305456,0.0,0.012696116058489616,0.020476478453005702,0.0,0.0058281425279835455,0.0005669417878558562,0.003542945256847251,0.0006544285301748823,0.021591297125895362,0.0,0.0067037280185517694,0.002346378121656536,0.0,0.0,0.00565701913598164,0.0032962546855130957,0.09991141074224577,0.027843857076681345,0.0004412058127434941,0.0,0.0,0.0,0.0,0.003331764116698095,0.0,0.0003198362993235282,0.0,0.0006307571498559348,0.0,0.0,0.0,0.016038137620580036,0.002035006041184559,0.0015134573283195523,0.0007324042465831283,0.0,0.0,0.0003851241462971904,0.018469467526813024,0.0006938762419334176,0.0,0.007554250630151364,0.0,0.002366173613104839,0.0,0.010673337746052924,0.0,0.0011149891353810393,0.0013200818604398865,0.0007745270083657245,0.0,0.003618499309150535,0.0,0.0,0.020980421407435324,0.0012701904158590198,0.015556785800528338,0.0,0.005593388869275825,0.0,0.0,0.0006153203381718073,0.0005788954195801755,0.0,0.0002745913264648966,0.0006844103598757831,0.001242975304283517,0.0010308097336190565
Milonair_-_Azzlack_Harami_preview.wav,0.000762603408174231,0.005007273163639823,0.0082282265354445,0.0,0.0,0.0023444931871754817,0.004964423469906413,0.0,0.005969793246771907,0.0022369316076391033,0.0,0.0003015416090958779,0.010859289919608665,0.006872654585680174,0.002104959609318652,0.0,0.0021967306117191727,0.000475015516198625,0.004746003248755528,0.0012143882336777885,0.010459731641748042,0.0,0.0006435640494812455,0.0,0.002267767151423425,0.000934854561659447,0.0009549280841847657,0.001457265880413346,0.0,0.0006123278552013538,0.001036270362140293,0.007846702182611994,0.006644829428208949,0.011431713742731178,0.004163098168064791,0.011404565523782757,0.0037502494083196994,0.0,0.0013485005740355939,0.003326298766851462,0.000588860895043928,0.007594090775095942,0.0011704475765001328,0.0005374554179321805,0.004680265339219794,0.005552940194496825,0.0,0.00045991271881195184,0.009198254376239036,0.0,0.0,0.0004633202976467087,0.0,0.0024290719571253864,0.00022151833380909173,0.0,0.0011655789670797403,0.0,0.0,0.0030139442607579224,0.0,0.0,0.00925649025957792,0.015567455393913856,0.0004162958948559675,0.0008504126817837842,0.0,0.0,0.0012337884071940207,0.0055835291312811095,0.0014365131468325218,0.0016244156226852943,0.01130941580729497,0.005829789276218225,0.0363665515884534,0.0,0.005123662089345937,0.002560354673717825,0.009485924973985123,0.010775608671202716,0.0,0.0,0.0018998289972572038,0.027209406953034445,0.0,0.0,0.0,0.0,0.0,0.010557012824278702,0.01141524939657121,0.0013946206626591336,0.002261117823538399,0.026107138913512275,0.0003662021232915642,0.010505892681108759,0.006138893085750673,0.0003851241462971904,0.0026864680039000765,0.0,0.0017001435271489038,0.0,0.0017951037004735053,0.0021032654338709682,0.009674197522779248,0.0024904454740790156,0.0012054784624639238,0.0,0.0018151125581048438,0.005615320810651502,0.0,0.0012061664363835116,0.0008683431293702631,0.00037836433207988807,0.006604947480118528,0.00169358722114536,0.028891173629552628,0.0,0.0006214876521417584,0.0,0.0004970959128086897,0.0033842618599449403,0.0031839248076909648,0.0023101432557698014,0.002471321938184069,0.00923953985832307,0.0,0.0
MiMS_-_This_Is_Why_Im_Hot_preview.wav,0.021352895428878468,0.0008762728036369689,0.0017999245546284843,0.0,0.00895302988420874,0.0011722465935877409,0.0,0.004982370721613176,0.0010854169539585288,0.0057166029972999305,0.018978041749820086,0.0003015416090958779,0.001809881653268111,0.0,0.0052623990232966295,0.013402173094959124,0.0,0.00095003103239725,0.0010170006961618989,0.00048575529347111545,0.0,0.013075198133614086,0.001287128098962491,0.005480607793774493,0.002834708939279281,0.0032719909658080644,0.001145913701021719,0.004614675287975596,0.003542945256847251,0.0018369835656040613,0.0,0.01078921550109149,0.0009492613468869927,0.00084679361057268,0.003052938656580846,0.0004561826209513103,0.00022060290637174705,0.011404565523782757,0.0008990003826903959,0.0006652597533702924,0.0029443044752196406,0.0,0.0015605967686668437,0.001074910835864361,0.0,0.0005552940194496825,0.002452094432066248,0.004599127188119518,0.005518952625743421,0.0079548646777566,0.0,0.008108105208817402,0.005394607750545745,0.0004048453261875644,0.0009968325021409126,0.01095797758350479,0.0,0.001803021812960766,0.0,0.007750142384806086,0.002334497551352652,0.004815768160116751,0.0016829982290141672,0.0,0.006244438422839513,0.003685121621063065,0.010628835770541753,0.012434142073322762,0.01418856668273124,0.0,0.008619078880995132,0.0016244156226852943,0.0006652597533702924,0.00013249521082314147,0.0016162911817090401,0.009229513119436669,0.0021348592038941405,0.0019202660052883686,0.0026472348764609646,0.0006338593336001598,0.009125482016499795,0.0026651761598890434,0.0,0.009995292350094285,0.0,0.0001599181496617641,0.004540773354737021,0.02523028599423739,0.006548152624800718,0.0024633029923316974,0.000728632940206673,0.0052298274849717505,0.006783353470615197,0.0026485503245592167,0.0012817074315204745,0.013738475044526839,0.0045018549295504934,0.015404965851887616,0.0033580850048750954,0.015959153564468604,0.0,0.02150055948581542,0.0053853111014205155,0.005521071763911292,0.0,0.0005336668873026462,0.0,0.01189321744406442,0.0011550716278849007,0.0017426857688228798,0.0008754918578743574,0.007840081836492825,0.001157790839160351,0.0015134573283195523,0.0023311579341594806,0.0063509520792951,0.011852789181354925,0.0,0.016158678955685717,0.0,0.010439014168982482,0.00030766016908590366,0.006657297325172018,0.0004950306976649574,0.0013729566323244828,0.0023954362595652407,0.0006214876521417584,0.0
Mishaal_-_Stray_Lines_preview.wav,0.002287810224522693,0.00225327292363792,0.0,0.0,0.032984846941821674,0.0,0.004964423469906413,0.0,0.0010854169539585288,0.007207890735725999,0.0023722552187275107,0.010252414709259848,0.001809881653268111,0.0,0.006314878827955956,0.0051781123321432984,0.0016475479587893793,0.0,0.0,0.001457265880413346,0.0011621924046386714,0.0017829815636746483,0.0,0.008470030226742399,0.0005669417878558562,0.02150165491816728,0.006302525355619454,0.00315740940756225,0.015690186137466398,0.01285888495922843,0.005181351810701465,0.025011363207075726,0.059803464853880536,0.0,0.000555079755741972,0.0013685478628539308,0.0006618087191152412,0.0009123652419026206,0.0008990003826903959,0.007317857287073216,0.002355443580175712,0.0018985226937739855,0.0006502486536111849,0.0,0.0005200294821355328,0.0,0.003923351091305997,0.0018396508752478074,0.013797381564358554,0.0,0.0,0.0030115819347036063,0.0009808377728264992,0.0004048453261875644,0.0,0.0005767356622897258,0.0,0.0,0.019269269331984383,0.006889015453160966,0.022177726737850192,0.003502376843721274,0.004207495572535419,0.0010043519608976682,0.00499555073827161,0.0002834708939279281,0.011134970807234216,0.0,0.022208191329492373,0.0007976470187544442,0.0019153508624433627,0.006317171865998367,0.0009978896300554387,0.0,0.0008081455908545201,0.0,0.0021348592038941405,0.013121817702803852,0.0015442203446022294,0.0009507890004002397,0.0,0.0026651761598890434,0.00017271172702338218,0.0,0.009846425090712497,0.0001599181496617641,0.004540773354737021,0.002523028599423739,0.0012277786171501345,0.00035190042747595675,0.0,0.016386792786244816,0.004748347429430638,0.0007567286641597761,0.0,0.01131403827196328,0.0,0.003080993170377523,0.006716170009750191,0.0,0.0,0.010459731641748042,0.010770622202841031,0.011305051707056455,0.0,0.0001778889624342154,0.003616435387391771,0.004459956541524157,0.0016501023255498582,0.0009681587604571556,0.0008754918578743574,0.0018092496545752674,0.0031839248076909648,0.0018918216603994403,0.012821368637877143,0.009314729716299479,0.0,0.004817317332996096,0.001242975304283517,0.0,0.014415781471451998,0.0,0.002315581678320702,0.0008250511627749291,0.0005491826529297932,0.0,0.0006214876521417584,0.006184858401714338
MJG_-_Middle_Of_The_Night_preview.wav,0.006863430673568078,0.001377000120000951,0.0,0.0,0.0009424241983377622,0.0002344493187175482,0.01702088046825056,0.002491185360806588,0.0,0.0029825754768521375,0.013442779572789226,0.0003015416090958779,0.00045247041331702775,0.0,0.001052479804659326,0.007005681390546816,0.0008237739793946897,0.0,0.0003390002320539663,0.0021858988206200193,0.0,0.0035659631273492966,0.0010113149348991,0.0014947112164839529,0.0005669417878558562,0.0004674272808297235,0.0028647842525542973,0.0021858988206200193,0.0,0.0,0.0,0.016674242138050487,0.0018985226937739855,0.008044539300440459,0.008603736214000566,0.006842739314269654,0.0011030145318587353,0.0036494609676104824,0.00044950019134519796,0.001663149383425731,0.003925739300292854,0.003797045387547971,0.0029911438066114507,0.004299643343457444,0.0,0.0,0.007846702182611994,0.004599127188119518,0.010577992532674892,0.01007616192515836,0.0,0.009961386399404236,0.0004904188864132496,0.0009446390944376503,0.00033227750071363756,0.008651034934345887,0.0007770526447198269,0.0,0.0,0.009472396248096327,0.0,0.007880347898372865,0.005329494391878196,0.0,0.0,0.004252063408918922,0.001012270073384929,0.00850757089227347,0.009253413053955155,0.0,0.0047883771561084065,0.0019853968721709153,0.0026610390134811698,0.00013249521082314147,0.0008081455908545201,0.01582202249046286,0.005123662089345937,0.0044806206790061935,0.005294469752921929,0.003169296668000799,0.005475289209899877,0.0,0.0008635586351169108,0.00222117607779873,0.0,0.0006396725986470564,0.0,0.015768928746398368,0.010231488476251122,0.001407601709903827,0.00024287764673555773,0.005578482650636534,0.004296123864722958,0.0030269146566391045,0.0001831010616457821,0.01697105740794492,0.0069574121638507624,0.012709096827807282,0.004029702005850114,0.006244886177400758,0.0,0.0162706936649414,0.013912053678669664,0.009464694452419356,0.0002687277089660902,0.003913557173552738,0.0,0.012264880489191431,0.004125255813874645,0.004647162050194347,0.0,0.009950873100163972,0.007525640454542281,0.005297100649118433,0.0034967369012392207,0.0042339680528634,0.002963197295338731,0.0028903903997976573,0.008700827129984618,0.0,0.0044738632152782065,0.0006153203381718073,0.0014472385489504387,0.00033002046510997163,0.0027459132646489655,0.002053231079627349,0.0037289259128505505,0.0
Monsta_X_-_MIDDLE_OF_THE_NIGHT_preview.wav,0.0,0.00112663646181896,0.012085207723934108,0.0,0.001413636297506643,0.0023444931871754817,0.0,0.0009964741443226352,0.0010854169539585288,0.001242739782021724,0.0,0.0006030832181917558,0.00045247041331702775,0.006510935923275955,0.0,0.015534336996429894,0.0027459132646489655,0.0,0.0037290025525936288,0.0017001435271489038,0.0011621924046386714,0.0,0.00036775088541785456,0.0034876595051292233,0.00878759771176577,0.005609127369956682,0.00038197123367390633,0.012872515276984558,0.0015184051100773932,0.0,0.0,0.0029425133184794974,0.0,0.004657364858149739,0.0,0.005930374072367033,0.012794968569561327,0.0,0.00074916698557533,0.004324188396906901,0.011580930935863919,0.0,0.0014305470379446068,0.022304399844185488,0.013260751794456082,0.0005552940194496825,0.0,0.0,0.0,0.0,0.0,0.009961386399404236,0.0,0.006747422103126074,0.0006645550014272751,0.0,0.00038852632235991343,0.0,0.0,0.0,0.001167248775676326,0.0,0.004487995277371113,0.0035152318631418386,0.0020814794742798374,0.0,0.001012270073384929,0.0,0.0,0.004387058603149443,0.0009576754312216814,0.0012634343731996733,0.0003326298766851462,0.0015899425298776975,0.0,0.0,0.0012809155223364843,0.0009601330026441843,0.0004412058127434941,0.003169296668000799,0.0,0.0,0.007599315989028815,0.012771762447342698,0.0,0.0001599181496617641,0.0027244640128422123,0.0,0.0,0.0031671038472836106,0.014086903510662345,0.003486551656647834,0.005426682776492157,0.006810557977437985,0.0001831010616457821,0.0,0.005320374007650583,0.0007702482925943808,0.01376814851998789,0.0,0.0051004305814467115,0.0005810962023193357,0.0053853111014205155,0.0026290817923387104,0.009674197522779248,0.0032020013238158768,0.01326026308710316,0.0014866521805080525,0.0069304297673094045,0.00019363175209143112,0.0,0.0012061664363835116,0.007236192744752194,0.0,0.002719684256519394,0.0,0.0,0.0,0.0006214876521417584,0.0,0.0007456438692130344,0.0012306406763436147,0.0,0.0019801227906598297,0.0010983653058595864,0.015057027917267226,0.0,0.0
Montell_Jordan_-_Get_It_On_Tonite_preview.wav,0.004575620449045386,0.0006259091454549778,0.0035998491092569685,0.0012153383895362377,0.0009424241983377622,0.0,0.009219643586969053,0.0034876595051292233,0.0010854169539585288,0.03007430272492572,0.0007907517395758369,0.0009046248272876337,0.0,0.0,0.001578719706988989,0.00213216390147077,0.0005491826529297932,0.00095003103239725,0.0,0.0,0.0,0.0,0.00036775088541785456,0.0029894224329679057,0.0,0.001869709123318894,0.0015278849346956253,0.0017001435271489038,0.0015184051100773932,0.0,0.0,0.016674242138050487,0.0,0.01354869776916288,0.0,0.0036494609676104824,0.0066180871911524115,0.02098440056376027,0.00599333588460264,0.0003326298766851462,0.009029200390673564,0.0,0.0006502486536111849,0.0,0.0,0.0,0.009808377728264992,0.0,0.03587319206733224,0.00159097293555132,0.0,0.001389960892940126,0.0009808377728264992,0.0012145359785626932,0.0016613875035681879,0.007497563609766435,0.0,0.0,0.0,0.021097609825305456,0.001167248775676326,0.05122226133942363,0.0014024985241784728,0.0,0.0,0.002267767151423425,0.001012270073384929,0.002617714120699529,0.009253413053955155,0.0,0.012449780605881857,0.006678153115483988,0.0,0.0,0.0,0.006592509371026191,0.0,0.00992137436065657,0.0,0.0,0.0018250964032999592,0.0008883920532963479,0.00017271172702338218,0.0,0.0,0.0003198362993235282,0.0,0.035322400391932345,0.0,0.0,0.0036431647010333654,0.011156965301273069,0.0036177885176614387,0.006053829313278209,0.0009155053082289104,0.0,0.0,0.001925620731485952,0.009402638013650268,0.0027755049677336704,0.0019430211738844618,0.0005810962023193357,0.00852674257724915,0.0005258163584677421,0.0018810939627626315,0.0005336668873026462,0.0012054784624639238,0.007804923947667275,0.0018151125581048438,0.00038726350418286223,0.0,0.0024123328727670233,0.0005788954195801755,0.0,0.0,0.01100831693744484,0.0,0.0,0.0,0.0,0.00820208256134338,0.0,0.005210058776221579,0.0014850920929948721,0.0,0.0034220517993789152,0.005593388869275825,0.002061619467238113
MOTHXR_-_Stranger_preview.wav,0.0,0.0007510909745459733,0.0341985665379412,0.0,0.0009424241983377622,0.014770307079205536,0.0,0.0029894224329679057,0.026592715371983953,0.00024854795640434483,0.0,0.0009046248272876337,0.001809881653268111,0.01157499719693503,0.019997116288527194,0.0003045948430672529,0.0002745913264648966,0.0,0.006102004176971393,0.00024287764673555773,0.0,0.002377308751566198,9.193772135446364e-05,0.0,0.0,0.0,0.0,0.004857552934711154,0.001012270073384929,0.0024493114208054153,0.005699486991771611,0.002452094432066248,0.003797045387547971,0.0063509520792951,0.00555079755741972,0.0,0.004853263940178434,0.0,0.003146501339416386,0.0,0.0,0.0,0.00013004973072223698,0.0,0.0005200294821355328,0.004997646175047142,0.0,0.0,0.0009198254376239037,0.00159097293555132,0.0,0.0,0.0014712566592397487,0.002564020399187908,0.00022151833380909173,0.0005767356622897258,0.0,0.000901510906480383,0.0,0.0,0.0,0.0,0.0,0.036658846572764886,0.0004162958948559675,0.0,0.002024540146769858,0.0,0.0,0.003589411584394999,0.0047883771561084065,0.0,0.0053220780269623395,0.0010599616865851317,0.0,0.0013185018742052383,0.0,0.0,0.0,0.0,0.0,0.005330352319778087,0.0,0.005552940194496825,0.0,0.0001599181496617641,0.0,0.0,0.00040925953905004487,0.0021114025648557404,0.007529207048802288,0.0020919309939887,0.0027133413882460787,0.00983747263407709,0.0,0.0,0.006138893085750673,0.002310744877783142,0.0013432340019500382,0.0006938762419334176,0.0017001435271489038,0.0,0.0022438796255918815,0.002366173613104839,0.022035672135219397,0.001778889624342154,0.050630095423484796,0.0,0.0004950306976649574,0.0,0.014007869725989719,0.0009046248272876337,0.0,0.0,0.0007770526447198269,0.0,0.0022223979715040483,0.0028903903997976573,0.0,0.0,0.0007456438692130344,0.008306824565319398,0.02778698013984842,0.004620286511539603,0.007688557141017104,0.05030416145087005,0.0,0.0
Mr_Probz_-_Nothing_Really_Matters_-_Afrojack_Remix_preview.wav,0.001525206816348462,0.00025036365818199114,0.023141887130937656,0.0072920303372174256,0.0,0.0007033479561526446,0.0007092033528437733,0.0014947112164839529,0.0010854169539585288,0.00024854795640434483,0.0,0.0024123328727670233,0.013121641986193804,0.01121327853453081,0.0,0.0015229742153362643,0.0071393744880873106,0.000475015516198625,0.0003390002320539663,0.0012143882336777885,0.001743288606958007,0.0,0.00018387544270892728,0.0029894224329679057,0.0011338835757117125,0.0023371364041486174,0.0007639424673478127,0.0021858988206200193,0.0,0.0,0.0005181351810701465,0.0004904188864132496,0.0009492613468869927,0.005927555274008759,0.0,0.0063865566933183435,0.012574365663189582,0.0,0.0032963347365314514,0.0,0.0033368784052489257,0.0,0.0009103481150556589,0.0002687277089660902,0.0028601621517454295,0.0,0.004413769977719246,0.0013797381564358553,0.0018396508752478074,0.0,0.0,0.00023166014882335434,0.0,0.0016193813047502576,0.00033227750071363756,0.0005767356622897258,0.00038852632235991343,0.004507554532401915,0.0009634634665992192,0.0,0.0,0.0008755942109303185,0.0154274837659632,0.0005021759804488341,0.0045792548434156425,0.0014173544696396406,0.0005061350366924645,0.0,0.0,0.0,0.0033518640092758847,0.001443924997942484,0.0003326298766851462,0.003047389848932254,0.012930329453672321,0.0006592509371026191,0.010247324178691874,0.0006400886684294562,0.0006618087191152412,0.0,0.0007300385613199837,0.0,0.0018998289972572038,0.0027764700972484125,0.0,0.0,0.0,0.0006307571498559348,0.0008185190781000897,0.005630406839615308,0.0026716541140911344,0.009065034307284368,0.0027133413882460787,0.00794565097367765,0.0003662021232915642,0.0,0.00040925953905004487,0.0007702482925943808,0.031230190545338387,0.0,0.0060719411683889425,0.0,0.003141431475828634,0.0026290817923387104,0.02499167693384639,0.0014231116994737232,0.0,0.0,0.0011550716278849007,0.00038726350418286223,0.0,0.0015077080454793895,0.0049206110664314915,0.0,0.0019426316117995672,0.00042339680528634,0.011111989857520242,0.0019269269331984385,0.0,0.0,0.0,0.0,0.0037628202272711403,0.01848114604615841,0.03102881989053331,0.017110258996894577,0.004350413564992309,0.0
Mustasch_-_Where_Angels_Fear_To_Tread_-_Single_Version_preview.wav,0.0,0.003880636701820862,0.0010285283169305624,0.0024306767790724755,0.029215150148470623,0.0,0.0,0.0,0.0,0.0,0.0,0.0,0.0,0.0,0.0,0.0030459484306725286,0.0002745913264648966,0.002375077580993125,0.0,0.002428776467355577,0.006973154427832028,0.08796042380794931,0.0002758131640633909,0.0009964741443226352,0.0017008253635675684,0.008881118335764746,0.0,0.007043451755331173,0.0015184051100773932,0.0012246557104027076,0.0,0.0,0.0,0.0,0.011656674870581413,0.0,0.0004412058127434941,0.0,0.0,0.012972565190720703,0.0007851478600585708,0.0,0.00026009946144447396,0.01746730108279586,0.0033801916338809623,0.0,0.0,0.0,0.0,0.08379124127236952,0.0022687258145637924,0.004169882678820378,0.0,0.009311442502313982,0.0,0.0,0.00038852632235991343,0.000901510906480383,0.0,0.0,0.0,0.0,0.0011219988193427782,0.0,0.00333036715884774,0.0002834708939279281,0.0,0.0013088570603497645,0.0,0.0,0.0,0.0,0.014303084697461289,0.005697294065395084,0.0,0.0,0.00042697184077882807,0.0,0.0,0.0,0.00036501928065999184,0.011549096692852522,0.001036270362140293,0.0,0.0,0.0001599181496617641,0.01089785605136885,0.0,0.03601483943640395,0.0,0.001457265880413346,0.0052298274849717505,0.002261117823538399,0.0,0.0009155053082289104,0.0,0.0,0.0003851241462971904,0.002350659503412567,0.027061173435403284,0.0,0.0,0.0,0.012093776244758069,0.0,0.0003557779248684308,0.0,0.0,0.0019801227906598297,0.00019363175209143112,0.0,0.0,0.03473372517481053,0.0,0.0038852632235991343,0.0,0.0,0.0,0.0,0.0,0.0,0.002768941521773133,0.0,0.0,0.0,0.007528513958633613,0.0,0.0
Myke_Towers_-_Inocente_preview.wav,0.004575620449045386,0.0005007273163639823,0.006428301980816016,0.0,0.003769696793351049,0.007267928880243994,0.007801236881281506,0.0019929482886452705,0.0010854169539585288,0.001242739782021724,0.0007907517395758369,0.0006030832181917558,0.006787056199755416,0.0014468746496168789,0.002104959609318652,0.007919465919748575,0.004942643876368138,0.000475015516198625,0.006780004641079326,0.0038860423477689236,0.0005810962023193357,0.005943271878915494,0.0017468167057348091,0.0,0.00453553430284685,0.0023371364041486174,0.005156611654597735,0.00024287764673555773,0.004049080293539716,0.0036739671312081227,0.0,0.005885026636958995,0.003797045387547971,0.0025403808317180396,0.007493576702516622,0.0036494609676104824,0.0033090435955762058,0.0018247304838052412,0.0008990003826903959,0.0003326298766851462,0.009618061285717492,0.0,0.001950745960833555,0.008868014395880976,0.0,0.004997646175047142,0.0004904188864132496,0.009658167095050988,0.006898690782179277,0.00212129724740176,0.0,0.00532818342293715,0.0,0.00026989688412504297,0.0,0.0005767356622897258,0.0015541052894396537,0.0,0.0028903903997976573,0.0017222538632902416,0.0,0.001751188421860637,0.006731992916056669,0.0,0.000832591789711935,0.0002834708939279281,0.0,0.0019632855905246465,0.0,0.0,0.0014365131468325218,0.002346378121656536,0.003991558520221755,0.00026499042164628293,0.0008081455908545201,0.006592509371026191,0.0029888028854517966,0.008641197023797658,0.0037502494083196994,0.005070874668801279,0.0014600771226399674,0.0,0.0036269462674910257,0.03887058136147778,0.0,0.0004797544489852923,0.0,0.001892271449567804,0.0020462976952502245,0.0077418094044710475,0.0,0.0006973103313295668,0.0009044471294153597,0.010215836966156976,0.0005493031849373463,0.0,0.012277786171501347,0.002310744877783142,0.0,0.0020816287258002527,0.00850071763574452,0.009878635439428705,0.0264777795819842,0.0021032654338709682,0.0,0.011740671520658216,0.003616435387391771,0.017468163120969615,0.0014850920929948721,0.002129949273005742,0.002626475573623072,0.0015077080454793895,0.0049206110664314915,0.0011350929962396642,0.005050842190678874,0.0025403808317180396,0.0,0.0,0.003107438260708792,0.0,0.0009941918256173793,0.00030766016908590366,0.0008683431293702631,0.003960245581319659,0.007413965814552207,0.005817488058944156,0.0006214876521417584,0.0
Nelly_-_Hot_In_Herre_preview.wav,0.006863430673568078,0.0010014546327279646,0.0015427924753958436,0.006076691947681188,0.00471212099168881,0.0004688986374350964,0.056736268227501864,0.004982370721613176,0.0005427084769792644,0.002485479564043448,0.011070524354061716,0.0021107912636711456,0.019908698185949217,0.0007234373248084394,0.0,0.0006091896861345058,0.0013729566323244828,0.0,0.0,0.0021858988206200193,0.0023243848092773427,0.0005943271878915495,0.00036775088541785456,0.003985896577290541,0.0014173544696396406,0.001869709123318894,0.0007639424673478127,0.001457265880413346,0.001012270073384929,0.0018369835656040613,0.0025906759053507325,0.015202985478810736,0.005695568081321956,0.02201663387488968,0.00138769938935493,0.010948382902831446,0.0037502494083196994,0.0004561826209513103,0.0008990003826903959,0.0009978896300554387,0.0009814348250732135,0.029427101753496773,0.0007802983843334219,0.001074910835864361,0.000780044223203299,0.0,0.01078921550109149,0.0036793017504956147,0.017016770596042216,0.0053032431185044,0.0,0.002084941339410189,0.0014712566592397487,0.0006747422103126074,0.0006645550014272751,0.008651034934345887,0.0023311579341594806,0.0,0.0,0.005166761589870724,0.001167248775676326,0.008318145003838024,0.001963497933849862,0.0015065279413465022,0.0004162958948559675,0.0002834708939279281,0.0030368102201547864,0.0006544285301748823,0.003084471017985052,0.0019941175468861107,0.0023941885780542032,0.0016244156226852943,0.0029936688901663158,0.0003974856324694244,0.04525615308785312,0.0006592509371026191,0.0025618310446729685,0.003520487676362009,0.002426631970089217,0.005704734002401438,0.0014600771226399674,0.0035535682131853917,0.002072540724280586,0.0016658820583490474,0.001641070848452083,0.0001599181496617641,0.0018163093418948084,0.017661200195966172,0.0008185190781000897,0.004222805129711481,0.002428776467355577,0.003486551656647834,0.0009044471294153597,0.017404759275674853,0.0014648084931662567,0.01939549418050848,0.0,0.0015404965851887615,0.004701319006825134,0.006938762419334175,0.002428776467355577,0.001743288606958007,0.03724840178482523,0.0028919899715725813,0.002687277089660902,0.001778889624342154,0.0,0.002601641315889092,0.002640163720879773,0.0009681587604571556,0.0,0.0048246657455340465,0.006078401905591843,0.00037836433207988807,0.0015541052894396537,0.00677434888458144,0.027409574981883265,0.01059809813259141,0.002485950608567034,0.0,0.0009941918256173793,0.003999582198116748,0.001157790839160351,0.0014850920929948721,0.0030205045911138617,0.0017110258996894576,0.004350413564992309,0.0
Nelly_-_Ride_Wit_Me_preview.wav,0.009151240898090772,0.0032547275563658846,0.0005142641584652812,0.0,0.0,0.0009377972748701928,0.0,0.0004982370721613176,0.0,0.005219507084491241,0.008698269135334205,0.0,0.004524704133170277,0.0007234373248084394,0.0,0.0,0.0,0.0,0.0003390002320539663,0.002428776467355577,0.0005810962023193357,0.0005943271878915495,0.0011032526562535635,0.0,0.008504126817837843,0.0,0.0028647842525542973,0.00048575529347111545,0.001012270073384929,0.0,0.0015544055432104393,0.0019616755456529984,0.0009492613468869927,0.00084679361057268,0.001942779145096902,0.009123652419026206,0.0013236174382304823,0.004561826209513103,0.003895668324991716,0.0013305195067405849,0.000588860895043928,0.0,0.0013004973072223698,0.004568371052423533,0.002080117928542131,0.0016658820583490474,0.002452094432066248,0.02345554865940954,0.00045991271881195184,0.01007616192515836,0.0,0.010193046548227589,0.0,0.0016193813047502576,0.0016613875035681879,0.0,0.00038852632235991343,0.0,0.0,0.0021528173291128017,0.0,0.003502376843721274,0.003926995867699724,0.0,0.0,0.011622306651045052,0.0005061350366924645,0.0013088570603497645,0.0012337884071940207,0.005184705621903887,0.0,0.003068340620627778,0.0013305195067405849,0.0013249521082314146,0.0016162911817090401,0.0,0.0,0.0019202660052883686,0.009044719161241629,0.0076063120032019175,0.01825096403299959,0.0,0.00794473944307558,0.02165646675853762,0.0,0.0003198362993235282,0.0,0.030276343193084865,0.03110372496780341,0.005982307267091264,0.0021858988206200193,0.0,0.002035006041184559,0.0026485503245592167,0.0007324042465831283,0.00242443677256356,0.0,0.012709096827807282,0.0,0.0,0.002914531760826692,0.0081353468324707,0.008975518502367526,0.001577449075403226,0.0,0.0007115558497368616,0.0,0.0312196957906691,0.0036302251162096877,0.0023235810250971734,0.0,0.0018092496545752674,0.020840235104886317,0.0011350929962396642,0.0,0.005927555274008759,0.014075187152858973,0.0009634634665992192,0.0,0.0,0.001242739782021724,0.0024612813526872293,0.0014472385489504387,0.0016501023255498582,0.0016475479587893793,0.0,0.0006214876521417584,0.0
Nick_Nolan_-_Big_Loud_preview.wav,0.000762603408174231,0.0007510909745459733,0.02545607584403142,0.0,0.0,0.008674624792549284,0.0035460167642188665,0.0,0.01248229497052308,0.0,0.0,0.0006030832181917558,0.001357411239951083,0.013745309171360348,0.0,0.0012183793722690115,0.0005491826529297932,0.0,0.0,0.0017001435271489038,0.0011621924046386714,0.0,0.0002758131640633909,0.0,0.0,0.0,0.0005729568505108594,0.0019430211738844618,0.0005061350366924645,0.0036739671312081227,0.03575132749384011,0.005885026636958995,0.010441874815756919,0.00084679361057268,0.007216036824645637,0.0004561826209513103,0.00022060290637174705,0.0,0.000299666794230132,0.0006652597533702924,0.0013740087551024989,0.002847784040660978,0.00039014919216671094,0.0008061831268982706,0.0033801916338809623,0.0005552940194496825,0.0,0.0,0.0,0.0,0.0,0.0,0.0,0.0004048453261875644,0.00022151833380909173,0.002306942649158903,0.0,0.0,0.0019269269331984385,0.0008611269316451208,0.0,0.0,0.0011219988193427782,0.1431201544279177,0.00499555073827161,0.0,0.0,0.0,0.0,0.0,0.0,0.0,0.030601948655033455,0.0006624760541157073,0.00565701913598164,0.0,0.0,0.0003200443342147281,0.0008824116254869882,0.004120085668401039,0.0,0.0,0.0,0.0,0.0,0.0001599181496617641,0.0,0.003784542899135608,0.00040925953905004487,0.0,0.008986472929215636,0.0003486551656647834,0.00022611178235383992,0.0026485503245592167,0.0001831010616457821,0.01697105740794492,0.0,0.0,0.0,0.0,0.0009715105869422309,0.0,0.008975518502367526,0.00026290817923387103,0.023379310680049847,0.0003557779248684308,0.0012054784624639238,0.0,0.00016501023255498581,0.001549054016731449,0.024513772020482008,0.0,0.0005788954195801755,0.00037836433207988807,0.0,0.0012701904158590198,0.0,0.0019269269331984385,0.0,0.0,0.0,0.010460445748920725,0.0014472385489504387,0.00033002046510997163,0.009885287752736276,0.04688210965149114,0.0,0.0
Nickelback_-_Far_Away_preview.wav,0.0,0.0,0.0017999245546284843,0.0,0.0,0.01828704685996876,0.0,0.0,0.0,0.0,0.0,0.0,0.0,0.004340623948850636,0.0,0.0,0.0013729566323244828,0.0,0.045765031327285446,0.00048575529347111545,0.003486577213916014,0.0,0.0,0.0,0.002834708939279281,0.0,0.0007639424673478127,0.0,0.0,0.0,0.0031088110864208787,0.0,0.0,0.0,0.0,0.0,0.0004412058127434941,0.0,0.000299666794230132,0.0,0.0,0.0,0.00039014919216671094,0.005912009597253984,0.023921356178234505,0.010550586369543967,0.0004904188864132496,0.0018396508752478074,0.0,0.0,0.0,0.0004633202976467087,0.0,0.0,0.00033227750071363756,0.0,0.006604947480118528,0.0,0.0019269269331984385,0.0,0.0,0.0,0.0,0.0005021759804488341,0.0,0.002834708939279281,0.0,0.0,0.0,0.03270352776893221,0.0,0.000721962498971242,0.004324188396906901,0.006094779697864508,0.0,0.0,0.0,0.0,0.0,0.0,0.002190115683959951,0.0,0.045768607661196274,0.007774116272295555,0.0,0.0001599181496617641,0.0,0.0,0.002455557234300269,0.00035190042747595675,0.00048575529347111545,0.0,0.00022611178235383992,0.0,0.0,0.0,0.02701112957730296,0.0,0.0,0.0,0.022587621146406864,0.0,0.0,0.0,0.002418549380694812,0.0003557779248684308,0.0,0.002601641315889092,0.00016501023255498581,0.0,0.0,0.0,0.017366862587405264,0.0011350929962396642,0.0038852632235991343,0.0,0.0,0.0,0.0,0.0,0.0,0.02368983301961458,0.0,0.005445337674314532,0.011807427037990552,0.0,0.001242975304283517,0.0
NLE_Choppa_-_Camelot_feat_Yo_Gotti_BlocBoy_JB_Moneybagg_Yo_-_Remix_preview.wav,0.01601467157165885,0.00037554548727298663,0.010285283169305624,0.0,0.0,0.006330131605373801,0.03546016764218867,0.0004982370721613176,0.0,0.0004970959128086897,0.013442779572789226,0.0003015416090958779,0.013574112399510832,0.005787498598467515,0.0,0.0009137845292017585,0.0027459132646489655,0.000475015516198625,0.0010170006961618989,0.002914531760826692,0.0,0.0005943271878915495,0.0,0.002491185360806588,0.003401650727135137,0.0014022818424891705,0.0009549280841847657,0.0009715105869422309,0.0,0.0,0.013471514707823809,0.014712566592397489,0.004746306734434963,0.01100831693744484,0.0047181779238067625,0.011860748144734066,0.005515072659293676,0.0,0.0,0.0013305195067405849,0.0009814348250732135,0.011391136162643912,0.0007802983843334219,0.014780023993134961,0.0010400589642710655,0.009995292350094285,0.004413769977719246,0.0027594763128717106,0.013337468845546601,0.0,0.0,0.0011583007441167716,0.0,0.0004048453261875644,0.00022151833380909173,0.0005767356622897258,0.010878737026077575,0.0,0.0,0.009902959713918889,0.0,0.0039401739491864325,0.0033659964580283344,0.007030463726283677,0.0012488876845679025,0.0005669417878558562,0.0005061350366924645,0.0006544285301748823,0.004935153628776083,0.0011964705281316663,0.0009576754312216814,0.0009024531237140523,0.013637824944090994,0.0003974856324694244,0.05899462813237996,0.0019777528113078574,0.013663098904922498,0.0003200443342147281,0.0004412058127434941,0.0015846483340003995,0.0014600771226399674,0.0,0.003108811086420879,0.01332705646679238,0.0,0.0,0.0,0.014507414446686498,0.00040925953905004487,0.0021114025648557404,0.001457265880413346,0.0020919309939887,0.00022611178235383992,0.00983747263407709,0.0005493031849373463,0.02505251331649012,0.0,0.0,0.006044553008775172,0.0,0.001457265880413346,0.003486577213916014,0.02064369255544531,0.0010516327169354841,0.01128656377657579,0.002668334436513231,0.0,0.0,0.0004950306976649574,0.0007745270083657245,0.0017509837157487149,0.0006030832181917558,0.0031839248076909648,0.0,0.005827894835398702,0.0042339680528634,0.019260782419701753,0.004817317332996096,0.0037289259128505505,0.0,0.00024854795640434483,0.013229387270693858,0.0005788954195801755,0.00033002046510997163,0.0016475479587893793,0.005133077699068373,0.0006214876521417584,0.0
Nova_y_Jory_-_Aprovecha_feat_Daddy_Yankee_preview.wav,0.000762603408174231,0.0018777274363649334,0.004628377426187531,0.0,0.0,0.003516739780763223,0.0007092033528437733,0.0,0.0,0.0037282193460651722,0.0,0.0003015416090958779,0.009954349092974608,0.014830465158573006,0.001578719706988989,0.0015229742153362643,0.0041188698969734485,0.0,0.005424003712863461,0.0021858988206200193,0.0011621924046386714,0.0,0.0005516263281267818,0.0004982370721613176,0.003968592514990993,0.0014022818424891705,0.00038197123367390633,0.00024287764673555773,0.0005061350366924645,0.0006123278552013538,0.0025906759053507325,0.0009808377728264992,0.0,0.01820606262731262,0.00138769938935493,0.0013685478628539308,0.007279895910267653,0.0,0.007192003061523167,0.0,0.002551730545190355,0.003797045387547971,0.00026009946144447396,0.0077931035600166156,0.005720324303490859,0.0005552940194496825,0.0,0.0036793017504956147,0.006898690782179277,0.0,0.0,0.004633202976467086,0.0,0.002968865725375472,0.00033227750071363756,0.0,0.00038852632235991343,0.0,0.0009634634665992192,0.001291690397467681,0.0,0.00043779710546515925,0.010658988783756393,0.0015065279413465022,0.00333036715884774,0.0,0.0015184051100773932,0.0,0.0012337884071940207,0.00957176422505333,0.0,0.004873246868055883,0.0006652597533702924,0.003444875481401678,0.0,0.0,0.0017078873631153123,0.005760798015865105,0.0015442203446022294,0.006338593336001598,0.0010950578419799755,0.0,0.010189991894379549,0.003331764116698095,0.0,0.0003198362993235282,0.0,0.0,0.0045018549295504934,0.005278506412139351,0.0017001435271489038,0.0006973103313295668,0.0013566706941230394,0.006432193645358097,0.0,0.0,0.009003709859100987,0.0,0.002014851002925057,0.0,0.010929494103100096,0.0,0.005834087026538892,0.0005258163584677421,0.0064494650151861645,0.006759780572500184,0.0,0.0018583152256350655,0.004950306976649574,0.002129949273005742,0.0,0.0015077080454793895,0.0049206110664314915,0.005675464981198321,0.0023311579341594806,0.00042339680528634,0.0007407993238346828,0.0009634634665992192,0.001242975304283517,0.0,0.001242739782021724,0.0024612813526872293,0.0026050293881107896,0.023596463255362972,0.019495984179007657,0.0030798466194410234,0.0006214876521417584,0.0
Nu_Shooz_-_I_Cant_Wait_preview.wav,0.0,0.005382818650912809,0.00437124534695489,0.0,0.0,0.0028133918246105783,0.0,0.0009964741443226352,0.004884376292813379,0.0044738632152782065,0.0,0.0006030832181917558,0.009049408266340554,0.01157499719693503,0.007367358632615282,0.003655138116807034,0.0027459132646489655,0.0,0.0,0.0019430211738844618,0.0023243848092773427,0.0005943271878915495,0.00036775088541785456,0.0004982370721613176,0.0005669417878558562,0.0014022818424891705,0.0021008417852064845,0.005343308228182269,0.0005061350366924645,0.0,0.006217622172841757,0.0029425133184794974,0.0,0.015242284990308238,0.003330478534451832,0.0027370957257078616,0.003529646501947953,0.0031932783466591718,0.01528300650573673,0.004324188396906901,0.00510346109038071,0.0,0.0009103481150556589,0.006986920433118346,0.006760383267761925,0.0,0.002452094432066248,0.0,0.002299563594059759,0.00212129724740176,0.0,0.003938222529997024,0.0,0.004183401703938165,0.0005537958345227293,0.0,0.0011655789670797403,0.0,0.0009634634665992192,0.002583380794935362,0.0,0.0026267826327909553,0.0005609994096713891,0.01004351960897668,0.0004162958948559675,0.0011338835757117125,0.0,0.0006544285301748823,0.0006168942035970103,0.022334116525124438,0.005267214871719246,0.0032488312453705886,0.0059873377803326315,0.003047389848932254,0.0,0.0013185018742052383,0.00042697184077882807,0.0003200443342147281,0.004191455221063194,0.006021663669201518,0.00036501928065999184,0.0,0.0018998289972572038,0.0005552940194496825,0.0,0.0003198362993235282,0.0,0.0,0.0,0.00879751068689892,0.006800574108595615,0.00104596549699435,0.0052005709941383175,0.008702379637837427,0.0,0.0,0.0,0.0034661173166747133,0.0010074255014625286,0.0,0.0017001435271489038,0.0,0.003141431475828634,0.006835612660080647,0.008061831268982706,0.0044472240608553855,0.0,0.0022299782707620786,0.002475153488324787,0.003679003289737191,0.0,0.0021107912636711456,0.0017366862587405263,0.008702379637837427,0.0,0.00042339680528634,0.0,0.0,0.0,0.0,0.0014912877384260688,0.005230222874460362,0.009551774423072895,0.011715726511403993,0.007963148467481999,0.0037642569793168066,0.0006214876521417584,0.0
Nu_Shooz_-_Point_of_No_Return_preview.wav,0.001525206816348462,0.005257636821821813,0.0010285283169305624,0.0,0.003769696793351049,0.0002344493187175482,0.020566897232469426,0.0004982370721613176,0.0,0.003976767302469517,0.005535262177030858,0.0009046248272876337,0.02217105025253436,0.0,0.0,0.0009137845292017585,0.0,0.0014250465485958748,0.0,0.014086903510662345,0.0011621924046386714,0.0,0.0006435640494812455,0.0,0.0,0.0032719909658080644,0.008976323991336797,0.0,0.0005061350366924645,0.0,0.0015544055432104393,0.007846702182611994,0.005695568081321956,0.01100831693744484,0.006660957068903664,0.0018247304838052412,0.0,0.0009123652419026206,0.010338504400939552,0.0003326298766851462,0.001962869650146427,0.01423892020330489,0.0023408951530002656,0.004568371052423533,0.0010400589642710655,0.0,0.007356283296198744,0.0,0.008278428938615133,0.0,0.0,0.006023163869407213,0.0004904188864132496,0.002968865725375472,0.0008860733352363669,0.0005767356622897258,0.00038852632235991343,0.0,0.0,0.008611269316451207,0.001167248775676326,0.014885101585815413,0.00028049970483569456,0.0,0.0,0.006236359666414418,0.0,0.0019632855905246465,0.0006168942035970103,0.0,0.0,0.009024531237140525,0.0006652597533702924,0.004902322800456235,0.0040407279542726,0.0006592509371026191,0.0,0.0006400886684294562,0.018971849947970246,0.019966569008405034,0.002190115683959951,0.0,0.004145081448561172,0.0,0.0,0.0006396725986470564,0.0,0.005676814348703412,0.002864816773350314,0.0021114025648557404,0.00024287764673555773,0.0,0.0015827824764768792,0.004918736317038545,0.0001831010616457821,0.010505892681108759,0.0,0.0003851241462971904,0.0,0.0006938762419334176,0.0,0.0005810962023193357,0.004936535176302138,0.0036807145092741943,0.0002687277089660902,0.005158779910592246,0.0012054784624639238,0.004459956541524157,0.0004950306976649574,0.004647162050194347,0.0,0.0,0.00897287900349272,0.0007567286641597761,0.0,0.007621142495154119,0.0,0.0009634634665992192,0.003107438260708792,0.0,0.00024854795640434483,0.007076183888975784,0.002026133968530614,0.00709543999986439,0.011258244385060758,0.0,0.0037289259128505505,0.0
Nuttin_Nyce_-_Down_4_Whateva_preview.wav,0.0,0.008262000720005706,0.0035998491092569685,0.0,0.0,0.0023444931871754817,0.0,0.0,0.0016281254309377928,0.0007456438692130344,0.0,0.0003015416090958779,0.018551286945998134,0.003617186624042197,0.0,0.0003045948430672529,0.008237739793946897,0.0,0.0,0.00850071763574452,0.001743288606958007,0.0,0.0008274394921901728,0.0,0.0002834708939279281,0.0,0.0019098561683695313,0.00048575529347111545,0.0005061350366924645,0.0,0.014507785069964101,0.0014712566592397487,0.0,0.0,0.022758269985420854,0.0,0.007279895910267653,0.0,0.0032963347365314514,0.003991558520221755,0.0015702957201171417,0.0009492613468869927,0.00039014919216671094,0.013436385448304512,0.004160235857084262,0.003331764116698095,0.0029425133184794974,0.0,0.00045991271881195184,0.0,0.0,0.003938222529997024,0.0,0.008906597176126418,0.00011075916690454586,0.0,0.015541052894396537,0.0,0.0,0.0004305634658225604,0.0,0.0,0.00308549675319264,0.013558751472118519,0.0,0.0019842962574954967,0.0,0.0,0.001850682610791031,0.0015952940375088885,0.0,0.0012634343731996733,0.010976785930609825,0.007419731806095922,0.0,0.0,0.0017078873631153123,0.0,0.008824116254869882,0.010141749337602557,0.00036501928065999184,0.0,0.005008640083678083,0.02887528901138349,0.0,0.0001599181496617641,0.0,0.0,0.0008185190781000897,0.0,0.002428776467355577,0.0,0.0029394531705999186,0.01362111595487597,0.0003662021232915642,0.0,0.0,0.0,0.00033580850048750956,0.0,0.004371797641240039,0.0011621924046386714,0.010321846277722655,0.0018403572546370971,0.006986920433118346,0.006759780572500184,0.0,0.0022299782707620786,0.002640163720879773,0.006002584314834364,0.0,0.0012061664363835116,0.001157790839160351,0.005675464981198321,0.0015541052894396537,0.0,0.007407993238346827,0.0019269269331984385,0.001242975304283517,0.0,0.0,0.007383844058061688,0.0034733725174810525,0.0028051739534347584,0.001922139285254276,0.005817488058944156,0.0,0.0
O-Zone_-_Dragostea_Din_Tei_-_Original_Romanian_Version_preview.wav,0.000762603408174231,0.0010014546327279646,0.010799547327770906,0.0,0.0,0.004923435693068512,0.0,0.0,0.0,0.0014912877384260688,0.008698269135334205,0.0003015416090958779,0.0009049408266340555,0.0039789052864464165,0.0,0.002436758744538023,0.011532835711525656,0.0,0.0006780004641079326,0.0017001435271489038,0.0005810962023193357,0.0,9.193772135446364e-05,0.0014947112164839529,0.01502395737818019,0.0,0.0005729568505108594,0.001457265880413346,0.0,0.0,0.0,0.0,0.0,0.004657364858149739,0.000277539877870986,0.0063865566933183435,0.009706527880356869,0.0004561826209513103,0.004345168516336913,0.0003326298766851462,0.0041220262653074964,0.0,0.00026009946144447396,0.005912009597253984,0.0005200294821355328,0.001110588038899365,0.0,0.031733977598024675,0.002299563594059759,0.00424259449480352,0.0,0.00857142550646411,0.0,0.002294123515062865,0.00033227750071363756,0.0,0.00038852632235991343,0.0,0.0,0.002583380794935362,0.0,0.0008755942109303185,0.01234198701277056,0.0005021759804488341,0.0,0.0008504126817837842,0.0,0.0019632855905246465,0.0,0.0,0.0033518640092758847,0.0032488312453705886,0.0,0.0014574473190545562,0.0,0.0006592509371026191,0.005977605770903593,0.0009601330026441843,0.0,0.0,0.00401521208725991,0.0,0.006735757353911905,0.0027764700972484125,0.0,0.0001599181496617641,0.0,0.0,0.004092595390500449,0.00035190042747595675,0.0034002870542978077,0.002789241325318267,0.005878906341199837,0.0007567286641597761,0.0003662021232915642,0.0,0.0,0.003851241462971904,0.00839521251218774,0.0,0.002914531760826692,0.016851789867260734,0.0013463277753551289,0.0018403572546370971,0.003762187925525263,0.003557779248684308,0.0,0.013379869624572471,0.019471207441488326,0.0,0.0,0.015378622063889772,0.012446251520973773,0.0,0.017483684506196105,0.0,0.0007407993238346828,0.0,0.001242975304283517,0.0,0.0017398356948304136,0.00030766016908590366,0.0017366862587405263,0.005775358139424504,0.017299253567288484,0.004106462159254698,0.0006214876521417584,0.0
OMI_-_Cheerleader_-_Felix_Jaehn_Remix_Radio_Edit_preview.wav,0.0,0.0023784547527289156,0.0030855849507916873,0.0,0.0004712120991688811,0.0011722465935877409,0.0,0.025410090680227197,0.0,0.001242739782021724,0.0,0.0,0.00045247041331702775,0.0032554679616379773,0.0,0.00852865560588308,0.0002745913264648966,0.00095003103239725,0.0,0.004371797641240039,0.0,0.0005943271878915495,9.193772135446364e-05,0.015943586309162164,0.00595288877248649,0.000934854561659447,0.0034377411030651565,0.0026716541140911344,0.0,0.0,0.0,0.0009808377728264992,0.0,0.00042339680528634,0.000277539877870986,0.0,0.006838690097524159,0.0018247304838052412,0.0,0.0003326298766851462,0.003925739300292854,0.0,0.0005201989228889479,0.0002687277089660902,0.0005200294821355328,0.0,0.0,0.009198254376239036,0.0,0.00212129724740176,0.0,0.008108105208817402,0.0009808377728264992,0.0026989688412504295,0.00033227750071363756,0.0,0.0,0.001803021812960766,0.0,0.0008611269316451208,0.0,0.0,0.003646496162864029,0.0,0.0029140712639917727,0.0014173544696396406,0.0,0.0006544285301748823,0.0,0.0,0.041180043542532296,0.001443924997942484,0.0,0.0003974856324694244,0.0,0.011207265930744524,0.013663098904922498,0.014081950705448036,0.0004412058127434941,0.0,0.0018250964032999592,0.0,0.0005181351810701465,0.0,0.0,0.0001599181496617641,0.0,0.005676814348703412,0.006138893085750673,0.0,0.0034002870542978077,0.041838619879774004,0.008592247729445916,0.00037836433207988807,0.0010986063698746925,0.0,0.0,0.011938848535212902,0.02921533954241333,0.0076326386612675925,0.0012143882336777885,0.0081353468324707,0.0004487759251183763,0.004732347226209678,0.01236147461244015,0.0014231116994737232,0.0,0.025273087068636887,0.0047852967440945885,0.0013554222646400178,0.0,0.02352024550947848,0.0026050293881107896,0.0,0.005439368513038788,0.0,0.0,0.0,0.01118677773855165,0.0,0.0,0.0,0.0008683431293702631,0.0004950306976649574,0.0008237739793946897,0.005475282879006265,0.0,0.0
OMI_-_Drop_In_the_Ocean_preview.wav,0.01525206816348462,0.00025036365818199114,0.0015427924753958436,0.0,0.0,0.0016411452310228375,0.007092033528437733,0.0014947112164839529,0.0,0.003976767302469517,0.004744510437455021,0.0015077080454793895,0.001357411239951083,0.002532030636829538,0.0,0.0,0.0041188698969734485,0.0,0.0027120018564317306,0.00947222822268675,0.0,0.001188654375783099,0.0009193772135446364,0.0009964741443226352,0.009921481287477484,0.0,0.009167309608173751,0.00024287764673555773,0.0,0.0,0.0,0.0004904188864132496,0.0009492613468869927,0.019899649848457976,0.001665239267225916,0.022809131047565514,0.010809542412215606,0.0,0.0,0.0003326298766851462,0.0033368784052489257,0.006644829428208949,0.0016906464993890807,0.0008061831268982706,0.0002600147410677664,0.0027764700972484125,0.007846702182611994,0.006898690782179277,0.01793659603366612,0.00106064862370088,0.0,0.001389960892940126,0.0,0.0018892781888753007,0.0006645550014272751,0.0,0.0038852632235991343,0.0,0.0,0.01593084823543473,0.0,0.004377971054651592,0.00308549675319264,0.0,0.0,0.007653714136054058,0.001012270073384929,0.009161999422448351,0.003084471017985052,0.0003988235093772221,0.020111184055655307,0.007039134364969609,0.0,0.002517409005639688,0.0040407279542726,0.00791101124523143,0.006404577611682422,0.004800665013220922,0.004853263940178434,0.003169296668000799,0.004380231367919902,0.0,0.0022452524513039683,0.01110588038899365,0.0,0.0006396725986470564,0.0,0.007569085798271216,0.0016370381562001795,0.014427917526514226,0.00048575529347111545,0.0073217584789604506,0.0036177885176614387,0.004540371984958657,0.0005493031849373463,0.0,0.007775931241950852,0.0069322346333494265,0.009402638013650268,0.0027755049677336704,0.006800574108595615,0.0029054810115966786,0.0008975518502367527,0.0013145408961693552,0.001343638544830451,0.003913557173552738,0.0,0.004088293496397144,0.0069304297673094045,0.002129949273005742,0.0,0.006030832181917558,0.008683431293702632,0.0,0.004273789545959047,0.00169358722114536,0.005926394590677462,0.0009634634665992192,0.002485950608567034,0.0,0.00024854795640434483,0.0,0.00028944770979008773,0.00033002046510997163,0.001922139285254276,0.00034220517993789157,0.001242975304283517,0.0
Orchestral_Manoeuvres_In_The_Dark_-_If_You_Leave_-_From_Pretty_In_Pink_preview.wav,0.005338223857219617,0.0037554548727298668,0.0,0.0,0.01319393877672867,0.0,0.0,0.0,0.0,0.01913819264313455,0.0,0.0012061664363835116,0.0,0.0,0.0052623990232966295,0.0,0.0,0.0,0.0,0.0026716541140911344,0.0,0.0,0.0029420070833428365,0.0,0.0011338835757117125,0.0,0.012987021944912813,0.0,0.056687124109556015,0.006123278552013538,0.0,0.006375445523372244,0.0,0.00338717444229072,0.000555079755741972,0.0022809131047565514,0.0,0.0050180088304644125,0.0016481673682657257,0.0,0.0001962869650146427,0.003797045387547971,0.0189872606854466,0.0,0.0,0.0,0.0014712566592397487,0.00505903990693147,0.0027594763128717106,0.00424259449480352,0.0,0.0004633202976467087,0.0004904188864132496,0.00013494844206252149,0.0012183508359500043,0.0034604139737383546,0.0,0.0,0.0,0.0030139442607579224,0.0,0.02057646395686248,0.001963497933849862,0.0,0.0,0.0181421372113874,0.0075920255503869665,0.0,0.001850682610791031,0.0,0.0009576754312216814,0.010468456235083008,0.0,0.00013249521082314147,0.0,0.0032962546855130957,0.0008539436815576561,0.007681064021153474,0.024486922607263924,0.0025354373344006393,0.004745250648579893,0.0,0.0,0.0,0.0,0.0001599181496617641,0.0,0.001892271449567804,0.01677964110105184,0.0,0.0,0.0,0.0011305589117691995,0.0,0.0,0.0,0.0,0.0003851241462971904,0.0,0.0,0.0,0.0,0.0026926555507102577,0.002366173613104839,0.0,0.0023125565116448,0.0,0.0,0.0,0.03136834383881184,0.0,0.0,0.0017366862587405263,0.0018918216603994403,0.0011655789670797403,0.004657364858149739,0.0,0.0019269269331984385,0.0,0.0,0.0004970959128086897,0.0,0.0031839248076909648,0.00016501023255498581,0.0,0.0,0.0,0.0
OutKast_-_The_Whole_World_feat_Killer_Mike_preview.wav,0.001525206816348462,0.0006259091454549778,0.008999622773142422,0.0,0.004240908892519929,0.0,0.00212761005853132,0.006477081938097129,0.0,0.002485479564043448,0.0031630069583033476,0.0003015416090958779,0.006334585786438388,0.01193671585933925,0.003157439413977978,0.001827569058403517,0.0,0.00095003103239725,0.0,0.00048575529347111545,0.0,0.011886543757830988,0.0009193772135446364,0.0019929482886452705,0.0005669417878558562,0.003739418246637788,0.002291827402043438,0.0036431647010333654,0.0,0.0006123278552013538,0.03523319231276996,0.0019616755456529984,0.003797045387547971,0.00084679361057268,0.02220319022967888,0.0004561826209513103,0.0026472348764609646,0.0013685478628539308,0.00074916698557533,0.001663149383425731,0.0021591566151610694,0.0018985226937739855,0.0011704475765001328,0.006986920433118346,0.0002600147410677664,0.0,0.002452094432066248,0.0036793017504956147,0.0013797381564358553,0.00848518898960704,0.0,0.004169882678820378,0.0014712566592397487,0.0006747422103126074,0.0006645550014272751,0.0005767356622897258,0.0,0.0,0.0,0.004305634658225603,0.0,0.0008755942109303185,0.0014024985241784728,0.03163708676827655,0.003746663053703707,0.003685121621063065,0.0015184051100773932,0.0006544285301748823,0.0024675768143880413,0.0,0.0033518640092758847,0.0005414718742284314,0.023949351121330526,0.0029148946381091123,0.0016162911817090401,0.005933258433923572,0.0017078873631153123,0.0028803990079325527,0.004191455221063194,0.002852367001200719,0.0025551349646199427,0.0,0.0,0.0072188222528458725,0.003282141696904166,0.0001599181496617641,0.0009081546709474042,0.006938328648415281,0.002864816773350314,0.0,0.00315740940756225,0.00313789649098305,0.0015827824764768792,0.038971526204228474,0.0003662021232915642,0.03717469717930792,0.0,0.00962810365742976,0.008059404011700229,0.004163257451600505,0.0,0.0029054810115966786,0.0,0.0042065308677419365,0.004030915634491353,0.0014231116994737232,0.0012054784624639238,0.005203282631778184,0.0019801227906598297,0.0025172127771886043,0.0,0.004221582527342291,0.0037628202272711403,0.0007567286641597761,0.0007770526447198269,0.00550415846872242,0.0,0.0019269269331984385,0.002485950608567034,0.0,0.0009941918256173793,0.006153203381718073,0.0031839248076909648,0.0009900613953299148,0.004942643876368138,0.013688207197515661,0.0,0.0010308097336190565
Papa_Roach_-_Getting_Away_With_Murder_preview.wav,0.0,0.0007510909745459733,0.0,0.0,0.0,0.0007033479561526446,0.0,0.0,0.0,0.0,0.0,0.0018092496545752674,0.0,0.04485311413812324,0.0,0.0,0.0,0.0,0.0074580051051872575,0.00048575529347111545,0.008716443034790036,0.0,0.0002758131640633909,0.0,0.0008504126817837842,0.0,0.0,0.000728632940206673,0.001012270073384929,0.0,0.02953370532099835,0.0,0.004746306734434963,0.0,0.000832619633612958,0.0,0.0004412058127434941,0.0,0.0,0.001663149383425731,0.0,0.0,0.0,0.029291320277303832,0.05824330199917966,0.0,0.0,0.0,0.0,0.0,0.0,0.004864863125290441,0.0,0.002968865725375472,0.00011075916690454586,0.0,0.006604947480118528,0.0,0.026976977064778137,0.0,0.0,0.0,0.0,0.006026111765386009,0.0,0.0005669417878558562,0.0,0.0,0.0,0.11845058228503497,0.0,0.0,0.0003326298766851462,0.001987428162347122,0.0,0.0,0.0,0.0,0.0,0.0019015780008004794,0.00036501928065999184,0.0,0.010535415348426311,0.009439998330644602,0.0,0.0,0.0,0.0,0.005729633546700628,0.0,0.0012143882336777885,0.0,0.00022611178235383992,0.0,0.0001831010616457821,0.0,0.02210001510870242,0.0,0.0,0.0,0.004371797641240039,0.0,0.0,0.000788724537701613,0.005374554179321804,0.0,0.0,0.0011149891353810393,0.0008250511627749291,0.00038726350418286223,0.0,0.0,0.009841222132862983,0.0034052789887189924,0.0,0.0,0.0,0.01059809813259141,0.0,0.0,0.0004970959128086897,0.003999582198116748,0.0,0.00033002046510997163,0.0,0.0,0.0,0.0
Party_Favor_-_Booty_Loose_feat_Fly_Boi_Keno_preview.wav,0.0,0.0,0.0002571320792326406,0.0,0.0,0.015004756397923084,0.0,0.0,0.0,0.0,0.0,0.0003015416090958779,0.0,0.018809370445019423,0.0,0.0,0.008786922446876691,0.0,0.026103017868155404,0.022344743499671308,0.0,0.0,0.0005516263281267818,0.0,0.002551238045351353,0.0,0.005538582888271641,0.0,0.0,0.0,0.001036270362140293,0.0,0.0,0.0038105712475770596,0.0,0.0004561826209513103,0.0037502494083196994,0.0,0.0,0.0,0.0001962869650146427,0.0,0.0007802983843334219,0.0,0.0010400589642710655,0.14437644505691746,0.0,0.00045991271881195184,0.00045991271881195184,0.00053032431185044,0.0,0.00023166014882335434,0.0,0.0012145359785626932,0.00044303666761818345,0.0,0.10490210703717662,0.0,0.0,0.0008611269316451208,0.0,0.0013133913163954777,0.0,0.0,0.0,0.0011338835757117125,0.0,0.0,0.0,0.011167058262562219,0.0,0.0001804906247428105,0.0,0.003312380270578537,0.00565701913598164,0.0,0.0025618310446729685,0.0003200443342147281,0.0004412058127434941,0.0012677186672003197,0.00036501928065999184,0.0,0.0017271172702338217,0.016658820583490476,0.0,0.0,0.0,0.0,0.0,0.0,0.0009715105869422309,0.0,0.0,0.0,0.0001831010616457821,0.0,0.028238908194453093,0.0,0.00033580850048750956,0.0,0.009715105869422308,0.0,0.0,0.0,0.004837098761389624,0.0012452227370395078,0.0,0.0003716630451270131,0.0019801227906598297,0.0007745270083657245,0.0,0.0024123328727670233,0.001157790839160351,0.0,0.006216421157758615,0.0,0.01333438782902429,0.0,0.0,0.0,0.0,0.0033842618599449403,0.0,0.0,0.0005491826529297932,0.0,0.001242975304283517,0.0
Paul_McCartney_-_Let_Me_Roll_It_-_Remastered_2010_preview.wav,0.0,0.003004363898183893,0.0,0.012153383895362376,0.001413636297506643,0.0,0.0,0.0009964741443226352,0.006512501723751171,0.0004970959128086897,0.0,0.0015077080454793895,0.0,0.0,0.013155997558241575,0.0,0.0,0.006175201710582124,0.0,0.0,0.001743288606958007,0.0005943271878915495,0.001287128098962491,0.0,0.0017008253635675684,0.0004674272808297235,0.0009549280841847657,0.000728632940206673,0.012147240880619145,0.0018369835656040613,0.0,0.0,0.0,0.0,0.03274970558877635,0.0,0.0,0.0004561826209513103,0.00224750095672599,0.015300974327516727,0.0001962869650146427,0.0,0.0018206962301113177,0.004299643343457444,0.0,0.0,0.0,0.007358603500991229,0.0,0.00212129724740176,0.03403088721845689,0.0009266405952934174,0.0014712566592397487,0.00013494844206252149,0.00033227750071363756,0.0,0.0,0.002704532719441149,0.0,0.0,0.001167248775676326,0.0,0.0,0.0,0.0,0.010204952181405411,0.0,0.013088570603497645,0.0,0.0,0.0,0.0005414718742284314,0.001663149383425731,0.0006624760541157073,0.0,0.0,0.0,0.0003200443342147281,0.005735675565665423,0.0006338593336001598,0.011315597700459746,0.0,0.0013816938161870574,0.0,0.0,0.0038380355918823383,0.0,0.0,0.006548152624800718,0.0,0.0,0.0,0.00045222356470767984,0.0,0.006042335034310809,0.09940190767510595,0.0,0.0,0.0,0.0013877524838668352,0.0,0.0,0.0004487759251183763,0.0005258163584677421,0.0,0.0,0.01326026308710316,0.0,0.0004950306976649574,0.020137702217508834,0.0017509837157487149,0.0,0.008683431293702632,0.12637368691468262,0.0,0.00042339680528634,0.0,0.0,0.0,0.0,0.0,0.0,0.0005788954195801755,0.0016501023255498582,0.0,0.0,0.02361653078138682,0.0
Pet_Shop_Boys_-_Always_on_My_Mind_preview.wav,0.0,0.006634636941822765,0.0002571320792326406,0.0,0.0,0.00257894250589303,0.0,0.0,0.0005427084769792644,0.0017398356948304136,0.0,0.0006030832181917558,0.00045247041331702775,0.0,0.001052479804659326,0.0012183793722690115,0.0021967306117191727,0.0,0.0,0.0060719411683889425,0.00406767341623535,0.0,0.00036775088541785456,0.0,0.0011338835757117125,0.0,0.0,0.0021858988206200193,0.0,0.0,0.0,0.0009808377728264992,0.0,0.00084679361057268,0.017762552183743105,0.0004561826209513103,0.0,0.0,0.06113202602294692,0.0019957792601108773,0.001177721790087856,0.0,0.0007802983843334219,0.0,0.0,0.0,0.0,0.0,0.0,0.0,0.0,0.0050965232741137945,0.0,0.0035086594936255583,0.0005537958345227293,0.0,0.00038852632235991343,0.0,0.0,0.0,0.0,0.0,0.00308549675319264,0.0,0.0012488876845679025,0.0,0.0,0.0,0.0,0.0,0.0,0.010829437484568629,0.0019957792601108773,0.010732112076674459,0.0,0.0,0.0,0.0,0.008824116254869882,0.022185076676005593,0.0010950578419799755,0.0,0.0044905049026079365,0.0,0.0,0.0001599181496617641,0.0,0.0012615142997118695,0.0,0.0031671038472836106,0.0,0.0,0.00022611178235383992,0.007567286641597761,0.0,0.0,0.0,0.0,0.0,0.0,0.0,0.0,0.0022438796255918815,0.0,0.0,0.007293447459802831,0.0,0.0,0.003960245581319659,0.0032917397855543287,0.0,0.0,0.0031839248076909648,0.016648030611515072,0.00038852632235991343,0.0029637776370043797,0.0,0.0,0.0,0.0,0.0,0.0015383008454295183,0.014182937779714298,0.01105568558118405,0.0,0.0,0.0,0.0
Petey_Pablo_-_Raise_Up_preview.wav,0.003050413632696924,0.003004363898183893,0.003342717030024328,0.0,0.0,0.0007033479561526446,0.00212761005853132,0.0,0.010854169539585286,0.001242739782021724,0.0,0.0006030832181917558,0.0343877514120941,0.0032554679616379773,0.000526239902329663,0.0006091896861345058,0.0016475479587893793,0.0,0.0016950011602698315,0.0017001435271489038,0.007554250630151364,0.0,0.00036775088541785456,0.0,0.003118179833207209,0.0,0.00019098561683695317,0.0019430211738844618,0.002024540146769858,0.0,0.013471514707823809,0.008827539955438493,0.009492613468869926,0.005927555274008759,0.012211754626323384,0.004105643588561792,0.0022060290637174705,0.0004561826209513103,0.0032963347365314514,0.0013305195067405849,0.0003925739300292854,0.0,0.0005201989228889479,0.008599286686914887,0.011180633865913954,0.0,0.0009808377728264992,0.0013797381564358553,0.014257294283170505,0.0,0.0,0.002316601488233543,0.0009808377728264992,0.0012145359785626932,0.00033227750071363756,0.002883678311448629,0.0015541052894396537,0.0,0.030830830931175016,0.0004305634658225604,0.0,0.0008755942109303185,0.0033659964580283344,0.023602271081095198,0.0012488876845679025,0.0014173544696396406,0.0005061350366924645,0.0,0.003084471017985052,0.0027917645656405548,0.0,0.0018049062474281047,0.023949351121330526,0.003974856324694244,0.00484887354512712,0.0,0.0,0.0003200443342147281,0.004191455221063194,0.010458679004402636,0.00036501928065999184,0.0,0.001036270362140293,0.01943529068073889,0.0,0.0,0.0,0.001892271449567804,0.002455557234300269,0.005278506412139351,0.008014962342273405,0.0003486551656647834,0.0,0.04048498353254802,0.0,0.0282850956799082,0.0008185190781000897,0.0003851241462971904,0.0010074255014625286,0.0,0.00024287764673555773,0.0,0.014809605528906417,0.0010516327169354841,0.004837098761389624,0.0014231116994737232,0.0,0.0003716630451270131,0.0013200818604398865,0.0017426857688228798,0.0017509837157487149,0.0006030832181917558,0.002026133968530614,0.0022701859924793284,0.0007770526447198269,0.0025403808317180396,0.009630391209850877,0.003853853866396877,0.0,0.0,0.00024854795640434483,0.004922562705374459,0.00897287900349272,0.0033002046510997164,0.003844278570508552,0.0068441035987578305,0.001242975304283517,0.0010308097336190565
Pezet_-_Magenta_prod_Auer_preview.wav,0.0,0.0012518182909099557,0.0015427924753958436,0.0,0.0,0.0028133918246105783,0.021985303938156973,0.0,0.0,0.00024854795640434483,0.005535262177030858,0.0009046248272876337,0.014479053226144888,0.005064061273659076,0.0,0.0,0.003844278570508552,0.0,0.014577009978320551,0.0026716541140911344,0.00406767341623535,0.001188654375783099,0.00018387544270892728,0.0,0.012189248438900908,0.0,0.00019098561683695317,0.000728632940206673,0.0005061350366924645,0.0,0.040414544123471424,0.0019616755456529984,0.015188181550191884,0.00042339680528634,0.001110159511483944,0.0,0.0028678377828327117,0.0,0.001048833779805462,0.0,0.0,0.040818237916140684,0.00013004973072223698,0.001343638544830451,0.01768100239260811,0.013882350486242064,0.0029425133184794974,0.0018396508752478074,0.0,0.0,0.0,0.000694980446470063,0.0,0.0021591750730003438,0.00022151833380909173,0.0,0.008159052769558183,0.0,0.014451951998988287,0.0008611269316451208,0.0,0.0,0.0014024985241784728,0.010545695589425516,0.0,0.0,0.0,0.002617714120699529,0.0,0.02073882248761555,0.0,0.0,0.0059873377803326315,0.007419731806095922,0.0,0.0,0.0008539436815576561,0.0,0.00022060290637174705,0.011092538338002797,0.0007300385613199837,0.0,0.007426604262005434,0.005552940194496825,0.0,0.0003198362993235282,0.0,0.0031537857492796736,0.00040925953905004487,0.024281129495841016,0.007286329402066731,0.0,0.0006783353470615197,0.00037836433207988807,0.0001831010616457821,0.0008081455908545201,0.009003709859100987,0.0,0.00033580850048750956,0.0,0.002428776467355577,0.0005810962023193357,0.0,0.00026290817923387103,0.01048038064967752,0.0001778889624342154,0.0,0.0003716630451270131,0.0021451330232148155,0.00019363175209143112,0.0,0.0,0.004631163356641404,0.00037836433207988807,0.0031082105788793075,0.007621142495154119,0.020742381067371116,0.03661161173077033,0.0006214876521417584,0.0,0.00024854795640434483,0.015383008454295185,0.0,0.00825051162774929,0.012905792343850137,0.0010266155398136745,0.001242975304283517,0.0
Piso_21_-_Te_Vi_preview.wav,0.003813017040871155,0.003880636701820862,0.0028284528715590467,0.0,0.007068181487533216,0.0007033479561526446,0.0,0.0019929482886452705,0.0005427084769792644,0.0032311234332564826,0.0031630069583033476,0.0012061664363835116,0.001809881653268111,0.018447651782615204,0.007893598534944946,0.009442440135084837,0.0002745913264648966,0.00095003103239725,0.0016950011602698315,0.0021858988206200193,0.0005810962023193357,0.013669525321505638,0.0023903807552160547,0.004484133649451858,0.002267767151423425,0.014022818424891705,0.0019098561683695313,0.007043451755331173,0.006579755477002037,0.011021901393624368,0.004145081448561172,0.0029425133184794974,0.0,0.00042339680528634,0.008326196336129582,0.0018247304838052412,0.0008824116254869882,0.0027370957257078616,0.002397334353841056,0.012972565190720703,0.0027480175102049978,0.0,0.0028610940758892135,0.0016123662537965411,0.0013000737053388317,0.00222117607779873,0.0,0.01287755612673465,0.004139214469307566,0.0079548646777566,0.0,0.00532818342293715,0.009317958841851742,0.0035086594936255583,0.0009968325021409126,0.0005767356622897258,0.0007770526447198269,0.0,0.0,0.0008611269316451208,0.004668995102705304,0.0008755942109303185,0.0028049970483569457,0.0015065279413465022,0.007909622002263382,0.004252063408918922,0.004049080293539716,0.0019632855905246465,0.007402730443164124,0.003589411584394999,0.0023941885780542032,0.000721962498971242,0.003658928643536608,0.0006624760541157073,0.0,0.0026370037484104766,0.00042697184077882807,0.013121817702803852,0.0030884406892044587,0.0019015780008004794,0.002190115683959951,0.007107136426370783,0.001036270362140293,0.00444235215559746,0.0,0.0001599181496617641,0.009081546709474041,0.006307571498559347,0.007775931241950852,0.00035190042747595675,0.0012143882336777885,0.0013946206626591336,0.005878906341199837,0.0011350929962396642,0.006408537157602373,0.0016162911817090401,0.004092595390500449,0.002310744877783142,0.00033580850048750956,0.0034693812096670876,0.0026716541140911344,0.008716443034790036,0.0004487759251183763,0.010516327169354842,0.0016123662537965411,0.0003557779248684308,0.0,0.005203282631778184,0.0004950306976649574,0.007551638331565813,0.002626475573623072,0.0006030832181917558,0.002315581678320702,0.0026485503245592167,0.0015541052894396537,0.0012701904158590198,0.007407993238346827,0.0,0.0,0.0,0.0057166029972999305,0.006460863550803977,0.002026133968530614,0.0019801227906598297,0.0032950959175787587,0.0034220517993789152,0.0018644629564252752,0.019585384938762072
Pitchback_-_Cosmic_Dark_preview.wav,0.0,0.0,0.0005142641584652812,0.0,0.0,0.014066959123052891,0.005673626822750187,0.0,0.0,0.0007456438692130344,0.0,0.0006030832181917558,0.0058821153731213605,0.006872654585680174,0.0,0.0,0.0005491826529297932,0.0,0.10983607518548508,0.00024287764673555773,0.0023243848092773427,0.0,0.00036775088541785456,0.0,0.013606602908540547,0.0,0.0007639424673478127,0.0,0.0,0.0,0.0,0.0,0.0,0.0025403808317180396,0.0,0.0004561826209513103,0.00022060290637174705,0.0013685478628539308,0.004345168516336913,0.0,0.0007851478600585708,0.0,0.0,0.0005374554179321805,0.0026001474106776635,0.006108234213946508,0.0019616755456529984,0.0,0.0,0.0,0.0,0.0,0.0,0.0004048453261875644,0.00022151833380909173,0.0,0.029139474176993505,0.0,0.0,0.0,0.0,0.0013133913163954777,0.004487995277371113,0.0,0.0,0.0,0.0,0.0,0.0,0.0007976470187544442,0.0,0.000360981249485621,0.0,0.004637332378809951,0.0444480074969986,0.0,0.0,0.0,0.00022060290637174705,0.0034862263348008787,0.0,0.0,0.010880838802473076,0.0016658820583490474,0.0,0.0,0.0,0.0,0.0,0.012316514961658486,0.0,0.0,0.0,0.00037836433207988807,0.0,0.0,0.06425374763085705,0.0,0.0010074255014625286,0.0,0.025745030553969116,0.0,0.0,0.0,0.002418549380694812,0.015476339731776739,0.0,0.0,0.00016501023255498581,0.00019363175209143112,0.0,0.0,0.001157790839160351,0.0,0.0,0.0,0.009630391209850877,0.0009634634665992192,0.0,0.0,0.0014912877384260688,0.001845961014515422,0.0,0.00313519441854473,0.0016475479587893793,0.0,0.0006214876521417584,0.0
PJ_Harvey_-_This_Is_Love_preview.wav,0.0,0.00012518182909099557,0.0,0.0,0.0,0.0,0.0,0.0,0.013025003447502343,0.0,0.0,0.0,0.0,0.0003617186624042197,0.0,0.0,0.0016475479587893793,0.000475015516198625,0.004407003016701562,0.0,0.19466722777697745,0.0,0.0006435640494812455,0.0,0.004819005196774777,0.0,0.0,0.0012143882336777885,0.010122700733849289,0.0,0.0015544055432104393,0.0,0.0,0.0,0.0,0.0,0.0,0.0,0.0,0.003326298766851462,0.0,0.0,0.0,0.016392390246931503,0.06968395060616138,0.0,0.0,0.00045991271881195184,0.0,0.0,0.0,0.0025482616370568973,0.0,0.0006747422103126074,0.00044303666761818345,0.0,0.0,0.0,0.040465465597167204,0.0,0.0,0.0,0.0,0.0005021759804488341,0.0,0.0,0.0,0.0,0.0,0.019542351959483884,0.0,0.0,0.003326298766851462,0.0009274664757619903,0.0,0.0,0.0,0.0,0.0,0.0,0.0,0.0,0.02918828186695159,0.0,0.0,0.0,0.0,0.0,0.0016370381562001795,0.0,0.010686616456364538,0.0,0.0,0.0,0.0003662021232915642,0.0,0.00040925953905004487,0.0,0.0,0.0,0.0012143882336777885,0.0,0.0,0.0,0.0,0.0,0.0,0.0018583152256350655,0.00033002046510997163,0.0,0.004377459289371787,0.0,0.005499506486011667,0.047295541509986015,0.0,0.0,0.0,0.0,0.0,0.0,0.0,0.0,0.0,0.0009900613953299148,0.0,0.0010266155398136745,0.0,0.0
Pnk_-_Beautiful_Trauma_-_MOTi_Remix_preview.wav,0.003813017040871155,0.0005007273163639823,0.0007713962376979218,0.0,0.0018848483966755244,0.015473655035358181,0.020566897232469426,0.0009964741443226352,0.0,0.0,0.004744510437455021,0.0003015416090958779,0.001809881653268111,0.007957810572892833,0.0,0.0,0.01675007091435869,0.0,0.004746003248755528,0.01360114821719123,0.0011621924046386714,0.0005943271878915495,9.193772135446364e-05,0.0,0.00595288877248649,0.0,0.005347597271434688,0.0,0.0,0.0,0.0,0.018145498797290237,0.0,0.009314729716299479,0.001942779145096902,0.01459784387044193,0.0011030145318587353,0.0013685478628539308,0.0017980007653807919,0.0003326298766851462,0.003925739300292854,0.003797045387547971,0.0010403978457778958,0.0008061831268982706,0.0010400589642710655,0.0038870581361477776,0.0,0.010577992532674892,0.0018396508752478074,0.0026516215592522,0.0,0.0009266405952934174,0.0,0.0010795875365001719,0.000775314168331821,0.0,0.03263621107823273,0.0,0.0,0.002583380794935362,0.0,0.0008755942109303185,0.0016829982290141672,0.0005021759804488341,0.0,0.007086772348198203,0.0,0.0013088570603497645,0.0,0.0019941175468861107,0.0014365131468325218,0.0021658874969137255,0.0026610390134811698,0.0029148946381091123,0.0040407279542726,0.0,0.00042697184077882807,0.007361019686938747,0.004632661033806688,0.005387804335601358,0.008760462735839804,0.0,0.006217622172841758,0.0,0.0,0.0003198362993235282,0.0,0.001892271449567804,0.0016370381562001795,0.005982307267091264,0.0,0.0,0.0006783353470615197,0.0037836433207988807,0.0027465159246867314,0.0040407279542726,0.006548152624800718,0.003080993170377523,0.0,0.0,0.009957983516157865,0.0023243848092773427,0.0004487759251183763,0.006046888122379034,0.0018810939627626315,0.018678341055592615,0.0,0.01783982616609663,0.004455276278984617,0.0009681587604571556,0.0,0.0021107912636711456,0.004631163356641404,0.0011350929962396642,0.002719684256519394,0.00084679361057268,0.0007407993238346828,0.0,0.0,0.0,0.00024854795640434483,0.0012306406763436147,0.002026133968530614,0.0047852967440945885,0.0041188698969734485,0.0,0.004350413564992309,0.0
Pnk_-_Get_the_Party_Started_preview.wav,0.005338223857219617,0.00112663646181896,0.002057056633861125,0.0,0.0004712120991688811,0.008674624792549284,0.031204947525126023,0.0004982370721613176,0.0,0.0,0.003953758697879184,0.0003015416090958779,0.013121641986193804,0.002170311974425318,0.0,0.0,0.003844278570508552,0.0,0.008814006033403123,0.014572658804133462,0.0,0.0,0.001287128098962491,0.0,0.005385946984630634,0.0004674272808297235,0.003246755486228203,0.00024287764673555773,0.0005061350366924645,0.0018369835656040613,0.0025906759053507325,0.0009808377728264992,0.0,0.0012701904158590198,0.004995717801677748,0.015054026491393238,0.0006618087191152412,0.0,0.0,0.0003326298766851462,0.0003925739300292854,0.013289658856417898,0.0009103481150556589,0.0002687277089660902,0.002340132669609897,0.031651759108631904,0.0004904188864132496,0.010577992532674892,0.0,0.0,0.0,0.0,0.0,0.0006747422103126074,0.00033227750071363756,0.0,0.04118379017015082,0.0,0.0,0.001291690397467681,0.0,0.001751188421860637,0.00028049970483569456,0.0,0.0,0.004819005196774777,0.0,0.0013088570603497645,0.0,0.006381176150035554,0.0,0.001443924997942484,0.0059873377803326315,0.004372341957163669,0.033133969225035316,0.0019777528113078574,0.00042697184077882807,0.0012801773368589125,0.004632661033806688,0.015529553673203916,0.0010950578419799755,0.0,0.0058721987187949935,0.036094111264229366,0.0,0.0,0.0,0.0006307571498559348,0.0008185190781000897,0.008093709831947005,0.0,0.0006973103313295668,0.0006783353470615197,0.00037836433207988807,0.0001831010616457821,0.0008081455908545201,0.0118685266324513,0.001155372438891571,0.0,0.0,0.005829063521653384,0.005229865820874021,0.0013463277753551289,0.0,0.0008061831268982706,0.0046251130232896,0.0,0.005203282631778184,0.0034652148836547022,0.0017426857688228798,0.0,0.0009046248272876337,0.008393983583912544,0.0007567286641597761,0.007770526447198269,0.0,0.027409574981883265,0.0,0.003107438260708792,0.0,0.0,0.027074094879559522,0.00028944770979008773,0.00033002046510997163,0.002471321938184069,0.0,0.0006214876521417584,0.0
Pnk_-_Try_preview.wav,0.0,0.0,0.0,0.0,0.0,0.06728695447193633,0.0,0.0,0.0,0.0,0.0,0.0,0.0,0.0007234373248084394,0.0,0.0,0.005491826529297931,0.0,0.04610403155933941,0.0017001435271489038,0.0,0.0,0.00036775088541785456,0.0,0.0,0.0,0.0009549280841847657,0.0,0.0,0.0,0.0031088110864208787,0.0,0.0,0.0,0.0,0.0,0.004191455221063194,0.0,0.0,0.0,0.0,0.0,0.00013004973072223698,0.0002687277089660902,0.002340132669609897,0.02887528901138349,0.0009808377728264992,0.0,0.0,0.0,0.0,0.0,0.0,0.0,0.00033227750071363756,0.0,0.0023311579341594806,0.0,0.0,0.0,0.0,0.0,0.0,0.0,0.0,0.0017008253635675684,0.0,0.0,0.0,0.047858821125266654,0.0,0.0001804906247428105,0.0,0.0035773706922248194,0.0,0.0,0.0,0.0,0.0017648232509739764,0.0003169296668000799,0.0010950578419799755,0.0,0.04179623793965848,0.0,0.0,0.0001599181496617641,0.0,0.0,0.0,0.0,0.0,0.0,0.0,0.0,0.0001831010616457821,0.0,0.022918534186802512,0.0,0.0,0.0,0.01991596703231573,0.0,0.0,0.0,0.0002687277089660902,0.002668334436513231,0.0,0.0007433260902540262,0.0011550716278849007,0.0,0.0,0.0,0.0017366862587405263,0.0,0.0,0.0,0.0,0.0,0.0,0.0,0.0,0.03907284147390976,0.0,0.0011550716278849007,0.004942643876368138,0.0,0.0006214876521417584,0.0
PNL_-_Bene_preview.wav,0.000762603408174231,0.0008762728036369689,0.003342717030024328,0.0,0.001413636297506643,0.0021100438684579334,0.0,0.005978844865935811,0.0,0.010439014168982482,0.0,0.0,0.0009049408266340555,0.0,0.0,0.004568922646008793,0.016200888261428896,0.0,0.0037290025525936288,0.00024287764673555773,0.0,0.0,0.0004596886067723182,0.002491185360806588,0.011055364863189195,0.003739418246637788,0.0,0.000728632940206673,0.0,0.004286294986409477,0.0,0.0,0.0,0.007197745689867779,0.0,0.0027370957257078616,0.007721101723011147,0.010948382902831446,0.00524416889902731,0.0,0.010599496110790705,0.0,0.0011704475765001328,0.0002687277089660902,0.0010400589642710655,0.0,0.0029425133184794974,0.0,0.014257294283170505,0.00053032431185044,0.0,0.001389960892940126,0.0004904188864132496,0.0018892781888753007,0.0008860733352363669,0.008651034934345887,0.00038852632235991343,0.0,0.0,0.001291690397467681,0.015174234083792237,0.005253565265581911,0.0207569781578414,0.0,0.0,0.0011338835757117125,0.008604295623771895,0.0006544285301748823,0.006168942035970104,0.0,0.005267214871719246,0.008302568738169282,0.0,0.00026499042164628293,0.0,0.0,0.02049464835738375,0.012161684700159669,0.0006618087191152412,0.0,0.0,0.0026651761598890434,0.005181351810701465,0.0,0.013128566787616664,0.0001599181496617641,0.004540773354737021,0.0012615142997118695,0.0,0.013372216244086356,0.000728632940206673,0.01150562046693785,0.006331129905907517,0.0011350929962396642,0.0007324042465831283,0.0,0.0008185190781000897,0.002310744877783142,0.005372936007800153,0.0,0.005829063521653384,0.0005810962023193357,0.0026926555507102577,0.00499525540544355,0.0005374554179321805,0.006581891610065969,0.0,0.0022299782707620786,0.007260450232419375,0.0009681587604571556,0.0,0.008141623445588704,0.001157790839160351,0.0,0.008547579091918094,0.00889133291101314,0.0,0.0,0.001242975304283517,0.0,0.004225315258873861,0.0,0.0017366862587405263,0.00907556279052422,0.005491826529297931,0.0,0.0,0.0
Poison_-_Talk_Dirty_To_Me_preview.wav,0.0,0.00025036365818199114,0.0,0.0,0.0,0.0004688986374350964,0.0,0.0,0.004341667815834115,0.0,0.0,0.0012061664363835116,0.0,0.005425779936063296,0.000526239902329663,0.0,0.0,0.000475015516198625,0.0003390002320539663,0.00024287764673555773,0.011621924046386714,0.0,9.193772135446364e-05,0.0,0.0005669417878558562,0.0,0.0,0.00024287764673555773,0.001012270073384929,0.0,0.04974097738273406,0.0004904188864132496,0.0,0.0,0.000832619633612958,0.0036494609676104824,0.0,0.0,0.000299666794230132,0.001663149383425731,0.0,0.0,0.0,0.002687277089660902,0.003900221116016495,0.0,0.002452094432066248,0.0,0.0,0.0,0.0,0.0009266405952934174,0.0,0.0,0.00022151833380909173,0.0,0.0019426316117995672,0.0,0.6628628650202628,0.0,0.0,0.0,0.0,0.0015065279413465022,0.0,0.0,0.0,0.0,0.0,0.06301411448160109,0.0,0.0,0.0009978896300554387,0.00026499042164628293,0.0008081455908545201,0.0,0.0,0.0,0.0008824116254869882,0.010775608671202716,0.0,0.0,0.00017271172702338218,0.0,0.0,0.0003198362993235282,0.0,0.001892271449567804,0.0,0.0038709047022355237,0.0017001435271489038,0.0,0.0,0.0,0.0001831010616457821,0.0525294634055438,0.0012277786171501345,0.0,0.0,0.0,0.000728632940206673,0.0,0.004936535176302138,0.0,0.0005374554179321805,0.0,0.0,0.0003716630451270131,0.0,0.0,0.0,0.0,0.0014472385489504387,0.014756208951115636,0.0,0.0063509520792951,0.0022223979715040483,0.004817317332996096,0.0,0.0,0.0,0.000922980507257711,0.0,0.00016501023255498581,0.0002745913264648966,0.0,0.0,0.0
Polo_G_-_Heartless_feat_Mustard_preview.wav,0.0,0.00112663646181896,0.0002571320792326406,0.004861353558144951,0.009895454082546502,0.0,0.0014184067056875467,0.009466504371065035,0.0032562508618755857,0.001242739782021724,0.008698269135334205,0.0,0.0,0.0003617186624042197,0.0052623990232966295,0.015229742153362643,0.0002745913264648966,0.00095003103239725,0.0006780004641079326,0.0009715105869422309,0.0,0.006537599066807043,0.00036775088541785456,0.017438297525646115,0.0002834708939279281,0.006076554650786405,0.00019098561683695317,0.009715105869422308,0.0015184051100773932,0.0006123278552013538,0.001036270362140293,0.007846702182611994,0.0,0.0,0.000832619633612958,0.0,0.0019854261573457235,0.0018247304838052412,0.001048833779805462,0.011974675560665263,0.0035331653702635685,0.002847784040660978,0.00013004973072223698,0.001074910835864361,0.0002600147410677664,0.0027764700972484125,0.004413769977719246,0.008738341657427083,0.0018396508752478074,0.02174329678586804,0.0,0.012741308185284487,0.0009808377728264992,0.0006747422103126074,0.000775314168331821,0.0017302069868691773,0.00038852632235991343,0.000901510906480383,0.0,0.0004305634658225604,0.0,0.00569136237104707,0.0014024985241784728,0.0010043519608976682,0.009158509686831285,0.0002834708939279281,0.0015184051100773932,0.007853142362098586,0.0012337884071940207,0.0027917645656405548,0.010055592027827654,0.000360981249485621,0.0006652597533702924,0.00026499042164628293,0.0,0.0171405243646681,0.01110126786024953,0.003520487676362009,0.0,0.0,0.0036501928065999184,0.013325880799445218,0.00034542345404676435,0.0016658820583490474,0.0,0.0001599181496617641,0.0036326186837896167,0.001892271449567804,0.006138893085750673,0.0,0.000728632940206673,0.009762344638613935,0.013792818723584233,0.0,0.0014648084931662567,0.00565701913598164,0.002455557234300269,0.024262821216722994,0.014439765520962912,0.010408143629001264,0.0,0.030217002520605454,0.0,0.0099905108108871,0.0002687277089660902,0.001778889624342154,0.0012054784624639238,0.018583152256350655,0.0069304297673094045,0.00038726350418286223,0.0070039348629948595,0.012061664363835116,0.002315581678320702,0.0011350929962396642,0.002719684256519394,0.0021169840264317,0.0,0.0,0.012429753042835168,0.0,0.0057166029972999305,0.0006153203381718073,0.001157790839160351,0.0,0.0,0.00444866733919259,0.001242975304283517,0.003092429200857169
Pop_Evil_-_Trenches_preview.wav,0.0,0.00025036365818199114,0.0002571320792326406,0.0,0.0,0.0021100438684579334,0.0,0.0,0.0,0.001242739782021724,0.0,0.0,0.001357411239951083,0.01302187184655191,0.000526239902329663,0.0,0.0,0.000475015516198625,0.011526007889834853,0.0021858988206200193,0.0162706936649414,0.0,0.0002758131640633909,0.0,0.0017008253635675684,0.0,0.0007639424673478127,0.0,0.0005061350366924645,0.0,0.028497434958858054,0.0004904188864132496,0.0,0.0,0.000555079755741972,0.0018247304838052412,0.0,0.0,0.0013485005740355939,0.0,0.0,0.0,0.0006502486536111849,0.0016123662537965411,0.060323419927721784,0.0016658820583490474,0.0019616755456529984,0.00045991271881195184,0.0009198254376239037,0.0,0.0,0.0004633202976467087,0.0,0.0,0.00033227750071363756,0.0,0.0038852632235991343,0.0,0.038538538663968766,0.0004305634658225604,0.0,0.002188985527325796,0.0008414991145070836,0.010545695589425516,0.0,0.0005669417878558562,0.0,0.0,0.0,0.10927764156935886,0.0,0.0009024531237140523,0.01596623408088702,0.0026499042164628292,0.01535476622623588,0.0,0.0,0.0,0.0026472348764609646,0.0076063120032019175,0.00036501928065999184,0.0,0.0036269462674910257,0.01554823254459111,0.0,0.0,0.0,0.0,0.0008185190781000897,0.005278506412139351,0.00048575529347111545,0.0,0.0,0.0007567286641597761,0.0001831010616457821,0.00565701913598164,0.016370381562001796,0.0,0.0,0.0,0.00048575529347111545,0.0,0.003141431475828634,0.0,0.001074910835864361,0.0,0.0,0.0022299782707620786,0.00016501023255498581,0.0009681587604571556,0.0,0.0003015416090958779,0.005210058776221579,0.00037836433207988807,0.0,0.00084679361057268,0.0,0.0,0.0,0.0,0.00024854795640434483,0.039995821981167475,0.0014472385489504387,0.0011550716278849007,0.006864783161622414,0.0,0.001242975304283517,0.0
PRETTYMUCH_-_Summer_on_You_preview.wav,0.0,0.0012518182909099557,0.0038569811884896095,0.0072920303372174256,0.0009424241983377622,0.0009377972748701928,0.0,0.008470030226742399,0.0,0.00024854795640434483,0.0,0.0024123328727670233,0.0,0.006149217260871735,0.0,0.003350543273739781,0.002471321938184069,0.00095003103239725,0.0010170006961618989,0.0,0.0,0.01010356219415634,9.193772135446364e-05,0.0034876595051292233,0.002551238045351353,0.0,0.0028647842525542973,0.001457265880413346,0.0,0.0,0.0,0.0009808377728264992,0.007594090775095942,0.0,0.000555079755741972,0.0009123652419026206,0.007500498816639399,0.0036494609676104824,0.000149833397115066,0.0,0.013151226655981061,0.0018985226937739855,0.0005201989228889479,0.005912009597253984,0.001560088446406598,0.0,0.01177005327391799,0.013337468845546601,0.0036793017504956147,0.013258107796261001,0.0,0.009266405952934173,0.0,0.0024290719571253864,0.0008860733352363669,0.005190620960607532,0.0,0.0,0.0,0.0,0.0,0.0074425507929077065,0.005329494391878196,0.0005021759804488341,0.00166518357942387,0.0017008253635675684,0.002530675183462322,0.0065442853017488225,0.0067858362395671135,0.0011964705281316663,0.005746052587330087,0.0001804906247428105,0.0,0.0010599616865851317,0.0,0.0019777528113078574,0.0017078873631153123,0.007681064021153474,0.0,0.0,0.0014600771226399674,0.0044419602664817395,0.0024179641783273506,0.0,0.0,0.0003198362993235282,0.0,0.023968771694525517,0.0016370381562001795,0.0017595021373797838,0.0012143882336777885,0.01778141344890395,0.008818359511799757,0.0011350929962396642,0.0020141116781036026,0.0008081455908545201,0.0008185190781000897,0.02233720048523704,0.028879531041925824,0.00832651490320101,0.0041289199945044805,0.004648769618554685,0.004038983326065387,0.004732347226209678,0.004837098761389624,0.003379890286250092,0.0,0.008176586992794287,0.009900613953299149,0.0,0.0,0.024726411945861986,0.006946745034962105,0.0,0.010490210703717662,0.0021169840264317,0.0,0.011561561599190629,0.0006214876521417584,0.0,0.00024854795640434483,0.0,0.00028944770979008773,0.0,0.0021967306117191727,0.004106462159254698,0.0006214876521417584,0.0
Proleter_-_April_Showers_preview.wav,0.0,0.00112663646181896,0.0,0.0,0.00942424198337762,0.0002344493187175482,0.0,0.0,0.0005427084769792644,0.0007456438692130344,0.0,0.0021107912636711456,0.0,0.0018085933120210985,0.029995674432790793,0.0006091896861345058,0.003844278570508552,0.00095003103239725,0.0,0.0,0.0023243848092773427,0.002971635939457747,0.00018387544270892728,0.004484133649451858,0.0,0.018229663952359216,0.0,0.0017001435271489038,0.013159510954004075,0.08205193259698142,0.0005181351810701465,0.0,0.0018985226937739855,0.0,0.0,0.0009123652419026206,0.0,0.0013685478628539308,0.000299666794230132,0.007317857287073216,0.0013740087551024989,0.0,0.00026009946144447396,0.0,0.0,0.0,0.0,0.00045991271881195184,0.00045991271881195184,0.00053032431185044,0.0,0.0,0.007846702182611994,0.00026989688412504297,0.00011075916690454586,0.0011534713245794515,0.0,0.005409065438882298,0.0,0.001291690397467681,0.17392006757577255,0.00043779710546515925,0.0005609994096713891,0.0005021759804488341,0.000832591789711935,0.0005669417878558562,0.00455521533023218,0.0,0.0006168942035970103,0.0039882350937722215,0.0009576754312216814,0.0,0.0,0.0,0.0,0.0,0.0029888028854517966,0.0012801773368589125,0.0004412058127434941,0.0006338593336001598,0.00036501928065999184,0.01243748874614887,0.0,0.0,0.0,0.0001599181496617641,0.008173392038526637,0.0,0.0,0.00035190042747595675,0.00024287764673555773,0.003486551656647834,0.0011305589117691995,0.0,0.0,0.0,0.0,0.0,0.003022276504387586,0.0006938762419334176,0.0,0.0,0.0,0.0018403572546370971,0.001343638544830451,0.0007115558497368616,0.6581912405053023,0.0,0.0,0.00038726350418286223,0.01750983715748715,0.0012061664363835116,0.0,0.0,0.00038852632235991343,0.00084679361057268,0.0,0.0,0.0,0.0,0.00024854795640434483,0.0,0.0008683431293702631,0.0,0.0,0.0,0.0,0.03092429200857169
Psalm_Trees_-_You_Dont_Know_preview.wav,0.0,0.0010014546327279646,0.0,0.0036460151686087128,0.034398483239328315,0.0,0.0,0.009466504371065035,0.0005427084769792644,0.0019883836512347586,0.0,0.0,0.009501878679657582,0.0,0.000526239902329663,0.0,0.0,0.010450341356369748,0.0,0.0,0.0005810962023193357,0.036848285649276065,0.00018387544270892728,0.0014947112164839529,0.0,0.0032719909658080644,0.0,0.0,0.0075920255503869665,0.0036739671312081227,0.010880838802473076,0.0029425133184794974,0.015188181550191884,0.0,0.0,0.0,0.0,0.02326531366851682,0.00149833397115066,0.005654707903647485,0.0,0.0,0.00026009946144447396,0.0,0.0002600147410677664,0.0,0.0009808377728264992,0.0,0.0,0.03128913439917596,0.0,0.0,0.02599220097990223,0.0,0.002104424171186371,0.13495614497579583,0.0,0.018931729036088044,0.0,0.0,0.001167248775676326,0.0074425507929077065,0.0,0.0020087039217953364,0.0,0.0002834708939279281,0.04302147811885947,0.002617714120699529,0.0006168942035970103,0.0,0.0,0.0,0.0,0.0,0.0,0.0,0.0,0.0009601330026441843,0.00022060290637174705,0.0,0.01204563626177973,0.006218744373074435,0.0,0.0,0.0,0.0001599181496617641,0.009081546709474041,0.0006307571498559348,0.010231488476251122,0.0,0.00024287764673555773,0.0003486551656647834,0.002035006041184559,0.0026485503245592167,0.002563414863040949,0.0064651647268361605,0.0,0.016560338290779186,0.0,0.05689785183854024,0.0,0.0,0.0,0.007361429018548389,0.0,0.0,0.0,0.0,0.0,0.00038726350418286223,0.0,0.0003015416090958779,0.0,0.0,0.0,0.0084679361057268,0.0,0.06455205226214769,0.0,0.0,0.006462246866512965,0.0,0.004631163356641404,0.0014850920929948721,0.0,0.0,0.0,0.0
Queen_-_In_Only_Seven_Days_-_Remastered_2011_preview.wav,0.0,0.00450654584727584,0.0,0.0,0.0,0.0002344493187175482,0.0,0.0,0.0,0.009444822343365102,0.0,0.0006030832181917558,0.0,0.0,0.0,0.0,0.0005491826529297932,0.0,0.002373001624377764,0.0009715105869422309,0.013946308855664056,0.0,0.0014710035416714182,0.0,0.003401650727135137,0.0,0.0007639424673478127,0.0,0.0075920255503869665,0.0,0.0,0.0,0.0,0.0021169840264317,0.000555079755741972,0.0013685478628539308,0.0011030145318587353,0.0,0.07221969740946181,0.0,0.0,0.0,0.004551740575278295,0.0,0.016640943428337048,0.0,0.0004904188864132496,0.0,0.00045991271881195184,0.0,0.0,0.0011583007441167716,0.0004904188864132496,0.0047231954721882515,0.0009968325021409126,0.0,0.0,0.0,0.0,0.0017222538632902416,0.0,0.00043779710546515925,0.0005609994096713891,0.0010043519608976682,0.0,0.0008504126817837842,0.0,0.0,0.0,0.003589411584394999,0.0,0.0059561906165127455,0.003658928643536608,0.007419731806095922,0.0,0.0,0.0,0.0006400886684294562,0.005073866846550182,0.010775608671202716,0.0,0.0,0.002763387632374115,0.0,0.0,0.0001599181496617641,0.0,0.0,0.012277786171501347,0.010205112396802746,0.0034002870542978077,0.0,0.00022611178235383992,0.0,0.0001831010616457821,0.0,0.0,0.0,0.0,0.0,0.00315740940756225,0.0,0.0004487759251183763,0.00026290817923387103,0.001343638544830451,0.0010673337746052924,0.0,0.0003716630451270131,0.00016501023255498581,0.002904476281371467,0.0,0.0,0.0031839248076909648,0.0,0.0,0.0,0.0,0.0,0.0,0.0,0.00024854795640434483,0.006153203381718073,0.0008683431293702631,0.020296258604263255,0.002471321938184069,0.0,0.0006214876521417584,0.0
Queen_-_Let_Me_Entertain_You_-_Remastered_2011_preview.wav,0.0,0.0010014546327279646,0.001285660396163203,0.0,0.0,0.0023444931871754817,0.01702088046825056,0.0,0.03581875948063144,0.0,0.0007907517395758369,0.0006030832181917558,0.006787056199755416,0.002532030636829538,0.002104959609318652,0.0,0.0010983653058595864,0.0,0.0016950011602698315,0.00048575529347111545,0.0406767341623535,0.0,0.0,0.0,0.002267767151423425,0.0,0.00019098561683695317,0.0036431647010333654,0.0,0.0,0.04145081448561172,0.0034329322048927474,0.0,0.0,0.002220319022967888,0.0009123652419026206,0.0,0.0,0.002097667559610924,0.0023284091367960238,0.0,0.017086704243965866,0.0,0.001074910835864361,0.015860899205133745,0.001110588038899365,0.005885026636958995,0.00781851621980318,0.0,0.0,0.0,0.00023166014882335434,0.0,0.0009446390944376503,0.00011075916690454586,0.0,0.0007770526447198269,0.0,0.045282782930163294,0.0,0.0,0.0,0.0,0.10897218775739699,0.0,0.0011338835757117125,0.0,0.0,0.0,0.015554116865711664,0.0,0.000360981249485621,0.01862727309436819,0.0003974856324694244,0.0008081455908545201,0.0,0.0,0.0,0.003529646501947953,0.009824819670802476,0.0007300385613199837,0.0,0.0037996579945144076,0.0038870581361477776,0.0,0.0003198362993235282,0.0,0.006938328648415281,0.0020462976952502245,0.008093709831947005,0.006557696461860057,0.0,0.0,0.0026485503245592167,0.0003662021232915642,0.01939549418050848,0.003274076312400359,0.002695869024080333,0.0,0.0,0.00024287764673555773,0.0,0.014360829603788042,0.0,0.0032247325075930823,0.0003557779248684308,0.0,0.0014866521805080525,0.00016501023255498581,0.0005808952562742933,0.0017509837157487149,0.0,0.009262326713282807,0.008324015305757536,0.0,0.00042339680528634,0.0,0.0,0.0,0.0,0.0,0.008306824565319398,0.004052267937061228,0.004290266046429631,0.012631201017385242,0.0013688207197515663,0.006214876521417584,0.0
Queen_-_Nevermore_-_Remastered_2011_preview.wav,0.0,0.00225327292363792,0.0023141887130937655,0.06562827303495683,0.0273303017517951,0.0,0.0,0.02092595703077534,0.0379895933885485,0.001242739782021724,0.0,0.0006030832181917558,0.0,0.0,0.015787197069889892,0.00213216390147077,0.0,0.018525605131746375,0.0,0.0,0.0,0.002971635939457747,0.0,0.02889775018535642,0.0,0.0079462637741053,0.0,0.007529207048802288,0.0005061350366924645,0.006735606407214891,0.0,0.0,0.0,0.0,0.006105877313161692,0.0,0.0,0.0031932783466591718,0.002397334353841056,0.005654707903647485,0.0,0.0,0.0,0.0005374554179321805,0.0002600147410677664,0.0,0.0,0.0,0.0,0.0026516215592522,0.07713667769516894,0.001389960892940126,0.007846702182611994,0.0,0.0,0.004613885298317806,0.0,0.040567990791617235,0.0,0.0,0.023344975513526517,0.001751188421860637,0.0028049970483569457,0.02611315098333937,0.01332146863539096,0.0,0.008604295623771895,0.0,0.003701365221582062,0.0,0.0004788377156108407,0.000360981249485621,0.01230730543735041,0.0,0.0,0.0,0.00042697184077882807,0.015362128042306949,0.0,0.0,0.0,0.06574101194392974,0.0,0.0,0.0,0.004317790040867631,0.022703866773685105,0.0,0.0,0.0,0.004371797641240039,0.02057065477422222,0.00022611178235383992,0.009459108301997202,0.0,0.0,0.0,0.0,0.0,0.004857133693533923,0.0,0.0,0.0,0.0,0.0002687277089660902,0.0001778889624342154,0.0024109569249278475,0.0,0.0,0.0,0.004377459289371787,0.0,0.0,0.0015134573283195523,0.0011655789670797403,0.0,0.0,0.0,0.0,0.0,0.0022369316076391033,0.0,0.04081212708040237,0.0006600409302199433,0.0,0.0068441035987578305,0.0,0.0
Queen_-_Who_Needs_You_-_Remastered_2011_preview.wav,0.0,0.00112663646181896,0.0002571320792326406,0.0,0.002356060495844405,0.0,0.0,0.002491185360806588,0.0,0.01814400081751717,0.0007907517395758369,0.0003015416090958779,0.0,0.0,0.000526239902329663,0.0051781123321432984,0.0,0.0,0.0,0.0,0.0,0.0035659631273492966,0.0032178202474062276,0.0009964741443226352,0.0,0.0004674272808297235,0.003246755486228203,0.000728632940206673,0.002530675183462322,0.0048986228416108306,0.0,0.002452094432066248,0.0009492613468869927,0.0,0.0,0.0,0.0,0.0716206714893557,0.002547167750956122,0.0009978896300554387,0.001962869650146427,0.0018985226937739855,0.004161591383111583,0.0,0.0,0.0,0.009317958841851742,0.0,0.006898690782179277,0.00424259449480352,0.0,0.0004633202976467087,0.01373172881957099,0.0021591750730003438,0.0037658116747545586,0.013264920232663693,0.0,0.0,0.0,0.0008611269316451208,0.0,0.04465530475744624,0.00028049970483569456,0.0,0.0,0.00595288877248649,0.006073620440309573,0.024868284146645523,0.02837713336546248,0.0,0.015322806899546902,0.001443924997942484,0.0,0.0,0.0,0.010548014993641906,0.0,0.01376190637123331,0.0037502494083196994,0.005070874668801279,0.02190115683959951,0.0008883920532963479,0.0,0.0,0.0,0.001599181496617641,0.0,0.0031537857492796736,0.004092595390500449,0.0,0.00024287764673555773,0.0062757929819661,0.007009465252969037,0.0007567286641597761,0.0018310106164578209,0.0,0.0,0.010013227803726949,0.00033580850048750956,0.0013877524838668352,0.0,0.003486577213916014,0.0017951037004735053,0.003154898150806452,0.0,0.0,0.0,0.0018583152256350655,0.00033002046510997163,0.0019363175209143112,0.0,0.004221582527342291,0.0,0.0,0.0,0.004657364858149739,0.0,0.0,0.0018644629564252752,0.0,0.025600439509647518,0.0,0.0037628202272711403,0.0004950306976649574,0.0,0.0,0.008079339477842859,0.0
R3HAB_-_This_Is_How_We_Party_with_Icona_Pop_preview.wav,0.006100827265393848,0.006384273283640773,0.0007713962376979218,0.023091429401188513,0.024503029156781816,0.0002344493187175482,0.0014184067056875467,0.0029894224329679057,0.0016281254309377928,0.00024854795640434483,0.004744510437455021,0.0009046248272876337,0.0009049408266340555,0.008681247897701272,0.0026311995116483147,0.002436758744538023,0.0016475479587893793,0.0028500930971917496,0.0,0.0021858988206200193,0.0,0.008320580630481692,0.0008274394921901728,0.004484133649451858,0.0,0.010283400178253915,0.0024828130188803907,0.007772084695537847,0.011641105843926683,0.012246557104027077,0.0005181351810701465,0.006865864409785495,0.01423892020330489,0.00042339680528634,0.000832619633612958,0.0,0.004853263940178434,0.0,0.002397334353841056,0.007650487163758364,0.0029443044752196406,0.013289658856417898,0.0014305470379446068,0.002956004798626992,0.004420250598152028,0.00444235215559746,0.004413769977719246,0.0009198254376239037,0.0,0.00424259449480352,0.0,0.005791503720583859,0.002452094432066248,0.009716287828501546,0.0013291100028545502,0.0011534713245794515,0.0015541052894396537,0.007212087251843064,0.0,0.0030139442607579224,0.0,0.00043779710546515925,0.0005609994096713891,0.007030463726283677,0.00333036715884774,0.002551238045351353,0.0015184051100773932,0.00588985677157394,0.0006168942035970103,0.0019941175468861107,0.0014365131468325218,0.0016244156226852943,0.0,0.003709865903047961,0.0,0.0013185018742052383,0.0012809155223364843,0.0009601330026441843,0.002426631970089217,0.0,0.0010950578419799755,0.01599105695933426,0.0015544055432104395,0.0,0.0,0.0004797544489852923,0.004540773354737021,0.01892271449567804,0.0008185190781000897,0.0,0.016758557624753482,0.002440586159653484,0.006783353470615197,0.0011350929962396642,0.0005493031849373463,0.01131403827196328,0.0,0.002695869024080333,0.0010074255014625286,0.014571401080601768,0.001457265880413346,0.0005810962023193357,0.0,0.0076243371977822594,0.019348395045558495,0.0014231116994737232,0.0012054784624639238,0.0007433260902540262,0.003960245581319659,0.0034853715376457596,0.004377459289371787,0.005427748963725802,0.0026050293881107896,0.0030269146566391045,0.002719684256519394,0.0021169840264317,0.0,0.0019269269331984385,0.001242975304283517,0.0,0.00024854795640434483,0.0021536211836013256,0.0005788954195801755,0.0019801227906598297,0.0013729566323244828,0.002053231079627349,0.009322314782126376,0.007215668135333394
Radiohead_-_Fake_Plastic_Trees_preview.wav,0.0,0.006008727796367786,0.0,0.0,0.016492423470910837,0.0,0.0,0.004484133649451858,0.0,0.0014912877384260688,0.0,0.0,0.0,0.0,0.0,0.011879198879622861,0.0005491826529297932,0.00095003103239725,0.0,0.0,0.0,0.009509235006264792,0.0002758131640633909,0.0029894224329679057,0.00595288877248649,0.0051417000891269575,0.0015278849346956253,0.0017001435271489038,0.00455521533023218,0.0,0.0,0.0,0.0,0.0,0.0,0.0,0.0013236174382304823,0.0009123652419026206,0.0017980007653807919,0.025945130381441407,0.0029443044752196406,0.0,0.0007802983843334219,0.001074910835864361,0.0,0.0,0.0,0.0018396508752478074,0.0,0.0053032431185044,0.0,0.03127412009115283,0.006375445523372244,0.004048453261875644,0.0,0.0,0.0,0.000901510906480383,0.0,0.0,0.0,0.0,0.0,0.0,0.0,0.0,0.0,0.0,0.0,0.0,0.0009576754312216814,0.0016244156226852943,0.0,0.0,0.0,0.0,0.0,0.0,0.0,0.0,0.0,0.0,0.002763387632374115,0.0,0.0,0.0001599181496617641,0.0,0.0,0.01268704571055139,0.0,0.0,0.0003486551656647834,0.052457933506090855,0.0,0.0009155053082289104,0.0,0.0,0.003080993170377523,0.0,0.0006938762419334176,0.0,0.0005810962023193357,0.0,0.06888194295927422,0.0,0.0,0.0,0.0022299782707620786,0.011385706046294021,0.0,0.0,0.003618499309150535,0.002315581678320702,0.0015134573283195523,0.004273789545959047,0.0,0.0,0.0,0.0,0.0,0.018392548773921515,0.0,0.0,0.00016501023255498581,0.0,0.0,0.0,0.0
Red_Flag_-_Russian_Radio_preview.wav,0.0,0.0,0.0,0.0,0.0004712120991688811,0.0,0.0,0.013950638020516893,0.0,0.0,0.007907517395758368,0.0,0.0,0.0,0.0,0.0012183793722690115,0.0,0.00095003103239725,0.0,0.0,0.0,0.0005943271878915495,0.0004596886067723182,0.0004982370721613176,0.0,0.0,0.0,0.0,0.0,0.0,0.0,0.0,0.0,0.0,0.0,0.0,0.0,0.005930374072367033,0.0,0.0,0.0015702957201171417,0.0,0.00039014919216671094,0.0,0.0,0.0,0.0004904188864132496,0.0,0.0,0.00053032431185044,0.0,0.0,0.0,0.0,0.00022151833380909173,0.0,0.0,0.0,0.0,0.0021528173291128017,0.0,0.0,0.0,0.0,0.0,0.0,0.0,0.01177971354314788,0.0,0.0,0.06512192932307433,0.0,0.0,0.0,0.0,0.1489907117851919,0.07557401581785257,0.0,0.0,0.0,0.00036501928065999184,0.0,0.0,0.0,0.0,0.0003198362993235282,0.0,0.0,0.0,0.0,0.0,0.003486551656647834,0.0,0.0,0.0014648084931662567,0.0,0.0,0.0003851241462971904,0.0,0.0020816287258002527,0.0,0.0011621924046386714,0.0,0.000788724537701613,0.0,0.0,0.0,0.0,0.0,0.0,0.0,0.0033169577000546568,0.0,0.0,0.01243284231551723,0.0,0.0,0.0,0.35735539998151106,0.0,0.0,0.0,0.0,0.0,0.0,0.0,0.001242975304283517,0.0
Reda_Rwena_-_Guardia_Civil_preview.wav,0.000762603408174231,0.00025036365818199114,0.020313434259378607,0.0,0.0,0.006330131605373801,0.00851044023412528,0.003985896577290541,0.0,0.001242739782021724,0.0,0.0003015416090958779,0.011764230746242721,0.003617186624042197,0.0,0.004873517489076046,0.007688557141017104,0.0,0.0006780004641079326,0.0,0.0,0.0,0.0002758131640633909,0.008968267298903716,0.0017008253635675684,0.000934854561659447,0.00019098561683695317,0.004614675287975596,0.0,0.0,0.001036270362140293,0.0009808377728264992,0.0018985226937739855,0.02244003068017602,0.001110159511483944,0.007755104556172274,0.0037502494083196994,0.0,0.001048833779805462,0.0,0.006870043775512495,0.0,0.00026009946144447396,0.001343638544830451,0.0,0.001110588038899365,0.0,0.0,0.05472961353862226,0.0,0.0,0.00023166014882335434,0.0019616755456529984,0.0012145359785626932,0.00011075916690454586,0.0017302069868691773,0.0,0.001803021812960766,0.0,0.01291690397467681,0.0,0.001751188421860637,0.02833047018840515,0.0,0.02456145779650208,0.0008504126817837842,0.00455521533023218,0.0019632855905246465,0.030227815976253507,0.0,0.0033518640092758847,0.001443924997942484,0.0,0.0,0.00242443677256356,0.0,0.01964070467582609,0.003840532010576737,0.00022060290637174705,0.0006338593336001598,0.0,0.0008883920532963479,0.0,0.00666352823339619,0.001641070848452083,0.0001599181496617641,0.004540773354737021,0.0,0.0,0.005278506412139351,0.0012143882336777885,0.010459654969943501,0.0006783353470615197,0.020431673932313953,0.0001831010616457821,0.00484887354512712,0.003274076312400359,0.0,0.008059404011700229,0.0,0.000728632940206673,0.0,0.0004487759251183763,0.0,0.004030915634491353,0.003557779248684308,0.0,0.0,0.0,0.00019363175209143112,0.0,0.0003015416090958779,0.0,0.0,0.004662315868318961,0.0,0.015556785800528338,0.0,0.006836364173559342,0.0,0.0007456438692130344,0.00030766016908590366,0.004341715646851316,0.0016501023255498582,0.012082018364455447,0.02669200403515554,0.0,0.0
Redlight_Blue_-_Moved_On_preview.wav,0.0,0.008387182549096702,0.0002571320792326406,0.0,0.0018848483966755244,0.0,0.0,0.0014947112164839529,0.0005427084769792644,0.010439014168982482,0.0,0.0003015416090958779,0.0,0.0,0.002104959609318652,0.013097578251891874,0.0010983653058595864,0.00095003103239725,0.0,0.00024287764673555773,0.0,0.0,0.0007355017708357091,0.025410090680227197,0.002267767151423425,0.0032719909658080644,0.00038197123367390633,0.012386759983513441,0.0,0.0006123278552013538,0.0,0.0,0.0,0.0,0.0,0.0,0.00022060290637174705,0.0036494609676104824,0.0034461681336465182,0.008315746917128657,0.030228192612254977,0.0,0.0,0.0002687277089660902,0.0,0.0,0.0,0.00045991271881195184,0.0,0.0,0.0,0.008108105208817402,0.0009808377728264992,0.006612473661063553,0.00033227750071363756,0.002306942649158903,0.0,0.002704532719441149,0.0,0.0,0.0,0.0,0.012061487307934866,0.0,0.025810345481069984,0.0,0.0005061350366924645,0.0,0.0,0.0,0.0014365131468325218,0.0054147187422843145,0.0,0.0,0.0,0.0,0.004269718407788281,0.010881507363300754,0.0,0.0,0.0,0.0,0.00017271172702338218,0.0,0.0,0.0001599181496617641,0.0,0.0,0.0,0.0,0.0012143882336777885,0.038352068223126166,0.02148061932361479,0.0,0.0001831010616457821,0.0,0.0,0.0007702482925943808,0.011753297517062835,0.0,0.0,0.0,0.0,0.005521071763911292,0.0,0.0030241123613816614,0.0,0.0003716630451270131,0.005775358139424504,0.0,0.005252951147246144,0.013267830800218627,0.0005788954195801755,0.0011350929962396642,0.009713158058997836,0.0,0.0,0.0,0.0,0.0,0.012675945776621584,0.0,0.007525640454542281,0.00033002046510997163,0.0,0.0037642569793168066,0.0,0.005154048668095282
Rex_Orange_County_-_Corduroy_Dreams_preview.wav,0.0,0.0,0.0,0.0024306767790724755,0.0009424241983377622,0.0,0.0028368134113750934,0.0,0.0,0.0014912877384260688,0.0,0.006030832181917558,0.0,0.0,0.011577277851252584,0.0,0.0,0.0,0.0,0.0,0.0,0.0005943271878915495,0.0010113149348991,0.0,0.0,0.0,0.0,0.0,0.043527613155551946,0.11572996463305586,0.0,0.025011363207075726,0.01803596559085286,0.0,0.000277539877870986,0.0,0.0,0.004561826209513103,0.0,0.0,0.0,0.010441874815756919,0.00026009946144447396,0.0,0.0,0.0,0.009808377728264992,0.0,0.0,0.00212129724740176,0.0,0.0,0.09710293950982342,0.0,0.0011075916690454586,0.04383191033401916,0.0,0.05318914348234259,0.0,0.0004305634658225604,0.04552270225137671,0.003502376843721274,0.0,0.0,0.0,0.0019842962574954967,0.033404912421702654,0.004580999711224176,0.004935153628776083,0.0,0.0,0.0,0.0,0.0,0.0,0.0,0.0,0.0,0.0004412058127434941,0.0,0.007665404893859828,0.0017767841065926958,0.0,0.0,0.06071962139272707,0.0004797544489852923,0.0009081546709474042,0.021445743095101777,0.0,0.0,0.0,0.0,0.0,0.0,0.0003662021232915642,0.02181993095307204,0.0,0.0,0.0,0.0,0.0,0.0,0.0004487759251183763,0.0,0.0,0.0,0.031342440024062015,0.0,0.0,0.001549054016731449,0.0,0.0,0.0,0.0011350929962396642,0.0,0.07028386967753245,0.0,0.0028903903997976573,0.0,0.0,0.0032311234332564826,0.0,0.0005788954195801755,0.0,0.0,0.0,0.0006214876521417584,0.0
Reykon_-_Latina_feat_Maluma_preview.wav,0.006100827265393848,0.00037554548727298663,0.002057056633861125,0.0,0.002827272595013286,0.0018755945497403856,0.004964423469906413,0.0019929482886452705,0.0,0.013173041689430275,0.0,0.0009046248272876337,0.009049408266340554,0.004340623948850636,0.0,0.0,0.007688557141017104,0.000475015516198625,0.0006780004641079326,0.005586185874917827,0.0,0.001188654375783099,0.0006435640494812455,0.0,0.003685121621063065,0.0,0.005920554121945547,0.00024287764673555773,0.0,0.0,0.005699486991771611,0.004904188864132496,0.003797045387547971,0.033024950812334516,0.000277539877870986,0.012316930765685376,0.016545217977881027,0.0009123652419026206,0.001198667176920528,0.0003326298766851462,0.008440339495629636,0.002847784040660978,0.0020807956915557917,0.0002687277089660902,0.000780044223203299,0.0016658820583490474,0.004413769977719246,0.007358603500991229,0.021155985065349783,0.0037122701829530804,0.0,0.001389960892940126,0.0004904188864132496,0.0009446390944376503,0.00044303666761818345,0.002883678311448629,0.0019426316117995672,0.0,0.0,0.01291690397467681,0.0,0.012696116058489616,0.007573492030563752,0.0,0.0,0.0011338835757117125,0.002024540146769858,0.0006544285301748823,0.003701365221582062,0.0015952940375088885,0.005267214871719246,0.010468456235083008,0.0006652597533702924,0.0009274664757619903,0.0016162911817090401,0.0026370037484104766,0.017078873631153124,0.0019202660052883686,0.0022060290637174705,0.003169296668000799,0.0,0.0,0.0006908469080935287,0.007774116272295555,0.0,0.0003198362993235282,0.0,0.0012615142997118695,0.0016370381562001795,0.0035190042747595676,0.00024287764673555773,0.00313789649098305,0.003843900300015278,0.0037836433207988807,0.0001831010616457821,0.0,0.0008185190781000897,0.003080993170377523,0.008059404011700229,0.0,0.0041289199945044805,0.0011621924046386714,0.006731638876775644,0.00499525540544355,0.0002687277089660902,0.008716559159276554,0.0,0.002601641315889092,0.0047852967440945885,0.0011617905125485867,0.0,0.006030832181917558,0.0028944770979008774,0.0,0.004273789545959047,0.00889133291101314,0.034817568220230084,0.0019269269331984385,0.006214876521417584,0.0,0.0009941918256173793,0.00030766016908590366,0.001157790839160351,0.0023101432557698014,0.0021967306117191727,0.0,0.0,0.0
Ricky_Martin_-_La_Mordidita_preview.wav,0.012201654530787696,0.0006259091454549778,0.00411411326772225,0.0,0.0,0.004923435693068512,0.007801236881281506,0.0,0.0,0.0037282193460651722,0.0023722552187275107,0.0003015416090958779,0.006787056199755416,0.010489841209722371,0.0,0.0006091896861345058,0.0043934612234383455,0.00095003103239725,0.013221009050104687,0.0026716541140911344,0.0005810962023193357,0.0,0.0007355017708357091,0.0,0.012189248438900908,0.0,0.002291827402043438,0.0,0.0015184051100773932,0.0012246557104027076,0.0,0.0014712566592397487,0.0018985226937739855,0.013125300963876539,0.000832619633612958,0.01459784387044193,0.003529646501947953,0.0031932783466591718,0.001198667176920528,0.0,0.000588860895043928,0.0009492613468869927,0.00039014919216671094,0.001074910835864361,0.005980339044558626,0.00222117607779873,0.002452094432066248,0.01011807981386294,0.011037905251486842,0.0,0.0,0.0037065623811736695,0.0,0.0016193813047502576,0.000775314168331821,0.0011534713245794515,0.0023311579341594806,0.0,0.0,0.007319578918983526,0.0,0.00569136237104707,0.00028049970483569456,0.0020087039217953364,0.0,0.00453553430284685,0.0,0.0013088570603497645,0.0006168942035970103,0.00757764667816722,0.0004788377156108407,0.0034293218701133992,0.0013305195067405849,0.0054323036437488,0.0064651647268361605,0.0,0.0017078873631153123,0.0,0.0013236174382304823,0.003169296668000799,0.0032851735259399263,0.0,0.008635586351169108,0.03887058136147778,0.0,0.0,0.0,0.00946135724783902,0.0016370381562001795,0.01407601709903827,0.0012143882336777885,0.0003486551656647834,0.0011305589117691995,0.010594201298236867,0.0001831010616457821,0.0008081455908545201,0.024146312803952647,0.001155372438891571,0.0010074255014625286,0.0,0.010443738809628981,0.0023243848092773427,0.014360829603788042,0.0,0.002149821671728722,0.0032020013238158768,0.0,0.0066899348122862355,0.00709543999986439,0.0011617905125485867,0.0,0.0024123328727670233,0.007525640454542281,0.00037836433207988807,0.0015541052894396537,0.0038105712475770596,0.017779183772032386,0.0019269269331984385,0.0006214876521417584,0.0,0.0022369316076391033,0.00030766016908590366,0.0005788954195801755,0.006435399069644447,0.007413965814552207,0.0,0.001242975304283517,0.0
Robin_Schulz_-_Headlights_feat_Ilsey_preview.wav,0.0,0.00876272803636969,0.025970340002496702,0.0,0.0,0.017583698903816114,0.00425522011706264,0.0,0.0010854169539585288,0.0,0.0,0.0006030832181917558,0.0,0.0,0.0,0.0012183793722690115,0.023614854075981104,0.0,0.0010170006961618989,0.007286329402066731,0.0,0.0005943271878915495,0.0004596886067723182,0.0,0.004819005196774777,0.0,0.0024828130188803907,0.020644599972522402,0.0015184051100773932,0.0006123278552013538,0.0,0.0,0.0,0.0,0.00277539877870986,0.0,0.009927130786728617,0.0,0.0,0.020623052354479067,0.003925739300292854,0.004746306734434963,0.0005201989228889479,0.001074910835864361,0.0013000737053388317,0.0,0.0009808377728264992,0.0009198254376239037,0.0,0.0,0.0,0.0030115819347036063,0.0,0.009716287828501546,0.00011075916690454586,0.0,0.0007770526447198269,0.0,0.0,0.0,0.0,0.0,0.03983095808666863,0.0,0.003746663053703707,0.0011338835757117125,0.0,0.0,0.0,0.0,0.0,0.0009024531237140523,0.0,0.0011924568974082733,0.0,0.0,0.00042697184077882807,0.0,0.0,0.0,0.0,0.0,0.0008635586351169108,0.0,0.0,0.0001599181496617641,0.0,0.0,0.0,0.0,0.002914531760826692,0.00104596549699435,0.00045222356470767984,0.0,0.0001831010616457821,0.0,0.0,0.0,0.010745872015600306,0.0,0.005343308228182269,0.0,0.0,0.0,0.005912009597253984,0.015654228694210952,0.0,0.0,0.011550716278849007,0.0023235810250971734,0.0,0.0003015416090958779,0.0,0.005675464981198321,0.0007770526447198269,0.0,0.0,0.0009634634665992192,0.0,0.0,0.0,0.0,0.0,0.00016501023255498581,0.0005491826529297932,0.02669200403515554,0.0006214876521417584,0.0
Rocco_Hunt_-_Ti_volevo_dedicare_feat_J-AX_Boomdabash_preview.wav,0.0,0.001377000120000951,0.04576951010341003,0.0,0.0,0.02461717846534256,0.0,0.0,0.0,0.0,0.0,0.0006030832181917558,0.0,0.016639058470594107,0.0,0.0003045948430672529,0.01043447040566607,0.0,0.0074580051051872575,0.010929494103100096,0.0,0.0,0.00036775088541785456,0.0,0.0014173544696396406,0.0,0.0017188705515325782,0.000728632940206673,0.0,0.0,0.0005181351810701465,0.0,0.0,0.0,0.008881276091871552,0.0,0.006176881378408917,0.0,0.000299666794230132,0.0,0.004907174125366068,0.0,0.0006502486536111849,0.002956004798626992,0.0010400589642710655,0.00888470431119492,0.0,0.0009198254376239037,0.0,0.00159097293555132,0.0,0.0025482616370568973,0.0,0.013494844206252148,0.00022151833380909173,0.0,0.0031082105788793075,0.0,0.0,0.0,0.0,0.0,0.008975990554742226,0.0,0.0,0.0002834708939279281,0.0,0.0019632855905246465,0.0,0.0003988235093772221,0.0009576754312216814,0.0001804906247428105,0.003326298766851462,0.010202131233381893,0.0,0.0019777528113078574,0.007258521293240077,0.0006400886684294562,0.0011030145318587353,0.0,0.0014600771226399674,0.0,0.004835928356654701,0.0,0.0,0.0001599181496617641,0.0,0.0,0.0,0.0,0.002914531760826692,0.00313789649098305,0.0013566706941230394,0.0,0.0005493031849373463,0.0,0.015551862483901705,0.001925620731485952,0.0026864680039000765,0.0006938762419334176,0.014086903510662345,0.0011621924046386714,0.0,0.000788724537701613,0.006986920433118346,0.009072337084144984,0.0,0.0033449674061431177,0.00627038883708946,0.0,0.0,0.0006030832181917558,0.004052267937061228,0.0015134573283195523,0.0031082105788793075,0.0,0.0,0.0,0.001242975304283517,0.0,0.0,0.012921727101607954,0.0,0.0021451330232148155,0.0071393744880873106,0.002053231079627349,0.0,0.0
Roddy_Ricch_-_High_Fashion_feat_Mustard_preview.wav,0.006100827265393848,0.001377000120000951,0.0010285283169305624,0.019445414232579804,0.002356060495844405,0.0007033479561526446,0.0,0.0034876595051292233,0.004884376292813379,0.0017398356948304136,0.014233531312365063,0.0,0.0022623520665851385,0.0,0.007893598534944946,0.008833250448950333,0.002471321938184069,0.0014250465485958748,0.0013560009282158653,0.0036431647010333654,0.00406767341623535,0.004754617503132396,0.00018387544270892728,0.005480607793774493,0.002267767151423425,0.00934854561659447,0.0021008417852064845,0.016272802331282366,0.001012270073384929,0.0012246557104027076,0.0005181351810701465,0.004904188864132496,0.0,0.004657364858149739,0.003052938656580846,0.010036017660928825,0.0004412058127434941,0.0022809131047565514,0.001048833779805462,0.0046568182735920475,0.0009814348250732135,0.0,0.00013004973072223698,0.010211652940711427,0.004160235857084262,0.0,0.0,0.002299563594059759,0.0013797381564358553,0.00159097293555132,0.0,0.011583007441167718,0.012750891046744489,0.0037785563777506014,0.00022151833380909173,0.014418391557243145,0.0,0.003606043625921532,0.0009634634665992192,0.0030139442607579224,0.005836243878381629,0.0008755942109303185,0.00617099350638528,0.004017407843590673,0.009158509686831285,0.0,0.015690186137466398,0.0006544285301748823,0.014805460886328248,0.00957176422505333,0.0014365131468325218,0.0019853968721709153,0.00798311704044351,0.00026499042164628293,0.00242443677256356,0.0019777528113078574,0.0034157747262306246,0.0012801773368589125,0.0011030145318587353,0.006972452669601757,0.00036501928065999184,0.026651761598890437,0.004145081448561172,0.0,0.05579640884737081,0.0001599181496617641,0.033601722825053956,0.008830600097983086,0.0012277786171501345,0.004222805129711481,0.00315740940756225,0.0052298274849717505,0.0015827824764768792,0.006053829313278209,0.0001831010616457821,0.0008081455908545201,0.0,0.001925620731485952,0.0006716170009750191,0.0013877524838668352,0.00048575529347111545,0.0023243848092773427,0.024233899956392316,0.000788724537701613,0.0008061831268982706,0.0005336668873026462,0.0012054784624639238,0.0011149891353810393,0.0021451330232148155,0.0005808952562742933,0.008754918578743574,0.002713874481862901,0.005499506486011667,0.0011350929962396642,0.0034967369012392207,0.0025403808317180396,0.0007407993238346828,0.0,0.003107438260708792,0.0,0.0022369316076391033,0.0024612813526872293,0.00897287900349272,0.0006600409302199433,0.0005491826529297932,0.010266155398136747,0.0,0.012369716803428675
Ruben_Blades_-_Pedro_Navaja_preview.wav,0.0,0.0062590914545497785,0.0023141887130937655,0.0,0.0,0.0028133918246105783,0.0,0.0,0.0016281254309377928,0.0004970959128086897,0.0,0.0,0.0,0.0007234373248084394,0.0,0.00213216390147077,0.0008237739793946897,0.000475015516198625,0.0013560009282158653,0.004371797641240039,0.0011621924046386714,0.001188654375783099,0.00018387544270892728,0.0,0.0019842962574954967,0.0,0.0034377411030651565,0.0034002870542978077,0.0005061350366924645,0.0,0.0,0.0,0.0,0.0,0.001942779145096902,0.0,0.006838690097524159,0.0,0.00074916698557533,0.001663149383425731,0.0015702957201171417,0.0,0.0013004973072223698,0.04541498281526925,0.0049402800802875605,0.0016658820583490474,0.0,0.006898690782179277,0.0,0.0037122701829530804,0.0,0.021081073542925242,0.0,0.007287215871376159,0.0009968325021409126,0.0,0.0011655789670797403,0.0,0.0,0.0,0.0,0.0,0.006451493211220975,0.00502175980448834,0.000832591789711935,0.0002834708939279281,0.0,0.0,0.0,0.003589411584394999,0.0004788377156108407,0.0001804906247428105,0.0009978896300554387,0.0035773706922248194,0.0,0.0006592509371026191,0.0017078873631153123,0.0009601330026441843,0.0,0.0,0.0010950578419799755,0.0,0.010535415348426311,0.0,0.0,0.0001599181496617641,0.0,0.0,0.013914824327701525,0.00035190042747595675,0.005829063521653384,0.0006973103313295668,0.01650616011183031,0.0,0.0003662021232915642,0.0,0.008594450320050942,0.008087607072240998,0.0016790425024375477,0.0006938762419334176,0.0021858988206200193,0.001743288606958007,0.0,0.0057839799431451625,0.004299643343457444,0.004091446135986954,0.0,0.013008206579445458,0.02194636092981311,0.0,0.0,0.003920040918246413,0.015051280909084561,0.005675464981198321,0.010101684381357749,0.0,0.0,0.0,0.0018644629564252752,0.0,0.0,0.001845961014515422,0.00028944770979008773,0.0004950306976649574,0.0,0.0017110258996894576,0.0,0.0
Ruel_-_Golden_Years_-_M-Phazes_Remix_preview.wav,0.0,0.004256182189093849,0.0007713962376979218,0.09844240955243524,0.008010605685870977,0.0004688986374350964,0.0,0.003985896577290541,0.0032562508618755857,0.0009941918256173793,0.0,0.0003015416090958779,0.0,0.005787498598467515,0.0,0.01492514731029539,0.003844278570508552,0.0014250465485958748,0.0,0.00048575529347111545,0.0,0.009509235006264792,0.0004596886067723182,0.02291890531942061,0.0017008253635675684,0.02711078228812396,0.0015278849346956253,0.02720229643438246,0.005061350366924644,0.004286294986409477,0.0,0.0,0.0,0.0,0.002497858900838874,0.0,0.0017648232509739764,0.0,0.0,0.020623052354479067,0.0035331653702635685,0.0,0.0,0.006986920433118346,0.0018201031874743644,0.0,0.0,0.0009198254376239037,0.0,0.00053032431185044,0.11116756491362582,0.010888026994697653,0.0004904188864132496,0.01012113315468911,0.00044303666761818345,0.0011534713245794515,0.0,0.003606043625921532,0.0,0.0004305634658225604,0.0,0.00043779710546515925,0.0014024985241784728,0.0005021759804488341,0.025810345481069984,0.0008504126817837842,0.002024540146769858,0.0006544285301748823,0.0,0.0,0.009097916596605972,0.0010829437484568627,0.0003326298766851462,0.003444875481401678,0.0,0.0006592509371026191,0.00042697184077882807,0.0022403103395030968,0.00022060290637174705,0.0,0.0010950578419799755,0.027540153652186785,0.0006908469080935287,0.001110588038899365,0.0,0.0003198362993235282,0.020887557431790296,0.0,0.00040925953905004487,0.0,0.008743595282480077,0.008716379141619584,0.007235577035322877,0.0,0.0009155053082289104,0.0,0.0,0.002695869024080333,0.003693893505362605,0.0027755049677336704,0.00024287764673555773,0.001743288606958007,0.0017951037004735053,0.0042065308677419365,0.002687277089660902,0.0005336668873026462,0.0,0.0022299782707620786,0.0016501023255498582,0.0013554222646400178,0.0035019674314974297,0.0006030832181917558,0.001157790839160351,0.0011350929962396642,0.005439368513038788,0.0,0.0,0.0,0.0,0.0,0.0019883836512347586,0.0006153203381718073,0.00028944770979008773,0.0004950306976649574,0.0,0.007870719138571505,0.0,0.019585384938762072
Rune_RK_-_Calabria_-_Firebeatz_Remix_preview.wav,0.0,0.00037554548727298663,0.0,0.0,0.0,0.0018755945497403856,0.009219643586969053,0.0,0.0,0.0,0.0,0.0006030832181917558,0.0081444674397065,0.010489841209722371,0.000526239902329663,0.0,0.0,0.0,0.0027120018564317306,0.0019430211738844618,0.0023243848092773427,0.0,0.0,0.0,0.0,0.0,0.0005729568505108594,0.0,0.0,0.0,0.0005181351810701465,0.002452094432066248,0.009492613468869926,0.0,0.0119342147484524,0.0,0.00022060290637174705,0.0,0.0,0.0,0.0001962869650146427,0.021833010978400832,0.0,0.0,0.0002600147410677664,0.2604328951219011,0.003923351091305997,0.0,0.00045991271881195184,0.0,0.0,0.0,0.0,0.0,0.0,0.0,0.004662315868318961,0.0,0.0,0.0,0.0,0.0,0.0,0.0,0.0,0.0,0.0005061350366924645,0.0,0.0,0.008375293696921665,0.0,0.0,0.021620941984534504,0.0006624760541157073,0.020203639771363,0.0,0.0,0.0,0.0,0.0019015780008004794,0.0,0.0,0.00017271172702338218,0.057195284003317304,0.0,0.0,0.0,0.0,0.0,0.0,0.0,0.0,0.0,0.0071889223095178735,0.0,0.07758197672203392,0.01759816017915193,0.0,0.0,0.0,0.0021858988206200193,0.0,0.0,0.0,0.0005374554179321805,0.0,0.10005471238450567,0.0,0.0,0.0,0.0035019674314974297,0.0,0.0,0.0,0.0,0.0,0.02444637768654453,0.003853853866396877,0.0,0.0,0.0,0.03015069657041856,0.0,0.0,0.0005491826529297932,0.0,0.0,0.0
RY_X_-_Howling_preview.wav,0.0,0.00025036365818199114,0.0,0.2296989556223489,0.002827272595013286,0.0,0.0,0.0004982370721613176,0.0,0.0,0.0,0.0,0.0,0.0,0.0,0.0,0.0,0.007600248259178,0.0,0.0,0.0,0.024367414703553525,0.0,0.0,0.0,0.0014022818424891705,0.0,0.0,0.0005061350366924645,0.0,0.0,0.0,0.0,0.0,0.0,0.0,0.0,0.0,0.0,0.0006652597533702924,0.0,0.0,0.0,0.0,0.0,0.0,0.0,0.0,0.0,0.01007616192515836,1.5155088441286133,0.0,0.0,0.0,0.0,0.0,0.0,0.011719641784244979,0.0,0.0,0.001167248775676326,0.0,0.0,0.0,0.0,0.0,0.0,0.0,0.0,0.0,0.0,0.0,0.0,0.0,0.0,0.0,0.0,0.0,0.0,0.0,0.0029201542452799347,0.018656233119223306,0.0,0.0,0.0,0.0004797544489852923,0.03723434150884357,0.0,0.004092595390500449,0.0,0.0,0.0,0.002035006041184559,0.0,0.0007324042465831283,0.0,0.0,0.0050066139018634746,0.0,0.0,0.0,0.0,0.0,0.0018403572546370971,0.0,0.0,0.0,0.0007433260902540262,0.0,0.0007745270083657245,0.0,0.0,0.0014472385489504387,0.0,0.0,0.0,0.0,0.0,0.0,0.6783669404395286,0.0,0.0,0.0,0.0,0.0,0.0,0.0,0.0
Sabino_-_No_Te_Quiero_Perder_preview.wav,0.0,0.00025036365818199114,0.0017999245546284843,0.0,0.010837878280884264,0.0002344493187175482,0.0,0.0,0.010311461062606022,0.00024854795640434483,0.0023722552187275107,0.0,0.00045247041331702775,0.0003617186624042197,0.015260957167560226,0.0027413535876052754,0.0005491826529297932,0.000475015516198625,0.0,0.00048575529347111545,0.0081353468324707,0.0017829815636746483,0.00036775088541785456,0.002491185360806588,0.0,0.02711078228812396,0.00019098561683695317,0.0019430211738844618,0.012147240880619145,0.005510950696812184,0.001036270362140293,0.003923351091305997,0.006644829428208949,0.00169358722114536,0.000277539877870986,0.0009123652419026206,0.0,0.0022809131047565514,0.0008990003826903959,0.006319967657017778,0.0015702957201171417,0.0,0.0006502486536111849,0.001343638544830451,0.0010400589642710655,0.0,0.0,0.00045991271881195184,0.00045991271881195184,0.00053032431185044,0.0,0.000694980446470063,0.0004904188864132496,0.0,0.00033227750071363756,0.002883678311448629,0.0,0.0,0.022159659731782043,0.001291690397467681,0.31398992065693165,0.0,0.00028049970483569456,0.00502175980448834,0.007493326107407414,0.0002834708939279281,0.010628835770541753,0.0,0.0012337884071940207,0.0007976470187544442,0.0023941885780542032,0.000721962498971242,0.0003326298766851462,0.00013249521082314147,0.0,0.0032962546855130957,0.0008539436815576561,0.0006400886684294562,0.0004412058127434941,0.0009507890004002397,0.0,0.006218744373074435,0.0,0.0005552940194496825,0.004923212545356249,0.0003198362993235282,0.07719314703052935,0.0,0.002455557234300269,0.0,0.0009715105869422309,0.00104596549699435,0.0013566706941230394,0.0007567286641597761,0.0003662021232915642,0.0016162911817090401,0.0,0.001155372438891571,0.0026864680039000765,0.0013877524838668352,0.0,0.001743288606958007,0.0004487759251183763,0.000788724537701613,0.0,0.0001778889624342154,0.22301351555582585,0.0003716630451270131,0.0013200818604398865,0.0007745270083657245,0.025389263878356362,0.0015077080454793895,0.0,0.005675464981198321,0.0011655789670797403,0.00338717444229072,0.0,0.0,0.002485950608567034,0.0,0.001242739782021724,0.00030766016908590366,0.004631163356641404,0.0008250511627749291,0.0002745913264648966,0.011292770937950421,0.0,0.13606688483771545
Sabrina_Carpenter_-_Stand_Out_-_From_How_to_Build_a_Better_Boy_preview.wav,0.006863430673568078,0.0,0.0,0.0,0.0,0.015708104354075728,0.018439287173938106,0.0,0.0,0.0062136989101086205,0.0007907517395758369,0.0,0.0,0.0032554679616379773,0.0,0.0,0.006864783161622414,0.0,0.08169905592500587,0.0038860423477689236,0.0,0.0,0.0,0.0,0.011338835757117124,0.0,0.00038197123367390633,0.0,0.0,0.0,0.0,0.0004904188864132496,0.0,0.0038105712475770596,0.0,0.019159670079955032,0.0,0.0013685478628539308,0.0,0.0,0.0,0.0009492613468869927,0.0,0.0,0.0,0.022767054797436983,0.007846702182611994,0.0,0.00045991271881195184,0.0,0.0,0.0,0.0,0.00013494844206252149,0.0013291100028545502,0.0017302069868691773,0.05672484306454736,0.0,0.0,0.006458451987338405,0.0,0.015322898691280572,0.0,0.0,0.0,0.004819005196774777,0.0,0.0,0.0,0.0003988235093772221,0.0,0.005053737492798693,0.0,0.003974856324694244,0.0080814559085452,0.0,0.0,0.0,0.0006618087191152412,0.0006338593336001598,0.0025551349646199427,0.0,0.006908469080935287,0.03998116940037714,0.0,0.0003198362993235282,0.0,0.03847618614121202,0.0,0.014427917526514226,0.0,0.0,0.0,0.004540371984958657,0.0,0.0,0.03601483943640395,0.0,0.0,0.0,0.0034002870542978077,0.0,0.005834087026538892,0.0,0.0,0.000889444812171077,0.0,0.0011149891353810393,0.0004950306976649574,0.0,0.0,0.0,0.0005788954195801755,0.0,0.0,0.005927555274008759,0.00814879256218151,0.0009634634665992192,0.0,0.0,0.002485479564043448,0.002768941521773133,0.0,0.0,0.0008237739793946897,0.0,0.0018644629564252752,0.0
Safire_-_Boy_Ive_Been_Told_preview.wav,0.0,0.00337990938545688,0.0,0.0,0.0,0.0,0.0028368134113750934,0.0009964741443226352,0.0,0.0037282193460651722,0.004744510437455021,0.0,0.0,0.0,0.0,0.0,0.0,0.00095003103239725,0.0003390002320539663,0.016515679978017922,0.0,0.0,0.0018387544270892728,0.0,0.00737024324212613,0.0,0.04583654804086876,0.0,0.0,0.0,0.0,0.0004904188864132496,0.0,0.0,0.0,0.0027370957257078616,0.0,0.0027370957257078616,0.000299666794230132,0.0,0.007458904670556423,0.02847784040660978,0.018337012031835413,0.0,0.0,0.0,0.007846702182611994,0.00045991271881195184,0.0009198254376239037,0.0,0.0,0.0009266405952934174,0.0009808377728264992,0.002024226630937822,0.0009968325021409126,0.0,0.0023311579341594806,0.002704532719441149,0.0,0.009472396248096327,0.0,0.008318145003838024,0.00028049970483569456,0.0,0.0,0.032315681907783805,0.0,0.0019632855905246465,0.0006168942035970103,0.0,0.004309539440497566,0.0034293218701133992,0.0,0.002517409005639688,0.0,0.0032962546855130957,0.0008539436815576561,0.006400886684294563,0.009706527880356869,0.006655523002801678,0.0032851735259399263,0.0,0.005354063537724847,0.0,0.0,0.0001599181496617641,0.0,0.0,0.006138893085750673,0.002815203419807654,0.0,0.0003486551656647834,0.008592247729445916,0.0,0.0005493031849373463,0.0,0.0,0.005391738048160666,0.0,0.0,0.0,0.0005810962023193357,0.0,0.0026290817923387104,0.0,0.0003557779248684308,0.0,0.0022299782707620786,0.003960245581319659,0.011617905125485868,0.0,0.0003015416090958779,0.014761833199294474,0.0,0.00038852632235991343,0.00084679361057268,0.0,0.0,0.009943802434268135,0.0,0.0014912877384260688,0.0,0.0,0.0,0.0,0.0,0.0,0.0
Sam_Feldt_-_Been_A_While_preview.wav,0.002287810224522693,0.0032547275563658846,0.003342717030024328,0.0,0.00471212099168881,0.003516739780763223,0.0,0.0014947112164839529,0.0,0.0022369316076391033,0.0015815034791516738,0.0003015416090958779,0.00045247041331702775,0.0,0.00894607833960427,0.007310276233614068,0.008786922446876691,0.0014250465485958748,0.0,0.001457265880413346,0.0023243848092773427,0.014858179697288736,0.0011032526562535635,0.006477081938097129,0.0011338835757117125,0.0158925275482106,0.001336899317858672,0.002914531760826692,0.008098160587079432,0.0048986228416108306,0.0,0.0014712566592397487,0.0018985226937739855,0.00084679361057268,0.000277539877870986,0.0,0.0028678377828327117,0.010492200281880136,0.001048833779805462,0.01862727309436819,0.009225487355688206,0.0,0.0006502486536111849,0.0,0.0005200294821355328,0.0,0.008827539955438493,0.00505903990693147,0.0027594763128717106,0.01431875641996188,0.0,0.002316601488233543,0.002452094432066248,0.00458824703012573,0.0009968325021409126,0.002306942649158903,0.0,0.000901510906480383,0.0009634634665992192,0.0030139442607579224,0.001167248775676326,0.010507130531163821,0.0011219988193427782,0.0,0.00499555073827161,0.002267767151423425,0.031380372274932795,0.0,0.005552047832373093,0.0,0.016759320046379422,0.000360981249485621,0.0013305195067405849,0.0011924568974082733,0.0,0.0,0.0008539436815576561,0.0028803990079325527,0.0006618087191152412,0.0006338593336001598,0.008760462735839804,0.0,0.0,0.0,0.0,0.0004797544489852923,0.0,0.0006307571498559348,0.004092595390500449,0.0007038008549519135,0.002428776467355577,0.0125515859639322,0.016280048329476472,0.005675464981198321,0.0016479095548120387,0.00727331031769068,0.0,0.016175214144481996,0.00033580850048750956,0.0,0.002428776467355577,0.005229865820874021,0.0,0.010779235348588712,0.008330558977948797,0.0024904454740790156,0.0024109569249278475,0.005203282631778184,0.0028051739534347584,0.0007745270083657245,0.0008754918578743574,0.007840081836492825,0.0034733725174810525,0.0022701859924793284,0.004273789545959047,0.007621142495154119,0.0007407993238346828,0.0,0.0006214876521417584,0.0,0.009444822343365102,0.0,0.0028944770979008774,0.00033002046510997163,0.0013729566323244828,0.0013688207197515663,0.0,0.0010308097336190565
Sango_-_Conte_a_Todos_preview.wav,0.000762603408174231,0.0015021819490919465,0.0,0.0,0.0032984846941821674,0.0030478411433281266,0.0007092033528437733,0.0,0.006512501723751171,0.009693370299769449,0.0,0.0009046248272876337,0.0,0.0,0.0,0.0,0.0013729566323244828,0.00095003103239725,0.002373001624377764,0.0021858988206200193,0.0,0.02793337783090282,0.00036775088541785456,0.0,0.0008504126817837842,0.0,0.0024828130188803907,0.0,0.0075920255503869665,0.0,0.0,0.0019616755456529984,0.0,0.0042339680528634,0.0,0.0022809131047565514,0.011691954037702594,0.0018247304838052412,0.002547167750956122,0.011642045683980118,0.0001962869650146427,0.0,0.00039014919216671094,0.0,0.0002600147410677664,0.0,0.0009808377728264992,0.013797381564358554,0.0013797381564358553,0.15220307750107628,0.0,0.0016216210417634804,0.0,0.0010795875365001719,0.0006645550014272751,0.0005767356622897258,0.0019426316117995672,0.0,0.0,0.004736198124048164,0.0,0.0013133913163954777,0.00028049970483569456,0.0030130558826930044,0.0,0.0002834708939279281,0.0005061350366924645,0.002617714120699529,0.0,0.0,0.0,0.004331774993827451,0.0,0.0015899425298776975,0.0,0.0,0.0,0.0006400886684294562,0.0030884406892044587,0.0006338593336001598,0.0014600771226399674,0.0,0.00034542345404676435,0.00444235215559746,0.0,0.0001599181496617641,0.0,0.006938328648415281,0.01268704571055139,0.0010557012824278702,0.0,0.0,0.008366135947092077,0.0015134573283195523,0.0007324042465831283,0.0,0.01105000755435121,0.027728938533397706,0.004701319006825134,0.0,0.013115392923720114,0.023824944295092763,0.006282862951657268,0.016037398933266132,0.0,0.0,0.0,0.0018583152256350655,0.006105378604534475,0.00038726350418286223,0.0,0.01447399723660214,0.0,0.00037836433207988807,0.007770526447198269,0.004657364858149739,0.002963197295338731,0.0009634634665992192,0.0,0.0,0.0019883836512347586,0.0,0.00028944770979008773,0.0011550716278849007,0.0008237739793946897,0.0,0.0,0.0
Satchmode_-_Hall_Oates_preview.wav,0.0,0.00337990938545688,0.005914037822350735,0.0,0.002356060495844405,0.0002344493187175482,0.0,0.0,0.0016281254309377928,0.0009941918256173793,0.0,0.0,0.0,0.018447651782615204,0.0,0.0003045948430672529,0.0016475479587893793,0.0,0.0,0.0,0.0,0.0005943271878915495,0.00018387544270892728,0.0009964741443226352,0.0002834708939279281,0.0,0.0,0.04517524229281373,0.0,0.0,0.0,0.0,0.0,0.0,0.0,0.0,0.028237172015583623,0.0022809131047565514,0.00524416889902731,0.0009978896300554387,0.0037294523352782113,0.0,0.00026009946144447396,0.0008061831268982706,0.0018201031874743644,0.0,0.0,0.0,0.0,0.0,0.0,0.0004633202976467087,0.0,0.013359895764189625,0.0005537958345227293,0.0,0.0,0.001803021812960766,0.0,0.0,0.0,0.0,0.005048994687042502,0.0,0.01623553989938273,0.0,0.0005061350366924645,0.0,0.0,0.0,0.0,0.0005414718742284314,0.0,0.0014574473190545562,0.0,0.0,0.00042697184077882807,0.0003200443342147281,0.0,0.0,0.0,0.0,0.0024179641783273506,0.0,0.0,0.0001599181496617641,0.0,0.0,0.0,0.0,0.025987908200704672,0.010110999804278717,0.0009044471294153597,0.0,0.0005493031849373463,0.0,0.0,0.0,0.0634678065921393,0.0,0.010929494103100096,0.0,0.0,0.0026290817923387104,0.016123662537965412,0.0003557779248684308,0.0,0.0,0.0021451330232148155,0.0,0.0,0.0003015416090958779,0.0,0.0,0.0,0.0,0.0,0.0,0.0,0.0,0.00024854795640434483,0.0,0.0005788954195801755,0.004950306976649574,0.0002745913264648966,0.028403029934845,0.0,0.0
SAYMYNAME_-_Ooh_preview.wav,0.0,0.00037554548727298663,0.001285660396163203,0.0,0.0,0.014535857760487988,0.007092033528437733,0.0,0.0,0.0,0.0,0.0003015416090958779,0.0,0.018085933120210985,0.0,0.0,0.0,0.0,0.006102004176971393,0.0019430211738844618,0.0029054810115966786,0.0017829815636746483,0.0006435640494812455,0.0,0.0,0.0,0.0,0.000728632940206673,0.002024540146769858,0.0,0.002072540724280586,0.0,0.010441874815756919,0.00084679361057268,0.008881276091871552,0.0,0.0008824116254869882,0.0,0.0,0.004989448150277194,0.0003925739300292854,0.01423892020330489,0.0010403978457778958,0.0,0.004160235857084262,0.2659858353163979,0.0004904188864132496,0.0,0.0,0.0,0.0,0.0,0.0,0.00013494844206252149,0.00011075916690454586,0.0,0.047011685005549524,0.0,0.0,0.0,0.0,0.0,0.0,0.0,0.0004162958948559675,0.0,0.0005061350366924645,0.0,0.0,0.0007976470187544442,0.0,0.0,0.009978896300554388,0.0007949712649388487,0.013738475044526839,0.0,0.0,0.0,0.002426631970089217,0.006972452669601757,0.0,0.0,0.0008635586351169108,0.03498352322533,0.0,0.0,0.0,0.0,0.0,0.00035190042747595675,0.00048575529347111545,0.0,0.0,0.0,0.0003662021232915642,0.013738475044526839,0.01350556478865148,0.0,0.0,0.0006938762419334176,0.007043451755331173,0.0,0.0,0.00026290817923387103,0.006986920433118346,0.0,0.0,0.0,0.0,0.006196216066925796,0.0,0.0003015416090958779,0.0,0.0,0.0,0.0,0.015556785800528338,0.0,0.0,0.0,0.0,0.01938259065241193,0.0,0.00016501023255498581,0.0027459132646489655,0.0006844103598757831,0.0006214876521417584,0.0
Seven_Lions_-_Where_I_Wont_Be_Found_preview.wav,0.0,0.00012518182909099557,0.01594218891242372,0.0,0.001413636297506643,0.012660263210747601,0.020566897232469426,0.0,0.0010854169539585288,0.0,0.0,0.0009046248272876337,0.001809881653268111,0.006149217260871735,0.000526239902329663,0.001827569058403517,0.010709061732130966,0.0,0.012204008353942785,0.0012143882336777885,0.0,0.0,0.0002758131640633909,0.0,0.002267767151423425,0.004674272808297235,0.0,0.010929494103100096,0.0005061350366924645,0.0024493114208054153,0.0031088110864208787,0.0004904188864132496,0.0018985226937739855,0.0,0.001110159511483944,0.0031932783466591718,0.0026472348764609646,0.0,0.002547167750956122,0.0023284091367960238,0.0029443044752196406,0.01423892020330489,0.00026009946144447396,0.007524375851050526,0.011440648606981718,0.012216468427893016,0.0029425133184794974,0.0013797381564358553,0.0009198254376239037,0.0,0.0,0.001389960892940126,0.0004904188864132496,0.0021591750730003438,0.0,0.0,0.002719684256519394,0.0,0.0,0.0,0.0,0.0,0.001963497933849862,0.0065282877458348425,0.00666073431769548,0.0,0.0,0.0,0.0,0.003589411584394999,0.0,0.0001804906247428105,0.0029936688901663158,0.002252418583993405,0.00888960149939972,0.0,0.0,0.0,0.0013236174382304823,0.0015846483340003995,0.0,0.0,0.0015544055432104395,0.0038870581361477776,0.0,0.0003198362993235282,0.0,0.0,0.00040925953905004487,0.007389908976995091,0.013358270570455672,0.0,0.0,0.0007567286641597761,0.0001831010616457821,0.0,0.05770559500605632,0.0,0.00033580850048750956,0.0,0.01578704703781125,0.0,0.0004487759251183763,0.0,0.03412841903869346,0.0016010006619079384,0.0,0.0,0.00033002046510997163,0.0,0.0,0.0,0.00028944770979008773,0.0,0.0,0.0,0.0007407993238346828,0.0009634634665992192,0.0,0.0,0.00024854795640434483,0.001845961014515422,0.001157790839160351,0.014850920929948722,0.004942643876368138,0.026007593675279755,0.0,0.0
Sevyn_Streeter_-_It_Wont_Stop_feat_Chris_Brown_-_Julian_Calor_Remix_preview.wav,0.0,0.008512364378187698,0.0038569811884896095,0.0,0.0032984846941821674,0.0014066959123052892,0.0063828301755939594,0.0034876595051292233,0.013025003447502343,0.001242739782021724,0.0,0.0048246657455340465,0.001809881653268111,0.007596091910488614,0.001052479804659326,0.0006091896861345058,0.0010983653058595864,0.00095003103239725,0.0010170006961618989,0.005829063521653384,0.003486577213916014,0.0017829815636746483,0.0011032526562535635,0.0004982370721613176,0.0,0.0023371364041486174,0.003246755486228203,0.010929494103100096,0.002024540146769858,0.0018369835656040613,0.006735757353911904,0.0014712566592397487,0.0009492613468869927,0.00042339680528634,0.008326196336129582,0.0027370957257078616,0.0004412058127434941,0.0,0.004944502104797178,0.008315746917128657,0.003925739300292854,0.0,0.0018206962301113177,0.002418549380694812,0.009620545419507355,0.0,0.0014712566592397487,0.0018396508752478074,0.0018396508752478074,0.00636389174220528,0.0,0.003938222529997024,0.0014712566592397487,0.0037785563777506014,0.0013291100028545502,0.0005767356622897258,0.004273789545959047,0.0,0.0,0.0017222538632902416,0.0,0.0,0.00617099350638528,0.008034815687181346,0.006244438422839513,0.0017008253635675684,0.0,0.0013088570603497645,0.001850682610791031,0.011565881771939441,0.00718256573416261,0.0009024531237140523,0.01130941580729497,0.004637332378809951,0.00888960149939972,0.006592509371026191,0.0029888028854517966,0.003520487676362009,0.005294469752921929,0.007289382336401838,0.002190115683959951,0.0,0.003281522813444261,0.01110588038899365,0.0,0.0001599181496617641,0.0,0.0006307571498559348,0.0045018549295504934,0.0,0.002428776467355577,0.0041838619879774,0.005426682776492157,0.004162007652878768,0.0020141116781036026,0.0064651647268361605,0.0036833358514504035,0.004621489755566284,0.002350659503412567,0.0020816287258002527,0.002428776467355577,0.0023243848092773427,0.0035902074009470106,0.010779235348588712,0.002956004798626992,0.0012452227370395078,0.0,0.0011149891353810393,0.0034652148836547022,0.004453530298102915,0.0017509837157487149,0.003920040918246413,0.005788954195801755,0.0037836433207988807,0.0011655789670797403,0.00042339680528634,0.0022223979715040483,0.004817317332996096,0.002485950608567034,0.0,0.001242739782021724,0.005537883043546266,0.0049206110664314915,0.0006600409302199433,0.0,0.006159693238882047,0.0,0.0
Shai_-_Come_With_Me_preview.wav,0.0,0.00025036365818199114,0.011313811486236187,0.0,0.005183333090857691,0.0002344493187175482,0.0,0.011459452659710306,0.0,0.021623672207177997,0.0015815034791516738,0.0,0.0,0.0014468746496168789,0.0,0.003350543273739781,0.0,0.0,0.0,0.0021858988206200193,0.0,0.0,0.00036775088541785456,0.008470030226742399,0.0005669417878558562,0.001869709123318894,0.004583654804086876,0.0019430211738844618,0.002530675183462322,0.0,0.0,0.0,0.0,0.0,0.000277539877870986,0.0009123652419026206,0.0017648232509739764,0.010492200281880136,0.00899000382690396,0.0003326298766851462,0.006870043775512495,0.0,0.0015605967686668437,0.0032247325075930823,0.0002600147410677664,0.0,0.0,0.0036793017504956147,0.0,0.00689421605405572,0.0,0.019922772798808473,0.0019616755456529984,0.0026989688412504295,0.00011075916690454586,0.002306942649158903,0.0,0.003606043625921532,0.0,0.0017222538632902416,0.0,0.0008755942109303185,0.007012492620892364,0.0,0.0012488876845679025,0.0011338835757117125,0.004049080293539716,0.0,0.0,0.0015952940375088885,0.0067037280185517694,0.007039134364969609,0.0006652597533702924,0.0,0.0,0.0013185018742052383,0.00042697184077882807,0.01664230537916586,0.0006618087191152412,0.0006338593336001598,0.0,0.008883920532963479,0.0013816938161870574,0.0,0.0,0.0001599181496617641,0.0,0.0006307571498559348,0.0012277786171501345,0.0017595021373797838,0.0021858988206200193,0.0251031719278644,0.016958383676537993,0.0011350929962396642,0.0,0.0,0.0,0.007317358779646617,0.011417489016575324,0.005551009935467341,0.000728632940206673,0.005810962023193357,0.0,0.008413061735483873,0.001343638544830451,0.0010673337746052924,0.0,0.002973304361016105,0.0028051739534347584,0.0011617905125485867,0.0,0.006332373791013436,0.0014472385489504387,0.0018918216603994403,0.0023311579341594806,0.0,0.0,0.0,0.0,0.0,0.030819946594138756,0.0,0.0026050293881107896,0.0034652148836547022,0.0032950959175787587,0.012319386477764094,0.0,0.0
Sisqo_-_Got_To_Get_It_preview.wav,0.0,0.0025036365818199113,0.021341962576309173,0.0,0.0,0.010081320704854574,0.0,0.0,0.0010854169539585288,0.0057166029972999305,0.0007907517395758369,0.0003015416090958779,0.005429644959804332,0.01229843452174347,0.002104959609318652,0.00213216390147077,0.016475479587893794,0.000475015516198625,0.0003390002320539663,0.0026716541140911344,0.0,0.0,0.0004596886067723182,0.0,0.0002834708939279281,0.0004674272808297235,0.003246755486228203,0.0012143882336777885,0.0,0.0,0.0015544055432104393,0.0034329322048927474,0.0,0.0084679361057268,0.012489294504194372,0.0018247304838052412,0.008382910442126388,0.0,0.010188671003824487,0.0,0.008440339495629636,0.0,0.0009103481150556589,0.010211652940711427,0.0010400589642710655,0.0,0.0,0.0,0.004139214469307566,0.0,0.0,0.007876445059994047,0.0004904188864132496,0.002564020399187908,0.00044303666761818345,0.0,0.0,0.0,0.0,0.003875071192403043,0.0,0.00043779710546515925,0.008975990554742226,0.0035152318631418386,0.0,0.0011338835757117125,0.0005061350366924645,0.0013088570603497645,0.001850682610791031,0.0,0.0,0.004151284369084641,0.0053220780269623395,0.0013249521082314146,0.0,0.0,0.0034157747262306246,0.003840532010576737,0.0019854261573457235,0.0009507890004002397,0.0007300385613199837,0.0,0.002072540724280586,0.0027764700972484125,0.0,0.0001599181496617641,0.0,0.0,0.00040925953905004487,0.00035190042747595675,0.00315740940756225,0.0003486551656647834,0.0015827824764768792,0.018539852271914514,0.0003662021232915642,0.0,0.0,0.0003851241462971904,0.0013432340019500382,0.0,0.008014962342273405,0.0011621924046386714,0.018848588854971805,0.0005258163584677421,0.002956004798626992,0.014586894919605662,0.0,0.0014866521805080525,0.004950306976649574,0.001549054016731449,0.0,0.0021107912636711456,0.004052267937061228,0.0,0.0031082105788793075,0.00042339680528634,0.0037039966191734137,0.0,0.003107438260708792,0.0,0.0022369316076391033,0.0015383008454295183,0.012156803811183685,0.005940368371979489,0.0013729566323244828,0.00889733467838518,0.0,0.0
SITD_-_Lebensborn_-_Update_preview.wav,0.0,0.00037554548727298663,0.020313434259378607,0.0,0.0,0.08276060950729451,0.0,0.0,0.0,0.0,0.0,0.0,0.0058821153731213605,0.001085155987212659,0.0,0.0003045948430672529,0.023889445402446,0.0,0.02745901879637127,0.0012143882336777885,0.0,0.0,9.193772135446364e-05,0.0,0.00453553430284685,0.0,0.0021008417852064845,0.0,0.0,0.0,0.0005181351810701465,0.0,0.0,0.0,0.00138769938935493,0.0,0.0,0.0,0.000149833397115066,0.0,0.0021591566151610694,0.0,0.0011704475765001328,0.0,0.0002600147410677664,0.020545878719638255,0.0004904188864132496,0.0,0.0,0.00053032431185044,0.0,0.00023166014882335434,0.0,0.0005397937682500859,0.0005537958345227293,0.0,0.006604947480118528,0.0,0.0,0.0004305634658225604,0.0,0.00043779710546515925,0.0016829982290141672,0.0,0.0,0.003685121621063065,0.0,0.0006544285301748823,0.0,0.0,0.0,0.0019853968721709153,0.0006652597533702924,0.0003974856324694244,0.0,0.0,0.0012809155223364843,0.0,0.0,0.0,0.0010950578419799755,0.0,0.002763387632374115,0.001110588038899365,0.0,0.0001599181496617641,0.0,0.0,0.0,0.005278506412139351,0.0,0.0006973103313295668,0.0,0.0007567286641597761,0.0,0.0,0.0319222440459035,0.0003851241462971904,0.0,0.0,0.007043451755331173,0.0,0.0,0.0,0.0016123662537965411,0.011029115670921354,0.0,0.0,0.00033002046510997163,0.00019363175209143112,0.0,0.0006030832181917558,0.0,0.0,0.0015541052894396537,0.0,0.0007407993238346828,0.0,0.002485950608567034,0.0,0.0,0.006153203381718073,0.0,0.0033002046510997164,0.0634305964133911,0.0,0.001242975304283517,0.0
Skrizzly_Adams_-_Rattle_Your_Cage_preview.wav,0.0,0.008637546207278694,0.005914037822350735,0.0,0.0,0.0,0.00212761005853132,0.0004982370721613176,0.0,0.004970959128086896,0.0,0.0015077080454793895,0.0,0.0,0.000526239902329663,0.004873517489076046,0.0032950959175787587,0.0,0.0003390002320539663,0.002914531760826692,0.0,0.0005943271878915495,0.00018387544270892728,0.0009964741443226352,0.0017008253635675684,0.008413691054935023,0.001336899317858672,0.006800574108595615,0.0,0.0,0.0,0.0034329322048927474,0.0,0.0,0.003330478534451832,0.0027370957257078616,0.006838690097524159,0.0,0.0034461681336465182,0.01829464321768304,0.007458904670556423,0.0,0.00013004973072223698,0.004030915634491353,0.0033801916338809623,0.0,0.009317958841851742,0.0,0.004599127188119518,0.0,0.0,0.0016216210417634804,0.0004904188864132496,0.022266492940316043,0.00033227750071363756,0.0,0.0,0.0,0.0,0.005597325055693284,0.0035017463270289777,0.007004753687442548,0.008414991145070837,0.0,0.00166518357942387,0.0002834708939279281,0.0015184051100773932,0.0,0.0012337884071940207,0.0,0.0,0.0005414718742284314,0.001663149383425731,0.011792073763259591,0.0,0.0,0.007685493134018905,0.0019202660052883686,0.0006618087191152412,0.0003169296668000799,0.00036501928065999184,0.0,0.0018998289972572038,0.0,0.0,0.0003198362993235282,0.0,0.001892271449567804,0.0,0.0,0.011658127043306769,0.012202930798267418,0.004522235647076798,0.006053829313278209,0.0001831010616457821,0.0,0.0,0.0,0.010410063515112795,0.0,0.001457265880413346,0.0,0.0053853111014205155,0.003154898150806452,0.004030915634491353,0.013341672182566154,0.0,0.0,0.017821105115938467,0.0,0.002626475573623072,0.007538540227396948,0.001157790839160351,0.0,0.0023311579341594806,0.0025403808317180396,0.0,0.0,0.0,0.0,0.00024854795640434483,0.0,0.0017366862587405263,0.0,0.0,0.005133077699068373,0.0,0.0
Solange_-_Where_Do_We_Go_preview.wav,0.0,0.001377000120000951,0.0015427924753958436,0.0,0.0,0.0,0.0,0.012455926804032942,0.0010854169539585288,0.013173041689430275,0.0,0.0,0.001809881653268111,0.004702342611254856,0.001578719706988989,0.002436758744538023,0.0008237739793946897,0.0019000620647945,0.002373001624377764,0.0,0.0,0.0,9.193772135446364e-05,0.03138893554616301,0.002267767151423425,0.0,0.0007639424673478127,0.0021858988206200193,0.0,0.0,0.001036270362140293,0.0,0.0,0.00084679361057268,0.000277539877870986,0.0004561826209513103,0.013015571475933076,0.022352948426614203,0.001198667176920528,0.0,0.00510346109038071,0.0,0.0005201989228889479,0.0,0.0,0.0,0.0004904188864132496,0.0018396508752478074,0.004599127188119518,0.00053032431185044,0.0,0.000694980446470063,0.0,0.0012145359785626932,0.0006645550014272751,0.0011534713245794515,0.0,0.0,0.0,0.0021528173291128017,0.0,0.015322898691280572,0.0014024985241784728,0.0005021759804488341,0.00999110147654322,0.003968592514990993,0.00455521533023218,0.005235428241399058,0.06909215080286515,0.0015952940375088885,0.019632346340044467,0.0036098124948562094,0.0,0.0003974856324694244,0.0,0.005274007496820953,0.0008539436815576561,0.016322261044951134,0.0,0.002852367001200719,0.009490501297159787,0.0,0.0022452524513039683,0.01554823254459111,0.0,0.0003198362993235282,0.0,0.0,0.0,0.009501311541850832,0.0063148188151245,0.01778141344890395,0.009270583076507435,0.005675464981198321,0.0005493031849373463,0.0,0.0118685266324513,0.008087607072240998,0.008059404011700229,0.0020816287258002527,0.0019430211738844618,0.0,0.0,0.008675969914717745,0.0051058264703557135,0.0003557779248684308,0.0,0.0011149891353810393,0.004290266046429631,0.0019363175209143112,0.0008754918578743574,0.003618499309150535,0.0,0.0,0.0,0.0,0.0,0.0,0.0037289259128505505,0.0,0.008450630517747722,0.0,0.006657297325172018,0.0014850920929948721,0.0041188698969734485,0.005817488058944156,0.001242975304283517,0.0
Sorriso_Maroto_-_50_Vezes_-_Ao_Vivo_preview.wav,0.002287810224522693,0.0,0.03059871742868423,0.004861353558144951,0.001413636297506643,0.0011722465935877409,0.0,0.0029894224329679057,0.0,0.0037282193460651722,0.0,0.0,0.0,0.0,0.0,0.0015229742153362643,0.015651705608499104,0.000475015516198625,0.0,0.0,0.0005810962023193357,0.002377308751566198,9.193772135446364e-05,0.017936534597807433,0.0,0.004674272808297235,0.0,0.0012143882336777885,0.0,0.0,0.0,0.0,0.0,0.0021169840264317,0.0,0.0004561826209513103,0.02228089354354645,0.0031932783466591718,0.002547167750956122,0.0006652597533702924,0.010795783075805348,0.0,0.0,0.0,0.0,0.0,0.0,0.0009198254376239037,0.005978865344555374,0.00053032431185044,0.0,0.0009266405952934174,0.0004904188864132496,0.0006747422103126074,0.00011075916690454586,0.0,0.0,0.0,0.0,0.0021528173291128017,0.017508731635144888,0.001751188421860637,0.026366972254555286,0.0,0.003746663053703707,0.0,0.002024540146769858,0.0013088570603497645,0.003084471017985052,0.0,0.0038307017248867255,0.003068340620627778,0.0,0.00013249521082314147,0.0,0.0013185018742052383,0.0021348592038941405,0.0032004433421472813,0.0,0.0,0.0007300385613199837,0.031093721865372174,0.0,0.0,0.004923212545356249,0.0001599181496617641,0.01089785605136885,0.0,0.0008185190781000897,0.0,0.00048575529347111545,0.034865516566478336,0.0013566706941230394,0.0071889223095178735,0.0003662021232915642,0.0,0.0,0.0034661173166747133,0.08227308261943983,0.0,0.0026716541140911344,0.001743288606958007,0.0008975518502367527,0.0005258163584677421,0.003762187925525263,0.002134667549210585,0.0,0.0003716630451270131,0.0047852967440945885,0.00019363175209143112,0.0,0.004221582527342291,0.0,0.0,0.005439368513038788,0.0,0.0,0.0,0.001242975304283517,0.0,0.0029825754768521375,0.0,0.004341715646851316,0.0029701841859897443,0.0030205045911138617,0.0068441035987578305,0.001242975304283517,0.0
St_Lucia_-_Dancing_On_Glass_preview.wav,0.0,0.00112663646181896,0.006171169901583375,0.0,0.0,0.006799030242808897,0.0,0.0,0.0005427084769792644,0.0,0.0,0.0003015416090958779,0.013574112399510832,0.058598423309483595,0.000526239902329663,0.0012183793722690115,0.0030205045911138617,0.0,0.00644100440902536,0.0009715105869422309,0.0,0.0,0.0002758131640633909,0.0,0.0,0.0,0.00038197123367390633,0.00048575529347111545,0.0,0.0,0.10621771211938003,0.0,0.0,0.00042339680528634,0.0058283374352907065,0.0013685478628539308,0.0006618087191152412,0.0,0.0017980007653807919,0.0,0.0001962869650146427,0.0,0.0005201989228889479,0.004837098761389624,0.00858048645523629,0.016658820583490476,0.0,0.0,0.00045991271881195184,0.0,0.0,0.00023166014882335434,0.0,0.0008096906523751288,0.00033227750071363756,0.0,0.0015541052894396537,0.0,0.0009634634665992192,0.0,0.0,0.0,0.003646496162864029,0.01004351960897668,0.0,0.0008504126817837842,0.0,0.0,0.0,0.025524704600142216,0.0,0.0,0.018959902971053336,0.002252418583993405,0.00242443677256356,0.0,0.0008539436815576561,0.0,0.0026472348764609646,0.006021663669201518,0.0,0.0,0.0017271172702338217,0.036094111264229366,0.0,0.0,0.0,0.0,0.0,0.0031671038472836106,0.0009715105869422309,0.0,0.0,0.0007567286641597761,0.0,0.0,0.0118685266324513,0.0,0.0,0.0,0.005343308228182269,0.0,0.0,0.0,0.01316765773933842,0.001956778586776369,0.0,0.0,0.00033002046510997163,0.001549054016731449,0.0,0.0,0.0,0.0015134573283195523,0.0011655789670797403,0.0,0.0022223979715040483,0.0,0.0,0.0,0.0,0.03784220079756615,0.00028944770979008773,0.005280327441759546,0.01510252295556931,0.0,0.0006214876521417584,0.0
Steady_Rollin_-_I_Feel_Alive_preview.wav,0.0,0.0008762728036369689,0.0,0.0,0.0009424241983377622,0.0002344493187175482,0.0,0.0034876595051292233,0.02116563060219131,0.00024854795640434483,0.0,0.0003015416090958779,0.0,0.01193671585933925,0.002104959609318652,0.006701086547479562,0.0,0.0,0.0,0.0,0.0023243848092773427,0.0,0.0005516263281267818,0.0004982370721613176,0.0,0.0004674272808297235,0.0,0.008257839989008961,0.004049080293539716,0.0006123278552013538,0.0005181351810701465,0.0,0.0,0.0,0.000277539877870986,0.0,0.0019854261573457235,0.0,0.00149833397115066,0.004324188396906901,0.0,0.0,0.00013004973072223698,0.10964090525816479,0.03848218167802942,0.0,0.0,0.0,0.0,0.0,0.0,0.009961386399404236,0.0,0.001484432862687736,0.0005537958345227293,0.0,0.0,0.0,0.0,0.0,0.0,0.0,0.0,0.03264143872917421,0.0,0.0002834708939279281,0.0,0.0,0.0,0.0003988235093772221,0.0009576754312216814,0.000360981249485621,0.0003326298766851462,0.0003974856324694244,0.0,0.0,0.0,0.0006400886684294562,0.0,0.0,0.0,0.0008883920532963479,0.012089820891636752,0.0,0.0,0.0001599181496617641,0.0009081546709474042,0.0,0.0,0.00035190042747595675,0.022101865852935748,0.00104596549699435,0.0,0.0,0.0005493031849373463,0.0,0.00040925953905004487,0.0,0.0,0.0,0.004371797641240039,0.0,0.0,0.003943622688508066,0.018810939627626314,0.0,0.0,0.0,0.0004950306976649574,0.00019363175209143112,0.0,0.0,0.0037628202272711403,0.009459108301997202,0.0,0.00042339680528634,0.0,0.0,0.0,0.0,0.003976767302469517,0.0006153203381718073,0.00028944770979008773,0.00627038883708946,0.0041188698969734485,0.0010266155398136745,0.0,0.0
Steve_Miller_Band_-_Jet_Airliner_-_Remastered_2017_preview.wav,0.0,0.0,0.014399396437027874,0.0,0.0,0.0004688986374350964,0.0,0.0,0.047215637497196,0.0,0.0,0.0006030832181917558,0.0,0.014468746496168788,0.0,0.0,0.0010983653058595864,0.0,0.0037290025525936288,0.0,0.013946308855664056,0.0,9.193772135446364e-05,0.0,0.0,0.0,0.00019098561683695317,0.002914531760826692,0.0015184051100773932,0.0024493114208054153,0.004145081448561172,0.0,0.0,0.0,0.0,0.0,0.0011030145318587353,0.0009123652419026206,0.007042169664408101,0.0,0.0,0.0,0.0,0.003493460216559173,0.02262128247289567,0.0,0.0,0.0,0.0,0.0,0.0,0.0016216210417634804,0.0004904188864132496,0.0004048453261875644,0.00022151833380909173,0.0,0.0,0.0,0.017342342398785945,0.0,0.0,0.0,0.00028049970483569456,0.0929025563830343,0.0004162958948559675,0.0,0.0,0.0,0.0,0.004785882112526665,0.0,0.000360981249485621,0.020623052354479067,0.0013249521082314146,0.0,0.0,0.0,0.0,0.00022060290637174705,0.0,0.0,0.0,0.0025906759053507325,0.0,0.0,0.0,0.0,0.0,0.0,0.0,0.007286329402066731,0.0,0.0,0.00037836433207988807,0.0001831010616457821,0.0,0.004092595390500449,0.0,0.00033580850048750956,0.0,0.005829063521653384,0.0,0.0,0.0,0.050789536994591045,0.0001778889624342154,0.0,0.0,0.00016501023255498581,0.0009681587604571556,0.011381394152366647,0.0,0.0,0.0034052789887189924,0.0007770526447198269,0.00084679361057268,0.0,0.0,0.0,0.0,0.0004970959128086897,0.0030766016908590366,0.0014472385489504387,0.022606401860033057,0.015377114282034208,0.02190113151602506,0.0,0.0
Sting_-_If_I_Ever_Lose_My_Faith_In_You_preview.wav,0.0,0.005257636821821813,0.002057056633861125,0.0,0.0,0.0,0.0,0.0,0.0005427084769792644,0.006959342779321654,0.0,0.0009046248272876337,0.00045247041331702775,0.0,0.007893598534944946,0.004568922646008793,0.0041188698969734485,0.000475015516198625,0.0,0.00024287764673555773,0.0,0.0,0.0004596886067723182,0.0,0.0,0.0,0.00019098561683695317,0.0019430211738844618,0.001012270073384929,0.0,0.0,0.0029425133184794974,0.0,0.0012701904158590198,0.006105877313161692,0.004105643588561792,0.0011030145318587353,0.0004561826209513103,0.060382859037371596,0.0003326298766851462,0.011580930935863919,0.0,0.0015605967686668437,0.0002687277089660902,0.0002600147410677664,0.0,0.0004904188864132496,0.0,0.0013797381564358553,0.0,0.0,0.001389960892940126,0.0,0.007152267429313639,0.00022151833380909173,0.0,0.0,0.0,0.0,0.0004305634658225604,0.0,0.0026267826327909553,0.00308549675319264,0.0,0.0,0.0011338835757117125,0.0030368102201547864,0.0,0.004935153628776083,0.0,0.0,0.013897778105196407,0.003658928643536608,0.0023849137948165466,0.0,0.0,0.00042697184077882807,0.0009601330026441843,0.0017648232509739764,0.0025354373344006393,0.0,0.0,0.0015544055432104395,0.0,0.0,0.0003198362993235282,0.0,0.0,0.0,0.0021114025648557404,0.002428776467355577,0.0,0.00045222356470767984,0.010215836966156976,0.0003662021232915642,0.0,0.0,0.0,0.0006716170009750191,0.0,0.0,0.0,0.0,0.0,0.0002687277089660902,0.007471336422237047,0.0,0.0,0.0013200818604398865,0.0013554222646400178,0.0,0.0,0.0,0.0018918216603994403,0.00038852632235991343,0.0042339680528634,0.0,0.0,0.0006214876521417584,0.0,0.0044738632152782065,0.00030766016908590366,0.03328648662586009,0.014850920929948722,0.007688557141017104,0.0027376414395031325,0.0006214876521417584,0.0
Stormzy_-_Own_It_feat_Ed_Sheeran_Burna_Boy_preview.wav,0.009151240898090772,0.00112663646181896,0.003342717030024328,0.0,0.0009424241983377622,0.0004688986374350964,0.0,0.003985896577290541,0.0,0.004722411171682551,0.008698269135334205,0.0,0.0009049408266340555,0.0003617186624042197,0.0,0.010051629821219344,0.0032950959175787587,0.00095003103239725,0.004746003248755528,0.0009715105869422309,0.001743288606958007,0.0,9.193772135446364e-05,0.003985896577290541,0.004819005196774777,0.0004674272808297235,0.0015278849346956253,0.0012143882336777885,0.0,0.0,0.0,0.007356283296198744,0.003797045387547971,0.0038105712475770596,0.002497858900838874,0.009579835039977516,0.010809542412215606,0.0063865566933183435,0.0017980007653807919,0.0003326298766851462,0.007655191635571066,0.0,0.0,0.003493460216559173,0.0002600147410677664,0.0016658820583490474,0.004904188864132496,0.002299563594059759,0.008278428938615133,0.00424259449480352,0.0,0.009729726250580882,0.0,0.003913504819813123,0.000775314168331821,0.006344092285186983,0.0015541052894396537,0.001803021812960766,0.0028903903997976573,0.004305634658225603,0.0,0.0074425507929077065,0.0014024985241784728,0.0,0.0020814794742798374,0.0017008253635675684,0.0015184051100773932,0.004580999711224176,0.012337884071940208,0.0003988235093772221,0.011970942890271017,0.0018049062474281047,0.0003326298766851462,0.00013249521082314147,0.0008081455908545201,0.009229513119436669,0.00042697184077882807,0.0016002216710736406,0.0,0.0,0.004745250648579893,0.0,0.003108811086420879,0.022767054797436983,0.0,0.0003198362993235282,0.0,0.010722871547550888,0.0008185190781000897,0.005630406839615308,0.0019430211738844618,0.0083677239759548,0.008818359511799757,0.004918736317038545,0.0009155053082289104,0.0016162911817090401,0.008594450320050942,0.013864469266698853,0.006044553008775172,0.009020391145134428,0.011901004690042327,0.00929753923710937,0.010770622202841031,0.0028919899715725813,0.0018810939627626315,0.001778889624342154,0.0,0.017468163120969615,0.00825051162774929,0.0,0.0,0.009649331491068093,0.006657297325172018,0.0,0.007770526447198269,0.0021169840264317,0.012593588505189606,0.0,0.004350413564992309,0.0,0.001242739782021724,0.00030766016908590366,0.0031839248076909648,0.0013200818604398865,0.0010983653058595864,0.0027376414395031325,0.0006214876521417584,0.0
Stromae_-_Papaoutai_preview.wav,0.001525206816348462,0.012518182909099557,0.008485358614677141,0.0,0.0,0.02086598936586179,0.0,0.0,0.0,0.0007456438692130344,0.0031630069583033476,0.0006030832181917558,0.0,0.0007234373248084394,0.000526239902329663,0.0,0.0,0.00095003103239725,0.0003390002320539663,0.01360114821719123,0.0,0.0,0.0005516263281267818,0.0,0.0,0.0004674272808297235,0.0015278849346956253,0.002428776467355577,0.0005061350366924645,0.004286294986409477,0.0,0.005885026636958995,0.0,0.0,0.001110159511483944,0.0,0.004632661033806688,0.0018247304838052412,0.002097667559610924,0.009978896300554388,0.0015702957201171417,0.0,0.0006502486536111849,0.009405469813813157,0.004160235857084262,0.001110588038899365,0.007356283296198744,0.0,0.004599127188119518,0.0,0.0,0.0009266405952934174,0.005394607750545745,0.010256081596751633,0.0009968325021409126,0.020185748180140402,0.013986947604956883,0.0,0.0,0.003875071192403043,0.0,0.008755942109303184,0.0022439976386855564,0.0,0.0,0.0,0.005061350366924644,0.0013088570603497645,0.014805460886328248,0.0027917645656405548,0.0,0.0,0.0006652597533702924,0.03312380270578537,0.0,0.0,0.0,0.0009601330026441843,0.0006618087191152412,0.0012677186672003197,0.0,0.0,0.0022452524513039683,0.0,0.0,0.0003198362993235282,0.0,0.001892271449567804,0.0008185190781000897,0.0,0.0012143882336777885,0.0,0.00022611178235383992,0.0,0.0001831010616457821,0.0,0.0,0.0,0.0016790425024375477,0.0,0.010200861162893423,0.0,0.0004487759251183763,0.00026290817923387103,0.01451129628416887,0.007293447459802831,0.0,0.0,0.0009900613953299148,0.0011617905125485867,0.0,0.0003015416090958779,0.0005788954195801755,0.00037836433207988807,0.0,0.01354869776916288,0.0,0.0,0.0,0.0,0.0004970959128086897,0.001845961014515422,0.0014472385489504387,0.00511531720920456,0.0008237739793946897,0.0030798466194410234,0.0,0.0
Stunna_4_Vegas_-_UP_THE_SMOKE_with_Offset_preview.wav,0.01525206816348462,0.00012518182909099557,0.0007713962376979218,0.004861353558144951,0.0009424241983377622,0.0014066959123052892,0.018439287173938106,0.004484133649451858,0.0,0.0029825754768521375,0.007116765656182532,0.0009046248272876337,0.004524704133170277,0.0,0.0,0.003350543273739781,0.00961069642627138,0.0,0.0,0.0012143882336777885,0.0,0.005943271878915494,0.0,0.009466504371065035,0.006803301454270274,0.0014022818424891705,0.00038197123367390633,0.0036431647010333654,0.0005061350366924645,0.0,0.0015544055432104393,0.018145498797290237,0.0018985226937739855,0.038529109281056934,0.001665239267225916,0.03421369657134827,0.0059562784720371695,0.005930374072367033,0.00044950019134519796,0.0006652597533702924,0.001177721790087856,0.0018985226937739855,0.0,0.0018810939627626315,0.0,0.009439998330644602,0.0029425133184794974,0.0036793017504956147,0.028974501285152963,0.0026516215592522,0.0,0.003243242083526961,0.0034329322048927474,0.003103814167437994,0.00044303666761818345,0.007497563609766435,0.0031082105788793075,0.001803021812960766,0.0,0.028417188744288984,0.0,0.01619849290221089,0.0028049970483569457,0.0,0.003746663053703707,0.0002834708939279281,0.004049080293539716,0.002617714120699529,0.020974402922298352,0.0,0.005746052587330087,0.0021658874969137255,0.0013305195067405849,0.0007949712649388487,0.02343622213478108,0.005933258433923572,0.016651901790374294,0.0009601330026441843,0.0,0.0006338593336001598,0.0010950578419799755,0.0,0.0013816938161870574,0.0,0.001641070848452083,0.0,0.0,0.006307571498559347,0.0,0.010908913251754658,0.000728632940206673,0.0073217584789604506,0.0018088942588307194,0.010215836966156976,0.0014648084931662567,0.0064651647268361605,0.0,0.0007702482925943808,0.003693893505362605,0.0020816287258002527,0.00048575529347111545,0.00406767341623535,0.019746140705208554,0.000788724537701613,0.0005374554179321805,0.001778889624342154,0.0,0.0007433260902540262,0.0018151125581048438,0.00019363175209143112,0.0,0.003015416090958779,0.0005788954195801755,0.00037836433207988807,0.007382000124838355,0.00338717444229072,0.020001581743536435,0.0019269269331984385,0.009322314782126376,0.0,0.0014912877384260688,0.0015383008454295183,0.001157790839160351,0.00033002046510997163,0.0,0.0006844103598757831,0.0018644629564252752,0.0010308097336190565
Super_Whatevr_-_melancholyism_preview.wav,0.0,0.0016273637781829423,0.0010285283169305624,0.0,0.0009424241983377622,0.0007033479561526446,0.0,0.0014947112164839529,0.0027135423848963216,0.0009941918256173793,0.0,0.0,0.00045247041331702775,0.0039789052864464165,0.0026311995116483147,0.0213216390147077,0.0041188698969734485,0.000475015516198625,0.0006780004641079326,0.00024287764673555773,0.001743288606958007,0.001188654375783099,0.00018387544270892728,0.02740303896887247,0.0017008253635675684,0.018229663952359216,0.00019098561683695317,0.024773519967026883,0.0,0.0006123278552013538,0.0015544055432104393,0.0019616755456529984,0.003797045387547971,0.00042339680528634,0.001665239267225916,0.0,0.0011030145318587353,0.0009123652419026206,0.001198667176920528,0.007650487163758364,0.0041220262653074964,0.0,0.00013004973072223698,0.019617122754524586,0.0018201031874743644,0.0,0.0009808377728264992,0.0,0.0013797381564358553,0.0,0.0,0.022239374287042014,0.0004904188864132496,0.006747422103126074,0.00011075916690454586,0.002306942649158903,0.00038852632235991343,0.001803021812960766,0.0,0.0017222538632902416,0.0035017463270289777,0.0008755942109303185,0.0016829982290141672,0.009039167648079013,0.01623553989938273,0.0,0.003542945256847251,0.0,0.003701365221582062,0.0,0.0014365131468325218,0.0001804906247428105,0.0029936688901663158,0.0014574473190545562,0.0,0.0006592509371026191,0.005977605770903593,0.0012801773368589125,0.0,0.0,0.0,0.0008883920532963479,0.005181351810701465,0.0,0.0,0.0001599181496617641,0.004540773354737021,0.0,0.00040925953905004487,0.0,0.008257839989008961,0.0076704136446252335,0.010175030205922796,0.0026485503245592167,0.0,0.00484887354512712,0.0,0.0003851241462971904,0.006380361509262681,0.0006938762419334176,0.000728632940206673,0.0,0.004038983326065387,0.0026290817923387104,0.007255648142084435,0.0003557779248684308,0.0012054784624639238,0.0022299782707620786,0.004455276278984617,0.0,0.0035019674314974297,0.0018092496545752674,0.006946745034962105,0.00037836433207988807,0.025642737275754286,0.00042339680528634,0.0,0.0,0.0,0.0,0.0004970959128086897,0.0012306406763436147,0.0014472385489504387,0.0006600409302199433,0.0010983653058595864,0.03695815943329228,0.0006214876521417584,0.007215668135333394
Syn_Cole_-_Its_You_-_Radio_Edit_preview.wav,0.0,0.00025036365818199114,0.0048855095054201715,0.0,0.002356060495844405,0.009612422067419475,0.013474863704031692,0.013950638020516893,0.0027135423848963216,0.0,0.0,0.0003015416090958779,0.001357411239951083,0.020979682419444742,0.0,0.0012183793722690115,0.0002745913264648966,0.000475015516198625,0.009153006265457089,0.00315740940756225,0.0,0.0,0.0,0.009964741443226352,0.014173544696396406,0.007478836493275576,0.0024828130188803907,0.0,0.0005061350366924645,0.0006123278552013538,0.004663216629631318,0.0009808377728264992,0.0,0.0012701904158590198,0.0,0.0031932783466591718,0.0015442203446022294,0.0004561826209513103,0.00044950019134519796,0.0,0.001177721790087856,0.010441874815756919,0.0006502486536111849,0.0,0.0005200294821355328,0.00666352823339619,0.0,0.007358603500991229,0.0013797381564358553,0.0,0.0,0.00023166014882335434,0.0029425133184794974,0.0006747422103126074,0.00022151833380909173,0.0005767356622897258,0.0015541052894396537,0.005409065438882298,0.0,0.0004305634658225604,0.004668995102705304,0.0,0.0,0.0,0.0020814794742798374,0.0014173544696396406,0.005567485403617108,0.0,0.0012337884071940207,0.0003988235093772221,0.023463048064931193,0.0016244156226852943,0.0,0.001722437740700839,0.00565701913598164,0.0006592509371026191,0.0034157747262306246,0.0,0.0019854261573457235,0.0003169296668000799,0.0025551349646199427,0.0044419602664817395,0.0013816938161870574,0.02665411293358476,0.0,0.0,0.057213744269686465,0.0,0.0,0.002815203419807654,0.0,0.0052298274849717505,0.0015827824764768792,0.0007567286641597761,0.0,0.0,0.08512598412240933,0.004236365609269094,0.0016790425024375477,0.0020816287258002527,0.018215823505166828,0.0,0.0,0.0,0.003762187925525263,0.001956778586776369,0.0024109569249278475,0.0003716630451270131,0.0021451330232148155,0.00019363175209143112,0.008754918578743574,0.010855497927451604,0.0005788954195801755,0.0,0.0011655789670797403,0.0,0.006667193914512145,0.0,0.0018644629564252752,0.0,0.0004970959128086897,0.001845961014515422,0.0005788954195801755,0.0008250511627749291,0.031852593869927996,0.0,0.0,0.025770243340476413
SZA_-_Drew_Barrymore_preview.wav,0.0,0.001377000120000951,0.0,0.0024306767790724755,0.0720954511728388,0.0,0.0,0.0004982370721613176,0.0,0.002485479564043448,0.0,0.0018092496545752674,0.0,0.0,0.0,0.016448121525631652,0.0,0.000475015516198625,0.0,0.0,0.0,0.010697889382047888,0.0004596886067723182,0.0,0.0002834708939279281,0.024773645883975345,0.0,0.002428776467355577,0.16398775188835849,0.01653285209043655,0.0,0.0,0.255351302312601,0.0,0.0,0.0,0.00022060290637174705,0.0,0.000299666794230132,0.014303084697461289,0.0013740087551024989,0.0,0.00013004973072223698,0.0,0.0002600147410677664,0.0,0.0,0.0,0.0,0.00848518898960704,0.0,0.004169882678820378,0.002452094432066248,0.0004048453261875644,0.0,0.0,0.0,0.0,0.0,0.0,0.0035017463270289777,0.0,0.00028049970483569456,0.0,0.0004162958948559675,0.0,0.0005061350366924645,0.0,0.0,0.0,0.0004788377156108407,0.001443924997942484,0.0,0.00013249521082314147,0.0,0.0,0.0,0.0006400886684294562,0.0008824116254869882,0.0,0.0,0.010660704639556174,0.0008635586351169108,0.0,0.0,0.0006396725986470564,0.008173392038526637,0.0,0.0012277786171501345,0.0,0.00024287764673555773,0.002789241325318267,0.004748347429430638,0.0,0.0009155053082289104,0.0,0.0,0.0015404965851887615,0.0006716170009750191,0.0,0.001457265880413346,0.0,0.0,0.007098520839314517,0.0,0.0003557779248684308,0.0,0.0033449674061431177,0.0006600409302199433,0.0017426857688228798,0.0,0.0018092496545752674,0.0,0.00794565097367765,0.00038852632235991343,0.00084679361057268,0.0,0.03468468479757189,0.002485950608567034,0.0,0.0029825754768521375,0.0,0.001157790839160351,0.00016501023255498581,0.0,0.00034220517993789157,0.0,0.009277287602571507
Tabitha_-_Suave_preview.wav,0.0,0.0025036365818199113,0.00437124534695489,0.05590556591866693,0.0009424241983377622,0.0023444931871754817,0.026240524055219615,0.0,0.0005427084769792644,0.0029825754768521375,0.0,0.0003015416090958779,0.003167292893219194,0.004702342611254856,0.004209919218637304,0.0015229742153362643,0.0021967306117191727,0.000475015516198625,0.0057630039449174265,0.019673089385580173,0.0,0.0005943271878915495,0.0004596886067723182,0.0,0.003401650727135137,0.001869709123318894,0.007448439056641173,0.00048575529347111545,0.0030368102201547864,0.0036739671312081227,0.0005181351810701465,0.008827539955438493,0.003797045387547971,0.00889133291101314,0.03358232522238931,0.004561826209513103,0.003970852314691447,0.0,0.0028468345451862537,0.0006652597533702924,0.0041220262653074964,0.011391136162643912,0.001950745960833555,0.001074910835864361,0.0,0.0,0.0,0.013797381564358554,0.00505903990693147,0.00106064862370088,0.004537451629127585,0.002084941339410189,0.0009808377728264992,0.00013494844206252149,0.00033227750071363756,0.0011534713245794515,0.002719684256519394,0.001803021812960766,0.0,0.003444507726580483,0.021010477962173865,0.0013133913163954777,0.0008414991145070836,0.0,0.0,0.00453553430284685,0.0015184051100773932,0.0,0.0024675768143880413,0.0,0.0,0.004151284369084641,0.003991558520221755,0.0014574473190545562,0.00484887354512712,0.0,0.0012809155223364843,0.0009601330026441843,0.008162307535754641,0.005704734002401438,0.0,0.020433017225816003,0.0012089820891636753,0.033872935186430635,0.01148749593916458,0.0001599181496617641,0.0009081546709474042,0.0012615142997118695,0.010231488476251122,0.007389908976995091,0.000728632940206673,0.0006973103313295668,0.00022611178235383992,0.0018918216603994403,0.0010986063698746925,0.00888960149939972,0.018825938796302063,0.0,0.0010074255014625286,0.0,0.0019430211738844618,0.001743288606958007,0.006731638876775644,0.00026290817923387103,0.0002687277089660902,0.002668334436513231,0.0012054784624639238,0.0007433260902540262,0.0006600409302199433,0.008132533587840107,0.0008754918578743574,0.0,0.0005788954195801755,0.0018918216603994403,0.0011655789670797403,0.00169358722114536,0.00814879256218151,0.0,0.003107438260708792,0.0,0.0019883836512347586,0.001845961014515422,0.006946745034962105,0.0028051739534347584,0.004668052549903241,0.0013688207197515663,0.0,0.002061619467238113
Tame_Impala_-_Let_It_Happen_preview.wav,0.0,0.00025036365818199114,0.0,0.0,0.0,0.0,0.0,0.0,0.3706698897768375,0.0004970959128086897,0.0,0.0006030832181917558,0.0,0.0,0.003683679316307641,0.0,0.0,0.0,0.0,0.0,0.0,0.0,0.0,0.0,0.0,0.0,0.00038197123367390633,0.007286329402066731,0.004049080293539716,0.004286294986409477,0.0,0.0,0.0,0.0,0.0,0.0,0.0004412058127434941,0.0004561826209513103,0.010188671003824487,0.0013305195067405849,0.0,0.0,0.0,0.0,0.01716097291047258,0.0,0.0,0.0,0.0,0.0,0.0,0.0,0.0019616755456529984,0.00013494844206252149,0.00011075916690454586,0.0005767356622897258,0.0,0.0,0.0,0.0,0.0,0.0,0.0,0.004017407843590673,0.0,0.0,0.0,0.0,0.0,0.0,0.0,0.0,0.0,0.00026499042164628293,0.0,0.0,0.0,0.0003200443342147281,0.0,0.0,0.0,0.0,0.0,0.0,0.0,0.0001599181496617641,0.0,0.0,0.0,0.0,0.044689486999342616,0.0,0.00022611178235383992,0.0,0.0001831010616457821,0.0,0.0,0.0,0.0,0.0,0.0,0.0,0.0,0.0,0.03762187925525263,0.0,0.0,0.0,0.0,0.0,0.008754918578743574,0.0,0.0,0.0030269146566391045,0.0,0.00042339680528634,0.0,0.0,0.0,0.0,0.002485479564043448,0.0,0.005499506486011667,0.002475153488324787,0.0,0.0,0.0,0.0
TENDER_-_Lower_preview.wav,0.01601467157165885,0.0,0.00437124534695489,0.03524481329655089,0.002356060495844405,0.0,0.0007092033528437733,0.0019929482886452705,0.0,0.0007456438692130344,0.0007907517395758369,0.0,0.0,0.0,0.0,0.0,0.0,0.003800124129589,0.0,0.0,0.0,0.001188654375783099,0.0002758131640633909,0.008470030226742399,0.0,0.001869709123318894,0.00019098561683695317,0.0,0.0,0.0018369835656040613,0.0,0.006865864409785495,0.0,0.0,0.0,0.0022809131047565514,0.0017648232509739764,0.005930374072367033,0.000299666794230132,0.0,0.0,0.0,0.00026009946144447396,0.0,0.0,0.0,0.0034329322048927474,0.0,0.0032193890316836627,0.0026516215592522,0.0,0.0004633202976467087,0.003923351091305997,0.00013494844206252149,0.00033227750071363756,0.01499512721953287,0.0,0.015325685410166509,0.0,0.005597325055693284,0.0,0.00569136237104707,0.0022439976386855564,0.0,0.1011599024500001,0.0002834708939279281,0.006579755477002037,0.0,0.003701365221582062,0.0,0.0004788377156108407,0.0009024531237140523,0.0,0.0,0.0,0.0,0.0,0.0003200443342147281,0.0006618087191152412,0.0,0.002190115683959951,0.014214272852741567,0.0,0.0,0.0,0.001599181496617641,0.03178541348315914,0.023338014544669584,0.0012277786171501345,0.0,0.00024287764673555773,0.016386792786244816,0.00045222356470767984,0.0,0.0,0.0032325823634180803,0.0,0.0,0.008059404011700229,0.0020816287258002527,0.0,0.0,0.0004487759251183763,0.0005258163584677421,0.009405469813813157,0.0,0.0,0.0003716630451270131,0.0,0.0,0.002626475573623072,0.0,0.0,0.0,0.0,0.01735926901673994,0.0,0.0,0.0,0.06683418132409148,0.00024854795640434483,0.0,0.0,0.0,0.0,0.01642584863701879,0.0,0.4185087518493369
The_Allman_Brothers_Band_-_Whipping_Post_preview.wav,0.0,0.0012518182909099557,0.0,0.0,0.001413636297506643,0.0,0.0,0.0,0.188862549988784,0.0,0.0,0.0015077080454793895,0.0,0.0,0.005788638925626292,0.0,0.0,0.0,0.0,0.0,0.05636633162497556,0.0,0.00018387544270892728,0.0,0.0,0.000934854561659447,0.0,0.0034002870542978077,0.024800616797930757,0.020206819221644676,0.001036270362140293,0.007356283296198744,0.027528579059722787,0.0,0.020815490840323952,0.0,0.0,0.0,0.0026970011480711878,0.02461461087470082,0.0,0.013289658856417898,0.0006502486536111849,0.0,0.002340132669609897,0.0,0.0004904188864132496,0.0,0.0,0.0,0.0,0.0,0.0029425133184794974,0.0,0.00011075916690454586,0.004613885298317806,0.0,0.000901510906480383,0.026976977064778137,0.0,0.0,0.0,0.0,0.021593567159299866,0.0012488876845679025,0.0,0.002530675183462322,0.0,0.0006168942035970103,0.0,0.0,0.0009024531237140523,0.02195357186121965,0.0,0.0,0.0,0.0,0.0,0.0,0.0003169296668000799,0.0,0.0,0.00034542345404676435,0.0,0.0,0.0004797544489852923,0.0,0.001892271449567804,0.0012277786171501345,0.00035190042747595675,0.00048575529347111545,0.0,0.0,0.0,0.0,0.0080814559085452,0.0,0.0,0.0,0.0,0.0,0.0,0.0004487759251183763,0.0013145408961693552,0.0,0.0,0.003616435387391771,0.0,0.0,0.002904476281371467,0.028015739451979438,0.0,0.0,0.07226758742725863,0.0,0.007621142495154119,0.0,0.004817317332996096,0.0,0.0,0.0,0.0,0.002026133968530614,0.0011550716278849007,0.0,0.0,0.0,0.0
The_Bellamy_Brothers_-_Let_Your_Love_Flow_preview.wav,0.0,0.0017525456072739378,0.008999622773142422,0.0,0.0,0.009846871386137023,0.0,0.0,0.0,0.0014912877384260688,0.0,0.0,0.006787056199755416,0.01157499719693503,0.0,0.0,0.004668052549903241,0.0,0.006102004176971393,0.004857552934711154,0.001743288606958007,0.0,0.0002758131640633909,0.0,0.00737024324212613,0.0,0.00019098561683695317,0.0,0.0,0.0,0.0025906759053507325,0.0,0.0009492613468869927,0.0021169840264317,0.0,0.0,0.005735675565665423,0.0,0.021426175787454437,0.0,0.0003925739300292854,0.0,0.00013004973072223698,0.005643281888287895,0.017420987651540345,0.00444235215559746,0.0,0.0,0.0,0.0,0.0,0.00023166014882335434,0.0,0.007692061197563724,0.00011075916690454586,0.0,0.00038852632235991343,0.0,0.0057807807995953146,0.0,0.0,0.0,0.0011219988193427782,0.008034815687181346,0.0,0.0008504126817837842,0.0,0.0,0.0,0.009970587734430554,0.0,0.004151284369084641,0.009978896300554388,0.00900967433597362,0.0,0.0,0.0,0.0,0.0022060290637174705,0.003169296668000799,0.0,0.0,0.005354063537724847,0.006108234213946508,0.0,0.0001599181496617641,0.0,0.0,0.0,0.008093709831947005,0.004857552934711154,0.0,0.0,0.00037836433207988807,0.0001831010616457821,0.0,0.008594450320050942,0.0,0.00033580850048750956,0.0,0.01360114821719123,0.0,0.0,0.0,0.008061831268982706,0.006581891610065969,0.0,0.0,0.002475153488324787,0.0013554222646400178,0.0,0.0,0.002026133968530614,0.00037836433207988807,0.0,0.00169358722114536,0.0,0.0019269269331984385,0.0,0.0,0.0007456438692130344,0.01938259065241193,0.0,0.01765609488338348,0.022791080096586418,0.00034220517993789157,0.0,0.0
The_Black_Crowes_-_Hard_To_Handle_preview.wav,0.0,0.0006259091454549778,0.0,0.0,0.0,0.005626783649221157,0.0,0.0,0.026592715371983953,0.00024854795640434483,0.0,0.0,0.0,0.018809370445019423,0.001052479804659326,0.0,0.0002745913264648966,0.0,0.007797005337241225,0.0009715105869422309,0.05810962023193357,0.0,0.0002758131640633909,0.0,0.008220655923909914,0.0,0.0,0.0012143882336777885,0.0005061350366924645,0.0,0.001036270362140293,0.0,0.0,0.0,0.000277539877870986,0.0,0.00022060290637174705,0.0,0.007042169664408101,0.0003326298766851462,0.0003925739300292854,0.0,0.0006502486536111849,0.008868014395880976,0.04030228486550378,0.0,0.0,0.0,0.0,0.0,0.0,0.0050965232741137945,0.0,0.0026989688412504295,0.0006645550014272751,0.0,0.0023311579341594806,0.0,0.007707707732793754,0.0,0.0,0.0,0.0,0.01004351960897668,0.0,0.0,0.0,0.0,0.0,0.01675058739384333,0.0,0.002346378121656536,0.004324188396906901,0.01258704502819844,0.0,0.0,0.0,0.0,0.0030884406892044587,0.0006338593336001598,0.0,0.0,0.02918828186695159,0.0005552940194496825,0.0,0.0001599181496617641,0.0,0.0,0.0008185190781000897,0.0021114025648557404,0.00947222822268675,0.0,0.00045222356470767984,0.0,0.0001831010616457821,0.0,0.0012277786171501345,0.0,0.0,0.0,0.005829063521653384,0.0,0.0,0.0,0.004299643343457444,0.0,0.0,0.0007433260902540262,0.003795235348764674,0.00038726350418286223,0.004377459289371787,0.0,0.007525640454542281,0.01929658093607429,0.0,0.0,0.0,0.0,0.0,0.0,0.00024854795640434483,0.00584554321263217,0.0,0.011385706046294021,0.006315600508692621,0.0,0.0,0.0
The_Black_Keys_-_Shes_Long_Gone_preview.wav,0.0,0.0007510909745459733,0.00437124534695489,0.0,0.0,0.003282290462045675,0.0,0.0,0.04938647140511305,0.0,0.0,0.0003015416090958779,0.003167292893219194,0.020617963757040524,0.003157439413977978,0.0,0.0005491826529297932,0.0,0.0006780004641079326,0.0,0.015108501260302727,0.0,0.0002758131640633909,0.0004982370721613176,0.0,0.000934854561659447,0.0,0.006557696461860057,0.006073620440309573,0.0012246557104027076,0.03160624604527893,0.0,0.0,0.0,0.003052938656580846,0.0,0.00022060290637174705,0.0,0.001198667176920528,0.0003326298766851462,0.0003925739300292854,0.0,0.00026009946144447396,0.001074910835864361,0.024441385660370032,0.001110588038899365,0.0,0.0,0.0,0.0,0.0,0.0,0.0,0.0021591750730003438,0.00033227750071363756,0.0,0.0,0.0,0.0250500501315797,0.0,0.0,0.0,0.0005609994096713891,0.10143954805066448,0.000832591789711935,0.0,0.0,0.0,0.0,0.03669176286270444,0.0,0.000360981249485621,0.042576624215698716,0.0014574473190545562,0.0,0.0,0.0,0.0,0.0004412058127434941,0.0,0.0,0.0,0.0,0.00888470431119492,0.0,0.0,0.0,0.0,0.0,0.0010557012824278702,0.022101865852935748,0.0003486551656647834,0.0,0.00037836433207988807,0.0001831010616457821,0.0,0.005729633546700628,0.0,0.00033580850048750956,0.0,0.001457265880413346,0.0,0.0,0.00026290817923387103,0.016661117955897593,0.0003557779248684308,0.0,0.0,0.0,0.00038726350418286223,0.014883361583864075,0.0,0.0,0.0011350929962396642,0.0,0.00084679361057268,0.0014815986476693656,0.0,0.0,0.0,0.0,0.007076183888975784,0.0008683431293702631,0.0028051739534347584,0.014827931629104413,0.007528513958633613,0.0,0.0
The_Blaze_-_Heaven_preview.wav,0.0,0.00025036365818199114,0.0,0.0,0.002356060495844405,0.0,0.0,0.05331136672126099,0.0,0.0,0.0,0.0,0.0,0.0,0.0,0.017361906054833412,0.0,0.00095003103239725,0.0,0.0,0.0,0.0005943271878915495,0.0,0.19182127278210728,0.0,0.01869709123318894,0.0,0.0063148188151245,0.0,0.0,0.0,0.0,0.0,0.0,0.0,0.0,0.0,0.0,0.0,0.0003326298766851462,0.0009814348250732135,0.0,0.0,0.0,0.0,0.0,0.0,0.0,0.0,0.0,0.0,0.0,0.004413769977719246,0.0006747422103126074,0.0,0.0017302069868691773,0.0,0.007212087251843064,0.0,0.0030139442607579224,0.0,0.0,0.0,0.0,0.034552559273045305,0.0,0.00455521533023218,0.0,0.0,0.0,0.0588970390201334,0.0,0.0,0.0003974856324694244,0.0,0.0,0.008112464974797734,0.0016002216710736406,0.0,0.0,0.0,0.010660704639556174,0.0,0.0,0.01148749593916458,0.0001599181496617641,0.08536653906905597,0.0,0.0,0.0,0.0,0.07147430896128058,0.00022611178235383992,0.0,0.0,0.0,0.0,0.0,0.0016790425024375477,0.0,0.0,0.0,0.0,0.0005258163584677421,0.0,0.0,0.0,0.0,0.0023101432557698014,0.0,0.0,0.0057292905728216804,0.0,0.0,0.002719684256519394,0.0,0.0,0.0,0.004971901217134068,0.0,0.0022369316076391033,0.0,0.0,0.0,0.0,0.0,0.0,0.003092429200857169
The_Blue_Stones_-_Shakin_Off_The_Rust_preview.wav,0.0,0.0023784547527289156,0.0023141887130937655,0.0,0.003769696793351049,0.006095682286656253,0.0,0.0,0.015738545832398664,0.0,0.0,0.0,0.00045247041331702775,0.020617963757040524,0.000526239902329663,0.009137845292017586,0.0013729566323244828,0.000475015516198625,0.010848007425726922,0.00048575529347111545,0.004648769618554685,0.0,0.0002758131640633909,0.0034876595051292233,0.0,0.004206845527467511,0.00019098561683695317,0.0063148188151245,0.0,0.004286294986409477,0.008290162897122344,0.0,0.0,0.0,0.000277539877870986,0.0,0.0013236174382304823,0.0,0.0008990003826903959,0.004324188396906901,0.0017665826851317843,0.0,0.00026009946144447396,0.004030915634491353,0.06084344940985733,0.00222117607779873,0.0,0.0,0.0,0.0,0.0,0.0,0.0004904188864132496,0.002968865725375472,0.00011075916690454586,0.0,0.0,0.0,0.03661161173077033,0.0,0.0,0.0,0.0,0.008034815687181346,0.0029140712639917727,0.0,0.0,0.0,0.0,0.13958822828202774,0.0,0.0,0.006652597533702924,0.0035773706922248194,0.0,0.0,0.00042697184077882807,0.0003200443342147281,0.0004412058127434941,0.0,0.0,0.0,0.0015544055432104395,0.0027764700972484125,0.0,0.0,0.0009081546709474042,0.0,0.0,0.0010557012824278702,0.0063148188151245,0.0003486551656647834,0.0,0.0007567286641597761,0.0005493031849373463,0.0,0.0319222440459035,0.0,0.0,0.0,0.005829063521653384,0.0,0.0,0.0,0.005374554179321804,0.0003557779248684308,0.0,0.0,0.0004950306976649574,0.0005808952562742933,0.0,0.0,0.0,0.0,0.0,0.0,0.0,0.0,0.0,0.0,0.0,0.0021536211836013256,0.0,0.0016501023255498582,0.0002745913264648966,0.0068441035987578305,0.0,0.0010308097336190565
The_Brothers_Johnson_-_Get_The_Funk_Out_Ma_Face_preview.wav,0.0,0.0007510909745459733,0.0038569811884896095,0.014584060674434851,0.026859089652626223,0.0,0.0,0.01644182338132348,0.0005427084769792644,0.00820208256134338,0.0007907517395758369,0.0,0.0,0.0,0.001578719706988989,0.00852865560588308,0.0,0.00475015516198625,0.0,0.00048575529347111545,0.0,0.011292216569939438,0.0026661939192794454,0.01494711216483953,0.0,0.02430621860314562,0.0040106979535760165,0.0019430211738844618,0.017714726284236256,0.02081914707684603,0.0,0.0,0.0,0.0,0.001665239267225916,0.0,0.0004412058127434941,0.010036017660928825,0.00299666794230132,0.003658928643536608,0.004514600195336782,0.0,0.0027310443451669768,0.0016123662537965411,0.0,0.0,0.0004904188864132496,0.0013797381564358553,0.0,0.0053032431185044,0.004537451629127585,0.005559843571760504,0.006865864409785495,0.0006747422103126074,0.0019936650042818253,0.0034604139737383546,0.0,0.00901510906480383,0.0,0.006889015453160966,0.012839736532439583,0.004815768160116751,0.008414991145070837,0.0,0.014570356319958863,0.005385946984630634,0.019739266431006115,0.013742999133672527,0.004318259425179072,0.0,0.009576754312216813,0.0018049062474281047,0.0003326298766851462,0.0003974856324694244,0.0,0.010548014993641906,0.0021348592038941405,0.0102414186948713,0.0,0.0,0.011680616981119739,0.023098193385705044,0.0005181351810701465,0.0,0.004923212545356249,0.0001599181496617641,0.018163093418948083,0.0012615142997118695,0.0016370381562001795,0.0,0.00024287764673555773,0.005927137816301317,0.0018088942588307194,0.0011350929962396642,0.00439442547949877,0.0,0.0,0.010013227803726949,0.00033580850048750956,0.011102019870934681,0.0,0.015108501260302727,0.0,0.005521071763911292,0.001343638544830451,0.0007115558497368616,0.0024109569249278475,0.004088293496397144,0.0018151125581048438,0.0005808952562742933,0.0,0.0015077080454793895,0.0014472385489504387,0.0015134573283195523,0.00038852632235991343,0.00084679361057268,0.0,0.0,0.007457851825701101,0.0,0.0057166029972999305,0.0,0.004052267937061228,0.0029701841859897443,0.0,0.007528513958633613,0.0,0.007215668135333394
The_Chainsmokers_-_Call_You_Mine_preview.wav,0.0,0.0,0.009513886931607703,0.0,0.0,0.04079418145685339,0.0007092033528437733,0.0,0.0005427084769792644,0.0074564386921303445,0.0007907517395758369,0.0012061664363835116,0.001809881653268111,0.001085155987212659,0.0,0.003655138116807034,0.01675007091435869,0.0,0.004746003248755528,0.0,0.0,0.0,0.0002758131640633909,0.0,0.0002834708939279281,0.0,0.0019098561683695313,0.0009715105869422309,0.0,0.0,0.0,0.0,0.0,0.0042339680528634,0.000832619633612958,0.0018247304838052412,0.0059562784720371695,0.0018247304838052412,0.0013485005740355939,0.0,0.006673756810497851,0.0,0.0006502486536111849,0.009942925231745338,0.009880560160575121,0.018324702641839524,0.0004904188864132496,0.0,0.004599127188119518,0.0,0.0,0.0,0.0,0.0018892781888753007,0.0006645550014272751,0.0,0.0007770526447198269,0.0,0.0,0.013778030906321933,0.0,0.01707408711314121,0.0005609994096713891,0.0010043519608976682,0.0004162958948559675,0.002834708939279281,0.0,0.0,0.0,0.005184705621903887,0.0019153508624433627,0.005595209367027125,0.003991558520221755,0.003709865903047961,0.0016162911817090401,0.0006592509371026191,0.0038427465670094526,0.0,0.007059293003895906,0.0015846483340003995,0.0010950578419799755,0.0,0.006563045626888522,0.00666352823339619,0.0,0.0001599181496617641,0.0,0.0,0.0,0.00035190042747595675,0.004614675287975596,0.0,0.0,0.00037836433207988807,0.0007324042465831283,0.0,0.01268704571055139,0.0003851241462971904,0.0,0.0,0.007286329402066731,0.0,0.004487759251183763,0.0,0.004837098761389624,0.007827114347105476,0.0,0.0003716630451270131,0.0018151125581048438,0.002904476281371467,0.0008754918578743574,0.0006030832181917558,0.0,0.0,0.0007770526447198269,0.0,0.0,0.0,0.001242975304283517,0.0,0.0037282193460651722,0.0252281338650441,0.0017366862587405263,0.010725665116074078,0.01510252295556931,0.0006844103598757831,0.0,0.0
The_Cure_-_In_Between_Days_-_2006_Remaster_preview.wav,0.0,0.0,0.0,0.0,0.0,0.0,0.0,0.0,0.004884376292813379,0.0,0.0,0.0,0.0,0.002170311974425318,0.0,0.0,0.0,0.0,0.002373001624377764,0.0,0.031379194925244124,0.0,0.00018387544270892728,0.0,0.0,0.0,0.0,0.0,0.001012270073384929,0.0,0.002072540724280586,0.0,0.0,0.0,0.0,0.0,0.0,0.0,0.0,0.0,0.0,0.0,0.0006502486536111849,0.002418549380694812,0.04628262391006241,0.0,0.0,0.0,0.0,0.0,0.0,0.0,0.0,0.0,0.00033227750071363756,0.0,0.0,0.0,0.5665165183603409,0.0,0.0,0.0,0.0,0.0,0.0,0.0,0.0,0.0,0.0,0.1332070521319922,0.0,0.0,0.001663149383425731,0.0011924568974082733,0.0,0.0,0.0,0.0,0.0011030145318587353,0.0015846483340003995,0.0,0.0,0.0034542345404676433,0.0,0.0,0.0001599181496617641,0.0,0.0,0.0012277786171501345,0.00035190042747595675,0.00024287764673555773,0.0,0.0,0.0,0.0003662021232915642,0.0,0.0,0.0,0.0,0.0,0.0009715105869422309,0.0,0.0,0.0,0.0,0.0,0.0,0.0003716630451270131,0.0,0.0011617905125485867,0.0,0.0,0.002026133968530614,0.0030269146566391045,0.0,0.0,0.0,0.0,0.0,0.0,0.0,0.0,0.0,0.0008250511627749291,0.0021967306117191727,0.0,0.0,0.0
The_Jackson_5_-_Santa_Claus_Is_Coming_To_Town_preview.wav,0.0,0.00112663646181896,0.008999622773142422,0.0,0.0,0.005861232967938705,0.0028368134113750934,0.0,0.0021708339079170576,0.006462246866512965,0.0,0.0003015416090958779,0.009954349092974608,0.004702342611254856,0.003157439413977978,0.0051781123321432984,0.005491826529297931,0.000475015516198625,0.0013560009282158653,0.001457265880413346,0.0011621924046386714,0.0,0.0005516263281267818,0.0009964741443226352,0.0014173544696396406,0.0023371364041486174,0.0017188705515325782,0.0041289199945044805,0.0005061350366924645,0.0012246557104027076,0.004145081448561172,0.0004904188864132496,0.0,0.0025403808317180396,0.003052938656580846,0.012773113386636687,0.006838690097524159,0.0013685478628539308,0.011836838372090213,0.0009978896300554387,0.00804776556560035,0.0,0.00039014919216671094,0.001343638544830451,0.002340132669609897,0.0,0.0009808377728264992,0.0013797381564358553,0.0018396508752478074,0.0,0.0,0.0016216210417634804,0.0014712566592397487,0.0008096906523751288,0.000775314168331821,0.0005767356622897258,0.0015541052894396537,0.0,0.006744244266194534,0.0021528173291128017,0.0,0.0,0.002524497343521251,0.009039167648079013,0.0020814794742798374,0.0008504126817837842,0.0005061350366924645,0.0,0.0,0.0015952940375088885,0.0028730262936650435,0.009024531237140525,0.007317857287073216,0.0010599616865851317,0.0,0.0,0.0012809155223364843,0.0012801773368589125,0.0028678377828327117,0.006021663669201518,0.0007300385613199837,0.0,0.003281522813444261,0.0027764700972484125,0.0,0.0,0.0,0.0012615142997118695,0.0,0.009149411114374876,0.005829063521653384,0.0003486551656647834,0.002035006041184559,0.004540371984958657,0.0001831010616457821,0.0,0.005729633546700628,0.0003851241462971904,0.006044553008775172,0.0,0.0041289199945044805,0.0,0.0053853111014205155,0.001577449075403226,0.014242568575202782,0.008182892271973908,0.0,0.0011149891353810393,0.0036302251162096877,0.0005808952562742933,0.0008754918578743574,0.003920040918246413,0.0,0.0018918216603994403,0.0023311579341594806,0.00042339680528634,0.002963197295338731,0.0,0.0006214876521417584,0.0,0.004970959128086896,0.007999164396233495,0.008393983583912544,0.015180941395058696,0.025811584687700274,0.006501898418819939,0.0006214876521417584,0.0
The_Offspring_-_Why_Dont_You_Get_A_Job_preview.wav,0.0,0.0025036365818199113,0.007456830297746578,0.0,0.0,0.019928192090991594,0.0,0.0,0.005969793246771907,0.0,0.0,0.0003015416090958779,0.0,0.022064838406657402,0.0,0.0,0.005491826529297931,0.000475015516198625,0.0016950011602698315,0.005586185874917827,0.004648769618554685,0.0,0.0006435640494812455,0.0,0.002551238045351353,0.0,0.002291827402043438,0.0,0.0,0.0006123278552013538,0.039896408942401276,0.0,0.0,0.0,0.009158815969742539,0.0,0.0011030145318587353,0.0,0.00044950019134519796,0.0,0.007458904670556423,0.0,0.0006502486536111849,0.0077931035600166156,0.005720324303490859,0.016103526564040793,0.0,0.0,0.0,0.0,0.0,0.0037065623811736695,0.0,0.006747422103126074,0.0005537958345227293,0.0,0.009713158058997836,0.0,0.023123123198381258,0.0,0.0,0.0,0.0014024985241784728,0.007532639706732511,0.0,0.0008504126817837842,0.0,0.0006544285301748823,0.0,0.009970587734430554,0.0,0.0,0.05189026076288281,0.005962284487041366,0.0,0.0,0.0025618310446729685,0.0,0.0008824116254869882,0.0009507890004002397,0.00036501928065999184,0.0,0.003108811086420879,0.0,0.0,0.0,0.0,0.0,0.0008185190781000897,0.0,0.000728632940206673,0.0013946206626591336,0.0027133413882460787,0.0,0.0003662021232915642,0.0,0.00040925953905004487,0.0003851241462971904,0.0006716170009750191,0.0,0.006800574108595615,0.0,0.0,0.0,0.003762187925525263,0.0030241123613816614,0.0,0.0011149891353810393,0.0008250511627749291,0.0011617905125485867,0.0,0.0006030832181917558,0.004341715646851316,0.004540371984958657,0.0023311579341594806,0.0,0.0,0.0,0.0,0.0,0.0,0.06153203381718074,0.0,0.0011550716278849007,0.0035696872440436553,0.00034220517993789157,0.0,0.0
The_Rolling_Stones_-_Beast_Of_Burden_-_Remastered_preview.wav,0.0,0.0028791820690928977,0.00437124534695489,0.0,0.008481817785039859,0.0016411452310228375,0.0,0.0,0.0016281254309377928,0.003976767302469517,0.0,0.0,0.003167292893219194,0.008319529235297054,0.00894607833960427,0.0012183793722690115,0.0008237739793946897,0.0014250465485958748,0.013899009514212617,0.000728632940206673,0.0011621924046386714,0.0005943271878915495,0.0002758131640633909,0.0,0.005102476090702706,0.007011409212445852,0.002291827402043438,0.0041289199945044805,0.011134970807234216,0.0012246557104027076,0.02487048869136703,0.0009808377728264992,0.0,0.0021169840264317,0.00277539877870986,0.0018247304838052412,0.003970852314691447,0.0018247304838052412,0.00449500191345198,0.012972565190720703,0.0003925739300292854,0.0,0.0013004973072223698,0.002418549380694812,0.0033801916338809623,0.00444235215559746,0.0,0.0013797381564358553,0.0,0.00318194587110264,0.0,0.006718144315877275,0.0034329322048927474,0.003103814167437994,0.0,0.0017302069868691773,0.0,0.001803021812960766,0.011561561599190629,0.0008611269316451208,0.0,0.0,0.0011219988193427782,0.012052223530772017,0.000832591789711935,0.003685121621063065,0.0,0.0,0.0,0.023131763543878883,0.0,0.0034293218701133992,0.008315746917128657,0.002252418583993405,0.0,0.0,0.0,0.0003200443342147281,0.0030884406892044587,0.0047539450020011986,0.004380231367919902,0.0,0.006908469080935287,0.026098818914135076,0.0,0.0001599181496617641,0.0,0.0012615142997118695,0.004092595390500449,0.00879751068689892,0.005343308228182269,0.0003486551656647834,0.003843900300015278,0.00037836433207988807,0.0003662021232915642,0.0,0.019235198335352106,0.004621489755566284,0.0006716170009750191,0.0006938762419334176,0.0021858988206200193,0.0,0.0026926555507102577,0.006309796301612904,0.006180737306220075,0.0005336668873026462,0.0,0.004459956541524157,0.005940368371979489,0.002129949273005742,0.0008754918578743574,0.0018092496545752674,0.004631163356641404,0.006053829313278209,0.002719684256519394,0.00042339680528634,0.0022223979715040483,0.0,0.0,0.0,0.006710794822917309,0.0076915042271475925,0.001157790839160351,0.004290266046429631,0.005217235202833035,0.005817488058944156,0.0,0.0
The_Smiths_-_Cemetry_Gates_-_2011_Remaster_preview.wav,0.003813017040871155,0.0,0.0,0.0,0.0,0.0,0.0,0.0,0.0,0.003479671389660827,0.03479307654133682,0.003618499309150535,0.0,0.0,0.000526239902329663,0.0,0.0,0.0,0.0,0.0,0.0,0.0,0.0002758131640633909,0.0,0.0,0.0,0.0,0.0,0.0,0.0048986228416108306,0.0,0.1167196949663534,0.030376363100383767,0.0,0.0,0.0,0.0,0.0,0.0,0.0,0.0,0.0,0.0,0.0,0.0,0.0,0.05198440195980446,0.0,0.002299563594059759,0.0,0.0,0.0,0.0034329322048927474,0.0,0.004541125843086379,0.025376369140747933,0.0,0.000901510906480383,0.0,0.006027888521515845,0.0,0.025392232116979233,0.0,0.0,0.0,0.0005669417878558562,0.011641105843926683,0.0006544285301748823,0.005552047832373093,0.0,0.0,0.0001804906247428105,0.0,0.0,0.0,0.0,0.0,0.0,0.0008824116254869882,0.0,0.0007300385613199837,0.0,0.0,0.0,0.0,0.0007995907483088205,0.0,0.024599528844381456,0.0,0.0,0.0,0.0,0.0,0.0,0.0003662021232915642,0.00242443677256356,0.0,0.0,0.0,0.0,0.0,0.0,0.004038983326065387,0.0,0.0,0.0,0.0,0.0,0.0,0.0,0.0,0.0,0.0,0.0,0.0,0.23117465568634163,0.0,0.003853853866396877,0.0,0.0,0.0004970959128086897,0.0,0.0,0.0,0.0,0.0,0.004350413564992309,0.0
The_Smiths_-_Girlfriend_in_a_Coma_-_2011_Remaster_preview.wav,0.020590292020704237,0.0,0.0,0.0,0.0,0.0,0.007801236881281506,0.0,0.0,0.020878028337964965,0.0031630069583033476,0.0009046248272876337,0.0009049408266340555,0.0,0.004736159120966967,0.0,0.0,0.0,0.0,0.0,0.0,0.0,0.0,0.0,0.0,0.0,0.0,0.0,0.0015184051100773932,0.008572589972818954,0.0,0.10838257389732817,0.0018985226937739855,0.02201663387488968,0.0,0.009123652419026206,0.0,0.0031932783466591718,0.0035960015307615837,0.0,0.0,0.0009492613468869927,0.0,0.0,0.0,0.0,0.021088012115769734,0.0,0.031733977598024675,0.0,0.0,0.0,0.004904188864132496,0.0,0.0012183508359500043,0.03172046142593492,0.0,0.0,0.0,0.010333523179741448,0.0,0.029770203171630826,0.0,0.0,0.0,0.0,0.03542945256847251,0.0006544285301748823,0.022825085533089384,0.0,0.0,0.004873246868055883,0.0,0.0,0.0,0.0,0.0,0.0,0.0008824116254869882,0.0009507890004002397,0.0,0.0,0.0,0.0,0.0,0.0004797544489852923,0.0,0.037214671841500145,0.0,0.00035190042747595675,0.0,0.0,0.0,0.006810557977437985,0.0,0.0016162911817090401,0.0,0.0,0.0,0.0,0.0,0.0,0.03814595363506198,0.0,0.0,0.0,0.0,0.0,0.0,0.00019363175209143112,0.0,0.0,0.0,0.0007567286641597761,0.0,0.058852155934801254,0.0,0.0009634634665992192,0.0,0.0,0.004970959128086896,0.0,0.01013066984265307,0.0011550716278849007,0.0,0.0,0.008079339477842859,0.0
The_Strokes_-_Reptilia_preview.wav,0.0,0.00012518182909099557,0.0,0.0,0.0,0.0004688986374350964,0.0,0.0,0.2268521433773325,0.0,0.0,0.0006030832181917558,0.0,0.014107027833764569,0.006314878827955956,0.0,0.0002745913264648966,0.0,0.0013560009282158653,0.0,0.0011621924046386714,0.0,0.00018387544270892728,0.0,0.0,0.0,0.0,0.00850071763574452,0.004049080293539716,0.0024493114208054153,0.011398973983543222,0.0,0.0,0.0,0.00277539877870986,0.0,0.0,0.0,0.00074916698557533,0.0019957792601108773,0.0,0.0,0.0,0.0051058264703557135,0.030421724704928665,0.0,0.0,0.0,0.0,0.0,0.0,0.0,0.0004904188864132496,0.0010795875365001719,0.00033227750071363756,0.0,0.0,0.0,0.0,0.0,0.0,0.0,0.0,0.019584863237504527,0.0,0.0,0.0,0.0,0.0,0.01834588143135222,0.0,0.0,0.011642045683980118,0.001722437740700839,0.0,0.0,0.0,0.0,0.0008824116254869882,0.0012677186672003197,0.0,0.0,0.002072540724280586,0.0,0.0,0.0,0.0,0.0,0.0,0.0007038008549519135,0.01578704703781125,0.0,0.0,0.0,0.0001831010616457821,0.0,0.0020462976952502245,0.0,0.0,0.0,0.0009715105869422309,0.0,0.0,0.0005258163584677421,0.011824019194507969,0.0001778889624342154,0.0,0.0,0.0,0.0007745270083657245,0.049027544040964016,0.0,0.001157790839160351,0.04843063450622567,0.0,0.0,0.0,0.0,0.0,0.0,0.0,0.013844707608865666,0.0,0.005610347906869517,0.005491826529297931,0.0006844103598757831,0.0,0.0010308097336190565
The_The_-_Uncertain_Smile_-_Original_7_Version_1982_preview.wav,0.0,0.00012518182909099557,0.02365615128940294,0.0,0.0,0.0009377972748701928,0.0,0.0,0.14001878706065018,0.0,0.0,0.0003015416090958779,0.009049408266340554,0.0039789052864464165,0.010524798046593259,0.003350543273739781,0.0,0.0,0.0,0.0,0.003486577213916014,0.0,0.0,0.0009964741443226352,0.0,0.0014022818424891705,0.0,0.014086903510662345,0.0015184051100773932,0.0012246557104027076,0.0,0.0004904188864132496,0.0,0.0025403808317180396,0.0,0.0,0.0013236174382304823,0.0,0.00599333588460264,0.0,0.00726261770554178,0.0,0.0,0.0005374554179321805,0.0,0.0,0.0019616755456529984,0.0,0.0009198254376239037,0.0,0.0,0.00023166014882335434,0.0004904188864132496,0.0004048453261875644,0.0,0.002306942649158903,0.0,0.0,0.0019269269331984385,0.0,0.0,0.001751188421860637,0.0033659964580283344,0.007030463726283677,0.014570356319958863,0.0,0.0015184051100773932,0.0,0.0006168942035970103,0.0,0.0,0.000721962498971242,0.0023284091367960238,0.0,0.0,0.0,0.00042697184077882807,0.0006400886684294562,0.0,0.0,0.0,0.0,0.00017271172702338218,0.0005552940194496825,0.0,0.0001599181496617641,0.0,0.0,0.0,0.0,0.009957983516157865,0.0,0.0,0.009459108301997202,0.0001831010616457821,0.0,0.005729633546700628,0.0,0.0033580850048750954,0.0,0.0019430211738844618,0.0,0.0017951037004735053,0.0,0.002418549380694812,0.0064040026476317536,0.0,0.0,0.00016501023255498581,0.0,0.021011804588984575,0.0,0.0,0.0015134573283195523,0.0,0.0012701904158590198,0.0,0.0,0.0,0.0,0.0004970959128086897,0.0006153203381718073,0.01389349006992421,0.017161064185718524,0.022791080096586418,0.06365016346844782,0.0,0.0
The_Weeknd_-_Secrets_preview.wav,0.0,0.00037554548727298663,0.006171169901583375,0.0,0.001413636297506643,0.007971276836396639,0.0,0.0,0.0010854169539585288,0.0007456438692130344,0.0,0.0,0.00407223371985325,0.007234373248084394,0.0,0.00213216390147077,0.020319758158402347,0.0,0.03390002320539663,0.00048575529347111545,0.0,0.0,0.00036775088541785456,0.004484133649451858,0.003968592514990993,0.0,0.0007639424673478127,0.0012143882336777885,0.0,0.0006123278552013538,0.0005181351810701465,0.0,0.0,0.01820606262731262,0.00138769938935493,0.0027370957257078616,0.032428627236646815,0.0,0.00044950019134519796,0.0,0.001177721790087856,0.0,0.00026009946144447396,0.0002687277089660902,0.0026001474106776635,0.00222117607779873,0.0,0.0,0.004139214469307566,0.0,0.0,0.00023166014882335434,0.0014712566592397487,0.006612473661063553,0.00033227750071363756,0.0,0.0011655789670797403,0.0,0.0,0.0,0.0,0.0,0.0,0.0,0.0012488876845679025,0.0005669417878558562,0.0,0.0,0.0,0.0003988235093772221,0.0,0.0018049062474281047,0.0003326298766851462,0.005829789276218225,0.0,0.0,0.0021348592038941405,0.0,0.0011030145318587353,0.0003169296668000799,0.00036501928065999184,0.0,0.025388623872437177,0.0,0.0,0.0001599181496617641,0.0,0.0,0.0,0.006686108122043178,0.00315740940756225,0.00313789649098305,0.0,0.0018918216603994403,0.0003662021232915642,0.0,0.010231488476251122,0.0,0.005372936007800153,0.0,0.03278848230930029,0.0,0.006731638876775644,0.0,0.005643281888287895,0.005870335760329108,0.0,0.0,0.014355890232283765,0.0009681587604571556,0.0,0.0003015416090958779,0.00028944770979008773,0.0,0.0007770526447198269,0.0,0.0,0.0,0.0,0.0,0.0,0.00030766016908590366,0.002315581678320702,0.0034652148836547022,0.0030205045911138617,0.00923953985832307,0.0,0.0
The_White_Stripes_-_Icky_Thump_preview.wav,0.0,0.00025036365818199114,0.0,0.0,0.0,0.0,0.0,0.0,0.0021708339079170576,0.0,0.0,0.0003015416090958779,0.0,0.0,0.001052479804659326,0.0,0.0,0.0,0.0,0.0,0.40502405301657696,0.0,0.00018387544270892728,0.0,0.0,0.0004674272808297235,0.0,0.00048575529347111545,0.015690186137466398,0.0018369835656040613,0.0,0.0,0.0,0.0,0.0,0.0,0.0,0.0,0.0,0.01829464321768304,0.0,0.0,0.00026009946144447396,0.0,0.00702039800882969,0.0,0.0,0.0027594763128717106,0.0,0.0,0.0,0.0,0.0,0.0,0.00044303666761818345,0.0,0.0,0.0,0.053953954129556274,0.0,0.0,0.0,0.0,0.0,0.0,0.0,0.0,0.0,0.0,0.00957176422505333,0.0,0.0,0.0009978896300554387,0.0,0.0,0.0,0.0,0.0,0.0004412058127434941,0.021234287675605354,0.0,0.0,0.0,0.0,0.0,0.0001599181496617641,0.0,0.0,0.01268704571055139,0.0007038008549519135,0.0,0.0,0.0,0.0,0.0001831010616457821,0.0008081455908545201,0.0,0.0,0.0,0.0,0.0,0.0,0.0,0.00026290817923387103,0.0,0.0,0.0,0.0,0.0,0.0011617905125485867,0.0,0.0,0.019682444265725966,0.07113249443101895,0.0,0.0,0.0,0.0009634634665992192,0.0,0.0,0.0,0.0,0.0,0.0,0.0002745913264648966,0.0,0.0,0.0
The_White_Stripes_-_The_Air_Near_My_Fingers_preview.wav,0.0,0.0005007273163639823,0.0028284528715590467,0.0,0.001413636297506643,0.0,0.0,0.0034876595051292233,0.03310521709573512,0.002485479564043448,0.0,0.0003015416090958779,0.003167292893219194,0.0,0.03999423257705439,0.007005681390546816,0.0,0.000475015516198625,0.0,0.0009715105869422309,0.0,0.001188654375783099,0.0,0.006477081938097129,0.0,0.016827382109870045,0.0,0.015544169391075694,0.0,0.003061639276006769,0.0031088110864208787,0.0,0.0,0.0,0.000832619633612958,0.0,0.00022060290637174705,0.0022809131047565514,0.001198667176920528,0.001663149383425731,0.011384643970849276,0.0,0.0,0.0002687277089660902,0.0010400589642710655,0.0,0.0,0.0,0.0,0.00106064862370088,0.0,0.0004633202976467087,0.0034329322048927474,0.005128040798375816,0.0,0.0005767356622897258,0.0,0.004507554532401915,0.0009634634665992192,0.0008611269316451208,0.004668995102705304,0.0008755942109303185,0.003646496162864029,0.008034815687181346,0.028724416745061758,0.0,0.0015184051100773932,0.0,0.004318259425179072,0.0,0.0023941885780542032,0.0001804906247428105,0.0053220780269623395,0.00013249521082314147,0.0,0.0026370037484104766,0.0,0.0016002216710736406,0.0,0.0,0.0,0.0,0.0,0.0,0.0,0.0001599181496617641,0.004540773354737021,0.0,0.0,0.0,0.0051004305814467115,0.009762344638613935,0.00045222356470767984,0.005675464981198321,0.0,0.0,0.0,0.0,0.005372936007800153,0.0,0.0,0.0,0.0,0.0005258163584677421,0.0032247325075930823,0.0,0.0,0.0,0.00016501023255498581,0.0,0.3064221502560251,0.0003015416090958779,0.0,0.0015134573283195523,0.0,0.0,0.0,0.0,0.0018644629564252752,0.0,0.005219507084491241,0.0006153203381718073,0.019971891975516052,0.004455276278984617,0.0013729566323244828,0.013688207197515661,0.0,0.045355628279238475
The_Who_-_The_Kids_Are_Alright_-_MonoStereo_Version_preview.wav,0.0,0.00037554548727298663,0.0002571320792326406,0.0,0.0,0.0,0.0,0.0,0.06512501723751173,0.009693370299769449,0.0,0.0003015416090958779,0.0,0.0,0.001578719706988989,0.0,0.0,0.000475015516198625,0.0,0.0,0.00929753923710937,0.0,0.0007355017708357091,0.0,0.0008504126817837842,0.0,0.0,0.00024287764673555773,0.0,0.0,0.0,0.0,0.0,0.00042339680528634,0.0,0.0,0.0,0.0004561826209513103,0.06293002678832771,0.0006652597533702924,0.0001962869650146427,0.0,0.0,0.018273484209694133,0.0,0.0,0.0,0.00045991271881195184,0.0,0.0,0.0,0.012509648036461133,0.0,0.0,0.0006645550014272751,0.0,0.0,0.0,0.0,0.0,0.0,0.0,0.00308549675319264,0.0,0.0,0.0002834708939279281,0.0,0.0,0.0,0.0,0.0,0.011912381233025491,0.0,0.00026499042164628293,0.0,0.0,0.0,0.0,0.0017648232509739764,0.0034862263348008787,0.00036501928065999184,0.0,0.003281522813444261,0.0,0.0,0.0001599181496617641,0.0,0.0006307571498559348,0.004092595390500449,0.0010557012824278702,0.00024287764673555773,0.0,0.002261117823538399,0.0018918216603994403,0.0003662021232915642,0.0,0.0,0.001155372438891571,0.0,0.0,0.0,0.0,0.0,0.0,0.0,0.0,0.0,0.007804923947667275,0.00016501023255498581,0.00038726350418286223,0.0,0.0006030832181917558,0.01765631029719535,0.0476739058420659,0.00038852632235991343,0.0038105712475770596,0.0,0.0,0.0,0.0,0.0017398356948304136,0.0,0.0037628202272711403,0.023761473487917954,0.0,0.0,0.0,0.0
The_Who_-_Who_Are_You_preview.wav,0.000762603408174231,0.004381364018184845,0.0048855095054201715,0.0,0.0,0.004454537055633415,0.0063828301755939594,0.0029894224329679057,0.0,0.006710794822917309,0.008698269135334205,0.0006030832181917558,0.010406819506291638,0.004702342611254856,0.000526239902329663,0.005482707175210551,0.002471321938184069,0.0,0.0003390002320539663,0.013115392923720114,0.0005810962023193357,0.0,9.193772135446364e-05,0.0014947112164839529,0.0011338835757117125,0.0,0.006493510972456406,0.0012143882336777885,0.0,0.0,0.0025906759053507325,0.0019616755456529984,0.0,0.015242284990308238,0.008048656458258594,0.0009123652419026206,0.0019854261573457235,0.0,0.00599333588460264,0.0003326298766851462,0.018647261676391056,0.0,0.0006502486536111849,0.0051058264703557135,0.0028601621517454295,0.0,0.0014712566592397487,0.0009198254376239037,0.008738341657427083,0.0026516215592522,0.0,0.006254824018230566,0.0,0.004453298588063209,0.00011075916690454586,0.0,0.008547579091918094,0.0,0.0,0.006458451987338405,0.0,0.0026267826327909553,0.0028049970483569457,0.0005021759804488341,0.0045792548434156425,0.0017008253635675684,0.0,0.002617714120699529,0.004318259425179072,0.011964705281316663,0.0047883771561084065,0.0059561906165127455,0.0026610390134811698,0.004902322800456235,0.0040407279542726,0.0026370037484104766,0.0034157747262306246,0.002560354673717825,0.006176881378408917,0.0038031560016009588,0.0029201542452799347,0.0,0.0006908469080935287,0.0,0.0,0.0003198362993235282,0.0,0.0,0.0008185190781000897,0.0035190042747595676,0.000728632940206673,0.004532517153642184,0.009722806641215116,0.0037836433207988807,0.0005493031849373463,0.0,0.0012277786171501345,0.007317358779646617,0.002350659503412567,0.0027755049677336704,0.0,0.0005810962023193357,0.0008975518502367527,0.003943622688508066,0.001343638544830451,0.010495448783618707,0.0,0.0007433260902540262,0.0033002046510997164,0.004647162050194347,0.0,0.008744706663780459,0.0,0.0011350929962396642,0.004273789545959047,0.0,0.0014815986476693656,0.0,0.003107438260708792,0.0,0.0019883836512347586,0.008922144903491205,0.0017366862587405263,0.002475153488324787,0.0010983653058595864,0.0037642569793168066,0.0018644629564252752,0.0
The_xx_-_I_Dare_You_preview.wav,0.0,0.0,0.0005142641584652812,0.0,0.0,0.0,0.0,0.048328995999647816,0.0,0.0,0.0,0.0,0.0,0.0,0.0,0.003959732959874287,0.001922139285254276,0.00095003103239725,0.0,0.0,0.0,0.0,0.0,0.0936685695663277,0.0014173544696396406,0.005609127369956682,0.0,0.01700143527148904,0.0,0.0,0.0,0.0,0.0,0.0,0.0,0.0,0.0028678377828327117,0.0018247304838052412,0.00044950019134519796,0.0,0.004318313230322139,0.0,0.00026009946144447396,0.0,0.0,0.0,0.0,0.00045991271881195184,0.0,0.0,0.0,0.004401542827643732,0.0029425133184794974,0.0032387626095005152,0.0,0.0017302069868691773,0.0,0.004507554532401915,0.0,0.0,0.0,0.0,0.0028049970483569457,0.0005021759804488341,0.06327697601810706,0.0,0.003542945256847251,0.0,0.003084471017985052,0.0,0.007661403449773451,0.0001804906247428105,0.001663149383425731,0.0,0.0,0.0,0.004696690248567109,0.0028803990079325527,0.0,0.0,0.0,0.0035535682131853917,0.0,0.0,0.0,0.0,0.1389476646549528,0.0,0.0,0.0,0.009715105869422308,0.05648213683769491,0.0027133413882460787,0.0,0.0,0.0,0.0,0.0,0.024849829036075705,0.005551009935467341,0.00024287764673555773,0.0,0.0,0.0013145408961693552,0.0002687277089660902,0.0,0.0,0.0,0.0006600409302199433,0.0,0.0,0.003015416090958779,0.0,0.0,0.008159052769558183,0.0,0.0,0.0,0.009943802434268135,0.0,0.0007456438692130344,0.0,0.0,0.00033002046510997163,0.0,0.014372617557391444,0.0,0.019585384938762072
Theory_of_a_Deadman_-_Drown_preview.wav,0.0,0.0,0.0002571320792326406,0.0,0.0004712120991688811,0.010081320704854574,0.0,0.0,0.0005427084769792644,0.0,0.0,0.0003015416090958779,0.0,0.018085933120210985,0.0,0.0,0.0,0.00855027929157525,0.01288200881805072,0.0012143882336777885,0.00929753923710937,0.0005943271878915495,0.00036775088541785456,0.0,0.0,0.0,0.0009549280841847657,0.0,0.0,0.0,0.10518144175723974,0.0,0.0,0.0,0.0,0.0,0.00022060290637174705,0.0,0.001198667176920528,0.0003326298766851462,0.0,0.0,0.0007802983843334219,0.0,0.05902334622238296,0.00444235215559746,0.0,0.0,0.0,0.0,0.0,0.0,0.0004904188864132496,0.00013494844206252149,0.00022151833380909173,0.0,0.00038852632235991343,0.0,0.028903903997976575,0.0,0.002334497551352652,0.0,0.0,0.037663198533662554,0.0,0.0,0.0,0.0,0.0,0.08375293696921664,0.0,0.0001804906247428105,0.009978896300554388,0.001987428162347122,0.0,0.0,0.0,0.0,0.00022060290637174705,0.0012677186672003197,0.0,0.0,0.003281522813444261,0.0005552940194496825,0.0,0.0,0.0018163093418948084,0.0,0.00040925953905004487,0.0,0.002914531760826692,0.0,0.0,0.00037836433207988807,0.002380313801395167,0.0,0.01596112202295175,0.0,0.0,0.0,0.008014962342273405,0.0,0.0,0.00026290817923387103,0.020423305881422854,0.0,0.003616435387391771,0.0,0.0,0.0011617905125485867,0.0,0.0,0.0,0.0007567286641597761,0.0,0.0,0.0,0.0,0.0,0.0,0.0,0.014152367777951569,0.0,0.0016501023255498582,0.0043934612234383455,0.0,0.0,0.0
Timmy_Trumpet_-_Rockstar_feat_DV8_preview.wav,0.002287810224522693,0.0032547275563658846,0.00411411326772225,0.0,0.0,0.031650658026869005,0.0014184067056875467,0.0,0.0,0.00024854795640434483,0.0,0.0,0.0081444674397065,0.0014468746496168789,0.0,0.0,0.0008237739793946897,0.0,0.008475005801349158,0.01773006821169571,0.0,0.0,0.00018387544270892728,0.0,0.002551238045351353,0.0,0.0066844965892933605,0.0,0.0,0.0,0.001036270362140293,0.0004904188864132496,0.0,0.0012701904158590198,0.0,0.0013685478628539308,0.005073866846550182,0.0,0.000599333588460264,0.0,0.0,0.0,0.0015605967686668437,0.0,0.0,0.0444235215559746,0.0004904188864132496,0.005978865344555374,0.0009198254376239037,0.00477291880665396,0.0,0.0004633202976467087,0.0,0.0012145359785626932,0.00011075916690454586,0.0,0.03691000062419177,0.0,0.0,0.0,0.0,0.0,0.0,0.0,0.0,0.0008504126817837842,0.0,0.0,0.0,0.0003988235093772221,0.0,0.000721962498971242,0.0,0.024644109213104313,0.034750260406744365,0.0,0.0,0.0,0.0013236174382304823,0.0019015780008004794,0.0010950578419799755,0.0,0.0013816938161870574,0.00222117607779873,0.0,0.0001599181496617641,0.0,0.0,0.0,0.006686108122043178,0.00024287764673555773,0.0,0.005878906341199837,0.0,0.0003662021232915642,0.0,0.01432408386675157,0.004236365609269094,0.012424914518037853,0.0,0.0026716541140911344,0.0,0.0017951037004735053,0.003154898150806452,0.0005374554179321805,0.0007115558497368616,0.0,0.0007433260902540262,0.007260450232419375,0.0,0.0,0.006332373791013436,0.00028944770979008773,0.0,0.0,0.0,0.05630074861143589,0.0,0.0,0.0,0.0,0.004922562705374459,0.0,0.0004950306976649574,0.023889445402446,0.0,0.0006214876521417584,0.0
TINI_-_22_preview.wav,0.00838863748991654,0.00112663646181896,0.0002571320792326406,0.0024306767790724755,0.0,0.003516739780763223,0.05815467493318941,0.0,0.0,0.0004970959128086897,0.003953758697879184,0.0003015416090958779,0.0,0.0,0.0,0.0003045948430672529,0.006315600508692621,0.00095003103239725,0.018645012762968146,0.012143882336777885,0.0,0.0,0.0010113149348991,0.0004982370721613176,0.00737024324212613,0.0,0.018143633599510548,0.0,0.0,0.0,0.0,0.0034329322048927474,0.0,0.00338717444229072,0.002220319022967888,0.009579835039977516,0.0011030145318587353,0.0,0.0013485005740355939,0.0,0.002551730545190355,0.02468079501906181,0.0026009946144447396,0.007255648142084435,0.0,0.0,0.006375445523372244,0.004599127188119518,0.004599127188119518,0.00159097293555132,0.0,0.0037065623811736695,0.0,0.0004048453261875644,0.00033227750071363756,0.0,0.0031082105788793075,0.0,0.0,0.003444507726580483,0.0,0.006566956581977389,0.0,0.0,0.0,0.0181421372113874,0.0,0.003926571181049293,0.001850682610791031,0.0,0.0,0.0019853968721709153,0.0006652597533702924,0.0006624760541157073,0.0032325823634180803,0.0006592509371026191,0.0008539436815576561,0.0003200443342147281,0.007279895910267653,0.008874030670402237,0.005475289209899877,0.0,0.00880829807819249,0.0,0.0,0.0003198362993235282,0.0,0.011984385847262758,0.003274076312400359,0.010557012824278702,0.0,0.0003486551656647834,0.0009044471294153597,0.0034052789887189924,0.0,0.0008081455908545201,0.01596112202295175,0.005391738048160666,0.0,0.0,0.008986472929215636,0.0029054810115966786,0.004936535176302138,0.000788724537701613,0.0,0.0037356682111185234,0.0,0.034564663196812215,0.008415521860304276,0.004840793802285778,0.0,0.0009046248272876337,0.00897287900349272,0.0,0.0015541052894396537,0.00169358722114536,0.0,0.0,0.0037289259128505505,0.0,0.0,0.00030766016908590366,0.00028944770979008773,0.0006600409302199433,0.0005491826529297932,0.0,0.007457851825701101,0.0
TINI_-_Oye_preview.wav,0.00762603408174231,0.0008762728036369689,0.0,0.0024306767790724755,0.014136362975066432,0.0002344493187175482,0.0,0.0019929482886452705,0.0,0.009444822343365102,0.009489020874910043,0.0021107912636711456,0.0022623520665851385,0.0,0.000526239902329663,0.003959732959874287,0.0002745913264648966,0.0014250465485958748,0.0006780004641079326,0.004371797641240039,0.0011621924046386714,0.0005943271878915495,9.193772135446364e-05,0.0014947112164839529,0.003401650727135137,0.01869709123318894,0.003246755486228203,0.000728632940206673,0.0030368102201547864,0.0036739671312081227,0.0,0.0029425133184794974,0.0,0.0029637776370043797,0.001110159511483944,0.0036494609676104824,0.0,0.004105643588561792,0.00044950019134519796,0.001663149383425731,0.010599496110790705,0.0018985226937739855,0.0010403978457778958,0.007255648142084435,0.000780044223203299,0.0,0.003923351091305997,0.008738341657427083,0.0027594763128717106,0.00159097293555132,0.0,0.014131269078224613,0.0004904188864132496,0.0035086594936255583,0.00033227750071363756,0.0017302069868691773,0.00038852632235991343,0.003606043625921532,0.0,0.016791975167079854,0.024512224289202845,0.0074425507929077065,0.0,0.0,0.000832591789711935,0.003401650727135137,0.0030368102201547864,0.0006544285301748823,0.001850682610791031,0.0007976470187544442,0.005267214871719246,0.005595209367027125,0.0009978896300554387,0.0014574473190545562,0.0,0.0026370037484104766,0.0038427465670094526,0.0012801773368589125,0.0026472348764609646,0.0015846483340003995,0.0018250964032999592,0.0026651761598890434,0.0013816938161870574,0.0,0.0,0.0007995907483088205,0.0217957121027377,0.010092114397694956,0.0016370381562001795,0.0,0.00048575529347111545,0.0041838619879774,0.015601712982414952,0.00037836433207988807,0.0012817074315204745,0.0,0.0,0.007702482925943808,0.003693893505362605,0.0020816287258002527,0.0,0.008716443034790036,0.012565725903314536,0.008675969914717745,0.0,0.002668334436513231,0.0,0.02192811966249377,0.009570593488189177,0.001549054016731449,0.0,0.016886330109369165,0.005788954195801755,0.0022701859924793284,0.0031082105788793075,0.0029637776370043797,0.0,0.0,0.006214876521417584,0.0,0.004970959128086896,0.00584554321263217,0.005499506486011667,0.00033002046510997163,0.0,0.0006844103598757831,0.002485950608567034,0.004123238934476226
Tiro_De_Gracia_-_Melaza_preview.wav,0.0,0.0008762728036369689,0.008999622773142422,0.0,0.0004712120991688811,0.0016411452310228375,0.0,0.0014947112164839529,0.0016281254309377928,0.00820208256134338,0.0,0.0,0.0081444674397065,0.006149217260871735,0.0026311995116483147,0.0027413535876052754,0.005217235202833035,0.0014250465485958748,0.0020340013923237977,0.000728632940206673,0.0029054810115966786,0.0,0.00018387544270892728,0.0014947112164839529,0.003401650727135137,0.0014022818424891705,0.001336899317858672,0.0051004305814467115,0.0015184051100773932,0.0,0.0005181351810701465,0.0014712566592397487,0.0,0.011431713742731178,0.000832619633612958,0.0036494609676104824,0.0066180871911524115,0.0009123652419026206,0.004794668707682112,0.0003326298766851462,0.0033368784052489257,0.0,0.00039014919216671094,0.015586207120033231,0.005980339044558626,0.0,0.0,0.0,0.0018396508752478074,0.0,0.0,0.006718144315877275,0.0,0.0016193813047502576,0.00044303666761818345,0.0,0.0,0.000901510906480383,0.0,0.0017222538632902416,0.0,0.0,0.005329494391878196,0.012554399511220853,0.002497775369135805,0.002267767151423425,0.0,0.002617714120699529,0.001850682610791031,0.0,0.0009576754312216814,0.005234228117541504,0.001663149383425731,0.0014574473190545562,0.0008081455908545201,0.0006592509371026191,0.006404577611682422,0.004800665013220922,0.0022060290637174705,0.0025354373344006393,0.0032851735259399263,0.0,0.0034542345404676433,0.0,0.0,0.0001599181496617641,0.0,0.001892271449567804,0.0008185190781000897,0.010557012824278702,0.01141524939657121,0.002789241325318267,0.002261117823538399,0.01551293761527541,0.0003662021232915642,0.0040407279542726,0.0008185190781000897,0.002310744877783142,0.006044553008775172,0.0,0.009957983516157865,0.0,0.030067986982931214,0.0005258163584677421,0.01209274690347406,0.0046251130232896,0.0,0.0014866521805080525,0.002475153488324787,0.0027108445292800356,0.0,0.005427748963725802,0.0049206110664314915,0.00794565097367765,0.0031082105788793075,0.00042339680528634,0.0007407993238346828,0.0,0.003107438260708792,0.0,0.003479671389660827,0.0015383008454295183,0.012446251520973773,0.006435399069644447,0.007688557141017104,0.007870719138571505,0.001242975304283517,0.0
Tom_Misch_-_It_Runs_Through_Me_preview.wav,0.0,0.00037554548727298663,0.0,0.015799399063971088,0.003769696793351049,0.0004688986374350964,0.0,0.06327610816448734,0.0,0.0,0.0,0.0,0.0,0.0,0.0,0.01705731121176616,0.0,0.0019000620647945,0.0,0.00048575529347111545,0.0,0.015452506885180285,0.0004596886067723182,0.035873069195614865,0.0014173544696396406,0.003739418246637788,0.001336899317858672,0.002914531760826692,0.0005061350366924645,0.0,0.0,0.0,0.0,0.0,0.001110159511483944,0.0,0.0037502494083196994,0.0004561826209513103,0.000149833397115066,0.0,0.0017665826851317843,0.0,0.00039014919216671094,0.002418549380694812,0.002080117928542131,0.0,0.0,0.009658167095050988,0.0,0.04666853944283872,0.0,0.008803085655287464,0.0,0.002968865725375472,0.0006645550014272751,0.0,0.0,0.0,0.0,0.0008611269316451208,0.002334497551352652,0.0,0.0011219988193427782,0.0,0.011239989161111122,0.0005669417878558562,0.0005061350366924645,0.010470856482798116,0.0,0.0,0.01580164461515774,0.0,0.0,0.0014574473190545562,0.0,0.017799775301770716,0.0,0.0022403103395030968,0.0,0.0,0.0029201542452799347,0.0017767841065926958,0.001036270362140293,0.0,0.0,0.0,0.004540773354737021,0.0,0.002455557234300269,0.0,0.0,0.0125515859639322,0.016053936547122633,0.0,0.0014648084931662567,0.0,0.0,0.045059525116771276,0.0010074255014625286,0.06938762419334175,0.0,0.036027964543798814,0.0,0.012093776244758069,0.0,0.0001778889624342154,0.0,0.01560984789533455,0.00313519441854473,0.00019363175209143112,0.0,0.007840081836492825,0.0026050293881107896,0.0,0.0015541052894396537,0.00084679361057268,0.0,0.0,0.0006214876521417584,0.0,0.0007456438692130344,0.0,0.0,0.0,0.0,0.0010266155398136745,0.0,0.0010308097336190565
Tom_Misch_-_Watch_Me_Dance_preview.wav,0.001525206816348462,0.0,0.0,0.0,0.07303787537117656,0.0,0.0,0.007473556082419765,0.0,0.0004970959128086897,0.0,0.0012061664363835116,0.0,0.0,0.007367358632615282,0.002436758744538023,0.0,0.002375077580993125,0.0,0.0,0.0,0.23475923921716202,0.002574256197924982,0.0009964741443226352,0.0002834708939279281,0.00934854561659447,0.0,0.0,0.010122700733849289,0.11940393176426399,0.0,0.0014712566592397487,0.003797045387547971,0.0,0.0,0.0,0.0,0.012773113386636687,0.0,0.0,0.0,0.0,0.0016906464993890807,0.0,0.0,0.0,0.002452094432066248,0.0027594763128717106,0.00045991271881195184,0.04454724219543696,0.0,0.00023166014882335434,0.008337121069025243,0.0,0.00033227750071363756,0.006920827947476709,0.0,0.001803021812960766,0.0,0.0008611269316451208,0.0,0.00043779710546515925,0.0,0.0,0.000832591789711935,0.0008504126817837842,0.007085890513694502,0.0,0.0006168942035970103,0.0,0.0004788377156108407,0.0,0.0,0.0,0.0,0.0026370037484104766,0.0,0.005760798015865105,0.0,0.0,0.005475289209899877,0.009772312586259825,0.0,0.0,0.0,0.0007995907483088205,0.016346784077053273,0.0,0.006548152624800718,0.0,0.0,0.0,0.0018088942588307194,0.0007567286641597761,0.0003662021232915642,0.0,0.0,0.004236365609269094,0.0,0.0076326386612675925,0.0,0.012784116451025384,0.0,0.011830868065524197,0.0,0.0,0.003616435387391771,0.0007433260902540262,0.00016501023255498581,0.0011617905125485867,0.0,0.0006030832181917558,0.0,0.0,0.0,0.0,0.0,0.0,0.0006214876521417584,0.0,0.0037282193460651722,0.0,0.0008683431293702631,0.0,0.0,0.0,0.001242975304283517,0.0
Toni_Braxton_-_Youre_Makin_Me_High_preview.wav,0.009913844306265003,0.00037554548727298663,0.0017999245546284843,0.0,0.0,0.0009377972748701928,0.009219643586969053,0.0,0.0,0.0017398356948304136,0.02767631088515429,0.0003015416090958779,0.0,0.0,0.0,0.0,0.0071393744880873106,0.00095003103239725,0.0010170006961618989,0.0026716541140911344,0.0,0.0,0.0,0.0,0.004819005196774777,0.0,0.005729568505108595,0.0,0.0,0.0,0.0,0.0004904188864132496,0.0,0.019052856237885298,0.000277539877870986,0.014141661249490617,0.006397484284780664,0.0063865566933183435,0.000149833397115066,0.0,0.004318313230322139,0.0,0.00013004973072223698,0.0002687277089660902,0.0,0.0,0.008337121069025243,0.0018396508752478074,0.02023615962772588,0.0,0.0,0.0,0.0,0.00013494844206252149,0.00033227750071363756,0.00403714963602808,0.00038852632235991343,0.0,0.0,0.0641539564075615,0.0,0.04728208739023719,0.0,0.0,0.0,0.0014173544696396406,0.0,0.00850757089227347,0.0,0.0,0.0067037280185517694,0.006497662490741177,0.0,0.0003974856324694244,0.0,0.005933258433923572,0.035438662784642735,0.0009601330026441843,0.0008824116254869882,0.0,0.012410655542439721,0.0,0.0005181351810701465,0.0,0.0,0.0003198362993235282,0.0,0.012615142997118694,0.0,0.007389908976995091,0.0,0.0006973103313295668,0.00045222356470767984,0.0,0.0003662021232915642,0.0,0.002455557234300269,0.012323972681510092,0.005037127507312643,0.0,0.004857552934711154,0.022081655688134756,0.0,0.0,0.0,0.003913557173552738,0.0,0.007804923947667275,0.008085501395194305,0.0,0.0,0.012061664363835116,0.00028944770979008773,0.0,0.012821368637877143,0.0025403808317180396,0.0,0.0,0.040396697389214295,0.0,0.0,0.0,0.0,0.0009900613953299148,0.006315600508692621,0.0,0.004350413564992309,0.0
Tori_Kelly_-_All_In_My_Head_preview.wav,0.003813017040871155,0.0012518182909099557,0.0017999245546284843,0.0,0.0,0.0009377972748701928,0.00425522011706264,0.0009964741443226352,0.0,0.0009941918256173793,0.011070524354061716,0.007840081836492825,0.0,0.0,0.0,0.042034088343280894,0.0005491826529297932,0.0,0.0,0.004614675287975596,0.0,0.0,0.0007355017708357091,0.008968267298903716,0.0,0.000934854561659447,0.00019098561683695317,0.010200861162893423,0.0,0.0018369835656040613,0.0,0.004904188864132496,0.01423892020330489,0.0,0.003330478534451832,0.0027370957257078616,0.011471351131330847,0.0004561826209513103,0.00074916698557533,0.0026610390134811698,0.017862113816332483,0.040818237916140684,0.00039014919216671094,0.008330558977948797,0.0026001474106776635,0.0,0.02403052543424923,0.0,0.002299563594059759,0.0,0.0,0.007644784911170693,0.008827539955438493,0.006612473661063553,0.0027689791726136464,0.0005767356622897258,0.0011655789670797403,0.000901510906480383,0.0,0.006027888521515845,0.0,0.01707408711314121,0.0016829982290141672,0.0010043519608976682,0.007493326107407414,0.002834708939279281,0.0,0.0006544285301748823,0.0006168942035970103,0.0,0.0,0.000721962498971242,0.0019957792601108773,0.001987428162347122,0.0016162911817090401,0.0,0.0034157747262306246,0.0,0.0019854261573457235,0.0,0.0018250964032999592,0.0,0.003281522813444261,0.0,0.0,0.0006396725986470564,0.0,0.0031537857492796736,0.0,0.0,0.0026716541140911344,0.0125515859639322,0.008140024164738236,0.0011350929962396642,0.0001831010616457821,0.0008081455908545201,0.0,0.003080993170377523,0.011753297517062835,0.0,0.00048575529347111545,0.0,0.006282862951657268,0.003154898150806452,0.002687277089660902,0.0037356682111185234,0.0,0.004459956541524157,0.005445337674314532,0.00019363175209143112,0.0,0.0015077080454793895,0.002315581678320702,0.0007567286641597761,0.0007770526447198269,0.0021169840264317,0.0,0.016378878932186723,0.013672728347118685,0.0,0.00024854795640434483,0.00030766016908590366,0.0,0.0009900613953299148,0.0,0.00889733467838518,0.006836364173559342,0.0
Trellion_-_Compound_preview.wav,0.001525206816348462,0.0,0.0,0.05590556591866693,0.031571210644315034,0.0,0.0,0.048328995999647816,0.0,0.0019883836512347586,0.0023722552187275107,0.0,0.0,0.0,0.004736159120966967,0.0006091896861345058,0.0,0.0033251086133903747,0.0,0.0,0.0,0.08974340537162397,0.00018387544270892728,0.017438297525646115,0.0002834708939279281,0.06917923756279908,0.00019098561683695317,0.0,0.006073620440309573,0.010409573538423015,0.0,0.0,0.0,0.0,0.0,0.0,0.0,0.013229296007587998,0.0,0.0,0.0,0.0,0.00013004973072223698,0.0,0.0,0.0,0.0,0.01011807981386294,0.0,0.03553172889397948,0.0,0.0,0.01078921550109149,0.0,0.0,0.007497563609766435,0.0,0.014424174503686127,0.0,0.0,0.018675980410821216,0.0,0.0,0.0,0.000832591789711935,0.002551238045351353,0.018726996357621185,0.0032721426508744112,0.0006168942035970103,0.0,0.0009576754312216814,0.0001804906247428105,0.0,0.0,0.0,0.003955505622615715,0.0,0.0003200443342147281,0.0,0.0,0.0029201542452799347,0.05508030730437357,0.0,0.0,0.001641070848452083,0.0004797544489852923,0.07900945637242415,0.0,0.002455557234300269,0.0,0.0,0.0,0.00045222356470767984,0.0,0.0009155053082289104,0.0,0.0,0.006161986340755046,0.0,0.05065296566113948,0.0,0.029054810115966785,0.0,0.0028919899715725813,0.0,0.0,0.0,0.003716630451270131,0.0,0.0,0.0,0.0003015416090958779,0.00028944770979008773,0.0,0.0,0.0,0.0,0.0,0.0,0.0,0.019386740599538897,0.0,0.00028944770979008773,0.0,0.0,0.0,0.0,0.019585384938762072
Trinere_-_Ill_Be_All_Youll_Ever_Need_preview.wav,0.01677727497983308,0.00025036365818199114,0.0005142641584652812,0.0,0.0,0.0009377972748701928,0.0106380502926566,0.0,0.0,0.0009941918256173793,0.019768793489395923,0.0,0.009049408266340554,0.0018085933120210985,0.0,0.0,0.002471321938184069,0.000475015516198625,0.01186500812188882,0.000728632940206673,0.011621924046386714,0.0,9.193772135446364e-05,0.0,0.016724782741747758,0.0,0.0,0.00048575529347111545,0.0,0.0,0.0,0.0,0.0,0.0025403808317180396,0.00138769938935493,0.0177911222171011,0.0004412058127434941,0.0,0.0035960015307615837,0.0,0.0,0.002847784040660978,0.0005201989228889479,0.0032247325075930823,0.005460309562423093,0.0016658820583490474,0.0,0.007358603500991229,0.0,0.0,0.0,0.0009266405952934174,0.0,0.0004048453261875644,0.00011075916690454586,0.0,0.006216421157758615,0.0,0.0019269269331984385,0.0021528173291128017,0.0,0.0,0.0,0.0005021759804488341,0.0,0.003401650727135137,0.0,0.0006544285301748823,0.0,0.03270352776893221,0.0,0.0034293218701133992,0.003658928643536608,0.003709865903047961,0.00242443677256356,0.0,0.0,0.0,0.005294469752921929,0.017114202007204316,0.0025551349646199427,0.0,0.01761659615638498,0.005552940194496825,0.0,0.0001599181496617641,0.0,0.003784542899135608,0.009003709859100987,0.06369397737314818,0.002428776467355577,0.0,0.0,0.0037836433207988807,0.0009155053082289104,0.0,0.04051669436595444,0.0,0.0,0.0,0.0021858988206200193,0.0029054810115966786,0.0013463277753551289,0.0,0.0002687277089660902,0.0003557779248684308,0.0,0.004088293496397144,0.0011550716278849007,0.0009681587604571556,0.0,0.0,0.016209071748244912,0.0011350929962396642,0.0007770526447198269,0.0,0.04222556145857692,0.0,0.0,0.0,0.0,0.002768941521773133,0.0,0.003960245581319659,0.0030205045911138617,0.0,0.002485950608567034,0.0
Tritonal_-_Getaway_preview.wav,0.003050413632696924,0.0,0.0005142641584652812,0.0,0.0,0.0715070422088522,0.00851044023412528,0.0,0.0,0.0,0.0,0.0003015416090958779,0.001809881653268111,0.0039789052864464165,0.0,0.0,0.002471321938184069,0.0,0.042375029006745786,0.0041289199945044805,0.0,0.0,0.0009193772135446364,0.0,0.0005669417878558562,0.0,0.001145913701021719,0.0,0.0,0.0012246557104027076,0.0036269462674910252,0.0,0.0,0.0,0.0,0.0009123652419026206,0.00022060290637174705,0.0,0.000299666794230132,0.0,0.0,0.0009492613468869927,0.0010403978457778958,0.0,0.0002600147410677664,0.05775057802276698,0.0009808377728264992,0.0,0.0,0.0,0.0,0.0,0.0,0.0,0.0008860733352363669,0.0,0.01243284231551723,0.0,0.0,0.0004305634658225604,0.0,0.0,0.0,0.0,0.0,0.0005669417878558562,0.0,0.0,0.0,0.0023929410562633325,0.0,0.0,0.0006652597533702924,0.004239846746340527,0.00242443677256356,0.0,0.00042697184077882807,0.0,0.0028678377828327117,0.0006338593336001598,0.00036501928065999184,0.0,0.0025906759053507325,0.04386822753652492,0.0,0.0001599181496617641,0.0,0.0,0.0,0.0035190042747595676,0.0,0.0,0.0,0.0,0.0001831010616457821,0.00484887354512712,0.08144264827095893,0.0,0.0,0.0,0.006800574108595615,0.0,0.0,0.0,0.0,0.004803001985723815,0.0,0.0,0.0004950306976649574,0.002129949273005742,0.0,0.0,0.0,0.0,0.0,0.0,0.010371190533685558,0.0,0.0,0.0,0.0,0.010768105918006629,0.0,0.0009900613953299148,0.0315780025434631,0.0,0.0006214876521417584,0.0
Tritonal_-_Untouchable_preview.wav,0.0,0.0005007273163639823,0.0035998491092569685,0.0,0.0,0.011956915254594956,0.0,0.0,0.0005427084769792644,0.0,0.0,0.0,0.12035712994232936,0.005425779936063296,0.0,0.001827569058403517,0.0035696872440436553,0.0,0.004068002784647595,0.000728632940206673,0.0,0.0,0.0002758131640633909,0.0,0.0008504126817837842,0.0,0.00038197123367390633,0.0012143882336777885,0.0,0.0,0.027979299777787906,0.0,0.0,0.0,0.0,0.0,0.0004412058127434941,0.0,0.0017980007653807919,0.0,0.0007851478600585708,0.0,0.00013004973072223698,0.001343638544830451,0.0010400589642710655,0.03720469930312873,0.0009808377728264992,0.0,0.0,0.0,0.0,0.00023166014882335434,0.0,0.0,0.00033227750071363756,0.0,0.0034967369012392207,0.0,0.011561561599190629,0.0,0.0,0.0,0.00028049970483569456,0.007532639706732511,0.000832591789711935,0.0011338835757117125,0.0,0.0,0.0,0.0011964705281316663,0.0,0.0005414718742284314,0.01130941580729497,0.00026499042164628293,0.0,0.0,0.0008539436815576561,0.0009601330026441843,0.0011030145318587353,0.007289382336401838,0.0007300385613199837,0.0,0.0013816938161870574,0.014992938525141428,0.0,0.0001599181496617641,0.0,0.0,0.0,0.010557012824278702,0.00048575529347111545,0.0,0.0,0.0037836433207988807,0.0001831010616457821,0.0,0.018825938796302063,0.0,0.0,0.0,0.00048575529347111545,0.0,0.0,0.0,0.004568371052423533,0.000889444812171077,0.0,0.0,0.00016501023255498581,0.0017426857688228798,0.0,0.0,0.0,0.0,0.0,0.0,0.017779183772032386,0.0,0.0,0.0,0.0,0.02430515335778639,0.00028944770979008773,0.016831043720608552,0.06947160559561884,0.0,0.0006214876521417584,0.0
Twenty_One_Pilots_-_Morph_preview.wav,0.0,0.0056331823090948,0.005142641584652812,0.0,0.0,0.0016411452310228375,0.0,0.0004982370721613176,0.004884376292813379,0.0017398356948304136,0.0,0.0006030832181917558,0.004524704133170277,0.002170311974425318,0.007893598534944946,0.003959732959874287,0.008786922446876691,0.0,0.014577009978320551,0.0034002870542978077,0.0,0.0,0.0,0.01494711216483953,0.007653714136054058,0.018229663952359216,0.0009549280841847657,0.0189444564453735,0.0,0.0,0.0,0.0,0.0,0.0025403808317180396,0.00138769938935493,0.0027370957257078616,0.013677380195048317,0.0009123652419026206,0.0026970011480711878,0.009978896300554388,0.0035331653702635685,0.0,0.0,0.0008061831268982706,0.0002600147410677664,0.0,0.0014712566592397487,0.0,0.0,0.0,0.0,0.0004633202976467087,0.0014712566592397487,0.008096906523751288,0.00022151833380909173,0.0005767356622897258,0.0,0.0,0.0,0.0,0.0,0.0008755942109303185,0.01739098169981306,0.0010043519608976682,0.025810345481069984,0.0014173544696396406,0.005061350366924644,0.0,0.0012337884071940207,0.0,0.0,0.000721962498971242,0.0026610390134811698,0.002782399427285971,0.0,0.0,0.005977605770903593,0.00992137436065657,0.0004412058127434941,0.0003169296668000799,0.0,0.0,0.003281522813444261,0.0,0.0,0.0001599181496617641,0.0,0.0006307571498559348,0.0,0.0024633029923316974,0.007772084695537847,0.008716379141619584,0.002035006041184559,0.004918736317038545,0.0,0.0016162911817090401,0.01268704571055139,0.0,0.014103957020475401,0.0,0.004857552934711154,0.0,0.0008975518502367527,0.0034178063300403234,0.002956004798626992,0.00426933509842117,0.0,0.0003716630451270131,0.003795235348764674,0.00038726350418286223,0.03151770688347687,0.0033169577000546568,0.0005788954195801755,0.00037836433207988807,0.0038852632235991343,0.00169358722114536,0.0007407993238346828,0.0009634634665992192,0.0,0.0,0.0007456438692130344,0.0,0.008393983583912544,0.0023101432557698014,0.0002745913264648966,0.014372617557391444,0.0,0.008246477868952452
Twin_Shadow_-_Forget_preview.wav,0.0,0.00012518182909099557,0.002057056633861125,0.0,0.0,0.0002344493187175482,0.0,0.0,0.20405838734420337,0.0,0.0,0.0003015416090958779,0.0,0.002170311974425318,0.005788638925626292,0.0003045948430672529,0.0,0.0,0.0,0.0,0.0029054810115966786,0.0,9.193772135446364e-05,0.0,0.0,0.0014022818424891705,0.00019098561683695317,0.007286329402066731,0.005061350366924644,0.0024493114208054153,0.0,0.0,0.0,0.0,0.0,0.0,0.0004412058127434941,0.0,0.0016481673682657257,0.0006652597533702924,0.0,0.0,0.00026009946144447396,0.0,0.006500368526694159,0.0,0.0,0.0,0.0,0.0,0.0,0.0,0.0004904188864132496,0.00013494844206252149,0.00011075916690454586,0.0005767356622897258,0.0,0.0,0.01059809813259141,0.0,0.0,0.0,0.00028049970483569456,0.05021759804488341,0.0,0.0,0.001012270073384929,0.0,0.0,0.0019941175468861107,0.0,0.0,0.0003326298766851462,0.0,0.0,0.0,0.0,0.0,0.0,0.0,0.0,0.0,0.0,0.0,0.0,0.0001599181496617641,0.0,0.0,0.0008185190781000897,0.0,0.025016397613762443,0.0,0.0,0.0,0.0001831010616457821,0.0,0.00040925953905004487,0.0,0.0,0.0,0.000728632940206673,0.0,0.0,0.0,0.008330558977948797,0.0001778889624342154,0.0,0.0,0.0,0.00019363175209143112,0.38083895817534547,0.0,0.0,0.0022701859924793284,0.0,0.00042339680528634,0.0,0.0,0.0,0.0,0.0,0.0,0.00028944770979008773,0.008745542325414248,0.002471321938184069,0.005475282879006265,0.0,0.002061619467238113
Tyga_-_Feel_Me_feat_Kanye_West_preview.wav,0.0221154988370527,0.0008762728036369689,0.005914037822350735,0.0,0.00471212099168881,0.004454537055633415,0.012765660351187919,0.007971793154581082,0.0005427084769792644,0.0007456438692130344,0.005535262177030858,0.0,0.00045247041331702775,0.0,0.0,0.003350543273739781,0.0043934612234383455,0.00095003103239725,0.0027120018564317306,0.005586185874917827,0.0,0.001188654375783099,0.0008274394921901728,0.0029894224329679057,0.0090710686056937,0.0032719909658080644,0.00362872671990211,0.00048575529347111545,0.0,0.0,0.0005181351810701465,0.0009808377728264992,0.0,0.0021169840264317,0.002220319022967888,0.004561826209513103,0.002426631970089217,0.0004561826209513103,0.0,0.0023284091367960238,0.009029200390673564,0.0,0.0006502486536111849,0.003762187925525263,0.0005200294821355328,0.006108234213946508,0.0009808377728264992,0.006898690782179277,0.0009198254376239037,0.0,0.0,0.0011583007441167716,0.0,0.0017543297468127792,0.00011075916690454586,0.0,0.012821368637877143,0.0,0.0,0.0017222538632902416,0.0,0.004377971054651592,0.010658988783756393,0.0,0.0045792548434156425,0.0008504126817837842,0.0015184051100773932,0.005235428241399058,0.0006168942035970103,0.010369411243807775,0.018195833193211945,0.0016244156226852943,0.0003326298766851462,0.0026499042164628292,0.00242443677256356,0.0,0.05038267721190171,0.004160576344791465,0.00022060290637174705,0.0006338593336001598,0.0007300385613199837,0.008883920532963479,0.0029360993593974967,0.0,0.0,0.0001599181496617641,0.009989701380421444,0.003784542899135608,0.0,0.0,0.0,0.00313789649098305,0.0036177885176614387,0.0007567286641597761,0.0007324042465831283,0.0,0.0008185190781000897,0.0007702482925943808,0.0026864680039000765,0.0006938762419334176,0.00024287764673555773,0.001743288606958007,0.0017951037004735053,0.006835612660080647,0.0,0.015654228694210952,0.0,0.0014866521805080525,0.017986115348493453,0.0005808952562742933,0.0,0.008443165054684582,0.002315581678320702,0.0,0.03263621107823273,0.00084679361057268,0.0,0.0,0.032938845563513196,0.0,0.00024854795640434483,0.0024612813526872293,0.0,0.0,0.0,0.0017110258996894576,0.0,0.0
Tyler_Shaw_-_With_You_-_Frank_Walker_Remix_preview.wav,0.0,0.00112663646181896,0.0005142641584652812,0.010938045505826138,0.001413636297506643,0.00515788501178606,0.0,0.003985896577290541,0.0010854169539585288,0.003479671389660827,0.0,0.0003015416090958779,0.001809881653268111,0.01229843452174347,0.0,0.00426432780294154,0.0043934612234383455,0.0019000620647945,0.019662013459130046,0.00024287764673555773,0.0005810962023193357,0.002971635939457747,9.193772135446364e-05,0.004982370721613176,0.002267767151423425,0.0,0.0007639424673478127,0.005343308228182269,0.0,0.0,0.0,0.0,0.0,0.0012701904158590198,0.00138769938935493,0.0,0.015221600539650547,0.0,0.003146501339416386,0.0006652597533702924,0.0009814348250732135,0.0,0.0,0.0016123662537965411,0.006760383267761925,0.0,0.0019616755456529984,0.00505903990693147,0.0,0.00954583761330792,0.0,0.005791503720583859,0.0004904188864132496,0.01282010199593954,0.00022151833380909173,0.0005767356622897258,0.002719684256519394,0.0,0.0,0.0004305634658225604,0.0,0.0008755942109303185,0.0014024985241784728,0.0015065279413465022,0.00333036715884774,0.0002834708939279281,0.0,0.0,0.0,0.0015952940375088885,0.0019153508624433627,0.0025268687463993467,0.0013305195067405849,0.005697294065395084,0.0,0.0006592509371026191,0.0,0.0003200443342147281,0.00022060290637174705,0.0003169296668000799,0.0,0.01599105695933426,0.008462874624145727,0.0,0.0,0.0001599181496617641,0.0018163093418948084,0.0,0.0,0.0130203158166104,0.008257839989008961,0.006973103313295668,0.0033916767353075984,0.0,0.0010986063698746925,0.0,0.005320374007650583,0.006161986340755046,0.0033580850048750954,0.011795896112868097,0.027688051727853578,0.0005810962023193357,0.0,0.000788724537701613,0.015317479411067142,0.007293447459802831,0.0,0.005203282631778184,0.006435399069644447,0.0,0.0008754918578743574,0.0057292905728216804,0.002026133968530614,0.0011350929962396642,0.0031082105788793075,0.00042339680528634,0.0007407993238346828,0.0,0.001242975304283517,0.0,0.001242739782021724,0.0,0.00028944770979008773,0.010395644650964106,0.007413965814552207,0.00034220517993789157,0.0,0.0
UGK_-_Hi_Life_preview.wav,0.0,0.00012518182909099557,0.014142264357795234,0.0,0.0,0.0046889863743509634,0.0007092033528437733,0.0029894224329679057,0.00379895933885485,0.017646904904708483,0.004744510437455021,0.0021107912636711456,0.0,0.0,0.0,0.0012183793722690115,0.002471321938184069,0.0,0.0027120018564317306,0.00024287764673555773,0.0,0.0,0.0,0.0009964741443226352,0.0002834708939279281,0.0,0.0,0.0,0.0005061350366924645,0.0018369835656040613,0.0,0.003923351091305997,0.003797045387547971,0.010161523326872158,0.002220319022967888,0.004105643588561792,0.0,0.05018008830464413,0.006592669473062903,0.0,0.005692321985424638,0.0,0.0,0.0016123662537965411,0.0,0.0,0.0019616755456529984,0.0,0.007358603500991229,0.0,0.0,0.006254824018230566,0.003923351091305997,0.0,0.00033227750071363756,0.004613885298317806,0.0,0.004507554532401915,0.0,0.011194650111386569,0.0,0.008318145003838024,0.0,0.0005021759804488341,0.0,0.0011338835757117125,0.001012270073384929,0.0,0.004318259425179072,0.0,0.019632346340044467,0.00379030311959902,0.0,0.0,0.0,0.013185018742052383,0.007685493134018905,0.0044806206790061935,0.0,0.0003169296668000799,0.0007300385613199837,0.0,0.00034542345404676435,0.0005552940194496825,0.001641070848452083,0.0006396725986470564,0.0,0.0031537857492796736,0.005320374007650583,0.0017595021373797838,0.0,0.0062757929819661,0.0,0.005675464981198321,0.0005493031849373463,0.0,0.0069574121638507624,0.010783476096321331,0.003022276504387586,0.023591792225736194,0.00315740940756225,0.018013982271899407,0.009424294427485902,0.0,0.0002687277089660902,0.0037356682111185234,0.0,0.007061597857413248,0.0008250511627749291,0.0,0.0,0.005126207354629924,0.00028944770979008773,0.0022701859924793284,0.01942631611799567,0.00677434888458144,0.0037039966191734137,0.0,0.02858843199852089,0.0,0.025351891553243168,0.0,0.015630176328664737,0.004290266046429631,0.001922139285254276,0.0013688207197515663,0.0,0.0
Van_Halen_-_Panama_-_2015_Remaster_preview.wav,0.0,0.0006259091454549778,0.0038569811884896095,0.0,0.0,0.017114800266381017,0.0014184067056875467,0.0,0.0,0.0009941918256173793,0.0,0.0003015416090958779,0.00407223371985325,0.01266015318414769,0.0,0.0006091896861345058,0.006315600508692621,0.000475015516198625,0.02474701693993954,0.0012143882336777885,0.0011621924046386714,0.0,9.193772135446364e-05,0.0,0.003968592514990993,0.0,0.0017188705515325782,0.00024287764673555773,0.0,0.0,0.008290162897122344,0.0,0.0,0.0,0.0036080184123228184,0.004105643588561792,0.0011030145318587353,0.0,0.005094335501912244,0.0,0.0029443044752196406,0.0,0.0005201989228889479,0.006180737306220075,0.008060456973100757,0.00666352823339619,0.0,0.0,0.0,0.0,0.0,0.0,0.0,0.0,0.0006645550014272751,0.0005767356622897258,0.007770526447198269,0.000901510906480383,0.0,0.0,0.0,0.0,0.00028049970483569456,0.0020087039217953364,0.0,0.0005669417878558562,0.0,0.0,0.0,0.01714941090322055,0.0004788377156108407,0.001443924997942484,0.008648376793813802,0.0023849137948165466,0.0016162911817090401,0.0,0.0017078873631153123,0.0016002216710736406,0.009044719161241629,0.020600428342005192,0.00036501928065999184,0.0,0.017789307883408365,0.0027764700972484125,0.0,0.0001599181496617641,0.0,0.0,0.0,0.024281129495841016,0.00048575529347111545,0.0,0.0,0.0034052789887189924,0.0005493031849373463,0.0,0.01350556478865148,0.0007702482925943808,0.0,0.0,0.0060719411683889425,0.0,0.004487759251183763,0.0,0.005374554179321804,0.006226113685197539,0.0,0.0,0.0018151125581048438,0.0009681587604571556,0.0,0.0012061664363835116,0.0,0.00037836433207988807,0.00038852632235991343,0.0,0.0,0.0,0.0018644629564252752,0.0,0.0009941918256173793,0.02768941521773133,0.002315581678320702,0.01567597209272365,0.01812302754668317,0.00034220517993789157,0.0,0.0
Van_Halen_-_You_Really_Got_Me_-_2004_Remaster_preview.wav,0.0,0.00025036365818199114,0.0038569811884896095,0.0,0.0,0.0030478411433281266,0.0,0.0,0.0032562508618755857,0.0004970959128086897,0.0,0.0,0.011311760332925695,0.010489841209722371,0.0,0.0012183793722690115,0.0,0.000475015516198625,0.0010170006961618989,0.000728632940206673,0.003486577213916014,0.0,0.00018387544270892728,0.0,0.0,0.0,0.0005729568505108594,0.0021858988206200193,0.0,0.0,0.0792746827037324,0.0,0.0,0.0025403808317180396,0.001665239267225916,0.0,0.0004412058127434941,0.0009123652419026206,0.00044950019134519796,0.0003326298766851462,0.0001962869650146427,0.0,0.00026009946144447396,0.0002687277089660902,0.030421724704928665,0.0,0.0014712566592397487,0.0,0.002299563594059759,0.0,0.0,0.00023166014882335434,0.0,0.0006747422103126074,0.00022151833380909173,0.002306942649158903,0.0038852632235991343,0.0,0.006744244266194534,0.0,0.0,0.0,0.0005609994096713891,0.021593567159299866,0.0004162958948559675,0.0019842962574954967,0.0005061350366924645,0.0,0.0006168942035970103,0.062216467462846654,0.0,0.0,0.0053220780269623395,0.0029148946381091123,0.0,0.0,0.00042697184077882807,0.0,0.0017648232509739764,0.005070874668801279,0.0,0.0,0.008462874624145727,0.0005552940194496825,0.0,0.0001599181496617641,0.0,0.0,0.0,0.00985321196932679,0.004614675287975596,0.0,0.00045222356470767984,0.0018918216603994403,0.0005493031849373463,0.00242443677256356,0.0036833358514504035,0.0003851241462971904,0.0,0.0,0.002428776467355577,0.0,0.0004487759251183763,0.0,0.02257312755315158,0.0007115558497368616,0.0,0.0,0.0008250511627749291,0.0005808952562742933,0.0,0.0,0.002026133968530614,0.00037836433207988807,0.0,0.0,0.0007407993238346828,0.0,0.0,0.0,0.0,0.04122646265751109,0.00028944770979008773,0.011715726511403993,0.029930454584673725,0.0023954362595652407,0.003107438260708792,0.0
VNV_Nation_-_Control_preview.wav,0.0,0.0,0.0,0.0,0.0,0.03868413758839545,0.0,0.0,0.0,0.0,0.0,0.0,0.00407223371985325,0.007596091910488614,0.0,0.0,0.0016475479587893793,0.0,0.03593402459772043,0.012143882336777885,0.0,0.0,0.00018387544270892728,0.0,0.01048842307533334,0.0,0.0019098561683695313,0.0,0.0,0.0,0.0036269462674910252,0.0,0.0,0.0,0.0,0.0013685478628539308,0.004191455221063194,0.0,0.0,0.0,0.0,0.0,0.0005201989228889479,0.0,0.0010400589642710655,0.00444235215559746,0.0,0.0,0.0,0.0,0.0,0.0,0.0,0.0,0.00022151833380909173,0.0,0.042349369137230565,0.0,0.0,0.0,0.0,0.0,0.0,0.0,0.0,0.005102476090702706,0.0,0.0,0.0,0.0007976470187544442,0.0,0.000721962498971242,0.0006652597533702924,0.021464224153348917,0.0016162911817090401,0.0,0.0,0.0,0.0004412058127434941,0.005070874668801279,0.0010950578419799755,0.0,0.010535415348426311,0.0,0.0,0.0001599181496617641,0.0,0.0,0.0,0.06545347951052795,0.0,0.0,0.0,0.0,0.0003662021232915642,0.0,0.01432408386675157,0.0,0.0,0.0,0.018458701151902384,0.0,0.0,0.0,0.001074910835864361,0.0010673337746052924,0.0,0.0,0.006765419534754418,0.00019363175209143112,0.0,0.0,0.0005788954195801755,0.0,0.0,0.0,0.005185595266842779,0.0,0.0,0.0,0.0,0.006153203381718073,0.0,0.0011550716278849007,0.01894680152607786,0.0,0.0006214876521417584,0.0
Volbeat_-_Die_To_Live_preview.wav,0.0,0.0008762728036369689,0.0002571320792326406,0.0,0.0,0.0007033479561526446,0.0,0.0,0.026050006895004685,0.0,0.0,0.0003015416090958779,0.0,0.006510935923275955,0.0,0.0,0.0021967306117191727,0.0,0.0010170006961618989,0.000728632940206673,0.035446868341479476,0.0,0.0002758131640633909,0.0,0.0,0.0,0.0,0.0051004305814467115,0.0,0.0,0.08963738632513533,0.0,0.0,0.0,0.00277539877870986,0.0,0.0008824116254869882,0.0,0.001198667176920528,0.0,0.0,0.0,0.0010403978457778958,0.0016123662537965411,0.021061194026489073,0.0,0.0,0.0,0.0,0.0,0.0,0.0,0.0,0.0043183501460006875,0.00044303666761818345,0.0,0.00038852632235991343,0.0,0.19847347411943916,0.0,0.0,0.0,0.0,0.08587209265675062,0.0,0.0,0.0,0.0,0.0,0.0055835291312811095,0.0,0.0,0.015300974327516727,0.0038423611138711025,0.0,0.0,0.0,0.0,0.0004412058127434941,0.0,0.0,0.0,0.00017271172702338218,0.0005552940194496825,0.0,0.0,0.0,0.0,0.00040925953905004487,0.0,0.040560567004838136,0.0,0.00022611178235383992,0.0,0.0005493031849373463,0.0,0.003274076312400359,0.0,0.0,0.0,0.001457265880413346,0.0,0.0,0.0,0.016123662537965412,0.0001778889624342154,0.0,0.0,0.00033002046510997163,0.0025172127771886043,0.0,0.0,0.0,0.0026485503245592167,0.0,0.00042339680528634,0.0,0.0,0.0,0.0,0.0,0.0030766016908590366,0.0,0.003960245581319659,0.0002745913264648966,0.00444866733919259,0.0,0.0
Waka_Flocka_Flame_-_No_Hands_feat_Roscoe_Dash_Wale_preview.wav,0.0,0.0031295457272748893,0.005656905743118093,0.0024306767790724755,0.006596969388364335,0.022741583915602177,0.0,0.006975319010258447,0.0,0.0,0.0,0.0009046248272876337,0.0,0.0,0.0,0.0009137845292017585,0.017848436220218276,0.0014250465485958748,0.003390002320539663,0.02185898820620019,0.0,0.0017829815636746483,0.0019306921484437364,0.0004982370721613176,0.0017008253635675684,0.0023371364041486174,0.00974026645868461,0.0009715105869422309,0.0005061350366924645,0.0,0.0,0.0,0.0,0.0,0.0,0.0,0.006838690097524159,0.0,0.00149833397115066,0.0003326298766851462,0.00883291342565892,0.0,0.0016906464993890807,0.0002687277089660902,0.0,0.01110588038899365,0.0,0.0018396508752478074,0.0,0.00053032431185044,0.0,0.0,0.0,0.0010795875365001719,0.00022151833380909173,0.0,0.01359842128259697,0.0,0.0,0.0,0.0,0.0008755942109303185,0.0016829982290141672,0.0,0.000832591789711935,0.006236359666414418,0.0,0.005235428241399058,0.0,0.0,0.0023941885780542032,0.0001804906247428105,0.0,0.0021199233731702635,0.0,0.004614756559718334,0.004269718407788281,0.008961241358012387,0.0004412058127434941,0.0009507890004002397,0.0025551349646199427,0.0044419602664817395,0.0012089820891636753,0.007774116272295555,0.0,0.0001599181496617641,0.0009081546709474042,0.0,0.0012277786171501345,0.0007038008549519135,0.00048575529347111545,0.0020919309939887,0.0027133413882460787,0.0,0.0007324042465831283,0.0,0.0045018549295504934,0.001925620731485952,0.010410063515112795,0.0027755049677336704,0.001457265880413346,0.005229865820874021,0.0,0.003154898150806452,0.0002687277089660902,0.06404002647631754,0.0,0.0003716630451270131,0.0009900613953299148,0.0013554222646400178,0.0,0.002713874481862901,0.0,0.0,0.0038852632235991343,0.0,0.0,0.0,0.008079339477842859,0.0,0.0,0.0006153203381718073,0.0,0.0018151125581048438,0.0010983653058595864,0.0010266155398136745,0.0,0.0
Warren_G_-_This_Is_The_Shack_preview.wav,0.001525206816348462,0.004381364018184845,0.001285660396163203,0.0,0.001413636297506643,0.00257894250589303,0.0,0.0009964741443226352,0.0027135423848963216,0.003479671389660827,0.0007907517395758369,0.0,0.0,0.008681247897701272,0.0,0.0,0.0008237739793946897,0.0014250465485958748,0.01186500812188882,0.002914531760826692,0.0023243848092773427,0.0,9.193772135446364e-05,0.0034876595051292233,0.006803301454270274,0.0,0.0040106979535760165,0.004614675287975596,0.0,0.0012246557104027076,0.0,0.0,0.0,0.0,0.001110159511483944,0.0,0.013015571475933076,0.0022809131047565514,0.005094335501912244,0.0006652597533702924,0.004514600195336782,0.0,0.0010403978457778958,0.002956004798626992,0.000780044223203299,0.0,0.0,0.005978865344555374,0.0,0.0026516215592522,0.0,0.0050965232741137945,0.0004904188864132496,0.009851236270564067,0.0006645550014272751,0.0,0.004273789545959047,0.000901510906480383,0.0,0.0004305634658225604,0.0,0.0,0.001963497933849862,0.0015065279413465022,0.0,0.004252063408918922,0.0,0.0,0.0,0.00757764667816722,0.0047883771561084065,0.006678153115483988,0.0006652597533702924,0.00450483716798681,0.0,0.0,0.007685493134018905,0.0044806206790061935,0.0011030145318587353,0.0015846483340003995,0.002190115683959951,0.0,0.004663216629631318,0.0,0.0,0.0001599181496617641,0.0,0.0,0.002455557234300269,0.0021114025648557404,0.0026716541140911344,0.012202930798267418,0.011983924464753515,0.00037836433207988807,0.0001831010616457821,0.0,0.003274076312400359,0.013094220974104473,0.02082012703022559,0.0013877524838668352,0.014086903510662345,0.0023243848092773427,0.0,0.003154898150806452,0.005643281888287895,0.0023125565116448,0.0,0.004459956541524157,0.007590470697529348,0.0,0.0,0.03437574343693008,0.0037628202272711403,0.0011350929962396642,0.012821368637877143,0.0,0.0,0.0,0.001242975304283517,0.0,0.0004970959128086897,0.0,0.001157790839160351,0.002475153488324787,0.0008237739793946897,0.0,0.0,0.0
Whethan_-_Good_Nights_feat_Mascolo_preview.wav,0.001525206816348462,0.0021280910945469245,0.016456453070889,0.0036460151686087128,0.006596969388364335,0.00257894250589303,0.0,0.009964741443226352,0.0005427084769792644,0.0022369316076391033,0.0,0.0,0.00045247041331702775,0.0,0.002104959609318652,0.011270009193488355,0.0041188698969734485,0.00095003103239725,0.0,0.00947222822268675,0.0023243848092773427,0.0005943271878915495,0.0006435640494812455,0.017936534597807433,0.0,0.014022818424891705,0.0024828130188803907,0.00850071763574452,0.001012270073384929,0.0036739671312081227,0.0,0.01078921550109149,0.027528579059722787,0.0021169840264317,0.00277539877870986,0.0,0.012133159850446088,0.0036494609676104824,0.000599333588460264,0.0013305195067405849,0.009618061285717492,0.002847784040660978,0.0015605967686668437,0.002149821671728722,0.000780044223203299,0.0,0.0004904188864132496,0.0032193890316836627,0.008738341657427083,0.00159097293555132,0.0,0.002084941339410189,0.0014712566592397487,0.0024290719571253864,0.00033227750071363756,0.0017302069868691773,0.0,0.002704532719441149,0.0,0.004305634658225603,0.0035017463270289777,0.005253565265581911,0.007573492030563752,0.0005021759804488341,0.02206368242736628,0.0014173544696396406,0.003542945256847251,0.0013088570603497645,0.012337884071940208,0.0,0.006224890302940929,0.0012634343731996733,0.0009978896300554387,0.0021199233731702635,0.0,0.005933258433923572,0.007258521293240077,0.004800665013220922,0.0013236174382304823,0.0022185076676005592,0.00036501928065999184,0.0035535682131853917,0.00017271172702338218,0.0,0.0,0.0001599181496617641,0.009989701380421444,0.0,0.0012277786171501345,0.0,0.00315740940756225,0.008716379141619584,0.0036177885176614387,0.004162007652878768,0.0001831010616457821,0.0008081455908545201,0.0,0.003080993170377523,0.004029702005850114,0.006938762419334175,0.0034002870542978077,0.005810962023193357,0.0004487759251183763,0.0028919899715725813,0.003493460216559173,0.0064040026476317536,0.0024109569249278475,0.0022299782707620786,0.007920491162639319,0.0011617905125485867,0.0008754918578743574,0.0048246657455340465,0.0037628202272711403,0.00037836433207988807,0.0019426316117995672,0.005080761663436079,0.0,0.0,0.0,0.0,0.0009941918256173793,0.001845961014515422,0.0026050293881107896,0.0004950306976649574,0.0,0.022585541875900842,0.0,0.004123238934476226
WILD_-_This_Is_Our_Time_preview.wav,0.0,0.00037554548727298663,0.0,0.019445414232579804,0.006125757289195454,0.0,0.0,0.022420668247259294,0.0016281254309377928,0.0,0.0,0.0006030832181917558,0.0,0.0,0.002104959609318652,0.011574604036555608,0.0,0.004275139645787625,0.0,0.0,0.0005810962023193357,0.0,0.0,0.040855439917228044,0.0,0.02150165491816728,0.00019098561683695317,0.027445174081118018,0.0,0.0018369835656040613,0.0,0.0,0.010441874815756919,0.0,0.0,0.0,0.0,0.0,0.0,0.011642045683980118,0.0001962869650146427,0.0,0.0,0.0,0.0018201031874743644,0.0,0.0,0.0,0.0,0.00318194587110264,0.01588108070194655,0.002316601488233543,0.0009808377728264992,0.0024290719571253864,0.0,0.0,0.0,0.006310576345362681,0.0,0.0,0.009337990205410608,0.0,0.0,0.0,0.04371106895987659,0.0,0.0005061350366924645,0.0,0.0,0.0,0.0019153508624433627,0.0001804906247428105,0.0,0.0007949712649388487,0.0,0.0,0.0021348592038941405,0.0022403103395030968,0.0,0.0,0.0,0.07284814837030053,0.0,0.0,0.001641070848452083,0.0003198362993235282,0.0681116003210553,0.0,0.0,0.0,0.005829063521653384,0.004532517153642184,0.002035006041184559,0.0,0.0,0.0,0.0,0.0050066139018634746,0.0,0.0034693812096670876,0.0,0.0,0.0,0.00499525540544355,0.0002687277089660902,0.0,0.36767093105149673,0.0,0.00016501023255498581,0.0,0.052529511472461446,0.0021107912636711456,0.0,0.00037836433207988807,0.0,0.0,0.0,0.0009634634665992192,0.002485950608567034,0.003341709066204575,0.0009941918256173793,0.0,0.0,0.0,0.0,0.0027376414395031325,0.0,0.03710915041028603
Will_To_Power_-_Say_Its_Gonna_Rain_preview.wav,0.01525206816348462,0.0005007273163639823,0.0,0.0,0.0009424241983377622,0.0002344493187175482,0.03333255758365734,0.0,0.0,0.00024854795640434483,0.005535262177030858,0.0,0.0,0.0,0.0,0.0,0.0,0.000475015516198625,0.0020340013923237977,0.029631072901738036,0.0,0.0,0.0006435640494812455,0.0,0.015590899166036044,0.0,0.026928971974010393,0.0,0.0,0.0,0.0,0.0,0.0,0.0025403808317180396,0.0,0.037406974918007437,0.0,0.0018247304838052412,0.000299666794230132,0.0,0.0,0.06644829428208948,0.005722188151778427,0.0,0.0,0.0,0.018145498797290237,0.009658167095050988,0.0013797381564358553,0.0,0.0,0.0,0.0,0.0,0.0009968325021409126,0.0,0.0015541052894396537,0.0,0.0,0.013778030906321933,0.0,0.006566956581977389,0.0,0.0,0.0,0.032315681907783805,0.0,0.0019632855905246465,0.0,0.0,0.0,0.006317171865998367,0.0,0.002517409005639688,0.0,0.003955505622615715,0.0,0.0012801773368589125,0.024928128420007415,0.012043327338403036,0.006935366332539845,0.0,0.00017271172702338218,0.0,0.0,0.0006396725986470564,0.0,0.021445743095101777,0.0020462976952502245,0.021817826503509316,0.0,0.0,0.0,0.0,0.0009155053082289104,0.0,0.0,0.0034661173166747133,0.0,0.0013877524838668352,0.0,0.0,0.0004487759251183763,0.0005258163584677421,0.0,0.0003557779248684308,0.0,0.004088293496397144,0.00016501023255498581,0.004259898546011484,0.0,0.0009046248272876337,0.0049206110664314915,0.0,0.00038852632235991343,0.0012701904158590198,0.0,0.0,0.001242975304283517,0.0,0.0,0.0006153203381718073,0.0,0.00033002046510997163,0.0,0.0,0.004350413564992309,0.0
Wisin_Yandel_-_Pegao_preview.wav,0.001525206816348462,0.0012518182909099557,0.008485358614677141,0.0,0.0009424241983377622,0.0028133918246105783,0.00425522011706264,0.0029894224329679057,0.00379895933885485,0.0074564386921303445,0.011070524354061716,0.0006030832181917558,0.02986304727892383,0.010128122547318152,0.001578719706988989,0.0,0.0030205045911138617,0.000475015516198625,0.0016950011602698315,0.0012143882336777885,0.0,0.0005943271878915495,0.0004596886067723182,0.0029894224329679057,0.0008504126817837842,0.0014022818424891705,0.0009549280841847657,0.004614675287975596,0.001012270073384929,0.0,0.002072540724280586,0.007356283296198744,0.0009492613468869927,0.0038105712475770596,0.0,0.006842739314269654,0.010588939505843858,0.0022809131047565514,0.00524416889902731,0.006319967657017778,0.0001962869650146427,0.01423892020330489,0.00026009946144447396,0.0018810939627626315,0.003900221116016495,0.0005552940194496825,0.004413769977719246,0.00045991271881195184,0.01011807981386294,0.0,0.0,0.0016216210417634804,0.0,0.0018892781888753007,0.0006645550014272751,0.0011534713245794515,0.0007770526447198269,0.0,0.0,0.0,0.0,0.003502376843721274,0.00869549084990653,0.009039167648079013,0.00166518357942387,0.0005669417878558562,0.003542945256847251,0.0,0.004935153628776083,0.0,0.0009576754312216814,0.005775699991769936,0.0013305195067405849,0.002517409005639688,0.0064651647268361605,0.0,0.0,0.0028803990079325527,0.0013236174382304823,0.0025354373344006393,0.0,0.0,0.0037996579945144076,0.0,0.0,0.0003198362993235282,0.0,0.0031537857492796736,0.00040925953905004487,0.0010557012824278702,0.010200861162893423,0.006973103313295668,0.004522235647076798,0.017026394943594963,0.0001831010616457821,0.0008081455908545201,0.00040925953905004487,0.003851241462971904,0.011081680516087815,0.0,0.013844025863926789,0.0,0.004038983326065387,0.0021032654338709682,0.018273484209694133,0.0005336668873026462,0.0,0.0014866521805080525,0.0047852967440945885,0.0011617905125485867,0.006128443005120502,0.006332373791013436,0.002315581678320702,0.00037836433207988807,0.0019426316117995672,0.011431713742731178,0.0,0.0009634634665992192,0.0,0.0,0.002485479564043448,0.0021536211836013256,0.005499506486011667,0.010065624185854133,0.0043934612234383455,0.0030798466194410234,0.001242975304283517,0.0
Wu-Tang_Clan_-_Keep_Watch_preview.wav,0.0,0.0037554548727298668,0.0015427924753958436,0.0,0.02120454446259965,0.0004688986374350964,0.0,0.003985896577290541,0.006512501723751171,0.0017398356948304136,0.0007907517395758369,0.0009046248272876337,0.002714822479902166,0.0,0.007367358632615282,0.004873517489076046,0.0,0.0,0.0,0.001457265880413346,0.0005810962023193357,0.0017829815636746483,0.0036775088541785455,0.0014947112164839529,0.0002834708939279281,0.005609127369956682,0.0028647842525542973,0.005586185874917827,0.00911043066046436,0.003061639276006769,0.009326433259262636,0.0009808377728264992,0.0,0.0,0.018317631939485077,0.0,0.00022060290637174705,0.0,0.0016481673682657257,0.008981006670498948,0.0017665826851317843,0.0,0.004681790306000531,0.0051058264703557135,0.001560088446406598,0.0,0.0,0.00781851621980318,0.0009198254376239037,0.00159097293555132,0.0,0.0030115819347036063,0.0004904188864132496,0.003913504819813123,0.001439869169759096,0.0005767356622897258,0.0015541052894396537,0.000901510906480383,0.007707707732793754,0.0017222538632902416,0.0,0.0,0.007292992325728058,0.007532639706732511,0.009574805581687253,0.004252063408918922,0.0005061350366924645,0.0013088570603497645,0.003084471017985052,0.0003988235093772221,0.004309539440497566,0.0010829437484568627,0.009313636547184095,0.00013249521082314147,0.0,0.0019777528113078574,0.0008539436815576561,0.006400886684294563,0.0059562784720371695,0.009190960337202318,0.0029201542452799347,0.0026651761598890434,0.0,0.0,0.0,0.0003198362993235282,0.0009081546709474042,0.0012615142997118695,0.007775931241950852,0.0,0.00315740940756225,0.004532517153642184,0.0052005709941383175,0.013242751622796083,0.0010986063698746925,0.0080814559085452,0.0,0.001925620731485952,0.0013432340019500382,0.0013877524838668352,0.0,0.0023243848092773427,0.010770622202841031,0.017089031650201616,0.0005374554179321805,0.0,0.0,0.0014866521805080525,0.0013200818604398865,0.004259898546011484,0.0070039348629948595,0.0033169577000546568,0.0028944770979008774,0.012107658626556418,0.0007770526447198269,0.0,0.0,0.0,0.006214876521417584,0.0,0.003479671389660827,0.014460027947037471,0.01157790839160351,0.0033002046510997164,0.0027459132646489655,0.010266155398136747,0.0,0.002061619467238113
Xzibit_-_Los_Angeles_Times_preview.wav,0.0,0.0016273637781829423,0.0002571320792326406,0.0,0.0,0.005392334330503608,0.0,0.0,0.0010854169539585288,0.0,0.0,0.0,0.0,0.003617186624042197,0.0,0.0,0.0010983653058595864,0.0,0.0027120018564317306,0.007529207048802288,0.003486577213916014,0.0,0.0006435640494812455,0.0,0.002267767151423425,0.0,0.0,0.0,0.0,0.0,0.03523319231276996,0.0,0.0,0.0,0.0,0.0,0.0013236174382304823,0.0,0.00044950019134519796,0.0003326298766851462,0.0,0.0,0.0005201989228889479,0.0,0.03588203426735175,0.0,0.0,0.0,0.0,0.0,0.0,0.0,0.0,0.0008096906523751288,0.00044303666761818345,0.0,0.017483684506196105,0.0,0.0,0.0,0.0,0.0,0.0,0.007532639706732511,0.0,0.0019842962574954967,0.0,0.0,0.0,0.005184705621903887,0.0,0.0,0.006985227410388071,0.05074566574526318,0.0,0.0,0.0,0.0,0.0008824116254869882,0.002852367001200719,0.0,0.0,0.01122626225651984,0.0,0.0,0.0001599181496617641,0.0,0.0,0.0,0.0024633029923316974,0.0019430211738844618,0.0,0.0,0.0,0.0005493031849373463,0.0,0.0,0.0,0.0,0.0,0.0009715105869422309,0.0,0.0,0.0,0.021766944426253307,0.0001778889624342154,0.0,0.0,0.002640163720879773,0.0013554222646400178,0.0,0.0,0.0026050293881107896,0.0015134573283195523,0.0,0.0,0.0,0.0,0.0,0.0,0.0,0.06799289736798471,0.0,0.0018151125581048438,0.003844278570508552,0.0,0.0,0.0
Yellow_Claw_-_Shotgun_-_Quintino_Remix_preview.wav,0.0,0.0025036365818199113,0.0028284528715590467,0.0,0.0004712120991688811,0.00257894250589303,0.0,0.0,0.0005427084769792644,0.0,0.0,0.0,0.004524704133170277,0.0238734317186785,0.0,0.0,0.0013729566323244828,0.000475015516198625,0.02067901415529194,0.00024287764673555773,0.008716443034790036,0.0,0.00036775088541785456,0.0004982370721613176,0.0008504126817837842,0.0004674272808297235,0.0,0.009229350575951192,0.0005061350366924645,0.0,0.002072540724280586,0.0,0.0,0.0,0.003052938656580846,0.0,0.005294469752921929,0.0,0.000299666794230132,0.0029936688901663158,0.0,0.0,0.0005201989228889479,0.002687277089660902,0.026001474106776636,0.03442822920588032,0.0,0.002299563594059759,0.0,0.0,0.0,0.0004633202976467087,0.0,0.011470617575314325,0.00033227750071363756,0.0,0.0011655789670797403,0.0,0.0,0.0,0.0,0.0,0.0,0.0005021759804488341,0.00166518357942387,0.0002834708939279281,0.0,0.0,0.0,0.05623411482218832,0.0,0.0,0.0029936688901663158,0.010732112076674459,0.0008081455908545201,0.0,0.0,0.0,0.00022060290637174705,0.0047539450020011986,0.0007300385613199837,0.0,0.004145081448561172,0.06441410625616317,0.0,0.0,0.0,0.0,0.0016370381562001795,0.00035190042747595675,0.018458701151902384,0.0,0.0009044471294153597,0.0030269146566391045,0.0001831010616457821,0.00969774709025424,0.016370381562001796,0.0,0.0010074255014625286,0.0,0.011658127043306769,0.0,0.0,0.00026290817923387103,0.016123662537965412,0.0,0.0,0.0007433260902540262,0.0004950306976649574,0.00019363175209143112,0.0,0.0,0.0014472385489504387,0.0034052789887189924,0.0,0.0,0.0,0.0,0.0,0.0,0.0,0.010460445748920725,0.0,0.0,0.0,0.0030798466194410234,0.0,0.0
YG_-_My_Nigga_preview.wav,0.0,0.00025036365818199114,0.0,0.05347488913959445,0.0,0.0004688986374350964,0.00851044023412528,0.010961215587548987,0.0,0.0,0.0,0.045834324582573444,0.0,0.0003617186624042197,0.002104959609318652,0.002436758744538023,0.0005491826529297932,0.004275139645787625,0.0,0.0009715105869422309,0.0,0.03981992158873381,0.0031258825260517633,0.003985896577290541,0.0005669417878558562,0.0004674272808297235,0.0005729568505108594,0.0009715105869422309,0.0,0.0024493114208054153,0.0,0.0,0.0,0.0,0.001110159511483944,0.0,0.0,0.0,0.0026970011480711878,0.0003326298766851462,0.0009814348250732135,0.016137442897078875,0.001950745960833555,0.0,0.0,0.014437644505691745,0.015693404365223988,0.0,0.0,0.00318194587110264,0.06579304862234997,0.0,0.04560895643643221,0.002833917283312951,0.0037658116747545586,0.0017302069868691773,0.0031082105788793075,0.029749859913852636,0.0,0.0004305634658225604,0.001167248775676326,0.0,0.0014024985241784728,0.0,0.0012488876845679025,0.0005669417878558562,0.0015184051100773932,0.05300871094416546,0.0,0.0,0.0009576754312216814,0.0005414718742284314,0.0,0.00013249521082314147,0.01697105740794492,0.00791101124523143,0.0,0.0006400886684294562,0.0008824116254869882,0.0006338593336001598,0.004745250648579893,0.041754426504928346,0.00017271172702338218,0.0,0.0,0.011034352326661723,0.03450987749600136,0.0012615142997118695,0.00040925953905004487,0.0,0.0,0.00104596549699435,0.0006783353470615197,0.0,0.008971952020643322,0.0,0.0,0.002310744877783142,0.0013432340019500382,0.027061173435403284,0.00048575529347111545,0.0,0.0,0.0,0.0,0.002134667549210585,0.0,0.0003716630451270131,0.00016501023255498581,0.0005808952562742933,0.006128443005120502,0.0006030832181917558,0.0,0.0007567286641597761,0.0,0.0,0.027409574981883265,0.0501001002631594,0.0,0.0,0.0004970959128086897,0.0,0.0005788954195801755,0.0,0.0,0.0,0.0018644629564252752,0.018554575205143014
Young_Franco_-_Drop_Your_Love_feat_Dirty_Radio_preview.wav,0.00762603408174231,0.0018777274363649334,0.0035998491092569685,0.006076691947681188,0.0,0.0016411452310228375,0.025531320702375838,0.0004982370721613176,0.0,0.008450630517747722,0.0015815034791516738,0.0006030832181917558,0.010406819506291638,0.01266015318414769,0.0,0.00213216390147077,0.0035696872440436553,0.0,0.0074580051051872575,0.004614675287975596,0.0,0.001188654375783099,0.00036775088541785456,0.0009964741443226352,0.010771893969261268,0.0,0.001336899317858672,0.0019430211738844618,0.0,0.0,0.0,0.005885026636958995,0.002847784040660978,0.013972094574449218,0.002497858900838874,0.009123652419026206,0.004632661033806688,0.0,0.00524416889902731,0.0,0.001962869650146427,0.0018985226937739855,0.00026009946144447396,0.002149821671728722,0.0026001474106776635,0.0005552940194496825,0.0004904188864132496,0.010577992532674892,0.004599127188119518,0.00424259449480352,0.0,0.00532818342293715,0.0014712566592397487,0.003913504819813123,0.00022151833380909173,0.0017302069868691773,0.002719684256519394,0.0,0.0,0.003875071192403043,0.0,0.002188985527325796,0.0011219988193427782,0.0035152318631418386,0.0020814794742798374,0.002551238045351353,0.004049080293539716,0.0,0.003084471017985052,0.0003988235093772221,0.0,0.004151284369084641,0.0009978896300554387,0.0013249521082314146,0.01777920299879944,0.0,0.00042697184077882807,0.0019202660052883686,0.006397484284780664,0.010458679004402636,0.0014600771226399674,0.0,0.0012089820891636753,0.013882350486242064,0.0,0.0003198362993235282,0.0,0.0,0.0008185190781000897,0.00985321196932679,0.002914531760826692,0.004881172319306968,0.002035006041184559,0.0018918216603994403,0.0003662021232915642,0.00727331031769068,0.009412969398151031,0.0015404965851887615,0.004701319006825134,0.0013877524838668352,0.007043451755331173,0.0029054810115966786,0.02558022773174745,0.000788724537701613,0.009674197522779248,0.0016010006619079384,0.0,0.0022299782707620786,0.0014850920929948721,0.0007745270083657245,0.0,0.0012061664363835116,0.005210058776221579,0.0,0.0015541052894396537,0.0038105712475770596,0.0007407993238346828,0.0,0.0,0.0,0.014664329427856343,0.004614902536288555,0.015919624038454823,0.0019801227906598297,0.0071393744880873106,0.0027376414395031325,0.0,0.0
Yung_Joc_-_Its_Goin_Down_feat_Nitti_preview.wav,0.012964257938961925,0.0017525456072739378,0.0005142641584652812,0.0012153383895362377,0.0004712120991688811,0.0009377972748701928,0.007801236881281506,0.0014947112164839529,0.0,0.0074564386921303445,0.007907517395758368,0.0009046248272876337,0.005429644959804332,0.0,0.001052479804659326,0.003350543273739781,0.0008237739793946897,0.0019000620647945,0.0010170006961618989,0.00048575529347111545,0.0005810962023193357,0.001188654375783099,0.0010113149348991,0.0009964741443226352,0.002834708939279281,0.0004674272808297235,0.0028647842525542973,0.00024287764673555773,0.0005061350366924645,0.0006123278552013538,0.0005181351810701465,0.005885026636958995,0.005695568081321956,0.0021169840264317,0.016929932550130148,0.010492200281880136,0.00022060290637174705,0.005474191451415723,0.0016481673682657257,0.0,0.0031405914402342834,0.013289658856417898,0.0014305470379446068,0.005643281888287895,0.0,0.0016658820583490474,0.006375445523372244,0.006898690782179277,0.01011807981386294,0.00159097293555132,0.0,0.004864863125290441,0.002452094432066248,0.0017543297468127792,0.0017721466704727338,0.0005767356622897258,0.0031082105788793075,0.0,0.0,0.001291690397467681,0.0,0.0008755942109303185,0.00981748966924931,0.00251087990224417,0.00166518357942387,0.006519830560342346,0.001012270073384929,0.0019632855905246465,0.004318259425179072,0.0027917645656405548,0.0,0.0010829437484568627,0.00964626642386924,0.00026499042164628293,0.00242443677256356,0.0019777528113078574,0.0017078873631153123,0.004800665013220922,0.02095727610531597,0.012043327338403036,0.006570347051879853,0.0,0.0006908469080935287,0.0,0.0,0.0004797544489852923,0.0009081546709474042,0.04162997189049169,0.010640748015301167,0.014427917526514226,0.0009715105869422309,0.00104596549699435,0.0015827824764768792,0.00983747263407709,0.0016479095548120387,0.03070953245247176,0.0012277786171501345,0.001925620731485952,0.0,0.0020816287258002527,0.0,0.005229865820874021,0.016604709229379924,0.000788724537701613,0.0,0.0023125565116448,0.0,0.010778228308683378,0.0006600409302199433,0.004259898546011484,0.0,0.0033169577000546568,0.009551774423072895,0.006053829313278209,0.0023311579341594806,0.00550415846872242,0.00814879256218151,0.0,0.001242975304283517,0.0,0.0014912877384260688,0.004614902536288555,0.0049206110664314915,0.00016501023255498581,0.0,0.0010266155398136745,0.0037289259128505505,0.0
Zara_Larsson_-_Aint_My_Fault_preview.wav,0.0,0.00225327292363792,0.02519894376479878,0.0,0.001413636297506643,0.037277441676090164,0.007801236881281506,0.0004982370721613176,0.0,0.0004970959128086897,0.0,0.0003015416090958779,0.003167292893219194,0.0014468746496168789,0.0,0.0003045948430672529,0.004942643876368138,0.0,0.02067901415529194,0.013115392923720114,0.0,0.0,0.00036775088541785456,0.0014947112164839529,0.0002834708939279281,0.0,0.0038197123367390627,0.0021858988206200193,0.001012270073384929,0.0,0.0,0.0,0.002847784040660978,0.00042339680528634,0.0047181779238067625,0.0004561826209513103,0.011471351131330847,0.0009123652419026206,0.0,0.003991558520221755,0.000588860895043928,0.010441874815756919,0.0015605967686668437,0.0002687277089660902,0.000780044223203299,0.030541171069732538,0.0004904188864132496,0.0013797381564358553,0.0027594763128717106,0.00053032431185044,0.0,0.000694980446470063,0.0,0.0016193813047502576,0.00033227750071363756,0.0,0.01670663186147628,0.0,0.0,0.0004305634658225604,0.0,0.0,0.005609994096713891,0.0,0.0004162958948559675,0.002834708939279281,0.0,0.0,0.001850682610791031,0.0007976470187544442,0.0004788377156108407,0.0009024531237140523,0.0026610390134811698,0.007419731806095922,0.0,0.0,0.0,0.002560354673717825,0.005515072659293676,0.006021663669201518,0.0010950578419799755,0.0,0.012435244345683516,0.0005552940194496825,0.0,0.0001599181496617641,0.0,0.0,0.0,0.001407601709903827,0.0009715105869422309,0.0,0.0015827824764768792,0.00037836433207988807,0.0001831010616457821,0.0032325823634180803,0.037651877592604126,0.001155372438891571,0.0010074255014625286,0.0,0.012386759983513441,0.0,0.0,0.003154898150806452,0.0018810939627626315,0.008005003309539693,0.0,0.0007433260902540262,0.002640163720879773,0.00522805730646864,0.0,0.0003015416090958779,0.0,0.0,0.0,0.0,0.0022223979715040483,0.0,0.0,0.0,0.0,0.007076183888975784,0.0,0.0016501023255498582,0.0043934612234383455,0.0006844103598757831,0.0,0.0
Zedd_-_The_Middle_preview.wav,0.002287810224522693,0.0031295457272748893,0.009513886931607703,0.0,0.0,0.01031577002357212,0.015602473762563011,0.0019929482886452705,0.0,0.0007456438692130344,0.0,0.0024123328727670233,0.018551286945998134,0.007957810572892833,0.000526239902329663,0.0012183793722690115,0.006864783161622414,0.0,0.0003390002320539663,0.002914531760826692,0.00406767341623535,0.002377308751566198,0.0002758131640633909,0.0004982370721613176,0.0011338835757117125,0.0004674272808297235,0.0007639424673478127,0.002914531760826692,0.0015184051100773932,0.0,0.0036269462674910252,0.0009808377728264992,0.0018985226937739855,0.0084679361057268,0.004440638045935776,0.0018247304838052412,0.013236174382304823,0.0004561826209513103,0.0026970011480711878,0.0009978896300554387,0.001177721790087856,0.009492613468869926,0.0009103481150556589,0.0018810939627626315,0.009100515937371823,0.0005552940194496825,0.0019616755456529984,0.0,0.00045991271881195184,0.00053032431185044,0.0,0.001389960892940126,0.0,0.005128040798375816,0.000775314168331821,0.0,0.0019426316117995672,0.0,0.0,0.0030139442607579224,0.0,0.002188985527325796,0.003646496162864029,0.0035152318631418386,0.0,0.0005669417878558562,0.0,0.0006544285301748823,0.0,0.0011964705281316663,0.0009576754312216814,0.0012634343731996733,0.009978896300554388,0.014176987558076138,0.02343622213478108,0.0,0.0029888028854517966,0.0019202660052883686,0.0028678377828327117,0.005387804335601358,0.0018250964032999592,0.0,0.009326433259262636,0.016103526564040793,0.0,0.0001599181496617641,0.0,0.0,0.0,0.0007038008549519135,0.0060719411683889425,0.0006973103313295668,0.0018088942588307194,0.006432193645358097,0.0009155053082289104,0.00484887354512712,0.00040925953905004487,0.0,0.003693893505362605,0.0006938762419334176,0.007043451755331173,0.0,0.004038983326065387,0.0021032654338709682,0.016929845664863684,0.005514557835460677,0.0012054784624639238,0.0,0.006600409302199433,0.003098108033462898,0.0017509837157487149,0.0009046248272876337,0.0008683431293702631,0.0007567286641597761,0.005439368513038788,0.00084679361057268,0.0014815986476693656,0.01059809813259141,0.0006214876521417584,0.0,0.0007456438692130344,0.007383844058061688,0.0005788954195801755,0.0047852967440945885,0.005491826529297931,0.0006844103598757831,0.0,0.0
Zion_-_More_preview.wav,0.000762603408174231,0.004131000360002853,0.0015427924753958436,0.0,0.0,0.0028133918246105783,0.009219643586969053,0.0,0.0,0.0057166029972999305,0.0,0.0006030832181917558,0.005429644959804332,0.002532030636829538,0.0,0.0006091896861345058,0.003844278570508552,0.0,0.0016950011602698315,0.0019430211738844618,0.001743288606958007,0.0,9.193772135446364e-05,0.0,0.0008504126817837842,0.0,0.0028647842525542973,0.0009715105869422309,0.0,0.0,0.001036270362140293,0.015202985478810736,0.0,0.010161523326872158,0.00138769938935493,0.008211287177123584,0.004632661033806688,0.0004561826209513103,0.00524416889902731,0.0009978896300554387,0.0029443044752196406,0.0,0.0015605967686668437,0.009136742104847067,0.012480707571252784,0.001110588038899365,0.0,0.00045991271881195184,0.01287755612673465,0.0,0.0,0.004401542827643732,0.0,0.0047231954721882515,0.0006645550014272751,0.0,0.0015541052894396537,0.0,0.0009634634665992192,0.012486340508854249,0.0,0.01138272474209414,0.001963497933849862,0.0015065279413465022,0.0,0.0002834708939279281,0.0,0.0,0.0,0.01914352845010666,0.0,0.010107474985597387,0.001663149383425731,0.002517409005639688,0.00484887354512712,0.0,0.0,0.0,0.0066180871911524115,0.010141749337602557,0.0,0.0,0.01105355052949646,0.0,0.0,0.0001599181496617641,0.0,0.017661200195966172,0.0016370381562001795,0.004222805129711481,0.0021858988206200193,0.0,0.002487229605892239,0.006810557977437985,0.0005493031849373463,0.0016162911817090401,0.0012277786171501345,0.0,0.0010074255014625286,0.0,0.0060719411683889425,0.0,0.030965538833167962,0.000788724537701613,0.002149821671728722,0.004980890948158031,0.0,0.00483161958665117,0.005775358139424504,0.004840793802285778,0.0,0.0006030832181917558,0.009262326713282807,0.0015134573283195523,0.0034967369012392207,0.005080761663436079,0.0,0.0,0.0,0.0,0.0004970959128086897,0.001845961014515422,0.001157790839160351,0.009570593488189177,0.007413965814552207,0.00034220517993789157,0.0,0.0
Zotiyac_-_Fuoh_preview.wav,0.0,0.00788645523273272,0.0,0.0,0.007539393586702098,0.0,0.0,0.0009964741443226352,0.0,0.0,0.0015815034791516738,0.0006030832181917558,0.0,0.0,0.0,0.0,0.0010983653058595864,0.0014250465485958748,0.003390002320539663,0.032302727015829175,0.00406767341623535,0.002971635939457747,0.0013790658203169546,0.0029894224329679057,0.003968592514990993,0.0004674272808297235,0.018334619216347502,0.0012143882336777885,0.0005061350366924645,0.0,0.0,0.0,0.0,0.0,0.006105877313161692,0.0,0.0008824116254869882,0.0,0.00074916698557533,0.0013305195067405849,0.0001962869650146427,0.0,0.0036413924602226354,0.004299643343457444,0.0010400589642710655,0.001110588038899365,0.0,0.04921066091287884,0.0,0.00212129724740176,0.0,0.004401542827643732,0.0,0.0032387626095005152,0.00022151833380909173,0.0,0.010878737026077575,0.0,0.0,0.0,0.0,0.0,0.002524497343521251,0.0,0.0004162958948559675,0.007653714136054058,0.0,0.0006544285301748823,0.0,0.0027917645656405548,0.0014365131468325218,0.0001804906247428105,0.0003326298766851462,0.0021199233731702635,0.0,0.0013185018742052383,0.0038427465670094526,0.0032004433421472813,0.005294469752921929,0.0047539450020011986,0.004380231367919902,0.0,0.001036270362140293,0.0,0.0,0.0,0.0,0.0,0.01759816017915193,0.0,0.002428776467355577,0.0038352068223126167,0.002261117823538399,0.0,0.0003662021232915642,0.0,0.0,0.0015404965851887615,0.009402638013650268,0.0,0.0,0.03196029112756346,0.0,0.0036807145092741943,0.0,0.001956778586776369,0.0,0.007804923947667275,0.0018151125581048438,0.011230641621303003,0.0,0.003015416090958779,0.04746942440557438,0.005297100649118433,0.006604947480118528,0.0,0.0,0.0,0.0006214876521417584,0.0,0.00024854795640434483,0.000922980507257711,0.0,0.0,0.0,0.0,0.003107438260708792,0.0
Zotiyac_-_Laps_preview.wav,0.0,0.004131000360002853,0.0,0.0,0.0032984846941821674,0.0011722465935877409,0.0,0.006975319010258447,0.0,0.0,0.0,0.003015416090958779,0.0,0.0,0.0,0.0009137845292017585,0.0002745913264648966,0.0,0.0020340013923237977,0.001457265880413346,0.0005810962023193357,0.005943271878915494,0.00018387544270892728,0.006975319010258447,0.003118179833207209,0.0,0.0,0.0019430211738844618,0.0,0.0,0.0,0.0,0.0,0.0,0.000277539877870986,0.0,0.00022060290637174705,0.0,0.0,0.007650487163758364,0.0007851478600585708,0.0,0.00039014919216671094,0.0018810939627626315,0.0005200294821355328,0.009995292350094285,0.0,0.02253572322178564,0.0,0.0106064862370088,0.0,0.01830115175704499,0.0,0.0047231954721882515,0.00011075916690454586,0.0,0.0011655789670797403,0.0,0.0,0.0,0.0,0.0,0.00028049970483569456,0.0,0.003746663053703707,0.0,0.0,0.0013088570603497645,0.0,0.0007976470187544442,0.0067037280185517694,0.0,0.0,0.0035773706922248194,0.0,0.00857026218233405,0.011528239701028358,0.0028803990079325527,0.0,0.0,0.0007300385613199837,0.0026651761598890434,0.00034542345404676435,0.0,0.0,0.0006396725986470564,0.0,0.0,0.019644457874402152,0.0,0.0,0.012202930798267418,0.009270583076507435,0.0,0.0007324042465831283,0.0,0.0,0.017715710729670757,0.008059404011700229,0.006244886177400758,0.00048575529347111545,0.048230984792504865,0.0,0.00499525540544355,0.0,0.0005336668873026462,0.0,0.04571455455062261,0.01254077767417892,0.0,0.0,0.022012537463999088,0.010709565262233246,0.0026485503245592167,0.011267263348437489,0.0,0.0,0.11754254292510473,0.005593388869275825,0.0,0.0,0.0024612813526872293,0.0,0.0,0.0,0.00034220517993789157,0.0006214876521417584,0.0
