filename,0,1,2,3,4,5,6,7,8,9,10,11,12,13,14,15,16,17,18,19,20,21,22,23,24,25,26,27,28,29,30,31,32,33,34,35,36,37,38,39,40,41,42,43,44,45,46,47,48,49,50,51,52,53,54,55,56,57,58,59,60,61,62,63,64,65,66,67,68,69,70,71,72,73,74,75,76,77,78,79,80,81,82,83,84,85,86,87,88,89,90,91,92,93,94,95,96,97,98,99,100,101,102,103,104,105,106,107,108,109,110,111,112,113,114,115,116,117,118,119,120,121,122,123,124,125,126,127
2_Chainz_-_We_Own_It_Fast_Furious_preview.wav,0.00729915734204332,0.0,0.010292187361287805,0.020850975804256065,0.22250083859962422,0.00957263162556087,0.0028033709724625496,0.03235349722971678,0.0077396820592584336,0.0,0.004898162668754479,0.48122683615265877,0.010251772168152947,0.0,0.0,0.0,0.004621052146835252,0.09778489673328505,0.0,0.012543314620695795,0.0,0.0,0.21342335956407282,0.0,0.0,0.035348023331448764,0.0,0.025735134678893525,0.11201132617830359,0.08632806730533571,0.058535468229913706,0.0,0.0,0.007909000088034754,0.16507124045089702,0.0,0.0,0.0,0.012309884435593103,0.0,0.0,0.0027027902508357064,0.0,0.0,0.0,0.09853862411758481,0.0,0.0,0.0,0.0,0.0,0.0,0.0,0.19481646155551222,0.0,0.0,0.008406942047056835,0.0,0.0,0.0,0.0,0.024397544520558298,0.4198967346836077,0.0809318073708964,0.0,0.023275062974139178,0.003323198334634224,0.052602050936702095,0.03161708242556053,0.0,0.0,0.0,0.012548804888228465,0.0,0.00387368110921001,0.0,0.0,0.004378515046451233,0.004019988551564679,0.13959056529625496,0.00466209464530995,0.0051301463886965805,0.28858884329271334,0.0,0.0,0.004338697700955106,0.0,0.07643356169658715,0.0,0.010514577742465937,0.0,0.38701096983980704,0.0,0.0,0.0,0.0,0.0035395127202567664,0.0,0.004367852055811201,0.0,0.0,0.0,0.0,0.1525413859820172,0.10095151915003767,0.07198393786220147,0.0,0.01688101768374862,0.0,0.045694352189625836,0.0,0.0,0.0,0.0,0.0,0.011348560396854262,0.0,0.0027027902508357064,0.028468349162451608,0.0,0.0,0.006363148009907961,0.010545333450713007,0.0,0.2691790651053721,0.0,0.0,0.0
2Pac_-_Cant_C_Me_preview.wav,0.1516905864768542,0.0,0.017460533121203846,0.030951681916798993,0.10904664465139492,0.012179863644719586,0.0023779372643279954,0.03136411227752092,0.008206405147386952,0.059849928642243075,0.001384942586524688,0.3934427559071348,0.008695984692542211,0.0,0.0,0.023103592502440318,0.003919770950153558,0.05423344287931808,0.0,0.0,0.007159594895623819,0.0,0.04409819066202971,0.1329394849987808,0.008622819051819292,0.0412275618346839,0.0,0.002728703066619295,0.7105299201811303,0.051387439013322905,0.04610565899893997,0.0026395445281630174,0.005532308580405499,0.004472497864809432,0.020490786538838977,0.007614536544867557,0.0,0.02424206148942174,0.059169985529401115,0.0,0.0,0.01834096369908245,0.0,0.08025778281238573,0.0,0.2352751953518555,0.011761542104070344,0.0,0.007560373974661425,0.006066724832906416,0.05831203543116468,0.0,0.03602836418471458,0.24502812078846062,0.00536378804143978,0.0,0.0,0.0,0.004997236774133853,0.0,0.0,0.014486516979164568,0.05535137815977144,0.09394178473335439,0.006191452509259356,0.009871444079191648,0.00563775342921371,0.027887046151571688,0.00536378804143978,0.0,0.07342339085170607,0.0040953915940565265,0.07451097176126192,0.0548767933021498,0.00328581937610005,0.0,0.0,0.02228424463330559,0.0,0.027679463398948775,0.003954584925008401,0.009791113760963395,0.003447791616613301,0.0,0.0,0.003680266023690939,0.0,0.16067597273259074,0.02438815687793988,0.00594593829549911,0.0,0.09655264573864421,0.0552749592985621,0.008554324051469329,0.015452180060443323,0.0029100888535339747,0.039030727866774126,0.011551796251220159,0.011114987924121966,0.19405662668540616,0.02316803775022931,0.037839082487159933,0.0,0.014703639169106397,0.06044564330136345,0.09540594718211083,0.0,0.017898987239059545,0.0,0.0186621610700386,0.022462544293240082,0.0,0.022350294345486004,0.0,0.0,0.004813163318240994,0.019100921466335064,0.009170481849541225,0.024148052110216645,0.0,0.006244713593593986,0.026987449966179605,0.03801623185088017,0.0,0.05073978086292339,0.0,0.091330326706978,0.0
2Pac_-_Changes_preview.wav,0.27551751137221325,0.014345104682498201,0.13566452434814935,0.024985745501388344,0.04739964107865498,0.0,0.0,0.16615383693387187,0.201719698119228,0.0,0.013695437711623994,0.020842937599946113,0.07370825406053212,0.0,0.08887839272673412,0.010879385563759274,0.060911526333694406,0.009013518550343016,0.00656462048164704,0.20040888880450836,0.03539994613766944,0.0,0.03606666302346156,0.0,0.02436269764575248,0.01058939307239088,0.0,0.0,0.2042528265516871,0.009074299193421771,0.0,0.2572907605054758,0.0,0.09161450750205793,0.014473539163043858,0.06454176427928206,0.008182299422065576,0.0,0.0,0.045274078921225695,0.0,0.019432537829878492,0.008244632287311872,0.0,0.0,0.08746587662609943,0.0,0.0,0.01281653511177163,0.11141502360806302,0.0,0.4728351105000744,0.008482803381241336,0.05232472294627077,0.0,0.0,0.010074047200697772,0.0,0.0,0.0,0.0,0.01754136143954565,0.09859268808089375,0.0,0.01749317532521989,0.023906169960993564,0.011946575827332715,0.07485179569047255,0.0,0.0,0.0,0.011571017151972401,0.0,0.0,0.0,0.0,0.0,0.08394846449521037,0.008028593946139417,0.0456195044425068,0.19553074633832246,0.0046105947243009334,0.21917934777678347,0.0,0.08464244686726241,0.015597197596104171,0.0,0.0039821919424442385,0.0,0.016799505595908624,0.0,0.08183923033378772,0.0,0.07250752074604817,0.010914550929283357,0.008222092384736325,0.0,0.25022586796646323,0.007851002337641551,0.0,0.0,0.007636399918198656,0.0,0.00830865899461506,0.0,0.02156460647810062,0.17490021850971837,0.16688546036329877,0.0,0.05678357344325617,0.04038688931366768,0.006618542129978474,0.04209864238600425,0.0,0.0,0.044196722243159264,0.015419219022822343,0.14898279002906847,0.005685608623270347,0.0,0.24701121008231344,0.21095741282052635,0.11056923319213889,0.0,0.015928767769776954,0.0,0.004778563419444947,0.0
50_Cent_-_In_Da_Club_preview.wav,0.012038119691387447,0.009871740489814429,0.014145306726904503,0.0,0.004077322598852428,0.1697171548169951,0.002311726801084288,0.0019056762985253696,0.006382327071233871,0.05402752449390555,0.0013463807238568554,0.3490201830237388,0.04226928350283785,0.014759614305266896,0.0,0.003743384009776412,0.011431890608109499,0.22640042069718025,0.018070061179269004,0.003447839151260984,0.0,0.06895678302521968,0.04963933628669677,0.15347008216637556,0.054487733681256985,0.0765156684474821,0.031044134579391067,0.029179986017823258,0.040159661086123795,0.006244578115465652,0.055165426420175745,0.005132099925381527,0.16672633566932715,0.004347967180199799,0.16932210937003023,0.0,0.005630738728810951,0.011783536954341542,0.03045307600836022,0.007788962993260711,0.10108051218534735,0.011143927653423858,0.011347267541879532,0.030342321663579887,0.04827819035835385,0.04815247876554979,0.005717028895576109,0.05993784945773946,0.004409919320992037,0.0,0.44642127027034795,0.0,0.1342632776519052,0.005539666104377916,0.12514657394952797,0.016010951579629538,0.013865131255369962,0.008882082916752892,0.04372285896640125,0.04673794139006409,0.011695288688213276,0.010059399576945429,0.04445189899373566,0.21075254342450941,0.015047649614234309,0.01233846900303137,0.005480777771444401,0.013555284438902375,0.13557545511198862,0.0,0.007137901533594195,0.01592544370440533,0.444965928971272,0.05334882283784433,0.0,0.0,0.033161258947673654,0.010831884914190409,0.0011049929253019717,0.0059797257750208895,0.0,0.008460882998883297,0.016758962492921595,0.0,0.004480586494300783,0.021466763811762393,0.0,0.054807777714444,0.0948364058708073,0.0014450954112095937,0.03501069661517106,0.02950019827685373,0.191913937278144,0.008316140409419111,0.0,0.005658122690761803,0.029187669054762,0.007486768019552824,0.009004588368588407,0.022867076490725485,0.10135329711859713,0.09459129639504608,0.0,0.0028588472244915814,0.1567003085402049,0.011129939635949765,0.0,0.0069602456100948335,0.0,0.004186739609506309,0.009925956806460972,0.0,0.007242660158401883,0.137591770215612,0.15713405198352992,0.0023395736312492453,0.01591635600972178,0.004457571061369544,0.089990114694195,0.004781098397585464,0.0,0.003498136098353258,0.004347967180199799,0.05872769883262426,0.09043283322883261,0.0,0.013153682467980606,0.0419003311167402
Aaliyah_-_I_Dont_Wanna_preview.wav,0.003058798148829268,0.0050166740836728,0.031629126843134084,0.0,0.0,0.0,0.0070487144248760816,0.0019368736259924608,0.03892086285471327,0.13939198716604678,0.03421054924964038,0.03887494805586394,0.08592252574017617,0.0,0.0,0.015218663875094237,0.015492052126034902,0.0094564423017515,0.004591470354288297,0.024529979759607686,0.0,0.0,0.016052899181897708,0.07388644768962038,0.32801844872009334,0.014813006935502167,0.0,0.00808845925223284,0.0,0.0063468064679475305,0.010512848468403294,0.03912087141630979,0.0,0.008838293223803442,0.003374392887577523,0.0,0.017168754232490747,0.0,0.06534229904715008,0.0,0.025683818692752984,0.17216070200092282,0.005766515343123522,0.0,0.0,0.006117596297658536,0.0,0.0,0.005976150606615628,0.00299717823250663,0.036010279042875556,0.006124323444071065,0.0,0.0394124816889084,0.0,0.0,0.07750662527852585,0.0,0.5184507350958011,0.0,0.023773498391197728,0.0,0.059446854457136294,0.010710135905180563,0.009176394446487804,0.006966921581589782,0.013926255371453726,0.016532633339367633,0.0,0.0,0.3699924667365798,0.020232693714272824,0.0,0.17815859944940138,0.0032466236993569284,0.39110365820442533,0.0,0.09908289778113931,0.0,0.009116427448828162,0.11722235158790704,0.0021498484745056104,0.12945322499029588,0.0,0.05920118102668304,0.09818185760385213,0.02018287137640699,0.0,0.0,0.008812516137752646,0.0,0.019080178914932,0.06241782722273133,0.1267842264831494,0.0,0.008626125502672931,0.0,0.05326532356282983,0.0036608000503617925,0.0,0.12018127962743524,0.20830295574603672,0.0,0.020339540644447193,0.0,0.0,0.05679601093893841,0.021222569902959332,0.0,0.031205383930482767,0.004035380818043725,0.004629184590847791,0.0,0.0,0.15276269358593447,0.12840520562741436,0.07009998018601794,0.045305447894979686,0.0,0.0,0.04936177635600204,0.0657749586087085,0.13257439835705162,0.0,0.022282008594325966,0.0,0.0,0.0
ACDC_-_Back_In_Black_preview.wav,0.0709232427625416,0.0,0.0,0.0,0.05622116344885023,0.0,0.0011591204516006944,0.0,0.0,0.008335348618167183,0.0013501746243815998,0.023972854106970035,0.008477678410730294,0.0,0.0,0.0,0.0,0.0,0.0,0.0,0.0069798585464690595,0.0,0.0147074946169027,0.0,0.0,0.0073077407823677045,0.0,0.0,0.004027282503490029,0.0006262174407338584,0.041490655786990335,0.0,0.010786848107914606,0.0,0.053270347883102954,0.0,0.0,0.017725111811953898,0.0,0.0,0.0,0.0,0.0,0.04564173271617475,0.0,0.013581046486444136,0.01815493900213151,0.0,0.003685288181164955,0.0,0.0,0.0,0.011707966225095052,0.0,0.0,0.0,0.0,0.0,0.0,0.0,0.0,0.06153524735487777,0.0011730831007949302,0.0,0.0,0.0,0.0,0.0,0.0444476398400268,0.0,0.0,0.0,0.40730526132998457,0.0,0.001601665652091847,0.0,0.0,0.0,0.0005540533154656684,0.0,0.0,0.0,0.0,0.0,0.0,0.007175751319237377,0.0,0.017862720809729588,0.42004107997887435,0.01666542596288586,0.0,0.0013446966111668047,0.0,0.0,0.00376606611927122,0.0014185166096296056,0.24879428228326983,0.0,0.0,0.014332195318389893,0.0,0.0,0.0,0.04443699697344416,0.7488792084496715,0.08743020017183659,0.0,0.0,0.0,0.027290491921528236,0.0,0.0,0.0,0.0,0.0,0.0,0.0,0.0,0.023541833072859914,0.0,0.0,0.0,0.005450273880865076,0.0,0.019236776256631862,0.0,0.00329768689694356,0.0
Aerosmith_-_Dream_On_preview.wav,0.0076348178262014635,0.0,0.0,0.006542949862735736,0.006206208157208599,0.018023112980937422,0.0023458298727969283,0.0029006838439116834,0.0,0.004217273054252238,0.0,0.0,0.0,0.0,0.0,0.0037986071846227982,0.0,0.04248622476572515,0.02292079307215018,0.0,0.012360118036605933,0.27639748859286684,0.010303287144216534,0.0,0.0,0.0,0.031502104070994165,0.04576161258867785,0.0,0.0019010098268622136,0.0017493511936257395,0.001301952431132012,0.5102865562435747,0.003309081968229111,0.0,0.0,0.0,0.0,0.0,0.0,0.010257167279921852,0.003392497553442904,0.0,0.004398562552278726,0.01224760005097525,0.0,0.035775100741577436,0.4518210543222823,0.008949950725107573,0.0,0.0,0.0,0.010366388054094353,0.0,0.5873415246298755,0.021662864596735536,0.0,0.0,0.0,0.14821071613871517,0.0,0.014290917086960122,0.0011870437525788667,0.008910900354900256,0.015269635652402927,0.010433740540590012,0.002780815669132105,0.0,0.19048914312320286,0.0,0.0,0.0,0.0577538574634893,0.0019334227036452857,0.0,0.0,0.011216820231889064,0.0,0.0028032350234755508,0.0,0.0,0.0010732124617683371,0.0,0.0,0.0,0.0,0.0,0.0,0.008019621011447908,0.009531689423653724,0.0,0.0,0.0,0.0,0.0,0.00430619436487271,0.0,0.0,0.01461988146860042,0.0,0.008570706826016761,0.0,0.0,0.001450510764902971,0.0,0.0,0.0,0.0,0.0,0.0028323355052149598,0.0020144773146867335,0.0,0.0,0.028558953911566237,0.0,0.0011870437525788667,0.0013459297820199371,0.0,0.1687391681536149,0.0727744522443803,0.0,0.0,0.003309081968229111,0.05271782406594541,0.02085611751849079,0.0,0.0,0.07086408910691754
Afrojack_-_Switch_preview.wav,0.008207827335802496,0.03365373643120367,0.12345022719462681,0.02930838471561504,0.0,0.09687893199856128,0.0031523618168411835,0.010394621364276997,0.05439495530060231,0.056672355917980956,0.001835977842548962,0.0,0.011528012330616452,0.24152150442034775,0.09174416154924794,0.030627756219268085,0.041570604773778386,0.10572895225403905,0.0,0.07052414121305775,0.01423689803233333,0.0,0.049229204529980496,0.11014623964940837,0.07430162208719536,0.004968561071003553,0.0,0.0072347235444321055,0.03285797840622002,0.035764482350518316,0.00470160941420385,0.024494168355401254,0.0,0.005929059486316318,0.149402197139896,0.010094368180804695,0.007678297349404359,0.0,0.0,0.0,0.0,0.021274818811177636,0.15473581440386697,0.01773256551924465,0.0,0.08618218702592621,0.0025986553410692493,0.011676230693840151,0.008018053157679988,0.02010619876670819,0.0,0.06573482385136403,0.0,0.11708866048018372,0.0,0.0,0.09453519839459155,0.19379133574196625,0.0662469049659558,0.0,0.34288537115539064,0.0274347878061002,0.16908774717977307,0.11974603255849928,0.04103913667901248,0.007477876815853502,0.014947609350023096,0.029575232548465346,0.0,0.03245450193702441,0.1362693356794961,0.15201594080464834,0.0,0.06755223275738986,0.0522709746483505,0.06651558826619523,0.07536666707040379,0.2215617805176812,0.0015068119225713692,0.028539664461347227,0.06290972956803487,0.008653195251033885,0.1508310015800089,0.0,0.07331885294609998,0.0,0.23017029571306255,0.03363212103755196,0.0,0.017735301742695376,0.02387098318428243,0.10605467028581891,0.0,0.079381518761182,0.08193801096474579,0.003857819599832088,0.007960291277297341,0.0816740165847149,0.0196464187973744,0.0,0.09213956819285231,0.17915058538671286,0.0,0.038984367990381165,0.0,0.0,0.0820634772037221,0.08542138819399998,0.0,0.05138282892375712,0.02436376694327678,0.062108622371467546,0.3753023248031639,0.0,0.05589761453375918,0.01914200911469129,0.0,0.02431407864134587,0.0,0.026078777170450686,0.13245494393725593,0.15264628206260827,0.0948649517810611,0.006160261980653788,0.2840045776504388,0.03527750497991742,0.02242110007520494,0.0
AJR_-_Wow_Im_Not_Crazy_preview.wav,0.3104331748364412,0.0,0.004110110299700572,0.0,0.24582966145235424,0.005734141411102459,0.003358517534709423,0.02768600191456725,0.009272357516872533,0.1328328557170591,0.00391209140054707,0.01389212842618805,0.006140956178615009,0.0,0.0,0.11420754279089125,0.01660845262693125,0.1577006654009187,0.03937875615019584,0.0,0.0,0.10519071417075064,0.07539494578834684,0.035204849449882926,0.0,0.0,0.0,0.0,0.04084126554994751,0.14515573440818147,0.0,0.17148812496674667,0.10157737274854428,0.0,0.3231687874924156,0.021509023714173115,0.0081804366957242,0.0,0.0,0.0,0.0,0.0,0.0,0.0,0.0,0.017489192948531896,0.0,0.0,0.002135602897836487,0.0,0.0,0.0,0.0,0.20120311945233088,0.0,0.0,0.0,0.0,0.0,0.0,0.0,0.00292289468218939,0.26511996431736484,0.1786079272612295,0.0,0.035851091468691795,0.01592514153541667,0.01969335669538206,0.0,0.0,0.18666124998269795,0.023136765946644808,0.03006764475394499,0.16608452626931253,0.004640779282139144,0.0,0.0,0.031473507510662406,0.008026766211335756,0.22370186946943849,0.0,0.009219090215660279,0.11199949712925768,0.0,0.0,0.0,0.043274610800873456,0.1990642691927084,0.0,0.0,0.0,0.34676349258577427,0.0,0.0,0.043648264788980574,0.020550551498502857,0.09753003080856747,0.010876908837227738,0.03139686012851692,0.0996650780606358,0.0,0.0,0.022070454890579596,0.029073686257410757,0.007114280514243307,0.005389924306808517,0.0,0.010111967779420777,0.0,0.016220184709478256,0.0028841210793274907,0.0,0.0,0.0,0.009925527243156375,0.01019692170451403,0.00770785439442292,0.022666132943046535,0.0,0.0,0.0,0.0838555396872792,0.03474241940918832,0.0,0.36229696993072924,0.0,0.004777475564369474,0.0
Aleman_-_Dejame_Volar_preview.wav,0.012793478900731639,0.23500210288078494,0.00481052357795051,0.010963862258793573,0.0034665307856817165,0.0738244049201365,0.0,0.00324040366991882,0.005426240563586761,0.0,0.0,0.0,0.0,0.3388119815407055,0.17680115776349753,0.16231346318407938,0.029158105426372878,0.04746209034149511,0.01152234496873972,0.19640013715724944,0.09172257750623031,0.0732836332676304,0.0,0.0,0.0,0.0,0.14076616292543748,0.011276709320453684,0.0,0.0031854760209970045,0.0,0.05017795194882953,0.0,0.014786528875138283,0.0,0.06922967024485376,0.02872345075915337,0.04007334972998201,0.0,0.03311079679134692,0.0,0.0018949085998187305,0.33283606345093647,0.0,0.0,0.0,0.00162020183495941,0.06551875151326027,0.0,0.010028601983816872,0.0,0.21516679139515257,0.019852234085004576,0.0,0.004433306015577612,0.0,0.0,0.3096126289107627,0.0,0.0,0.45739221165396804,0.0,0.0,0.005972711767172964,0.2533108822344864,0.04429169990268148,0.0023298726570641524,0.011524673281764063,0.013299918046732834,0.0,0.0,0.22002138474476488,0.004398942591419921,0.0,0.0,0.0,0.03759150676195475,0.07674370785330771,0.0009394625763970411,0.017793824367018443,0.04249133355422476,0.002697534105892334,0.005699373351929427,0.0104315442288153,0.09904400663419373,0.0,0.0,0.0,0.006719142128691022,0.0012286169685507252,0.11162256729343521,0.0,0.0,0.0,0.0,0.00481052357795051,0.024815292606255722,0.006365233850356054,0.035216134451585425,0.024301923232646915,0.0,0.0,0.0,0.0,0.00832664129632106,0.025233734445676413,0.09136551882327978,0.0,0.0,0.0,0.0016878053679945913,0.04646795702810573,0.0800500204259433,0.0,0.0,0.0,0.0,0.1061148815898489,0.053223929982621536,0.16259517742616952,0.0051614131889910035,0.002974107685484365,0.0018483161093922854,0.0729748514686849,0.0,0.013196827774259763,0.002795808040377415,0.0
Alex_Adair_-_Make_Me_Feel_Better_-_Klingande_Remix_preview.wav,0.0257985150273715,0.006044518861790465,0.12125744468944234,0.03158432370520772,0.0724004189549059,0.0048334284017970556,0.0028309650698127675,0.07001134000304439,0.06252692141410088,0.00508943672552686,0.004946376186996086,0.0,0.04141072900705068,0.0,0.0,0.07334700186615198,0.0046665380151176775,0.0987474115008076,0.0,0.012666780779166376,0.05540333712299032,0.6502280799972073,0.140919620219734,0.0,0.005132788805072824,0.08477790605058358,0.0,0.012994225177211728,0.029507967212304746,0.0412947522892702,0.00844452051944425,0.10055718083454673,0.0065862849207585965,0.01597369966822798,0.06911788148275733,0.0,0.0,0.07936634132337028,0.0,0.0,0.0,0.030023337449583472,0.0,0.005308218250303405,0.0,0.040540523614440924,0.007001134000304439,0.3250594627200044,0.001800144600790092,0.021667543144764993,0.0,0.0,0.003574352796555803,0.06444736969323413,0.019156977118342914,0.0,0.19526294193586252,0.0,0.0,0.0,0.0,0.05173915750404052,0.13752319643061778,0.008602993060269072,0.06265353649504506,0.07051249113091905,0.02013545513131718,0.0033199889139071334,0.22349806638066733,0.0,0.0,0.0,0.0,0.03733230412094142,0.011735431399720265,0.01991134667914226,0.0,0.0,0.0,0.07688977143671696,0.05649581402966429,0.0012951608413663265,0.020523202569399754,0.0,0.0,0.01752561720947184,0.09727221237419321,0.006711818377105727,0.009678138734535128,0.035393582232660314,0.0,0.006568409918834262,0.0,0.030552100278910362,0.055188060668961245,0.0034644984196983528,0.0,0.027505125699806992,0.008821691257828407,0.0,0.04826823505147908,0.0,0.0,0.010502923566059943,0.0,0.13629841693975145,0.06316864741041545,0.004261795163306948,0.0,0.047853171979481524,0.021879776876180333,0.0,0.0,0.04595354612972005,0.0,0.01146026636921815,0.006497112588605864,0.09552880097594742,0.3401913924029047,0.023419934488026446,0.052040886123258794,0.13494141462831777,0.034609682614493965,0.19362689391285007,0.0033559091885528637,0.0,0.016108138552010483,0.0
Alice_Cooper_-_Go_to_Hell_preview.wav,0.021071076303922378,0.0,0.0,0.0,0.0023789312007365133,0.0,0.0013487868279605968,0.0,0.0009309489643606364,0.009699258094461117,0.0031422062242067983,0.0,0.0024662193123001787,0.0,0.0,0.002184093311552455,0.0,0.0,0.018450344501484688,0.0,0.0020304924426760122,0.13880429212815487,0.002632934704159035,0.0,0.0,0.0,0.003018805378622828,0.030954885218234574,0.0,0.0,0.0,0.007485863787932718,0.6307327429254888,0.0038052598981253762,0.0,0.0,0.0,0.04812608304901646,0.005922658878735661,0.0,0.0,0.005201577564834714,0.0,0.3363637743168029,0.0,0.0,0.08005499541699887,0.059950273763416446,0.005145972343905985,0.006882198842027114,0.0,0.0,0.1975441670188121,0.0,0.14299221347818813,0.0,0.0,0.0,0.0,0.04772153848190605,0.0,0.08803799160142425,0.0,0.0,0.001755923025326865,0.016797508428876888,0.004796674629741795,0.0,0.07605968802031285,0.0,0.0,0.0,0.0,0.044466567772836495,0.0,0.0,0.0,0.0,0.0019341384569377651,0.0008722241049830886,0.0,0.0012341345370543908,0.0,0.0,0.0,0.0,0.0,0.0,0.004611058675188656,0.04721623535826505,0.0,0.0,0.0,0.0,0.0,0.0033012557334651206,0.0034059339141174504,0.015288653180867185,0.014710543000053216,0.0,0.0,0.0,0.0,0.0,0.0,0.0,0.0,0.0,0.0,0.0032570280275646957,0.004633073350771694,0.0,0.0,0.0,0.0,0.021840546870108248,0.006190977043646916,0.0,0.61179873032993,0.005579104363735465,0.0,0.0020410023752198206,0.0012684199660417921,0.005271527000424196,0.0,0.0,0.0,0.012223463142560616
Alkilados_-_Chillax_preview.wav,0.11736511428579344,0.008020341357903762,0.11492420073145498,0.027939037384277093,0.09275391050639159,0.006413371617789392,0.0075126926563927185,0.07741377747728502,0.04148280990319919,0.09454288936492912,0.004375493060894486,0.038844255735781534,0.0,0.0,0.009938373609499493,0.024330637640325378,0.006191928372904772,0.04031563224365919,0.0,0.005602425827297674,0.02261953534350297,0.011204851654595348,0.03666337186619341,0.0,0.020431759388629095,0.15985416806088784,0.0,0.12069229460603315,0.1827162565649205,0.046675615429620836,0.0672291099275721,0.12091835340284303,0.13982718440355957,0.042390313279582786,0.36144932272620506,0.0,0.0,0.009573589264710239,0.13195596203107762,0.0,0.0,0.043458891460347746,0.0,0.11269375999816682,0.0,0.26407150714303523,0.08670343077455923,0.0,0.016720010583858268,0.08625058323830588,0.17271287241314073,0.0,0.5406713825845969,0.08551382109603504,0.05931095017456577,0.0,0.06758874126904742,0.0,0.1263034297110461,0.0,0.009501891551493192,0.05884420214758259,0.17487336544164334,0.05136806448837603,0.004890213095241394,0.1046997733242357,0.0,0.0528626578945355,0.0,0.0,0.0,0.00646935030946155,0.016814634105932348,0.04953542698323818,0.015571490131828071,0.017613290201560716,0.0,0.011733886866383552,0.003591026513768116,0.029149535682268357,0.006246922820646382,0.012029646377262823,0.0,0.0,0.0,0.0,0.0,0.06234036657548932,0.025683425971518875,0.07279261719705776,0.0,0.03921966482281624,0.012473709493463244,0.013512973711701093,0.02440928139837971,0.0,0.2371365713090337,0.0547439346907321,0.0526739010776907,0.01857846237977454,0.11894271486062218,0.08539015287095904,0.0,0.04645367380590296,0.007956993289823295,0.12056761454954373,0.006984759346069273,0.04523907068700594,0.0,0.04535381358473903,0.07419238483412773,0.0,0.04707466276659742,0.010162461093370325,0.07770869796256222,0.01900797450452645,0.034483512744580905,0.03621574288362313,0.019072926825708502,0.0,0.06905192635178532,0.02273661521321142,0.042390313279582786,0.0,0.0756990165559513,0.008407317052966174,0.13358462929552462,0.05673686399951319
Andrea_Bocelli_-_Return_To_Love_preview.wav,0.05419763089244523,0.0,0.0,0.0,0.05375916829914214,0.1015408709329687,0.00594730354674799,0.0036770030753172055,0.0,0.0,0.0,0.0,0.0,0.05695736178590007,0.0,0.009630480984059513,0.0024508707634972,0.32912579370454376,0.0,0.0,0.0,0.01330521366319751,0.16543665575019356,0.0,0.008087238533237244,0.0,0.006655518708754008,0.0017061452450379507,0.010331743989024802,0.0008032610418461738,0.01330521366319751,0.0,0.0,0.0,0.010676701582766174,0.0,0.19556122174946533,0.0,0.0021762674319300767,0.050096022606975925,0.019503488312666996,0.0,0.047438206044657115,0.0,0.0,0.003871259349460374,0.0,0.005507147676318097,0.0,0.0,0.0,0.0,0.0,0.014251716878877482,0.0,0.1029771219848279,0.0,0.022850642735351565,0.0,0.0,0.0,0.024585512274356493,0.024075776685169616,0.5512327426465914,0.0,0.006172205977045818,0.04406317750187886,0.0,0.09725889403398032,0.0,0.0,0.023046111840532183,0.13976589288383418,0.0,0.0,0.0,0.0,0.006966708559367285,0.0,0.023075765890901285,0.0,0.0,0.012934569564260768,0.5129388326466222,0.0,0.0,0.0,0.0,0.0,0.0009294373647920841,0.028147146331243312,0.04829630293981852,0.0,0.0,0.0,0.0,0.0,0.0,0.002316580848411375,0.0,0.0,0.0,0.0,0.009193577842900078,0.01259805414074756,0.0,0.0,0.004476598768476711,0.3653075302421603,0.0008975906134052476,0.0,0.014646908079368076,0.0,0.0,0.0,0.003009472085646202,0.0017061452450379507,0.0,0.0,0.0061500873381695065,0.0,0.001124942468060316,0.013982340289852487,0.0,0.22560346880961973,0.01996655612626202,0.0,0.017965934076035188
Anna_of_the_North_-_Sway_-_Chainsmokers_Remix_preview.wav,0.018528909490828315,0.007597224099025188,0.06531678902902086,0.013232549504281493,0.015689398206660096,0.003037515439580269,0.003558178333735778,0.07332977358468938,0.001227948837478767,0.022388807577587967,0.0010361654150351921,0.0,0.0032530152064635985,0.0,0.0,0.008642648347671516,0.00293263499362856,0.031028367663496363,0.0034766489355055625,0.013267167383780618,0.0669569689087582,0.2441158798615634,0.01562812951951153,0.0,0.0032256452247677444,0.05888593616110747,0.015927569382067804,0.044913436128625826,0.0,0.0019223138775177734,0.00796030043026837,0.013823701752674816,0.16556316116188494,0.018403912250830448,0.0025550811690675493,0.0,0.008666756183466318,0.12242514971743991,0.005208106540277471,0.0,0.015558174445705383,0.0017152581313039858,0.004366389823365081,0.010007675847208311,0.00928864144135099,0.023161136863535395,0.04253126867911984,0.026358719898564104,0.02149434412032167,0.0,0.016360131544973573,0.009274642299556705,0.024708893964808406,0.03836960299446812,0.012038993636694358,0.0,0.0,0.02050677115782755,0.0,0.017984600336373738,0.0,0.11147969162259401,0.003601039794575224,0.0189226005356958,0.03242559160894955,0.06330401017032632,0.0,0.0,0.10835094273024923,0.0,0.0,0.015320140964961123,0.019909461727584756,0.00586526998725712,0.004916669370548947,0.0,0.0,0.0,0.007653555116259805,0.008053423245702475,0.008876044761672579,0.008139297255189117,0.0025795166284456614,0.018885123073740077,0.0,0.0,0.0,0.004217969162538398,0.006082120885792038,0.06895240500650501,0.0,0.004127845678759468,0.005907826246983248,0.012800089790549939,0.005780389281589314,0.010886131504836808,0.02246263087709855,0.01440441391278586,0.013859739490969487,0.013198759486904145,0.03466702473386527,0.0,0.011691261634896836,0.026401791722643224,0.01507443598211811,0.00856552557375044,0.0,0.0026782787563503284,0.0,0.031146833516831847,0.021389056097499647,0.0,0.0,0.038505340797184213,0.010515590769591979,0.0,0.014290638768199127,0.012006806919127899,0.90634735582052,0.014718002768984783,0.03270452812129488,0.004038212495886665,0.0033461658637873545,0.0278131914840445,0.008435938325076796,0.023891354073101702,0.015184476365607828,0.0
Anthony_Hamilton_-_Mama_Knew_Love_preview.wav,0.14521053769979742,0.022154131944853973,0.0,0.02411700344951318,0.0022875789464358587,0.14172232795739578,0.002593985357724859,0.0,0.01790400033778473,0.270477237667049,0.00604308758624863,0.06437836459582379,0.04268727264519699,0.0,0.0,0.20162140208222298,0.004275902734215745,0.3654051640872345,0.0,0.034819338699408287,0.01562016341229106,0.011606446233136095,0.025318285769297615,0.03625443390826519,0.004703123732124875,0.008176964077086636,0.005805763214494729,0.1279946632665921,0.009012619724764756,0.002802812891054316,0.1470149856197239,0.025914249142932385,0.12069895759880761,0.019515391171684205,0.007450827382674862,0.0,0.012636487848701757,0.0066111450339709195,0.2240122049962682,0.0,0.1190934140050609,0.017506419532686685,0.0,0.0972773600333089,0.0,0.0,0.02352192332537509,0.009608025097699258,0.024741821010241874,0.029780633954859765,0.3657574436680285,0.0,0.08515374909721814,0.0,0.005851116364655845,0.0,0.007779022037226365,0.0,0.08722019182352614,0.09177801080496913,0.013123266813950943,0.04063549668252309,0.0026252322462728783,0.40990755766759374,0.020261935492994987,0.03384328085361491,0.009224959420855211,0.009126219241257049,0.08191562910518183,0.0,0.10412257915010897,0.0536097532352735,0.0812806850029262,0.01710361093686298,0.0,0.012163046985644957,0.0,0.04051480888772813,0.009919287927201268,0.011742223137523327,0.004313879741587799,0.007120458590381103,0.030088332788741963,0.0,0.0,0.024087825161403755,0.24510631289044196,0.006149972947236808,0.0,0.006486158027730359,0.0,0.06319497651669563,0.1722770849944154,0.0,0.11799264259871785,0.003174485714566873,0.0032751441960468513,0.0,0.016166457295560856,0.0,0.20850204950357895,0.005896708846532543,0.08523170749120972,0.041702809293350684,0.016484361889411193,0.004162963148654891,0.0,0.003905040853072765,0.0,0.00469793456500662,0.006682741214565441,0.020442939786840607,0.016253957338782165,0.14737373298416925,0.00766608245166551,0.007875696738818634,0.07441550189918145,0.017506419532686685,0.0965874415391679,0.0,0.06130870768195535,0.0019626267719440316,0.08781926027257891,0.01013819498269232,0.009224959420855211,0.0,0.0,0.015672100663692637
Anything_Box_-_Living_in_Oblivion_preview.wav,0.03167587972019303,0.0,0.10587169182303667,0.05529712143025386,0.13828038569505124,0.0,0.002703485334710215,0.08914492704504204,0.03545358657605248,0.034021798386990376,0.0015745461531943442,0.022365323438074423,0.009886495930663737,0.0,0.0,0.0,0.0,0.0,0.0,0.008064259649974034,0.0,0.0,0.0026387047279762864,0.29283253594872133,0.00490165682672902,0.3536687474196728,0.0,0.0,0.464956949908271,0.10662117603643845,0.06451407719979227,0.0030009075635643125,0.0,0.04576318859028795,0.01164802405333509,0.0,0.0,0.0,0.08705602792152493,0.0,0.0,0.05473625554087223,0.0,0.13686803816350449,0.0,0.2287702424236163,0.0735445648121597,0.0,0.010314499279037001,0.12415105877999519,0.0,0.0,0.0,0.01943534945221787,0.0,0.0,0.0,0.0,0.028406881324439318,0.0,0.0,0.021175422024398184,0.013680256245224117,0.0,0.0,0.0,0.0,0.0,0.0,0.0,0.2420784113075834,0.0,0.0,0.4055325398487234,0.011206979211417759,0.0,0.0,0.0,0.010338011107925893,0.008741355666884562,0.004495981668653327,0.0037105173547299017,0.0,0.0,0.0,0.0,0.0,0.21151620364116672,0.0,0.05407966719430311,0.0,0.006272631222930625,0.035909884487360995,0.0,0.0,0.003308490369469896,0.027307183602115325,0.004377759416844801,0.0,0.03342782866436507,0.0,0.11676690888075747,0.03553183838429931,0.0300899154163389,0.0,0.03037086100531844,0.0,0.008139768905238579,0.0,0.13056662957741355,0.19501551881635967,0.0,0.0,0.0,0.11185567408641271,0.002736051249044823,0.0,0.0,0.0,0.0,0.07099637098507668,0.010227375955803553,0.0,0.0,0.0,0.0,0.20382185132623337,0.0
Arctic_Monkeys_-_Whyd_You_Only_Call_Me_When_Youre_High_preview.wav,0.023809667487419497,0.0,0.002797738004848973,0.0,0.060482677822437755,0.019516052102285915,0.0,0.00565373000556816,0.004733746504575174,0.08630892133064606,0.0013314736091815764,0.0,0.0041801278394584624,0.0,0.0,0.0037019372973283245,0.0,0.16868704733707535,0.004467497408082913,0.0,0.0,0.030686982378288808,0.20974702828238148,0.0,0.0,0.0,0.02046694280942731,0.07870065133053794,0.0,0.008645613487659413,0.003409664708698756,0.0,0.12233057725251074,0.0,0.1444644033171548,0.0,0.005568395242715525,0.09322455795461722,0.06023179967606724,0.0,0.18492849695949967,0.004408216876622536,0.011221630702684964,0.0,0.011935913672518315,0.00892862530778231,0.00565373000556816,0.0846774545055516,0.004361092735865031,0.0029162523009170992,0.24526583232034818,0.0,0.07793415933738333,0.021913323894084808,0.04125365075438667,0.0052778928249191896,0.0,0.0,0.07206459980720965,0.0,0.0,0.12335547279641948,0.02776403872885514,0.22926100257671894,0.05059554341076642,0.0135576195451201,0.02168037860661793,0.016086240548940377,0.5775511105614132,0.0,0.0,0.007874558670960659,0.4400392704026872,0.0075368778820825415,0.0031589625637789575,0.010719537545988157,0.0,0.010711954386588448,0.009834826086499378,0.017740554922924572,0.0,0.009413104704889467,0.0,0.0,0.0,0.035381806675527136,0.0,0.02439042593244517,0.015631063013252813,0.011432762627576294,0.0,0.010608571767193702,0.0,0.0,0.0,0.0,0.017318702074974077,0.0,0.016028801371987235,0.0,0.12250469533974154,0.0,0.0,0.059371075994728774,0.0629546629570903,0.018344515082132973,0.0,0.0,0.0,0.03174294452163853,0.0019632113412645885,0.00900838666717495,0.0,0.09895880395168792,0.0,0.006941009682213785,0.05509045593137655,0.0,0.17798748998620217,0.037825296969787446,0.0,0.0034594047684672327,0.002149913264295651,0.022337487040414564,0.2655846379310696,0.005116735702356827,0.013008045019762621,0.0
Ariana_Grande_-_pete_davidson_preview.wav,0.010098774048680315,0.041406996785872056,0.12341152152685984,0.050484767772492965,0.023943250684900004,0.0,0.00775722695069435,0.03197342249803646,0.1606239528668564,0.0627558505346544,0.011294782791914518,0.0,0.0212758115505448,0.0,0.0,0.050245174843006196,0.05114777973534615,0.005203485675483474,0.015158967477771864,0.10412607448228092,0.0992621058942648,0.005784781915682273,0.0037856745823583904,0.0,0.12658081608972252,0.07947205224401388,0.05208582547628092,0.03560593340514953,0.07411783383704847,0.0440040234095137,0.028923909578411365,0.10332760039677673,0.05414193283808984,0.06565514436577137,0.011140725757324695,0.04967976993252274,0.028341747518973923,0.0,0.11354255078584252,0.0,0.008479640337975818,0.16453600568734897,0.0,0.07272617756838752,0.0,0.010098774048680315,0.07353887174548387,0.0,0.07645591272041032,0.16822065817254678,0.0,0.030329637158166788,0.0,0.06041390935268002,0.06999027565115713,0.08954387476460579,0.10468308021817367,0.0,0.040754544248107934,0.0,0.009811173249992845,0.0067510611954218775,0.06673069272028982,0.01768002288390194,0.03029632214604094,0.004600327543305103,0.16092378386598005,0.050034701114728325,0.0,0.0,0.0,0.0,0.0,0.19180417400754807,0.03751611302205675,0.0,0.0,0.042405366038233416,0.005561868878575053,0.01504916906206116,0.18705745171642807,0.01419566308502042,0.14059087286481126,0.0,0.21049068951005268,0.0,0.04997606439687506,0.022989111980854293,0.0,0.024245799860307685,0.0,0.04499582756151695,0.01287972234235998,0.055811256312334606,0.0,0.023732984909011507,0.0,0.15701617138439436,0.0060431566169462814,0.0,0.018894498345982617,0.3526782342737638,0.0,0.01918628682882606,0.0,0.012449202858961712,0.11539375490855536,0.1926852643829846,0.0,0.051513062661045654,0.029976773056813164,0.06877567306533057,0.036455189178792674,0.11542568390971533,0.16047615248192415,0.31402678927195216,0.12907150859366703,0.05609182012068715,0.006564580271811098,0.09626067922803631,0.07129953115247338,0.0880375514310826,0.41946342233687267,0.0,0.0,0.0,0.049655786577090605,0.0
Ariana_Grande_-_Side_To_Side_-_Slushii_Remix_preview.wav,0.006960481879792195,0.0,0.008724122254378302,0.0,0.012573449805535696,0.0,0.0,0.010284106354680002,0.006150472148627069,0.02563191713234207,0.0020759518090768185,0.04054522863098703,0.006517398385259893,0.0,0.0,0.0028859165425747673,0.0,0.002390967958511358,0.0034827236763845465,0.0,0.0,0.04518718685691043,0.001739492946125729,0.2677675636125034,0.0032312813874265283,0.202247408314789,0.0,0.026586130571431638,0.41796815517575064,0.002888509098359762,0.018606488705786645,0.009891325625506632,0.004146311232541217,0.0,0.1382154654595,0.0,0.00434094979354323,0.0,0.020868826612566716,0.0,0.007792679604491011,0.02061906237582709,0.0,0.03675892820140265,0.0,0.5336369441174017,0.014691580506685715,0.0,0.003399773864138281,0.040921571995565696,0.0,0.0,0.0,0.006406107685938356,0.0,0.0,0.03741204226608695,0.0,0.0037452898129446926,0.0,0.0,0.021714482190617973,0.005410997824984454,0.0,0.0,0.0,0.0,0.0,0.004020009781081644,0.0,0.3411784790977347,0.0,0.0,0.2085809017919537,0.0,0.0,0.0,0.0,0.0008518809062144587,0.0,0.0,0.0,0.0,0.0,0.0,0.005516513813714661,0.18370942267168042,0.06971809697466258,0.006092748161959763,0.022281575931921267,0.0,0.004135058254245825,0.20713521424819725,0.0,0.028952446714012422,0.0021810305635945756,0.0,0.0,0.0,0.21595642027877304,0.06511424690314845,0.08507801605712233,0.0,0.02865191714021106,0.0,0.0028601640324511716,0.0,0.010731834027231333,0.0,0.02474582396928833,0.0290787252711926,0.0,0.0,0.0,0.026334911594333297,0.007214663766645938,0.03476647843956445,0.0,0.0,0.0,0.0,0.005393691274018453,0.011732044141608333,0.01044817102915364,0.002112669605292805,0.003988849897071839,0.3016849953135186,0.0
Ariana_Grande_-_The_Way_preview.wav,0.0,0.0,0.0,0.022261456067077023,0.0,0.0,0.0059860143073453284,0.0,0.21277839891690062,0.026903759234079356,0.0174316754738512,0.0,0.18059680922910065,0.0,0.0,0.0,0.0148009402988392,0.0,0.017546565953907522,0.07588696167433906,0.009011473541147492,0.0,0.0,0.0,0.38528756079466114,0.0,0.0,0.0068690019044283625,0.0,0.0016169788715941786,0.0,0.05980105696115436,0.04874294870647217,0.3011697067521106,0.0,0.07667271190901188,0.0,0.0,0.017523461355883105,0.0,0.019630435736982924,0.2135360703227333,0.0,0.0056120562439382704,0.0,0.0,0.11596267828689537,0.0,0.23599473901407825,0.04963351309900734,0.0,0.0,0.0037789457750352787,0.0,0.0,0.23493409748125343,0.0,0.0,0.07547767876612424,0.0,0.0,0.0,0.0,0.0,0.031171657772182133,0.08342339687773402,0.031931987730851666,0.0,0.0,0.0,0.00924148577688249,0.005154692902113234,0.0,0.019734587065118936,0.004135719241156231,0.5332934082079851,0.0,0.0,0.005722565016999859,0.013548479657361171,0.014932396848199985,0.04792531694034199,0.0,0.0,0.029005216844398232,0.21771303514754384,0.0,0.0,0.0,0.028064611061271463,0.0,0.0,0.0,0.010766959021569171,0.05834697931841542,0.007325606850197276,0.0,0.0,0.08860305645425134,0.0,0.007290152663320023,0.0,0.0,0.0,0.0,0.0,0.05008827615092329,0.0,0.0,0.023489257863748527,0.01799167773665505,0.0,0.0,0.08097314809090607,0.03538129396166478,0.17568551589752554,0.16829054665849486,0.20776482517887562,0.0,0.0,0.0,0.01811623477649881,0.11540147641903303,0.0,0.0,0.0,0.004257538748235633,0.0
Armin_van_Buuren_-_Save_My_Night_-_BlasterJaxx_Remix_preview.wav,0.0,0.00398359651708377,0.0,0.02081542051293104,0.00987206346474013,0.0,0.0037314541818640073,0.05844459302520084,0.0,0.020124939182724153,0.0021732490102465067,0.03086947748532522,0.10234290744287784,0.0,0.014808772618112228,0.0,0.009226344565507054,0.0,0.0,0.005565300282599509,0.016852232004495846,0.0,0.0,0.33246957665823373,0.10148182216487289,0.002940645627541073,0.0,0.0,0.34680506082724527,0.06954946582477249,0.025043851271697795,0.0,0.0,0.0070182342954860436,0.12325738096218906,0.0,0.009088809095759223,0.0,0.008192595665479691,0.018858732692778275,0.012236868768037151,0.0179878761734537,0.0,0.02798674331880964,0.08766880979345658,0.5295009809011658,0.001538015605926338,0.0,0.0023727446057899815,0.00951989191958951,0.0,0.00486314899759934,0.0,0.002235451248133622,0.0,0.04307323584503188,0.011190141927817103,0.0,0.007841653494536574,0.0,0.0,0.0,0.07363985667215368,0.0,0.0,0.0,0.013270126335126024,0.0,0.0,0.0,0.0864118735227629,0.0,0.0,0.09226344565507055,0.005156100892873319,0.07436043257354849,0.0,0.0,0.005350844836138378,0.0,0.009308289590303236,0.0068285312160669175,0.0,0.12873112912935258,0.003616150317485646,0.025987795862896748,0.20033296657010943,0.06413894395310911,0.0,0.002332588484427021,0.0,0.0,0.17967022609142463,0.04027028223206176,0.23641340417661325,0.0,0.037690422484930396,0.0,0.0,0.3737208101765254,0.0,0.04665336429331231,0.0,0.011536459916171629,0.0,0.047907460090271525,0.0,0.0,0.06945486841597598,0.002252663393866494,0.01762408876291426,0.011027706786687403,0.0,0.03533291161436445,0.02205535612419268,0.0018882014531321455,0.027832188443884142,0.0,0.0,0.0,0.024497978776517885,0.0,0.0,0.0,0.0,0.012527406541322764,0.31051660825563454,0.022544354533836367
Axwell_Ingrosso_-_Sun_Is_Shining_-_WW_Remix_preview.wav,0.001995767988368599,0.0,0.03752180715918074,0.005701166324595649,0.010815496279690064,0.0,0.0,0.0012637481102669942,0.0021162182112510306,0.002756024685684488,0.0017857031614347462,0.18706437190190833,0.0,0.0,0.0,0.0,0.0,0.0,0.0,0.0,0.0,0.0,0.0029925724090594363,0.08570407934293028,0.011118002573631587,0.2198790545303871,0.02058689948546759,0.007036614716146432,0.7723238094155325,0.03478514158522291,0.020577892445606014,0.0,0.035665958351575926,0.011533407455888045,0.07265555432510476,0.0,0.0,0.0,0.0,0.0,0.0,0.011824142451780841,0.0,0.01437249476102156,0.0,0.12373761527885313,0.013901229212936933,0.0,0.004874058982495309,0.02151119259561957,0.0,0.0,0.0,0.0,0.0,0.0,0.018389307183110104,0.0,0.0,0.0,0.0,0.0,0.02792676365706635,0.0,0.001995767988368599,0.0,0.0,0.0,0.0,0.0,0.0,0.0,0.0,0.05054034330299303,0.0,0.0,0.0,0.0,0.0007327754048729773,0.003965451611034393,0.0,0.0014027073891435292,0.0,0.0,0.0,0.0,0.0,0.04906675625709054,0.0,0.010541455839762853,0.0,0.0,0.2494445234394625,0.0,0.0,0.0018760903579590374,0.017420206923724074,0.0,0.0,0.2198821796284497,0.0,0.003484897903275292,0.0,0.19148012745353626,0.0,0.027062980585110082,0.0,0.0,0.0,0.0027764338958236427,0.11848306294009232,0.0,0.0,0.0,0.0,0.0,0.014073229432292864,0.0,0.0,0.0,0.004025872593866018,0.0,0.0,0.0,0.0036345745375622623,0.0,0.3423721273974514,0.0
Baauer_-_Harlem_Shake_preview.wav,0.03238147074219815,0.04779738624243413,0.38354013287834005,0.06937635722647562,0.01754821594414983,0.0,0.002487335753168229,0.1742873885748328,0.02918541619939773,0.0,0.001448657735098678,0.025721458474573546,0.0,0.0,0.0,0.0,0.041001024605678275,0.0,0.0,0.3598459636510569,0.14603504233271303,0.0,0.0,0.0,0.0,0.05488542380749633,0.005567063967742479,0.0,0.2938304878815775,0.026875775118001533,0.0,0.1352879427047906,0.0,0.014034773766312385,0.0,0.04778908832283486,0.0,0.386699323173805,0.0,0.0,0.0,0.0,0.0,0.0,0.0,0.11333514759769353,0.0328070378493803,0.0,0.006326554960586749,0.25066021774907965,0.0,0.10373465172697262,0.00628097859638946,0.07748628610544123,0.016831657379732853,0.0,0.0,0.0,0.0,0.0,0.0,0.0,0.045311363122162655,0.0,0.012952588296879262,0.01180066974703956,0.0,0.0,0.0,0.0,0.0,0.0,0.0,0.004100102460567827,0.01718492774227214,0.0,0.0,0.0,0.013078263615292417,0.012867944176945801,0.47569957851883204,0.02389697348261043,0.09737305442214253,0.0,0.0,0.0,0.0,0.0,0.008503383088412197,0.004664613674965879,0.0,0.0,0.0,0.0,0.0,0.003043969308558255,0.0,0.14499892622067778,0.0019377233141258277,0.012302080180741118,0.0,0.033925622663193544,0.0,0.0,0.0,0.015967225177944747,0.03700072385412033,0.00748897652988272,0.0,0.004504782794855408,0.05980786679904777,0.009801222447198442,0.03117137812580688,0.0,0.0,0.0,0.0028542387552432007,0.04076759627403746,0.0715671619285727,0.005144291694914709,0.013064011084440037,0.15996447191296886,0.0,0.0,0.0,0.005567063967742479,0.07076447068287751,0.0
Baby_Bash_-_Suga_Suga_preview.wav,0.01693428709313898,0.005554717575472612,0.047756431989348896,0.0,0.0,0.1687870534729898,0.005203130898719709,0.010723026643075227,0.005386895713817106,0.04677027944646991,0.009091119862158124,0.1667967651950635,0.023784451406325575,0.0,0.020649317565229655,0.04212720334839161,0.008576795381694619,0.08725546278083958,0.0,0.0038801207853210048,0.0,0.0077602415706420095,0.05840222181132449,0.0,0.07546987368528238,0.057406010454833,0.0,0.4328711527822211,0.00903895622014305,0.002811003214290594,0.019400603926605024,0.020214425185516634,0.0,0.0,0.08219860044007227,0.0,0.04435694878418734,0.006630463988497979,0.07996615233403838,0.1051862893146641,0.4607026445883247,0.06521385534247334,0.06384980086693202,0.0,0.05433119170267039,0.01693428709313898,0.0,0.00963610147463601,0.0016542747373343345,0.0,0.0,0.040686980862533494,0.03284714756285338,0.015585539704972708,0.0,0.4444530156971334,0.0,0.04997848366799984,0.021868766226734084,0.0,0.013161615359251713,0.03169774293032911,0.023696132822411908,0.2846114177924911,0.006773714837255592,0.01079978359268044,0.20662613317913164,0.05491732616909192,0.08215500130252537,0.0,0.0,0.0448053421447482,0.01746818609559318,0.12007513534372465,0.0,0.10368801156559251,0.06219822738502853,0.028443240310933805,0.0,0.06897685386000356,0.0043264856738634795,0.0,0.01508812815363915,0.0,0.005042351462540449,0.040263690196188,0.0,0.012335888548007858,0.0,0.04716206017119838,0.04925031508336528,0.01509039133358324,0.0,0.0,0.0,0.0,0.006569429512570677,0.025276322009034968,0.0,0.0,0.0,0.17741820270175368,0.0,0.028955542431192288,0.03857590837070779,0.0,0.0,0.0,0.0,0.018846651098130076,0.0,0.005125669433176264,0.0,0.014076608145804586,0.0,0.1290122786997982,0.18508973429308762,0.007524675616439231,0.004403167609570687,0.01076108162548797,0.0068319847499564105,0.011810171521607717,0.03914483730742873,0.035587372139766614,0.06476341487704125,0.01746818609559318,0.0,0.03143579471960693
Babyface_-_Tender_Lover_preview.wav,0.013756219977225008,0.015040868753295578,0.03879395572778701,0.3209206037227197,0.06212326401556189,0.0,0.0070444273620159205,0.127755910253745,0.07536330755099689,0.15197149993343276,0.014359691734476614,0.0,0.03864162025640793,0.0,0.0,0.0,0.052253875519525414,0.0,0.013766033398154884,0.010506454502141258,0.06362898669398025,0.0,0.0,0.03692075479395451,0.07024691706055719,0.2109569656811923,0.0,0.016167079622886427,0.0,0.028543258390350868,0.021012909004282515,0.050826201282306194,0.01638897145166587,0.32792207073723767,0.0,0.0,0.0,0.14362989623783445,0.020621860275398477,0.0,0.007700459300284358,0.2852507252588789,0.0,0.1783174002546934,0.0,0.0,0.3774606439315193,0.0,0.15453884845598692,0.3279914090654331,0.053982566120471115,0.0,0.013341352517935402,0.004220197588206389,0.0,0.0,0.0,0.0,0.1110290166006407,0.0,0.0,0.021457508177192008,0.0,0.0,0.0,0.01462163695763423,0.008350671212572028,0.024783867165408414,0.0,0.0,0.10875512808659306,0.0,0.0,0.20901550207810166,0.034068815411595336,0.0,0.0,0.0,0.005050797348229174,0.006833162094535463,0.10543595073823664,0.016114056945492315,0.0,0.0,0.0,0.010902460323785073,0.12102357632726098,0.025052013637716083,0.0,0.10788766494445069,0.0,0.020430615274349303,0.0,0.05068284627664555,0.022887853614452957,0.012931318575929005,0.017788470023913868,0.005703527928264122,0.021951441202350513,0.0,0.1715831211153241,0.07206101475975459,0.0,0.034846577203821553,0.0,0.0,0.0,0.005302415557831688,0.0,0.11056998016579717,0.2873460116670541,0.0,0.0,0.0,0.09368373020889581,0.053469628728488594,0.0727518583029889,0.010187525902102815,0.0059613711421394894,0.0,0.0,0.029314236223016064,0.009937032446582958,0.0,0.0,0.0,0.03507232799507027,0.0
Bad_Company_-_Ready_for_Love_-_2015_Remaster_preview.wav,0.0,0.04116762665792836,0.0,0.0,0.0,0.00759674039366231,0.004449451799244152,0.0,0.0051184423149876765,0.0,0.006910454564582265,0.0,0.013559498715148681,0.0,0.0,0.004803337692484292,0.0,0.01193862644384729,0.028983336247763225,0.030968757137221616,0.0,0.06414956835567334,0.0028952230290352527,0.0,0.02151266047271243,0.0,0.026556267691889936,0.08339446329160762,0.0,0.0,0.0,0.0032926369494554334,0.006901146562702532,0.0013947777323802906,0.0,0.0,0.0036125521055271293,0.0,0.002170887913494297,0.014991657054092508,0.02594037015104397,0.03145862265812618,0.003640072575259854,0.0,0.6117399263119557,0.0,0.001222637962131968,0.005493534550459277,0.013203411804230656,0.0,0.0,0.011597809327274965,0.0,0.0,0.17061870557564135,0.4451311483511576,0.0,0.0,0.009350525974537224,0.04497897790375749,0.0,0.021943187806372156,0.0,0.0,0.04634027973827809,0.01143433365780748,0.27954907880194596,0.0,0.0368001129672952,0.0,0.0,0.030652192166951534,0.003319533461486242,0.0,0.0,0.03477203596736046,0.0,0.002316495847656411,0.0007089379761960969,0.004795567682019827,0.024665263845546938,0.0169634606156559,0.0021504327640163457,0.007871859976092268,0.01437320479030715,0.05279489218218673,0.0,0.0,0.0,0.02781419661903878,0.16284990229846227,0.0,0.0,0.0,0.0,0.0018150605119764422,0.0,0.0,0.006932563467149564,0.0,0.05057572947737981,0.0,0.0,0.0,0.0,0.0,0.005515705479794043,0.0,0.07729792977019241,0.0017907437158853655,0.0,0.011688561893833918,0.0,0.10031330279911647,0.0,0.028519313191150298,0.09360603022527386,0.024308935690370227,0.01757169890833618,0.3312837861596759,0.0,0.0033664851637136236,0.004184333197140871,0.28693502885285593,0.0,0.009958600384458725,0.0,0.2016171456645104
Bantu_-_Roll_With_Me_feat_Shungudzo_-_Friend_Within_Remix_preview.wav,0.003770484683570271,0.0,0.03544384918940768,0.0,0.03575786904316219,0.0,0.0,0.026262758063888683,0.023988264364747824,0.010413584069368001,0.006747243626346018,0.25157963772322234,0.01059140065849077,0.0,0.0,0.0,0.0,0.0,0.0,0.0,0.00436006621291952,0.012958859068873554,0.050883187067507385,0.050598616730081286,0.0,0.25106853392826417,0.0,0.17946702735065365,0.46288848967155843,0.06571748035207131,0.017278478758498073,0.009644614603913916,0.04716708822430756,0.02178937452411402,0.22877296388799143,0.0,0.0,0.01476298516500573,0.016956927508541036,0.0,0.0,0.0027923303379089152,0.0,0.0,0.0,0.041475331519272976,0.0143251407621211,0.05363788392687106,0.007366613693544223,0.011083583227538336,0.0,0.0,0.04022449622883108,0.1561581381537059,0.0065329034264321115,0.0,0.0,0.0,0.0,0.0,0.0,0.0983026390913159,0.09379619296149092,0.004400683037867383,0.0,0.018893393300620984,0.010299875314947176,0.06793086451185358,0.37237549530663033,0.0,0.0,0.0,0.025929062444313238,0.033418993090840815,0.004002011357443391,0.0,0.0,0.009047139633137321,0.006921942973013255,0.02434799165656781,0.004816544055638968,0.0013250254431177184,0.037793590169114516,0.0,0.011226991047287593,0.013447300115478742,0.0,0.2609301746453284,0.0,0.13216543730689193,0.0,0.18143644372440842,0.12502831385737928,0.0,0.0,0.0035443849189407683,0.09507608199541892,0.009379785172717172,0.011281383935701514,0.2936520419254357,0.0,0.0,0.01903262486022133,0.042980425311403885,0.21472688939691728,0.004648042274845066,0.05385435689582865,0.10464158911006846,0.0,0.024478299675818715,0.09451146355635894,0.0,0.0,0.00783552846341559,0.0,0.0,0.019940780816739296,0.0,0.11764588097343939,0.0,0.0,0.03286975603670474,0.0,0.0,0.08583229429122648,0.0,0.18951505212423841,0.0
Barbies_Cradle_-_Pangarap_preview.wav,0.0,0.388871823314759,0.0,0.008683613075460252,0.0,0.0039866253709487,0.0023349879699033163,0.0,0.0016116369075629352,0.0,0.0013599283408579777,0.0,0.012808382257271815,0.05963251683035623,0.0061778070473412555,0.0,0.04233871080517649,0.03759098924719923,0.0,0.027860257316149956,0.2214538618598487,0.19850433337756843,0.006837111764779071,0.0,0.0,0.0,0.24562598220315188,0.0428706942244411,0.0,0.0,0.0,0.005183740388564472,0.043459090951889594,0.01976272877289215,0.0,0.0,0.05118656957451866,0.04165737039704551,0.0,0.0472040248322304,0.0,0.0,0.0286536164103989,0.0,0.0,0.0,0.019248516864101436,0.0,0.0044542930236959105,0.0029785751108857405,0.0,0.018258931534680188,0.03242949888735317,0.0,0.07900364364792785,0.15632989156569377,0.0,0.0628001964765122,0.0,0.0,0.25988533088414456,0.012192743702552246,0.0,0.0,0.5471662607756159,0.2146340410850006,0.2906361526767636,0.0,0.13693964898974156,0.0,0.0,0.0040214223678720845,0.08361735564362618,0.0,0.006452944599980473,0.0,0.0,0.0,0.005580558191820484,0.021139633409561855,0.0,0.010682523129401386,0.0,0.0,0.004525671267641346,0.0036137946195105965,0.0,0.0,0.0,0.0700625433549512,0.0,0.0,0.0,0.0,0.0,0.0,0.0,0.0,0.167351583797407,0.0,0.0,0.0,0.0,0.0,0.0,0.0,0.0,0.0,0.0,0.0,0.0,0.13801355411349756,0.00731553760246855,0.0,0.0,0.004726230003569374,0.04822953100249623,0.06753636371567642,0.023711900233788868,0.24146034981404008,0.0,0.0017666676059879195,0.0,0.03650377323931163,0.0,0.031356508366359816,0.0,0.0
Bastille_-_Million_Pieces_-_M-22_Remix_preview.wav,0.0,0.0,0.016934327215536966,0.07719144414445968,0.0,0.019688001025755943,0.00922509466409069,0.0,0.00795908974052769,0.0,0.0,0.6057671728891242,0.0,0.0,0.08542570431615247,0.0,0.16727221731659925,0.0,0.0,0.03439706039444426,0.0,0.0,0.0,0.008058319021558269,0.1003554507736403,0.014540033437612468,0.0,0.0,0.24038957048699924,0.02616536064587428,0.01719853019722213,0.0,0.0,0.045545962930863805,0.198732582644358,0.04431034924891033,0.028087281863107126,0.0,0.027005546854806547,0.10101766479120185,0.0,0.0555882011470788,0.0,0.0,0.0,0.06305104552284584,0.001901180996470341,0.0,0.0029330111714233643,0.0,0.0,0.0,0.0,0.09395217585165211,0.0,0.005324394442391749,0.03458106195248643,0.0,0.009693271347359918,0.0,0.0,0.0,0.14937950772910738,0.03504256650045241,0.0,0.0,0.0,0.016227970635054784,0.0,0.0,0.042726383575783754,0.0039719692891445404,0.010323634844643994,0.04181805432914981,0.022307565335974888,0.010813983540058511,0.0,0.007204222378777175,0.0077167044933639795,0.0029828100964394326,0.007670812186186527,0.0,0.13375543805317505,0.0,0.026820103401394894,0.007138708612478899,0.0,0.30346562828748364,0.0,0.0,0.0,0.40132650306203166,0.04595069550395431,0.0,0.0,0.0,0.04367822734200854,0.007469107473693141,0.0,0.2965707591233333,0.0,0.05242675826392775,0.0,0.0798588976198071,0.07328000062436985,0.0,0.025730481381486564,0.11457314679630892,0.0,0.016707454018129692,0.07129830567824541,0.040894903465305735,0.03612787719431045,0.0,0.0,0.004668109616534606,0.0,0.0,0.0,0.0,0.006056517440055184,0.00348988434100923,0.008675421510640723,0.0,0.09568736027082816,0.041294539378575974,0.09185857961688783,0.0
Beartooth_-_In_Between_preview.wav,0.0016369258684352376,0.0,0.0,0.0,0.15634879466295665,0.0,0.0,0.0,0.0008678594790174512,0.015823410786398852,0.0021969465253487614,0.16903295533410428,0.00689725824761692,0.0,0.0,0.0,0.0,0.0,0.002457140429473802,0.0,0.0,0.0,0.003681755007173375,0.0,0.0,0.003963614639186757,0.0,0.0,0.2795956143467151,0.0006793028623553864,0.0037506569076170525,0.0,0.0,0.001182460406581348,0.20225155201104372,0.0,0.0,0.0,0.0036808574516776164,0.0,0.0,0.0,0.0,0.016503617678774667,0.0,0.04747085018462188,0.0,0.0,0.007195852374927401,0.0016039497679763211,0.0,0.0,0.0,0.0,0.0,0.0,0.0,0.0,0.0,0.0,0.0,0.008754319410974055,0.01654285322015203,0.0,0.0,0.0,0.0,0.0,0.0,0.0,0.0,0.0,0.0,0.04767107960924736,0.0017374413282505554,0.0,0.0,0.0,0.002404085090011265,0.0,0.0,0.0011504984670143048,0.0,0.0,0.0,0.0,0.0,0.014905362537042777,0.03009000270623356,0.003930039111769961,0.0,0.0,0.0,0.0,0.0,0.0,0.011112910061684881,0.0,0.0,0.08706408310246382,0.0,0.0,0.0,0.06375366416731244,0.6392363472463887,0.6255522553460396,0.0,0.0,0.0,0.0015181512388752884,0.0,0.0,0.0,0.0,0.007431950622304829,0.0025450543415618506,0.00432856551545641,0.0,0.0,0.0,0.0,0.0,0.0,0.0,0.09688485649077805,0.0,0.0,0.0
Bebe_Rexha_-_Im_a_Mess_preview.wav,0.3337593961221664,0.00977485992420402,0.022410377093369734,0.01702547090338477,0.08882077692736329,0.0,0.0,0.04528737901450548,0.2401482717959583,0.008230354180810426,0.021330679012769017,0.07574683255655594,0.016741782293123255,0.0,0.0,0.14826586811443798,0.0,0.049135023105860695,0.0,0.0,0.0,0.18435612424120673,0.004468379939812323,0.0,0.0,0.021647071162452687,0.1332043683965762,0.12608123210639044,0.373796047817381,0.24238513522051716,0.034140023007630874,0.06606254015813876,0.021301947762387245,0.025831779219890105,0.006574917416431456,0.0,0.0,0.03500368245879671,0.06700935925804169,0.0,0.0,0.048552072503560084,0.0,0.06008908851334884,0.0,0.10727980589641063,0.037739482512087905,0.0,0.05822187577994618,0.023359697602023062,0.0,0.0,0.15028636130145756,0.17552960676963014,0.0722857300028128,0.02113842830526485,0.0,0.0,0.00962083686870892,0.0,0.03474153584720951,0.11952812805931506,0.1806958311972101,0.013912282187522197,0.011919978432934516,0.22534278920455564,0.027134949022838,0.06442681839607586,0.02065306571508937,0.0,0.028271402683502225,0.03153830504397409,0.030739469629979123,0.03773232946388446,0.01897788735634648,0.0,0.0,0.20736124347110665,0.0,0.15098654977361006,0.0,0.004188924244640376,0.039826778918020854,0.0,0.008873228668290045,0.04959754450991302,0.0,0.0976858164822168,0.0,0.0829929741065408,0.0,0.07435447195153119,0.01520244059358653,0.032938105573564386,0.029749021378561554,0.0056025942733424336,0.057802446654406744,0.07413293405721899,0.07132974378237372,0.09057064245298134,0.03345287433398827,0.062441989384712245,0.0,0.01698474419557799,0.029092961766224345,0.044082844770284416,0.03405094180676954,0.22743396225303242,0.0,0.08844055982877129,0.14153103598664216,0.02705953995661569,0.0,0.02477117350497193,0.0947081431550009,0.004633226440954105,0.021013538684398408,0.008827649546101834,0.09298117361659103,0.06627847848698645,0.04809007336754827,0.10391416911481467,0.26692838527219775,0.026839084308091208,0.0,0.0,0.0651229657752002,0.02765941614628767
Bell_Biv_DeVoe_-_Poison_preview.wav,0.03405833034462838,0.24491756080462723,0.07142030462087877,0.05238798567579536,0.09228471126944225,0.006871770047563436,0.002012416379769364,0.06801650698152109,0.016667929185886752,0.0036178707888216343,0.0,0.0,0.011038942634872926,0.0,0.005324361518504497,0.006517420045921855,0.03980699432251345,0.010799302247358776,0.0,0.11405436975641976,0.5453162129609169,0.033015738613700454,0.0,0.0,0.0,0.006343696735415512,0.06756175177580298,0.01385558861245248,0.0,0.00978491243046221,0.0,0.08711863269411038,0.004681918472854621,0.022710089361847537,0.0,0.0,0.029410198928556865,0.5693115395778465,0.0,0.0,0.0,0.0019402139157789918,0.0,0.015093574227685893,0.0,0.0026198715649714144,0.016589391946712464,0.0,0.017915080362161225,0.22333716808563123,0.0,0.03671853468449843,0.005081720146648833,0.002411209404518382,0.013617905410033866,0.0,0.04224481037943144,0.0,0.0,0.0,0.020362086481198877,0.00525417635071625,0.0,0.0030577565816933007,0.04715768816948545,0.03819003696777568,0.026241352679635323,0.011800216368337764,0.0045393018033446225,0.0,0.0,0.01039762475959794,0.0,0.006634499053752243,0.01112297928565574,0.0,0.0,0.0,0.015390786567782665,0.016917880951263228,0.10040136379112903,0.011048117489237041,0.0,0.0,0.00780092669071022,0.0,0.0,0.0,0.22703306693905959,0.027675822609592754,0.0,0.0,0.0,0.028957638365445813,0.0,0.0,0.0025408600733244167,0.01303484009184371,0.03919360436001472,0.0,0.0,0.013724017486244829,0.0,0.0,0.0,0.0032296308858417054,0.007483997953685053,0.0,0.0,0.0012148874114432297,0.03974765834918136,0.05154387126908048,0.10087868811511519,0.0,0.0,0.004073315492984853,0.0,0.03298363656824286,0.3337908139154951,0.020810332613865026,0.10569634541025932,0.04872344866832327,0.0018925074468206281,0.0,0.0,0.0045041167850535324,0.0,0.0
Benjamin_Francis_Leftwich_-_Shine_-_Kygo_Remix_preview.wav,0.0,0.08908848039188567,0.0,0.03879271269614453,0.0,0.012466747183334586,0.0010431201468590553,0.0034395921515487514,0.0014399482561532279,0.0,0.00243010870962612,0.0,0.001907316262216905,0.006659978607537744,0.0055196815380220985,0.006756506480257634,0.0,0.01679319924964721,0.06930688406993273,0.006223071826866147,0.007851676525500144,0.015557679567165368,0.01221750025284015,0.0,0.001891268623988422,0.0,0.042024120938137594,0.027530750825335286,0.0,0.0005635480142222803,0.0015557679567165367,0.015052418549096915,0.002426835486971117,0.0049048314894098504,0.0014981017781176028,0.0,0.010163029657254201,0.0,0.0,0.02811690107187063,0.034207908564037416,0.00402277827811621,0.020480903503273088,0.0,0.41390665491632506,0.0,0.0,0.01931839075554373,0.0,0.0,0.003197438168106828,0.0,0.0,0.0,0.0,0.07465439987879009,0.0,0.17233802202935572,0.0,0.11599254957421666,0.0026386317034275,0.0,0.003167056403903289,0.011094747929076667,0.02172783596140712,0.006804704581135025,0.032150177194468665,0.01100978823206342,0.009411645047900244,0.0,0.0,0.04311621382235091,0.0023346733854520884,0.0,0.0,0.0,0.02992670006447468,0.027696795805278222,0.0014958173889474018,0.010118365455788845,0.05724647992088012,0.002863352249997544,0.027223719113798412,0.6754392168648561,0.01819596950548738,0.024216111749679234,0.01344063799201844,0.0,0.0,0.0013041403827297121,0.10663563276579567,0.007260747360211712,0.0,0.0,0.08134014589403704,0.005106227750931204,0.0,0.0,0.0040631390945684714,0.0,0.007622272242940651,0.0,0.07540335728385394,0.0,0.0,0.0,0.017456720713265036,0.007851676525500144,0.09319661752582398,0.001259454601723245,0.0,0.018496633047926085,0.0,0.10159447807817337,0.0,0.0285035076351296,0.0035909674989567765,0.03419361536398779,0.0017654881005090915,0.0625638556202377,0.030132776521973065,0.022887719891713725,0.022562224851285315,0.04484563086877999,0.009892362213682667,0.004669346770904177,0.0,0.4884225741808175
Benny_Jamz_-_Sektion_feat_Branco_Gilli_preview.wav,0.020778205480961848,0.0,0.009766112891305826,0.0,0.0,0.15441672049750202,0.0,0.006578524674295748,0.018360190618429063,0.095644462956114,0.009295596339989406,0.08252339026069153,0.014591645218203839,0.0,0.007037919922334029,0.04738219619986087,0.0,0.024981040881094593,0.005198257062590718,0.007934784078885662,0.0,0.011902176118328493,0.002596339053206698,0.11153456849208482,0.2459708766941563,0.02934859009496457,0.0,0.012209854996051388,0.00924225943901924,0.021556709943313154,0.003967392039442831,0.017716359287355793,0.0,0.010006319681226701,0.05730504709702528,0.04259000741612133,0.0,0.0,0.07397762400676826,0.017925354646359044,0.29659630411201815,0.023081759402688907,0.07834308436102534,0.004987798367328703,0.04166490221195216,0.010389102740480924,0.004385683116197166,0.0,0.010148895027362367,0.0,0.06523075979289636,0.0,0.0033585942028474063,0.16573531485269438,0.0,0.012282421743813068,0.0,0.0,0.4751635178685725,0.08067128213176754,0.0,0.0,0.07268731098336621,0.06871137132886908,0.0138521369873079,0.006310109228028055,0.0,0.1871750689609143,0.006000201617455013,0.0,0.20533769471490051,0.11453274755136275,0.0,0.22362744509781513,0.003675681921586217,0.18709438416904775,0.03815830988484071,0.2035808780198983,0.0025430073406297643,0.010321210791921255,0.0,0.006084905353718072,0.07328057127195137,0.014118440805655975,0.05155763482476453,0.02058464836549323,0.04570028578221331,0.05991339354624349,0.0,0.004988568009535599,0.030214828683838946,0.08640689552304757,0.07066666800736078,0.057415768796206454,0.0,0.009766112891305826,0.016792971014237032,0.08614944763611068,0.008289187666757946,0.21050322420395848,0.11014693536728526,0.09070433679720606,0.0,0.019737871558682677,0.03380876014328815,0.008538069202947357,0.0791407993073191,0.2963359968780562,0.0,0.025694063896069094,0.0,0.0104819108636674,0.008334052430005118,0.2446847006134671,0.07861412670560076,0.005384245258027128,0.01831478249407708,0.015387839601792604,0.0,0.0,0.0,0.0764800958838094,0.06504107792797355,0.04678431356331646,0.018920019014603207,0.0,0.030271606547387215,0.016071422595393448
Beyonce_-_711_preview.wav,0.16504214186887284,0.0,0.008311353954118436,0.0,0.005989278274138298,0.07730283847307404,0.0022638344599589643,0.0,0.04062567327885519,0.008139727588931665,0.0,0.24346648392848894,0.0,0.0,0.0,0.03299248658100407,0.0037316848872425675,0.11237358906233708,0.004423925350089882,0.0,0.0034080246538042967,0.04051691789545001,0.015467121020809117,0.09492039332074863,0.01641812440078458,0.028544946100684577,0.0,0.0,0.11405023786147782,0.01712258348754061,0.033764098246208345,0.005025777551907145,0.09480323888939245,0.0,0.07152771200986768,0.043494966378163503,0.01654225797355757,0.051927371574430004,0.003313575080043562,0.0,0.0,0.00873044597805508,0.0,0.06367224833057386,0.0,0.026524629943211704,0.046654903945670435,0.06708126780607457,0.0014395194852924158,0.0028878097294344676,0.5135044453368706,0.0,0.5459350013756679,0.06781125162516612,0.03574488642067306,0.0,0.0,0.0,0.004757449653347106,0.0,0.0,0.005910598622148007,0.03894877452402056,0.03095795338605454,0.002947181104801301,0.04833140542229583,0.0,0.02389402416552461,0.02042564938324175,0.0,0.20970074131552152,0.011696635680931013,0.060801978510147264,0.02612179421069797,0.0,0.0,0.0,0.003535826454284064,0.0,0.03806297968151341,0.0,0.0020713994497067057,0.05251764772458838,0.0,0.008775523216555906,0.0,0.10695513677871002,0.029519774868311935,0.007739305655563358,0.0,0.0,0.01838393383225972,0.0676576913703813,0.0,0.06619825595143959,0.005540902636078957,0.10004044527826372,0.051321645792673,0.01939968613998358,0.20713836104636346,0.23710569762099185,0.005146202019749867,0.044630277327928354,0.005599240238532069,0.04315891728288034,0.02906495799106615,0.012628499228193759,0.10564876426793318,0.0,0.0013666674623820797,0.04665753352375228,0.0,0.007092613037436603,0.006124602901620783,0.006690377636591071,0.006873313151297746,0.0025977691362493427,0.00218261149451377,0.21456711147457183,0.0,0.0,0.015415491435293497,0.006386834678317178,0.008847850700179764,0.0080508476913578,0.0,0.09982911352290587,0.0
Big_Big_Train_-_The_Second_Brightest_Star_preview.wav,0.0,0.13327053444561737,0.0,0.0022757395533196862,0.0,0.0,0.00611937039738838,0.0,0.0,0.0,0.10264329999115972,0.0,0.0,0.21097888937241532,0.038856857563519934,0.0,0.022191656394316445,0.0,0.01913329852083744,0.0,0.0,0.0,0.0,0.0,0.0,0.0,0.3780137718329825,0.0,0.0,0.0,0.0,0.0,0.0,0.0,0.0,0.0,0.1699184198541191,0.0,0.0,0.5319484890082575,0.0,0.0,0.21927261097527515,0.0,0.0,0.0,0.0,0.0,0.0,0.0,0.0,0.012760455763820159,0.0,0.0,0.0,0.08476515744373324,0.003670237924317847,0.1081540751767002,0.0,0.0,0.3157776231217087,0.0,0.0,0.0,0.0621388915108947,0.0,0.010155714102313935,0.0,0.0,0.025200294884223512,0.0,0.012646869265559876,0.0,0.0,0.09977736765820779,0.0,0.0,0.0,0.0017550155995712563,0.0,0.0,0.0,0.0,0.058461688551980584,0.002372111474703856,0.003788310364235447,0.0,0.0,0.0,0.0,0.041704555729185105,0.0,0.0,0.0,0.0,0.0,0.0,0.0,0.0,0.0,0.0,0.0,0.0,0.0,0.0,0.0,0.0,0.0,0.0,0.0,0.0,0.12779929096970813,0.007668816254737489,0.0,0.0,0.0,0.0,0.0047198532948453395,0.0,0.42524301867277176,0.0,0.0,0.0,0.0119583115755234,0.0,0.29309763468209515,0.0,0.0
Big_L_-_Da_Graveyard_preview.wav,0.0,0.09461616133199988,0.016947044758018382,0.05149960952890265,0.0,0.03782935018550312,0.0027696067906234365,0.013698783129521431,0.007646464274315697,0.07468692566595189,0.009678337060787875,0.017184248479163677,0.050641492138836196,0.0,0.06594931928136451,0.004484830027720011,0.0502193512188048,0.06688188146614295,0.005412292244655644,0.0950071827700875,0.12925217815738452,0.16522988307841305,0.040548626836753206,0.019354489809188483,0.07532311267782178,0.013095857596385777,0.01859649805932548,0.12394773890577868,0.0,0.004488858963367162,0.13631465353969074,0.027668729966588312,0.11598361048268371,0.005209162009127102,0.0,0.008868725192409704,0.013492020088382909,0.3952895258332323,0.08918523174530314,0.027995130896866244,0.02422027315830956,0.056074987015067024,0.06797401237955493,0.2388857296652195,0.0,0.0,0.0068493915647607154,0.08206816272365655,0.0,0.10952259315871901,0.050937448517234654,0.08663010074535431,0.013987529387749815,0.0066368988122970434,0.018741769186961178,0.012788143246709476,0.058139813843535636,0.0,0.034921983296070415,0.01399881246704484,0.07005877803982756,0.043386654908099724,0.0028029691974121754,0.016833063928254947,0.0432674717807912,0.008212405337637688,0.016415866406197507,0.04547244158651455,0.3560936145522624,0.0,0.00855169414870798,0.14786822205898778,0.06198832686441828,0.06391553791484247,0.01148107789889134,0.01947978855728413,0.05297260784969399,0.07786403306702715,0.006619285436479245,0.05193987283002909,0.11975453730184275,0.0012670895517036464,0.11243894533454339,0.0,0.07515268622866177,0.12002037137639882,0.0,0.0,0.10415212448273227,0.02423852371720848,0.0,0.0032130231681037438,0.0,0.0896697440416049,0.0,0.01355763580641471,0.006993764693874908,0.008969660055440021,0.002157622525353242,0.0,0.020238030132574365,0.10703090588227893,0.0,0.006850188943254937,0.4576106078599155,0.0,0.12359906286936637,0.0,0.0,0.0,0.004756790008527807,0.010913497388358288,0.017354404289883288,0.02247877495403317,0.07366591548847753,0.014014845987060877,0.09534441454290668,0.03471308719980339,0.2578168311351336,0.011456165652775786,0.14546558005350965,0.027241540683730164,0.005209162009127102,0.032473753467933866,0.0032831732812395016,0.04339182880509279,0.0039397527713846015,0.0
Billie_Eilish_-_Bored_preview.wav,0.0,0.006976353516398856,0.0,0.0,0.0,0.13574493619011868,0.0010891306968167016,0.0008978269205281979,0.00300692466218096,0.0,0.0,0.0,0.0,0.048676185714725734,0.011526293721416496,0.0017636315991612838,0.001795313497267165,0.036529007180251205,0.0,0.012995125394794829,0.0,0.00487317202304806,0.0,0.0,0.0,0.0,0.012188262583142376,0.0,0.0,0.0005884053177073889,0.0,0.0,0.0,0.001024235329729712,0.007820904612074506,0.01395028475722467,0.010611306478648311,0.0,0.0,0.007339274423215231,0.0,0.0,0.7297387974094341,0.0,0.0,0.0,0.0,0.0,0.0,0.0,0.0,0.0028388958289890897,0.0,0.00652479826072341,0.0,0.0025144290179446947,0.0,0.2678170905460127,0.0,0.0,0.15428100827042748,0.0,0.005511251282074757,0.008274372515535661,0.04679032871616839,0.003229477476082141,0.06326328920334237,0.0,0.0,0.0,0.0,0.4989495981036576,0.0,0.0,0.0,0.0,0.14061025958280535,0.07144561244198909,0.0,0.002112934440522963,0.0,0.0,0.004737419790940551,0.0,0.021109519898270132,0.0,0.0,0.009037612743334625,0.0,0.0,0.18968897207070295,0.005054005751014675,0.0,0.0,0.0,0.0,0.0,0.08994521155722547,0.0,0.0,0.0,0.0,0.0,0.0,0.0,0.0,0.09113355950329398,0.009837603406832988,0.0,0.0006575036788016243,0.0,0.012874995528821258,0.0,0.0,0.0,0.007715751794904659,0.0,0.02520130392865931,0.0,0.03378799579735639,0.0,0.0049442616721476,0.002048470659459424,0.11493091971131726,0.01807522548666925,0.007312957549885425,0.0,0.0
Bipo_Montana_-_Genere_preview.wav,0.0,0.0,0.0,0.0,0.0,0.030687846808416977,0.0012838598071667092,0.0,0.0008861355501768074,0.011540451916374638,0.0044864231249810505,0.0,0.009390008220967059,0.0,0.0033967790270204665,0.0083158274077859,0.0,0.013779245925654854,0.012544424177970298,0.0,0.0,0.0229778472394067,0.0,0.0,0.05353826872074886,0.0,0.011493952375358614,0.15174371556570615,0.0,0.0,0.0,0.0,0.04779072170675358,0.0,0.0,0.004111125035470697,0.0031271338530083383,0.0,0.005637557787738051,0.047583175373718783,0.4687432256101337,0.03465831191140998,0.0378114768008575,0.0,0.31504307973738516,0.0,0.0,0.014266106644492637,0.0008163764804754064,0.0,0.0078707373494681,0.0,0.008104953220838262,0.0,0.0057918701084925875,0.48313064837704434,0.0,0.06905958332770756,0.01618819353424523,0.051913543064234076,0.0,0.0011173343489388515,0.0,0.0,0.015042577929782633,0.010659280614410563,0.09435935897510175,0.0,0.06081463613917215,0.0,0.003964164313100019,0.03095570365766079,0.011493952375358614,0.006348909769439161,0.0,0.06922935851470217,0.05525013703781509,0.006015685621095775,0.0,0.006641900398288633,0.0,0.0017620898602147908,0.0,0.07495530862430669,0.002488375750053445,0.013908953734249656,0.0,0.0,0.0,0.006420481572832357,0.1312458620725814,0.0,0.0,0.0,0.03337082640540119,0.0031423420376836164,0.0,0.0,0.012002071263184694,0.0,0.05316127550114175,0.020429503281727275,0.0,0.0,0.0,0.0,0.0023872803526761503,0.0,0.5161737724509452,0.0,0.0,0.0,0.0,0.06599400316020064,0.003794229257620707,0.07925882830497401,0.14732399569486035,0.004951187415915712,0.01521059154470238,0.02389743484178602,0.0,0.0,0.0012073615928405205,0.050177696711881194,0.0,0.0,0.0,0.22882280821052198
Bishop_Briggs_-_CAN_YOU_HEAR_ME_NOW_preview.wav,0.14771761377425227,0.0,0.011258888369318818,0.0,0.18660619738876533,0.04188699140017025,0.0,0.007584069093512372,0.03386654877542258,0.0,0.005358226076382959,0.10782227644675269,0.0,0.0,0.0,0.014897641848021207,0.0,0.09051257990211774,0.0,0.009147636236967224,0.0,0.03201672682938528,0.19455775016421653,0.0,0.0,0.0,0.013727460300261025,0.0070380813705570025,0.06925725670030293,0.17396195957792887,0.0,0.006808116792801512,0.0071346784544360645,0.01441976423124082,0.09689426407268248,0.0,0.02240879607930422,0.07815874299396645,0.0,0.0,0.020113636009811767,0.0,0.0,0.0,0.0,0.043916047338291214,0.0,0.0,0.005850089869774654,0.0,0.0,0.0,0.20521409022337653,0.07348784002666289,0.006917347869741791,0.02831964300588691,0.0,0.011782751454533566,0.012889258444623885,0.015500349187716419,0.015514680632210625,0.024020191096411736,0.18621722988824485,0.3215159765996704,0.003992367939844656,0.034554471865071365,0.007270664197094705,0.07912126190653997,0.013834695739483581,0.0,0.0,0.005281574905652134,0.3637776979569172,0.0,0.016950077434842774,0.0,0.0,0.00957954036414062,0.0029317125543365007,0.10907264877657609,0.0,0.007014998789986528,0.13339215015714032,0.016276480801407367,0.0,0.0,0.0,0.1672252765331782,0.22016335210532212,0.0,0.0,0.4909567437672461,0.0,0.0,0.0,0.00375296278977294,0.3097571173183042,0.014897641848021207,0.02627958114353509,0.053086071396518976,0.0,0.0,0.0,0.011377428000294556,0.05196868813551196,0.14272545814012413,0.0,0.0507830929638861,0.0,0.0,0.01843454022363602,0.0,0.0,0.0,0.0,0.006207240996274828,0.0,0.0,0.0,0.0,0.0,0.013921622412447564,0.01730371707748898,0.01198564805345117,0.1526839481389888,0.006863730150130512,0.030536362044600165,0.02779197132240327
bLAck_pARty_-_Bloom_preview.wav,0.0,0.004013178643347623,0.002300208070444597,0.003494999250741899,0.003315124418563557,0.0834363683982113,0.0018795819515186993,0.0,0.011675791544159084,0.0,0.007662856333512007,0.08940880202772972,0.0,0.1560066528644661,0.26853736203100703,0.0,0.05267086912796492,0.002521617021853249,0.04040332201388206,0.0897060498658938,0.002829562736551608,0.002803314058309181,0.0036690872470539295,0.0,0.0988275771232652,0.011849931266373015,0.004206811622994884,0.0,0.07836570389322635,0.004061793570130415,0.002803314058309181,0.006259088912634363,0.0,0.017675878987659883,0.021595250151512098,0.10833701213443496,0.018312604903704666,0.0,0.0027511445848230898,0.0759951094029615,0.004109246522225997,0.003624290772868347,0.3367510179048823,0.007048643110705931,0.0,0.012234702913175632,0.003098873772164781,0.0,0.005975911426545202,0.0047952932450401105,0.0,0.2645601840185874,0.0,0.0045041033492127566,0.0,0.04339309702974173,0.04509295899637924,0.12999064128989465,0.01974971373095054,0.0,0.1331262627409015,0.0,0.017120008871871577,0.0,0.009787762330540507,0.0,0.01559678176993484,0.006612788665281617,0.0,0.0,0.005803571117473117,0.1909889845134993,0.0,0.006196572838584109,0.02077756007415415,0.14541863858505696,0.08088668234297913,0.12623389885746836,0.003593720084880755,0.012154750116329415,0.018754825610323926,0.0017198099458761056,0.021801775824444054,0.009975929577521577,0.43351745147903253,0.020362829537516315,0.11301955620953988,0.004456223362838526,0.0,0.0,0.042698908087089094,0.017444036827248887,0.0,0.06761554787749147,0.09771036162784259,0.018401664563556776,0.0,0.1278316602123271,0.004392784243496829,0.0,0.0,0.042727101324211925,0.0,0.01394655538738407,0.0,0.0,0.5032798921068333,0.05659125473103216,0.0,0.005673479093669643,0.0016140877249186667,0.029625595645636438,0.15310741131547068,0.0,0.0,0.015217785663885848,0.006470508425949694,0.02174574463721008,0.0,0.00777467843719389,0.05429578085552946,0.015643147837518193,0.0,0.1212099660416462,0.004456223362838526,0.016827246491979538,0.0026736965794604338,0.011355884281358145
Blanca_-_Not_Backing_Down_preview.wav,0.11172465385809822,0.0,0.0450107170496507,0.007598946488807501,0.18019641245313608,0.048841206583145926,0.004086651139592401,0.21223682463033208,0.1184675515982663,0.0,0.0,0.1605877229570559,0.014944656567169185,0.0,0.0,0.026470090708485876,0.0,0.054825856715881846,0.007986025433036408,0.006095060969152236,0.04921705392003189,0.018285182907456708,0.03190981817487986,0.0856746684432544,0.022228374461284256,0.08373470440739794,0.009146593208809907,0.009378933299958496,0.2413792944154705,0.11259894770034821,0.03047530484576118,0.05443489775364107,0.0,0.1114513457391789,0.07629883445704368,0.17011946189652064,0.0,0.0,0.0059816323218396745,0.0,0.0,0.0039400282613879165,0.0,0.007662700042866407,0.0,0.19684819965474448,0.04042606183434897,0.0,0.005197212118718569,0.23980007019105645,0.0,0.021304287738159126,0.02579885757883289,0.3231681754078237,0.0,0.018869350100297926,0.0,0.0,0.008588100142161827,0.0,0.0,0.06757510254098308,0.16129926271175407,0.062094428095468064,0.0,0.012117689682692164,0.033911054499420744,0.10064425346878304,0.009218044075808089,0.0,0.13880154335350997,0.035191081312353205,0.05487955925285943,0.09430959901660131,0.0,0.0,0.0,0.03829702956919258,0.0019533971727579568,0.04492636234146629,0.06796230175133577,0.00934817349879066,0.08887905760052725,0.0,0.0,0.0,0.14041769776267907,0.20346632699652448,0.013970916529619052,0.038319412178827644,0.015472903540462081,0.08059576623319473,0.0678527679060979,0.0,0.07966694941934459,0.010002381566589046,0.08255634425226524,0.23823081637637286,0.03820376487476878,0.2324392933878674,0.0,0.09289871993981717,0.13427687766667168,0.08086153614629044,0.06059669955363058,0.08526012476642918,0.037994732444037504,0.07382558088004783,0.0,0.06661154669966378,0.16143260899856873,0.016103244940785886,0.0,0.0,0.02415480449341161,0.024815271186423703,0.0,0.051220367398042914,0.0,0.008451985418792416,0.02146395222996008,0.17005932591912884,0.1114513457391789,0.015972050866072816,0.009688872714120212,0.0,0.308101838135352,0.0
Blasterjaxx_-_Faith_-_Radio_Edit_preview.wav,0.008214352552534554,0.0,0.0,0.0,0.02503988126087247,0.0,0.003154867942181202,0.0208057701613263,0.21557526903120258,0.011343482079901676,0.00918718721795846,0.0,0.0,0.0,0.0,0.005108684210512263,0.0,0.0,0.012330318768850539,0.0,0.0,0.0,0.0,0.0,0.0,0.0,0.0,0.08688570173233631,0.010961366825011283,0.3459981791824844,0.0,0.0,0.0,0.0,0.0,0.0,0.0,0.03216254011098796,0.09697340134968092,0.0,0.0,0.021291732276580672,0.0,0.0,0.0,0.04517893903894005,0.023406491431492087,0.0,0.016048855008158322,0.0,0.0,0.0,0.003983309851521918,0.0037800563186991586,0.0,0.0,0.0,0.0,0.0,0.0,0.0,0.013728299221175638,0.20753662581106758,0.0,0.0,0.009354777153069739,0.0,0.07029701898721459,0.0,0.0,0.0,0.0,0.0,0.0,0.0,0.022189489370081368,0.0,0.029565056262830867,0.009048059021690022,0.028562353473731563,0.0,0.00577338302328866,0.07776259109006464,0.0,0.0,0.019530798345300207,0.0,0.2730107415656669,0.0,0.06113682668145631,0.0,0.029279719633426314,0.0,0.0,0.0,0.007721773127187792,0.015933239406087672,0.0,0.0024577547107446024,0.0,0.0,0.0,0.0,0.0,0.0,0.0,0.0,0.04749405451953964,0.0,0.26854587522821843,0.3196900069091161,0.0,0.0,0.0,0.0,0.11175049082134407,0.00724047514436136,0.0,0.0,0.0,0.0,0.04535289186187523,0.6082117411380654,0.0,0.0,0.0,0.33658387250062416,0.0
Blasterjaxx_-_Hide_Away_feat_Envy_Monroe_preview.wav,0.013253678792948849,0.0,0.006229456313522443,0.006310137889419174,0.005985378164895476,0.0753211877618183,0.0016967702190535396,0.006993678467925789,0.02693602001823242,0.036604922157668904,0.0,0.06667573437314,0.0,0.0,0.004489238981998592,0.024728251854681103,0.0,0.0,0.0,0.0,0.0,0.0,0.001656112404910031,0.029643307151386234,0.0,0.0,0.0,0.0038941162742475617,0.78407607235701,0.01375025912046248,0.030367900510748107,0.0075337572852552355,0.003947562697579911,0.031913378437819225,0.036552852850294394,0.03259998243446678,0.004132871488895913,0.0,0.01241781502548066,0.022867893278870226,0.04080530688024293,0.0016358926631596697,0.04580791334432265,0.0,0.008858853432792139,0.15683519904989474,0.004196207080755473,0.0062847736596299926,0.00539468286129836,0.012986681580824468,0.0,0.0,0.004284655746732852,0.004066025650176328,0.0,0.03133808119111805,0.0,0.0,0.0,0.04288111976149936,0.008584153430278322,0.0,0.00858604671824698,0.0,0.019880518189423272,0.03521870106476128,0.004022802562774983,0.02785820894607272,0.0,0.0,0.0,0.05844509522097157,0.0,0.0,0.0046891737189132445,0.003978028603116797,0.016226553121053346,0.060953288798347605,0.0016220940009328347,0.004389022356968534,0.0,0.00543388280400802,0.004920323361201162,0.0,0.09866034849607484,0.0,0.0,0.08045605125549965,0.0,0.0010606767444497716,0.0,0.0,0.08451704238808727,0.0,0.0,0.0020764854378408147,0.004284655746732852,0.010990334157636046,0.04626455928980572,0.38183749345895934,0.0,0.0,0.0,0.023081825724270564,0.0,0.05446130890924019,0.006310137889419174,0.005108708115062617,0.0,0.0,0.16319502844838762,0.006686038399738543,0.0,0.013771383010735794,0.0,0.00858604671824698,0.0,0.024538389947395045,0.0,0.0,0.022279486114036462,0.012837877622688721,0.0,0.05968410169828516,0.0020114012813874913,0.0,0.3427379791847016,0.0
Blondie_-_Heart_Of_Glass_-_Special_Mix_preview.wav,0.20061873687680667,0.0313362671661232,0.02694121332697463,0.006822536448021876,0.1520780279161827,0.0,0.003669104183229312,0.21474893407040035,0.015194760218736626,0.31661864761017094,0.008547742135974621,0.0,0.08050626303227082,0.0,0.0,0.0,0.0,0.06399134777114046,0.021510198685556557,0.0492507719439595,0.04418838120892862,0.0492507719439595,0.03581185527963121,0.0,0.11309094920012701,0.05204717079610248,0.0,0.3578778796525541,0.01274804448510572,0.017840176363132156,0.005472307993773277,0.1710558510715273,0.05975360158507938,0.024153375721890108,0.0052694711319167635,0.0,0.0,0.19637604213326376,0.11277984342764397,0.0,0.0,0.2157851978571043,0.027015069505577586,0.05503820868823513,0.0,0.19584210028450172,0.030246328742309907,0.0,0.02099787927461809,0.14977313857240784,0.0,0.07651022667777505,0.009265160448657642,0.0,0.016552410726751197,0.0508242145142295,0.0,0.014097378449028676,0.015421249860217355,0.0,0.009281207586872025,0.15008021686714834,0.0,0.06132503360522742,0.03821309273843937,0.07833300753780024,0.01739785569741609,0.012908727142751973,0.13241928581400958,0.0,0.0,0.0,0.04927232923741339,0.13910674126854683,0.010139892081292269,0.0,0.0,0.0,0.007015247931135498,0.09016301149051156,0.10373121833453168,0.013428862437575111,0.0,0.0,0.014222907864241482,0.005678568423770908,0.0,0.01739785569741609,0.03763038233365241,0.32110575792635754,0.0,0.0,0.0,0.0,0.0,0.004490202221162439,0.004632580224328821,0.0,0.011433452373679896,0.00907348631886264,0.0,0.0,0.0,0.031762342392591306,0.007772189999220986,0.2590882790245447,0.0,0.011047095302232156,0.0,0.039870413255042814,0.012603347289673621,0.0,0.0,0.009926435225021946,0.010843413247735923,0.04084632030350489,0.04210327995912401,0.01768731129976265,0.37259906030142526,0.03035367003191511,0.0,0.06384958488107799,0.03795530470582731,0.014340132457037705,0.004349463924354023,0.0,0.01565785087975173,0.022167654082511888
Blues_Saraceno_-_Dogs_of_War_preview.wav,0.0,0.0,0.0,0.0,0.0,0.03787427608254116,0.0003466119947665369,0.0,0.0,0.0,0.0,0.0,0.0,0.0,0.0,0.0,0.0,0.002325045484916473,0.002709359924348354,0.0,0.0,0.0005169565907581308,0.0,0.0,0.0,0.0,0.0,0.018296048618605218,0.0,0.0,0.0,0.0,0.006451186215832423,0.0,0.0,0.0,0.0025327580861461813,0.0,0.0,0.0,0.012124518500768655,0.0,0.0,0.0,0.010857987104690848,0.0,0.0,0.7857088020167001,0.0,0.0,0.0,0.0,0.0,0.0,0.0,0.000800208147797116,0.0,0.0,0.0,0.03328666374947194,0.0,0.0,0.0,0.0,0.0,0.0,0.0,0.0,0.04378272918487995,0.0,0.0,0.0,0.0,0.0,0.0,0.0,0.6132231743747744,0.0,0.0,0.0,0.0,0.0,0.0,0.005518956246182357,0.0,0.0,0.0,0.0,0.0,0.0006500172116433362,0.01968516681922359,0.0,0.0,0.0,0.0,0.0,0.0,0.0,0.0,0.0,0.0,0.0,0.0,0.0,0.0,0.0,0.0,0.0,0.0232257992548038,0.0,0.0,0.0,0.0,0.008439551476877695,0.0,0.0,0.0,0.0,0.00117328642169678,0.0007168606826658355,0.0,0.0,0.0,0.020320199432612658,0.0,0.0007757742976171599,0.0,0.007329448949920512
Bobby_Brown_-_All_Day_All_Night_preview.wav,0.0,0.006559645581234233,0.04887675421399256,0.028563338975139907,0.0,0.0,0.006144451836593349,0.007597785491089061,0.05937364850667487,0.04418535455466766,0.04294333486591525,0.0,0.028087399485168148,0.0,0.0568985083503641,0.004974861809612728,0.08102768453986998,0.0,0.03602197517941004,0.045820902355995084,0.00924998877506388,0.050402992591594586,0.0,0.0,0.06127237550565657,0.16947895086470366,0.0,0.0317286463748456,0.0,0.006639107952086172,0.0,0.07161451309290853,0.0,0.014445843532038198,0.0,0.039351040719016336,0.01496621612354542,0.0,0.0404713607857383,0.08281066421283127,0.026866684179538067,0.28138991324401175,0.0,0.005760595869745618,0.0,0.0,0.06584747425610518,0.0,0.06251381575225057,0.011757048567109492,0.0,0.024023919362450363,0.0077579334480740916,0.003681037434137285,0.1455270274181,0.27661589819089827,0.009213202784895121,0.0,0.3228142425720793,0.0,0.04662822053155839,0.002673737059958715,0.0,0.0,0.03599629611886029,0.029151129600365106,0.4188192921640162,0.06124973199949832,0.0,0.0,0.047430444816126224,0.0,0.0,0.0759634542561281,0.012735549757594757,0.05762195701448862,0.0,0.009596865731646686,0.029370147917607677,0.009933628674087437,0.005109208928667649,0.03935504147820803,0.0,0.0,0.035727510579116224,0.0475479687114672,0.02639048916327847,0.0,0.0,0.13635513928374265,0.0,0.010692275618208636,0.0,0.0,0.019963768089271604,0.018798751620766368,0.0,0.029849170857676365,0.04308072524994751,0.0,0.0,0.034919282980949096,0.0,0.003799334997290326,0.0,0.0,0.02285067118011193,0.09712488213817073,0.0,0.033384420517471675,0.0,0.0060529764819485625,0.038501242007698055,0.024934902405331517,0.009079441073045648,0.48193121495541535,0.3807437564981472,0.06812597899591863,0.0,0.08260145070139348,0.056475920831328214,0.02324466797298301,0.03755919318329931,0.012007325059803347,0.0,0.00687614375692094,0.0,0.0
BONES_-_WhatWasThat_preview.wav,0.0,0.1624968864830776,0.007164408199318691,0.08708638704597936,0.0,0.03498350253680992,0.005854293147553905,0.019303989884410545,0.08485478107123091,0.010524698755513663,0.0,0.0,0.005352206338712046,0.0,0.03097805550206554,0.009479869051489129,0.019300331053897495,0.0039270129296205625,0.0,0.07421708283817835,0.14982402088843083,0.04802281830705657,0.0057140132439688265,0.0,0.015921523008070836,0.041522314456742065,0.019654297412504223,0.006717850762615931,0.0,0.0,0.0,0.003249174752357287,0.0,0.33583352969531904,0.0,0.01874638569534112,0.028518936701588588,0.0,0.00856893038254928,0.0,0.12798981037905569,0.0141106248514478,0.021552145754007743,0.0,0.0,0.0,0.055498970917680315,0.0,0.08561999199774568,0.06347713252919573,0.0,0.030519254386725373,0.0036957907582379178,0.003507208258712164,0.0,0.1216399845446421,0.0,0.0,0.030757002552571258,0.0,0.007404383640181632,0.0,0.0,0.0,0.33153232563819346,0.048605426472934955,0.21513538533253077,0.030895064196136884,0.0,0.0,0.045190642787498875,0.09578403156396964,0.0,0.024125413817371863,0.0,0.04803827215771542,0.0,0.009143674128288619,0.018189083286039028,0.007571627324763594,0.06815112342380254,0.074993166445035,0.004244094900677952,0.0,0.005673392461060811,0.004530261686646732,0.0,0.0,0.0,0.005489410876387629,0.0,0.0,0.0,0.0,0.009510510769108417,0.0,0.0,0.009479869051489129,0.7251518209962506,0.0,0.007129734175397147,0.0,0.0,0.0,0.0,0.0,0.04354319352298968,0.07931859929387515,0.0,0.0017671062309373366,0.11814305486803513,0.028835687611332175,0.04585387827349051,0.09502961837350223,0.017301367500675367,0.05924813378118929,0.05038388071961949,0.039509749584053844,0.004954215926142434,0.006053905585564259,0.07686995058245448,0.015502891524786214,0.0,0.022880609267508605,0.0,0.013102864941669482,0.0333108190385128,0.0
Bonez_MC_-_Ich_Binnezz_preview.wav,0.052484456895494545,0.06886297215892975,0.1282766928096643,0.23238926615709096,0.014221228409390043,0.027532732801046976,0.004031517504597399,0.06314439045650203,0.06678245014681655,0.0652298331747819,0.007044029753259134,0.0750416255278299,0.06634366164794953,0.02573991156951599,0.07466486466176052,0.019584734002432862,0.09968277193399125,0.08112928905769234,0.0,0.10221813669419298,0.06676045629668795,0.03006415785123323,0.0865681243400172,0.11269175786607785,0.07309496021588577,0.05718809541804274,0.009023195122162217,0.037009602710551294,0.014007224086467979,0.0326705464973424,0.036076989421479876,0.0223752117624952,0.01875877822120942,0.12890424525894184,0.0,0.06454782855405868,0.0,0.14384863658046199,0.1416223969475453,0.0,0.0,0.05441621833266975,0.0890503949962475,0.1360677849420672,0.0,0.005248445689549455,0.01661694485697422,0.0,0.028199026547186975,0.1439960204874863,0.09886130937768006,0.273219288378785,0.02036064099918326,0.09177813665525628,0.018187364069191005,0.04653695203679358,0.036269977490428214,0.030979675227522,0.08472236770818191,0.0,0.030593858049577954,0.05613763074241954,0.012240242285444607,0.036754021606524336,0.16795026206558256,0.10997871433148869,0.014337237977703046,0.2080287449764719,0.018187364069191005,0.0,0.012448086411110648,0.04860283827967212,0.02706958536648665,0.046518626902529246,0.016712179749749884,0.018903551897793486,0.038554208585353494,0.15741816038001238,0.013489305151046392,0.14338905680658207,0.026818164781304842,0.04979910165289849,0.07014398132244473,0.0,0.07813883056667337,0.02495786094723241,0.0,0.004779079325901016,0.013782432759857756,0.07056455304944492,0.09158493740653613,0.06080056903876551,0.21419953870677735,0.18853726703431795,0.09169084216952846,0.0049337189542178585,0.0,0.12403664868207478,0.09736157611630987,0.01993942777063606,0.14729522799819053,0.07331632729079368,0.0,0.009971327600736907,0.0,0.006469989799601735,0.1724178426326804,0.1213826478121599,0.0,0.017036672630029025,0.058854996718301474,0.03177198720518772,0.1515693525450427,0.15269677152036853,0.2025458908471326,0.03672072685633382,0.060140604404645845,0.07385058202290895,0.06823371404332132,0.13340733427169763,0.33879006032918024,0.039653552443066786,0.007582602662290697,0.0630262779487607,0.014337237977703046,0.018046390244324435,0.011469629779502267,0.0
Boyz_II_Men_-_Motownphilly_preview.wav,0.019169323322674413,0.026947908343266557,0.1158417088325972,0.2933551177222658,0.0204055281795698,0.0,0.0042070394114437975,0.2028827257792853,0.011614997720669916,0.0,0.004900472465359884,0.0,0.023077364700688885,0.0,0.01113079727153201,0.0,0.0450765048642387,0.0,0.0,0.040784996183224426,0.0443335676752207,0.006274614797419142,0.0,0.0,0.04958026245354408,0.20887271320331088,0.0,0.0024138066036487934,0.11328223522497113,0.002272862539577017,0.0,0.07238304995880646,0.009787743597437601,0.0474763781209398,0.0,0.0,0.0,0.0,0.003078922333122801,0.0,0.0,0.0730097493057024,0.0,0.055219043622936836,0.0,0.08763119233222588,0.04335100978189857,0.0,0.004012737226561341,0.4829954046300581,0.0,0.0932105271808161,0.0026558863699630802,0.0,0.0,0.0,0.06308179842966642,0.0,0.004420548088563354,0.0,0.0,0.005492036142309807,0.0,0.0,0.008215424281146176,0.0012474663564215193,0.0024935740762075226,0.0024668838826908527,0.0,0.0,0.0,0.0,0.0,0.055478775217524555,0.04069283187179281,0.0,0.0,0.0,0.0020109421164869164,0.004080868573008869,0.4337792602308357,0.0,0.0,0.0,0.0,0.0,0.0,0.0024935740762075226,0.0,0.02366895608453131,0.0,0.0,0.0,0.09080570533797497,0.0,0.005148520392559876,0.00796765910988924,0.02043740296722502,0.003277433832813759,0.005201884797538538,0.005123602783975101,0.06694479021983023,0.0,0.010405453567516319,0.0,0.027006706082782685,0.023468409417781264,0.00950005021611872,0.0,0.0253977222198637,0.06864296747939147,0.0,0.04613241863411192,0.0,0.018649783956657572,0.004257716988021103,0.004827613207297587,0.010140242959125334,0.0035602217259640295,0.013051457494370746,0.5468823553417963,0.05411226344585401,0.0,0.0,0.0,0.004708020919268561,0.047875951883636136,0.0
Brent_Faiyaz_-_First_World_Problemz_Nobody_Carez_preview.wav,0.0,0.0,0.0,0.0017465653489557456,0.0,0.011225813886827186,0.003757154118242882,0.0,0.0038898497480993628,0.0,0.005470542495537274,0.0,0.0017174630292966946,0.0,0.03479178788534064,0.01368892679890775,0.009289889890408956,0.0,0.0,0.012608168874140934,0.0,0.005603630610729304,0.0,0.0,0.015327114878967034,0.0,0.006306843764341981,0.003233524529222995,0.0,0.0,0.0,0.0010426237629397404,0.0,0.008833214412171437,0.0,0.02105426774400362,0.01830281432371593,0.0,0.0,0.07595447967271424,0.041070495706191215,0.01267823583642179,0.08760066567552613,0.0,0.8827261804736849,0.0,0.00232291275174174,0.0,0.01612633451884479,0.0,0.0,0.002448321672119759,0.0,0.0,0.004237407485805246,0.19299604393202854,0.005633606333981328,0.0,0.00394783096413557,0.004747577895274808,0.021383853530245713,0.0,0.0,0.0,0.00489126471964409,0.0011140669007400784,0.2460747099946581,0.0,0.0,0.0,0.0,0.024265280708175758,0.0,0.0,0.0,0.0770747157349157,0.026947812467055427,0.0,0.0017958993761634289,0.0,0.0,0.022775298772068287,0.0,0.024926490213157168,0.07828270641953863,0.0465187264763181,0.0,0.0,0.0,0.0,0.21338039854321975,0.0,0.0,0.0,0.0,0.0,0.0,0.0,0.022683917795647882,0.0,0.004575703580928982,0.0,0.0,0.0,0.0,0.0,0.0017465653489557456,0.0,0.020979969109850807,0.0,0.0008066123876619807,0.0037012195915248837,0.0,0.0,0.0,0.10076392917001596,0.021556830194819968,0.0027167648220903836,0.0,0.017483674079922056,0.0,0.0,0.0,0.16886901483440764,0.0,0.014715968783464622,0.0,0.03121198579255383
Cade_Thompson_-_Grateful_Neon_Feather_Remix_preview.wav,0.0,0.0,0.0,0.0,0.08019804232888421,0.0,0.0,0.0013152035284332989,0.0,0.0,0.0018584107699732109,0.16498388228779984,0.0029172168877945296,0.0,0.0,0.0,0.0,0.0,0.0,0.0,0.0,0.0,0.0,0.04459682536306033,0.0,0.05029269521468308,0.0,0.0,0.238359421701067,0.020686555031138497,0.2688866702813673,0.0,0.0,0.009002255705235914,0.6988551439877141,0.0,0.0,0.0,0.009340980836820193,0.0,0.0,0.0,0.0,0.014957692651339389,0.0,0.006231086113391822,0.009206424699033093,0.0,0.008116021880614185,0.0,0.0,0.0,0.0,0.0,0.0,0.0,0.0,0.0,0.0,0.0,0.0,0.022216000193118524,0.030678502139823646,0.0,0.0,0.0,0.0,0.0,0.0,0.0,0.014778679815439125,0.0,0.0,0.01314954248008396,0.0022045686861482533,0.0,0.0,0.0,0.0007626114652187026,0.0010317277446931419,0.0,0.0007299103723966267,0.0,0.0,0.0,0.0,0.0,0.04539074092997021,0.0,0.002992000139608691,0.0,0.0055526121275241294,0.15893940916978766,0.0,0.015551094747519307,0.0019524782180889801,0.030215828383816687,0.0,0.0,0.05129060693764867,0.0,0.0,0.010484410221378096,0.19533046090852063,0.22643236818825524,0.445517363952691,0.0,0.0,0.0,0.0,0.026031536948397823,0.0,0.0,0.0,0.0,0.0,0.0,0.0,0.0,0.0,0.0,0.0012071202604173152,0.0,0.0,0.14184606540615688,0.0,0.03858158955456164,0.0
Calum_Scott_-_Dancing_On_My_Own_-_Tiesto_Remix_preview.wav,0.007311953052420206,0.0,0.0034367433237337654,0.0,0.10153918383052199,0.11507295391106573,0.0,0.03241021418495301,0.04845781266762143,0.005048663780179409,0.001635583113626646,0.05808077659695902,0.0,0.0,0.0,0.04547462367606837,0.0,0.24489079377393655,0.0,0.004188434515126677,0.008455305386394876,0.020942172575633387,0.06304285230502134,0.0,0.0,0.0,0.00628540171878399,0.0,0.00975719012572801,0.11378868922143012,0.0,0.006234474266203938,0.0,0.007922864876770618,0.18955973149782043,0.0,0.0,0.6370014369128559,0.0,0.0,0.0,0.005415056697248116,0.0,0.0,0.0,0.09505538968146265,0.0,0.0,0.0,0.0,0.0,0.0,0.28720312766528777,0.2220763248996522,0.0,0.0,0.0,0.0,0.023606454627342698,0.0,0.0,0.012220157188632046,0.0312632508933684,0.08107368401759245,0.0,0.20151569101808828,0.0,0.2667647135467436,0.0,0.0,0.08671121777228911,0.014509670076077107,0.1697058464071677,0.009258306066597579,0.0038804718248012958,0.0,0.0,0.035089526046582796,0.0026846904999108766,0.08535399783968424,0.0,0.005139139737422286,0.012215271164966172,0.0,0.0,0.0,0.024123234157148808,0.10652876903151867,0.057603626244364825,0.0017555017019131476,0.0,0.05212630794172107,0.0,0.0,0.054745933199294265,0.006873486647467531,0.18437731652586378,0.0,0.04813059979794163,0.04166838194819833,0.006840220614348233,0.0,0.11072766855306895,0.01041878161644113,0.0178462043188545,0.036055064270570064,0.0,0.05918713770476413,0.0,0.0033907004584578294,0.07717152595104362,0.0,0.0,0.0,0.0,0.0028421137175789458,0.0,0.005415056697248116,0.0047530425500112205,0.017424232979087705,0.0,0.014873373337785102,0.015845729753541236,0.0,0.13648998532163328,0.0,0.1997386451081877,0.0
Calvin_Harris_-_Blame_preview.wav,0.06367196134420232,0.0,0.0027206285191825543,0.0,0.129394523509038,0.011386897809439004,0.0,0.014661081265172253,0.0061377039692336105,0.0,0.0025895527511153563,0.25747946038169456,0.0,0.0,0.0,0.0323991615830112,0.0,0.011930021935422764,0.013033101208982538,0.0,0.0,0.006631379372377558,0.10849261347229457,0.0,0.0,0.02452765356047905,0.004975711468630898,0.0,0.05793062040701543,0.052846065209103114,0.04310396592045413,0.0,0.0,0.0,0.6481364013210236,0.0,0.0,0.0,0.009761954817093091,0.0,0.0,0.0,0.0,0.06252718954513842,0.0,0.017365080366600633,0.0036652703162930633,0.0,0.0,0.0,0.0,0.0,0.09543445810848288,0.02663670339797861,0.025072902325078493,0.02052970752197257,0.0,0.0,0.0,0.0,0.0,0.15865099089527746,0.035998431800974305,0.16213982240212776,0.0,0.00791037180524093,0.005270709430405023,0.013035734799573236,0.11533535069536106,0.0,0.0,0.011486287596833964,0.3731783601473173,0.0,0.0,0.0,0.0,0.006944478849180973,0.0010626405365793653,0.00862580048342277,0.0,0.004068296295838977,0.0032233243287281502,0.0,0.0,0.003440663569455252,0.0,0.04216567544324019,0.053200873387184065,0.00694853753365203,0.0,0.038685693827834065,0.007382328868054036,0.0,0.0,0.008161885557547661,0.297530957632329,0.0,0.008659458713781525,0.15943201408698968,0.0,0.0,0.0,0.013746363795958063,0.1318574844412092,0.26401594433952386,0.004133797615209738,0.01338694386267515,0.0,0.010736718455032756,0.009545512758824964,0.0,0.0,0.0,0.0,0.004499803975121788,0.0,0.004286720390720976,0.0,0.0,0.0,0.0,0.04181317428918691,0.008688734139321693,0.19501624892498587,0.0,0.04111095790394905,0.0
Calvin_Harris_-_I_Need_Your_Love_feat_Ellie_Goulding_preview.wav,0.014213163790294553,0.0,0.0,0.0,0.03129107868659336,0.060580484592010174,0.0,0.0,0.0,0.05888234077711947,0.0015896444164750848,0.022579783675357346,0.0,0.0,0.0,0.048617113442463646,0.0,0.02197038784002582,0.04800364825305893,0.0,0.0,0.0,0.007992021502280176,0.03814716077647636,0.009897317255869635,0.008603856954472624,0.0,0.24429754390501837,0.004741569741893878,0.03391509501700217,0.16690254435627686,0.009089049456759353,0.0,0.0,0.5448668651362165,0.026220015805063314,0.006648099027475371,0.0,0.12384613413208075,0.01839254129678753,0.22078586508334533,0.02105185501601218,0.0,0.0,0.0,0.0,0.0,0.030328887143053332,0.001735567436833937,0.0,0.10039629343305906,0.0,0.013784515574439545,0.0,0.0,0.0630126861098194,0.016370279292661917,0.0,0.011471709532363688,0.027591269784160332,0.0,0.10451697589521683,0.10220462420182051,0.21980094105561718,0.0,0.0,0.04206178058078295,0.0,0.06156584247024006,0.0,0.04213787793144801,0.004700712104685433,0.07330636026496888,0.12147661265225136,0.0,0.006399020186982649,0.0,0.0,0.0,0.0,0.004539093466170978,0.0,0.0,0.0,0.0,0.012672686346624178,0.03516852567663479,0.21677994607018908,0.0,0.04265487114823195,0.0,0.250144780199958,0.0,0.009818698332657807,0.0,0.006680430716012501,0.07236870676580762,0.0044197375856785135,0.004252613950615325,0.1349934673769704,0.033240495137376855,0.00620455696508519,0.0,0.2025229764854315,0.12141470017678041,0.026281788032897196,0.0,0.03287128336088332,0.0,0.0626138483147669,0.0,0.016132649721527885,0.0,0.029536693231859732,0.0,0.03314744568707692,0.01879211876192449,0.0,0.0,0.0,0.0,0.0,0.14117280854156092,0.026668693473921628,0.4400309353066524,0.0,0.05047342994639282,0.03298058081589351
Camila_Cabello_-_Liar_preview.wav,0.0,0.00841745736562158,0.01929832193951396,0.014661199911828102,0.090393170141129,0.0,0.00394233657361014,0.06499745009327886,0.11972612667055793,0.03543716020389854,0.009184278985172425,0.0,0.028833812406444045,0.0,0.0,0.0,0.019495539191188835,0.1586692668844407,0.0,0.023519288489566675,0.029674387580223633,0.052918399101525015,0.09619676887551866,0.02754972774353755,0.014295606291033172,0.11805975397619606,0.0,0.06785796702522838,0.027394742425334045,0.21298562338610977,0.11759644244783338,0.004376050237805709,0.01834381653394322,0.04078177626796167,0.17551828991900775,0.0,0.019204922672196947,0.40190448698175135,0.3404535442198564,0.013283020149450613,0.01723791063375792,0.015203565937342421,0.01935122602718825,0.014784204278620774,0.0,0.1231762841039695,0.0227491075326476,0.0,0.005013679591568373,0.08046325376058157,0.024168601229572016,0.030827933382112364,0.07466341729419282,0.009447149325185845,0.008892521298217075,0.0,0.023645101151360953,0.0,0.28996880443474216,0.0,0.0,0.0789127325399729,0.13565406925215234,0.04193115305795572,0.05132345170998729,0.07715248092062539,0.009346723259020138,0.1155834971158964,0.008892521298217075,0.0,0.3651816935485313,0.061107040442299206,0.06176515535464897,0.18845687884815876,0.0054474969104522705,0.02772808152246292,0.0,0.05541693253500302,0.015075324717281197,0.19630401980474665,0.01311246096958218,0.010821666451639782,0.14861671710134805,0.0,0.007641032668488568,0.0,0.11852665684995628,0.12618076399677186,0.0,0.02464414259200365,0.0,0.12348471535367736,0.03927398342549544,0.0,0.03842680934531112,0.00482458048487849,0.1393717122824933,0.0063838338007272365,0.06756685927256476,0.0,0.04801230668049237,0.026885438131391493,0.0777210426434823,0.029252257575222176,0.05845680894458977,0.044288073094404606,0.043983599735484304,0.047479020128357814,0.0,0.05235938879656815,0.05755306924443966,0.0077672902965476185,0.0,0.0,0.03495271529059741,0.09974563915599438,0.009047728936697117,0.049411589296362864,0.0,0.0,0.0,0.05965596745054606,0.07044124991738836,0.030816038919906755,0.09814059421971146,0.00882359362209271,0.06729546516506865,0.0
Campsite_Dream_-_Genie_in_a_Bottle_preview.wav,0.05555881001522159,0.0,0.013927249844231805,0.0,0.06021702988781043,0.03400308627744034,0.002845112989762052,0.025799116173850847,0.009818656797356244,0.10229742989606144,0.008285160004230763,0.45897105215625655,0.0,0.0,0.007527473077029146,0.12439162906531565,0.0,0.011450873964207256,0.0,0.012730083785759332,0.0,0.025460167571518665,0.03610020332539206,0.12923391096273165,0.0,0.013452882440096922,0.0,0.022853538062389715,0.158162320380738,0.044575282754285454,0.08486722523839556,0.03789739554590419,0.0,0.010702352801934305,0.11032406835112744,0.07288406522681866,0.0,0.021753539846326275,0.16657570453194107,0.02875834607079156,0.031100720692367776,0.021944277020176307,0.0,0.0,0.0,0.025927444673770072,0.028144490371473655,0.0,0.01085484559686915,0.01451721867211823,0.026163063459470014,0.022247961855942917,0.007184431683677265,0.07840512288426686,0.006417571758497722,0.013136779050848965,0.0,0.29514919137940493,0.041853048146398134,0.01438045405075965,0.021590625079645532,0.017332575695800455,0.14396924683422624,0.1772427343367307,0.0,0.0016872590854707362,0.020236083291790788,0.013346323040923865,0.006417571758497722,0.0,0.0,0.03429987997599148,0.025471311606059872,0.3423597305346727,0.01572543990826602,0.04002170968801804,0.01360419240783366,0.022218554299262325,0.0163193837121094,0.02759786883621014,0.02365756470543009,0.009111434404566266,0.09487853519777387,0.0,0.0,0.022016503182942602,0.0610989601036948,0.1720067079802217,0.029179517462749494,0.0017785231905212665,0.3447098945211723,0.26735005583358395,0.07558219569687206,0.0,0.02773193317772418,0.0,0.021553295051031793,0.06910646059184203,0.02659733458771842,0.007035802882409177,0.027719690565134725,0.012935156234520307,0.0,0.08444330051801434,0.02410698374470261,0.03652788708268431,0.005290361380337765,0.00856618748717491,0.2753768587922829,0.07900881325882299,0.012216179105867229,0.033633077397636324,0.0,0.05388040206347974,0.0,0.06622585354374408,0.006529582303539919,0.005486069255044077,0.009630747029771344,0.011768488516827092,0.037357831152662564,0.03444210604371504,0.13110382182369523,0.06671813351320667,0.05733556932674057,0.006367827901514968,0.012141479964880747,0.02578401052400614
Capital_Kings_-_Northern_Sky_feat_Kb_preview.wav,0.004144047301905978,0.0,0.0,0.0,0.005614371063900683,0.0,0.0,0.0,0.0,0.0028613287539582754,0.0,0.30942227718679266,0.0029101872176724537,0.0,0.0,0.0,0.0,0.0042705165339968305,0.009330758066245191,0.002373794063936927,0.0,0.007121382191810781,0.07145903703870418,0.0,0.0,0.00752572560006255,0.0,0.0018263686209359208,0.0940080401394942,0.006019039327749966,0.10444693881322478,0.0,0.0,0.002993520935794258,0.07771743411499851,0.0,0.0,0.27583579767103866,0.15841401901749386,0.0,0.0,0.0,0.0,0.005968659531888331,0.0,0.004144047301905978,0.01443237684660376,0.0,0.0010120580695480042,0.0,0.0,0.0,0.12459113593088005,0.0,0.0,0.0036744465301603866,0.0,0.0,0.003344737852687169,0.0,0.0,0.02770308237121724,0.008053835684259906,0.00483668286708155,0.0,0.009438757047053896,0.0,0.0018665287053356158,0.010770231053803092,0.0,0.019657423152370974,0.0,0.6625784306346324,0.010494284632422328,0.0,0.00746289643374546,0.0,0.0,0.003043095146494635,0.0030877247152445754,0.0,0.0007281514942144464,0.004615334293525756,0.0,0.0,0.0,0.0,0.05660170255413709,0.0272056989204989,0.0,0.0,0.01661769569395683,0.15855641001037105,0.0,0.005171206998057516,0.0019477732961302701,0.26324901301524656,0.0,0.012399092579323564,0.2991302183731634,0.0038766930775012364,0.0,0.0,0.06101669552371079,0.26971549854187693,0.012771373354298919,0.0,0.0,0.0,0.001921678515399203,0.0054671175335900355,0.0,0.0,0.00861183728694484,0.0,0.0,0.0,0.0,0.02693785506281224,0.0,0.0,0.0,0.0,0.0,0.22263336337960585,0.0,0.002264036400159788,0.0
Carmada_-_On_Fire_preview.wav,0.003514391291581853,0.017291650041483142,0.04625107686124426,0.0200786157507184,0.09284555871969212,0.0,0.002699528745858692,0.011126807773647588,0.0,0.26206976833227313,0.007861208913650289,0.027915739340408106,0.009872026904670636,0.0,0.007142292776504828,0.0,0.01779951812162161,0.0,0.005275347585404762,0.024157372477302604,0.0040639281194202615,0.0,0.05269685892909616,0.12262102026844786,0.009788966365898807,0.09360632844605163,0.0,0.04027051605221055,0.37048325081197625,0.010208985494641493,0.43483270459144685,0.0,0.0,0.015232071173151859,0.13957172407359272,0.0,0.0,0.0,0.4346431009947093,0.0,0.05901859773448979,0.005205347453354275,0.0,0.010123535545377463,0.0,0.17923395587067448,0.0022253615547295174,0.0,0.0,0.0034435933877073627,0.0910224378398864,0.014073023410787533,0.020450414365828173,0.009703452772325646,0.0,0.0,0.03238213128940604,0.0,0.1985571521756309,0.0,0.0136572228128944,0.09867401364857203,0.049176845991344774,0.0574250071821219,0.010543173874745557,0.0,0.0,0.0,0.08524859049261937,0.0,0.0,0.0,0.10271377165741043,0.20024457886824307,0.003730192546517103,0.018986900722394822,0.0,0.0,0.009032521122724475,0.006982850055832556,0.0,0.002470057973558936,0.011742209584417053,0.0,0.0,0.004177984033640341,0.011594506069566815,0.15360483396295277,0.0,0.0016875162762481413,0.0,0.09082004151287992,0.017928664932907255,0.0,0.017541927991586232,0.0033036483472317327,0.12611088858927375,0.0,0.0,0.006675781313292413,0.05917787061405314,0.07363959086246605,0.0,0.2370285962782719,0.028591788721990086,0.09531158315682309,0.0050196539376796,0.0,0.0,0.03259388586917308,0.06259182134747729,0.0,0.01691529404332798,0.05842668050982688,0.015955995961785225,0.0,0.006195464008032393,0.007808021180031412,0.0,0.0,0.014178493359306942,0.010212408047094182,0.03300282087516236,0.0,0.2016063445763755,0.0,0.1420824819160702,0.0
CASS_-_Dont_Look_Down_feat_Blake_Young_preview.wav,0.057104994720514515,0.014190419318595136,0.006506745887075247,0.0271879526047294,0.005861065476204355,0.0045388807503921385,0.0013292234613042297,0.005478739192847567,0.016514029662025507,0.033455016035141456,0.013934836596115113,0.005498182707311131,0.02430448238872294,0.0,0.0,0.021524143112984073,0.004382160612933829,0.001783264892048573,0.03117039944610397,0.01585982803334645,0.04202186800313226,0.0,0.005189491042319908,0.3529760242051999,0.048199982220718314,0.0,0.0,0.0,0.002309146724806082,0.01508043549053843,0.021807263545851364,0.09442925692949766,0.0,0.02000035638187557,0.0,0.0,0.0,0.003387717304983799,0.023347016657393485,0.0,0.0029060222041461053,0.0025630658572734855,0.0,0.02741605377752876,0.0,0.001730454385470137,0.008765982708556108,0.0,0.006761777353243231,0.038998665219089984,0.012223260691248485,0.0034647145205990784,0.0,0.006370522805962358,0.0,0.0,0.039861669099601246,0.0,0.0810075561638906,0.0,0.0,0.00231362804948026,0.0,0.004039364644616906,0.01038272631282082,0.011824193115230143,0.0,0.023382523521884226,0.0,0.0,0.3611725328903378,0.006867747108021096,0.0,0.0153375621452684,0.007346851861635622,0.04362856234435953,0.0,0.010380404489071429,0.0038121698122745066,0.018051033058977924,0.017684325456001255,0.0018243512025605878,0.0077090099478054315,0.0,0.0,0.0020572014308011077,0.7136286987842484,0.0031514011069913544,0.0,0.00332367081352679,0.0,0.024672532093531905,0.1677303269356161,0.06216223999682783,0.2979932733129892,0.014640178245919303,0.013426131312809404,0.023676557424282478,0.010355125106739188,0.0788902595635109,0.11331695885321626,0.015108110999835934,0.15722954860366942,0.0032876262033180764,0.0,0.0,0.0049432641099508,0.004002082666964978,0.0,0.0032097867347284834,0.04565873322696065,0.0,0.0,0.007192191842643718,0.11784881461301541,0.005380940617458092,0.006101180530695238,0.02306759271546137,0.011248599746234265,0.0027490913536555653,0.11519246453397027,0.007039895889535516,0.02625046775121169,0.0025975332871753312,0.0,0.0,0.026471398634885478,0.00803077929027826
CeeLo_Green_-_Baby_Its_Cold_Outside_feat_Christina_Aguilera_preview.wav,0.04778930244196578,0.014250597389885484,0.04083962120550926,0.006205284093549387,0.01177184162101485,0.03988362896969369,0.003337150926085512,0.00825295976340321,0.018426735102399474,0.19198223150630533,0.009718007502822486,0.020705621794571055,0.1281396464723423,0.0,0.05297571064590826,0.005403855424896971,0.022003721380840856,0.008954136394969362,0.0065213719642969094,0.07465821401058992,0.04521436327457564,0.029863285604235963,0.019543118981060426,0.09328234435200392,0.2480724806437482,0.021039257728386926,0.014938178452076937,0.08807640317296164,0.005797348117518834,0.0036058066431146093,0.014931642802117982,0.05926856758581447,0.007763934305352012,0.05648954896257101,0.019170914304624278,0.05343046274519326,0.01625678687860824,0.03402083779216432,0.18561436934502015,0.12368347141805633,0.06566278338367709,0.07400063665329638,0.008190315648060583,0.07508814137803092,0.0,0.004344482040178708,0.05777071834382246,0.0,0.02122016370202618,0.029798732894899795,0.05114623553158456,0.06958815042096396,0.13061722344921567,0.03998461639532473,0.0,0.04622601759551332,0.020015356307437643,0.0,0.27350797246617176,0.0,0.01688302590877187,0.0987461819746999,0.0,0.0050706182432838955,0.01737792816071483,0.019790561007194913,0.0435155245588976,0.19176707817493752,0.015054871714519876,0.0,0.11334505518630188,0.02298957177013807,0.022407267678115406,0.2970502386413515,0.0,0.14865321896180264,0.0,0.02606106306599292,0.01116598083122052,0.006474136800623,0.08324681401028303,0.0351150166731189,0.014515691173521115,0.0,0.2134460615938753,0.08780183439171795,0.028666200889260224,0.023735740668489602,0.045634486960129166,0.04798038168410553,0.0,0.007742863194351154,0.0,0.20408452510368694,0.05421322270808639,0.008167924241101854,0.021067294104712204,0.032423132549381825,0.08319230912347379,0.0,0.4470616391617266,0.14413571736623856,0.0,0.11968184782473154,0.09896628076420201,0.06426760869141537,0.02482113637419755,0.04019054513295613,0.0,0.02820473818103622,0.06591276845247254,0.02629975348103011,0.0,0.027085095584356858,0.2465595466531639,0.17224484555520958,0.09190581200656868,0.04504386578896301,0.022592604571380955,0.006901873931523686,0.035054838602548606,0.00504982168079605,0.06590447378966618,0.0,0.047471481336979204,0.007469089226038468,0.037976653304246356,0.0
Charli_XCX_-_1999_preview.wav,0.0042655640785194985,0.0,0.07618575406886839,0.006092564471819961,0.05201102210000224,0.0,0.0,0.07022638049441503,0.042968527479088456,0.04712371364720988,0.005724887340142039,0.3862605389864367,0.0059910465074859654,0.0,0.0,0.010611387674193297,0.0,0.008791483589370366,0.025611642295959212,0.0,0.0,0.0,0.02238613559139431,0.12593330887978227,0.05346575530250242,0.13427100345614304,0.0,0.0,0.1309168899761654,0.22303932813367328,0.14660407979814957,0.02182198049226105,0.0,0.012325202336515002,0.07999635889367677,0.0,0.0,0.0,0.1726509460704175,0.0,0.007163334687968638,0.06633845902346641,0.0,0.030718398996587414,0.0,0.2175437680044944,0.035113190247207514,0.0,0.00833387890114909,0.0,0.05021715891960518,0.0,0.012410762728479754,0.29443718804439434,0.0,0.0,0.019651775308124595,0.0,0.3098534678147232,0.0,0.0,0.022812340577788533,0.18569600030419656,0.009957019886102569,0.0,0.005829319031267083,0.0038840964176402697,0.011527567931007775,0.0,0.0,0.12140305160577569,0.0169289728815198,0.0,0.29165429060263137,0.004527491110764364,0.02304519757884136,0.0,0.07164545131408165,0.0015661642349538815,0.02118844480635538,0.0,0.007495032346790309,0.042756036465585616,0.0,0.0063505694546176295,0.02028397766317327,0.0,0.23692988147605643,0.0,0.01638567413281085,0.0,0.07982323955153069,0.1523254069851719,0.0,0.02129137358384647,0.008019553059880885,0.09101226000885153,0.07958540755644972,0.00510506951870698,0.32410702853995066,0.06384592271320426,0.05213801794651043,0.0,0.016207974453672808,0.0,0.010516696831795874,0.06701820919001955,0.12331399925079047,0.0,0.04153859433061208,0.07034288723490204,0.0,0.0,0.008864364015427971,0.01936646137686004,0.019896000032592488,0.07143709736146638,0.022112819674488804,0.0,0.0,0.0,0.14626368899146672,0.0184878035047725,0.0,0.007768192835280539,0.0,0.13516466270048272,0.0
Charli_XCX_-_Break_the_Rules_preview.wav,0.008446624957147732,0.0,0.0026467057179250823,0.004021477282833167,0.13350772929825688,0.011077501882074682,0.0,0.0,0.005970935052604309,0.0,0.0012595957193202074,0.6530460822904602,0.0,0.0,0.0,0.024514650823916365,0.007130009225752277,0.05512787614403001,0.004226325307907743,0.0,0.0032558010600368704,0.2677246627102324,0.1393190523052982,0.0,0.02352718315940968,0.0,0.0,0.012408682986037693,0.24421182354380216,0.023368260474404844,0.003225598345906414,0.0024006475221274065,0.0905687361523228,0.0,0.35408834846883863,0.013850736817314966,0.0,0.016535990648642973,0.018993421152763354,0.0,0.0,0.002085122479837159,0.0,0.0,0.0,0.05912637470003413,0.012479881550958806,0.2242975029706512,0.006876107925051286,0.0,0.0,0.0,0.030036919410355453,0.010365180647490512,0.0,0.004992972570733426,0.0,0.0,0.018179809359241815,0.043725307308412203,0.0,0.009410990830108691,0.04377538802715797,0.032861309438649504,0.0,0.055150634251713924,0.005127497814793943,0.002536307591287908,0.04878328186363434,0.0,0.1202005205748958,0.0,0.05324566838915748,0.04991006458026593,0.005976860067507556,0.01521128565325276,0.1551187531046365,0.0,0.0,0.02936999430486538,0.0,0.002968316785760328,0.0,0.0,0.0,0.010041529608169224,0.02786668763025614,0.06409372268492429,0.036968100464304154,0.014871422012267632,0.0,0.002508970417046418,0.0,0.0311203946264572,0.0,0.0026467057179250823,0.0928413872683714,0.024514650823916365,0.0033696682557437935,0.1337069409060585,0.0,0.04424706545219986,0.0,0.09093543640369192,0.07788110153511514,0.2151922044401754,0.0,0.0,0.0,0.003916870760698132,0.013000609318636301,0.0,0.0067758127922989695,0.0,0.0,0.0021887694013578984,0.0,0.004170244959674318,0.06588745995083452,0.0,0.0,0.0,0.006101558887707333,0.06339487961861615,0.22048240603613956,0.0,0.0,0.0
Charlie_Puth_-_We_Dont_Talk_Anymore_preview.wav,0.011295229788080053,0.009262541003020765,0.0053089516967527745,0.0,0.0019128525407136054,0.0,0.0043381335449242065,0.0017880742379511123,0.03593078621930292,0.015597971461539446,0.007579761647868438,0.0,0.0,0.0,0.1893810646868662,0.0842969838999682,0.010726411984686676,0.03782980783426089,0.0042387328448506255,0.05499615556512505,0.0,0.0,0.023288010264890406,0.0,0.031461671543365974,0.0,0.0,0.0,0.0,0.008202902543988538,0.0,0.10593859237576812,0.0,0.0,0.06230313542434822,0.020837099180374907,0.00528325763898691,0.0,0.006349727183065521,0.00730829473997294,0.023710671631034737,0.02300368321556707,0.11711712244268055,0.0,0.0,0.0,0.0,0.0,0.0,0.011067685804946397,0.0,0.04523060184522798,0.0,0.015593415716647139,0.0,0.0400610464876558,0.0,0.02500186992158273,0.004558295293783809,0.0,0.0823016653916138,0.0,0.11195495184268402,0.05602823080112388,0.01976665212914009,0.0012863382340170086,0.07456698936606072,0.00508750723552713,0.0,0.0,0.0,0.12327695632885716,0.0,0.0035754706615622263,0.0,0.06610908439952927,0.0,0.43025201885367664,0.0020736044042522785,0.012624093418883285,0.057715626990785786,0.002977031093697909,0.27361051955220417,0.0,0.6936736907779743,0.01007100927206147,0.0,0.0,0.0,0.0013559164681665606,0.0,0.04781038756725589,0.0,0.007802939269787309,0.0070474547066490655,0.0,0.0,0.0842969838999682,0.006759121681971351,0.0,0.00528325763898691,0.04437696484687853,0.0,0.008047270792485094,0.0,0.0,0.2056974550433311,0.00979607807069854,0.0,0.005237826411939687,0.00558804693107078,0.038461947329353915,0.0,0.0,0.03846184714499737,0.15366365939191923,0.0771596948825106,0.09619722071964412,0.0,0.0,0.02848098846551152,0.07056861200812364,0.13870802490706208,0.0042387328448506255,0.010285101981525619,0.004854725968225385,0.0,0.006552433440509548
Charlotte_Lawrence_-_Sleep_Talking_preview.wav,0.04752565928593848,0.0,0.036552886132271076,0.0,0.07609484310281751,0.011332457054154053,0.0033187405924473296,0.054716199898833306,0.018325078824750828,0.3042837024462405,0.005798637225285314,0.22650532735815104,0.042477575999081994,0.0,0.0,0.053740435334037814,0.005470582912559178,0.0801426454009291,0.006485394977849303,0.0,0.0,0.0,0.06802356349984846,0.27830317802507964,0.018051506259998833,0.27723225071687946,0.0,0.06093252512771667,0.21908388568197007,0.04482392743118196,0.1682917061104143,0.0036838497392665246,0.0,0.006241989827167168,0.14775493228314954,0.0,0.0,0.0,0.2525973557589606,0.0,0.15236791764252264,0.03839603023544193,0.0,0.08089672118992902,0.0,0.12961543441619586,0.008207429984824996,0.012292491478423147,0.010551548344098943,0.01270043133698773,0.08138251665286156,0.008650530972024503,0.0,0.14712691096142405,0.0,0.0,0.029857403929753164,0.0,0.20923006819200524,0.0,0.0,0.0346593249991281,0.12091384116607563,0.08068231597798114,0.0,0.007872552319822777,0.007868265255108899,0.011676069859584073,0.06737317772214771,0.0,0.13321425619721225,0.0,0.0,0.2899408943656364,0.004585815743122594,0.04668414681551062,0.0,0.02073383189315767,0.011104380550905523,0.023607541467651996,0.0,0.0,0.04811870424002864,0.0,0.0,0.07190848891546037,0.07127013928167766,0.17703596823995021,0.0,0.0373427095191531,0.0,0.06545125381174009,0.14326716213757096,0.10744868927702507,0.1078282803707412,0.012184295377423692,0.01676085635128224,0.03224426120042269,0.0051708347064362,0.0,0.20208877164902536,0.12825207289370189,0.0,0.22162640743797024,0.03515010906548548,0.02663044096444117,0.0,0.06494933682783754,0.0,0.10418251551885271,0.002849962699487672,0.0,0.0,0.017957115347204348,0.05884783954148066,0.09068538087455673,0.06854909076868125,0.009599007558860482,0.01685097457551245,0.0,0.017430724352708912,0.027620796039288742,0.11547681180259262,0.0,0.03934132627554449,0.0,0.0,0.0
Chavela_Vargas_-_Paloma_Negra_preview.wav,0.0,0.004138955532359904,0.0,0.0,0.0,0.0,0.022292633419412736,0.0,0.0,0.0,0.0011290025201573788,0.0,0.0035444749582603484,0.006188309685340115,0.0,0.0,0.00319538970367575,0.0,0.06818661996703378,0.0,0.00145912198077987,0.0,0.0,0.0,0.0,0.0,0.1757156148313624,0.0,0.0,0.0,0.0,0.0,0.2187314722873213,0.0,0.0,0.0,0.5406271961117011,0.0,0.0,0.05551694917371687,0.010595085678026687,0.0,0.0,0.0,0.0050604369939173085,0.0,0.0007989988661884884,0.0,0.01910592698694217,0.0,0.16340451392542593,0.0,0.0,0.0,0.0765196188041998,0.01790123141567037,0.0,0.007448037408419524,0.0,0.004898990742491528,0.002451760146479321,0.0,0.0,0.0,0.0,0.0,0.0022979428503171096,0.0,0.0,0.039914658693791884,0.0,0.0,0.0,0.0,0.006696484014019403,0.020451299858288547,0.0,0.0,0.009265876845356827,0.0,0.0,0.015076538809472767,0.0,0.04629863174093104,0.0,0.04800233200740069,0.0,0.0,0.0,0.0,0.0,0.0,0.0,0.0,0.0031491468310508057,0.0,0.0,0.0,0.0015101527793704487,0.0,0.014164904701616621,0.0,0.0,0.0,0.0,0.0,0.0,0.0,0.0,0.0,0.0,0.24061346177592827,0.0,0.11537706428338358,0.0,0.0,0.0022244334667366624,0.0,0.0,0.008018344357354726,0.0,0.0,0.0,0.0018940727768620494,0.0,0.7072011164817796,0.0,0.09369430917126484
Cheap_Trick_-_I_Want_You_To_Want_Me_preview.wav,0.0026869042938659914,0.0,0.0,0.0,0.0,0.08809491223789899,0.005159766497854597,0.0,0.0,0.0,0.0,0.0,0.005660693974840721,0.0,0.01911207215691215,0.3408930006963324,0.001701062776656693,0.05676253230564204,0.016132926476129145,0.0,0.0015535244951506452,0.0461733928100595,0.0,0.0,0.0018710221471386409,0.0,0.0346452023401945,0.0023683502297465685,0.0,0.0,0.0,0.0,0.002400855640490309,0.0,0.0,0.0,0.017594906047050902,0.0,0.0,0.003476987876491771,0.018048909243611688,0.0,0.03292518222331348,0.0,0.603437853815145,0.0,0.0,0.0,0.0019685850386839685,0.0,0.0,0.0,0.0,0.0,0.04655445583529353,0.10244431926776214,0.0,0.0039649558800401875,0.0,0.015647839358658162,0.002610384528477872,0.0,0.0,0.02822393837514143,0.012091069322396961,0.002447948586573581,0.05382554178187992,0.0,0.0,0.0,0.0,0.06575924372819447,0.0,0.0,0.0,0.007258153808941304,0.05921265535862905,0.0,0.0024663405181205825,0.0,0.0,0.00519328221238903,0.0,0.08215678041193486,0.006000392452911659,0.03034537190907677,0.0,0.0,0.0,0.0,0.38681160157639044,0.0,0.0,0.0,0.0,0.0,0.0,0.0,0.0008039284463790686,0.0,0.0,0.0,0.0,0.0,0.0,0.0,0.0,0.0,0.053782706685283184,0.0,0.0,0.006099540742337557,0.0,0.03629415299608473,0.0,0.004177536423809877,0.004736700459493137,0.004974641859382526,0.0,0.07043121130635485,0.0,0.0,0.030084409488567235,0.49205425752193893,0.0,0.0023096801560129666,0.0,0.26185991744463316
Chief_Keef_-_Love_Sosa_preview.wav,0.021702419752037544,0.03322079370086114,0.006800339631739065,0.002066524522116351,0.0029402520916309446,0.009487363172408537,0.002222719900907665,0.0036646065888353684,0.009971962844659699,0.0,0.0012945419102773925,0.0,0.0,0.0,0.0,0.00899813737869775,0.00732782401672672,0.007454913488092428,0.0,0.011602812419549987,0.01673064960088132,0.04309616041547138,0.0043389186811481,0.0,0.0,0.0,0.218891659326047,0.0,0.0,0.004202903055177383,0.0,0.022205259222278464,0.0,0.016722241011161952,0.0015961059930793763,0.01067625847516764,0.02436273940571702,0.0,0.0,0.007489069661879426,0.0,0.002142972063820212,0.051824262939954215,0.0,0.034814525154634304,0.0028936559669383395,0.0036646065888353684,0.008232871681206172,0.003533439242463217,0.00850608858886942,0.0,0.005793675886779074,0.00982235638464889,0.006657969969034136,0.06267090496249886,0.0025657487360977323,0.0,0.640507642965814,0.0,0.011234605274985923,0.07871494863221465,0.006770462380874762,0.002249494562842551,0.0033773012755143753,0.03761752757019841,0.01713603526111538,0.0131743874528425,0.05995352139583696,0.0,0.0,0.0,0.003828069198743932,0.0,0.0,0.0015356704795383962,0.0,0.0,0.005207415978354332,0.004249792430972154,0.002156059618919178,0.00924113384371565,0.004576004534479261,0.027393295366038545,0.0,0.006462110118688723,0.0,0.0,0.005269754981137001,0.0,0.0013894558507948859,0.29034081109589854,0.007735737681608593,0.0,0.0,0.0,0.0013600679263478133,0.004209581307706667,0.05218919679644695,0.024242093710846534,0.002748330056111815,0.0,0.0,0.0,0.0,0.0,0.007134273915390333,0.04339701496444337,0.03513436416185077,0.0,0.002012770160730761,0.014315676306726092,0.03941332597132438,0.0,0.0,0.0,0.004498989125685102,0.0,0.015000804446741484,0.0018809844425080684,0.6435820864358649,0.0233483858269449,0.0067268993189388395,0.004180560252790488,0.08469981716820504,0.0,0.007462215658842512,0.0015809043578423442,0.0
Childish_Gambino_-_Fire_Fly_preview.wav,0.04753445725584769,0.0,0.009407162128564002,0.0,0.011863132784457593,0.08530743968619084,0.0,0.004752549622349091,0.011937622670586429,0.0,0.0,0.007949026600667158,0.0,0.0,0.0,0.07779660811115131,0.0,0.38930285577017637,0.0,0.0,0.005786032089379484,0.040126502310484466,0.19131971701377276,0.0,0.0,0.0,0.02150574957235892,0.0,0.006676922073149395,0.014535079345948648,0.0,0.014932049501072483,0.008941878818909522,0.007228905138553608,0.10211780965764264,0.0,0.009361633711477062,0.10775182290960593,0.0,0.0,0.004201396903775103,0.0,0.0,0.0,0.0,0.007505440619344372,0.0015841832074496968,0.0,0.0036659532051322046,0.012257070781367663,0.0,0.005009129262171923,0.002426362505370561,0.04605108445870165,0.0,0.004436619280928672,0.0,0.0,0.0,0.0,0.0,0.0016724699676597657,0.062236185855239226,0.46427465003828233,0.015010881238688744,0.012536252269602657,0.002278077372323001,0.006761081301246226,0.12570773280395153,0.0,0.0,0.029787244633970686,0.5806552384536907,0.0,0.0,0.0,0.0,0.03301655378950966,0.0009185774299489703,0.029825572680751186,0.003195900830961932,0.005275130715037769,0.08916273380064735,0.0,0.01489879448947287,0.0,0.0,0.0,0.21680238391855927,0.0,0.0,0.09586431607699492,0.0,0.0,0.0,0.0,0.0,0.037342371893352634,0.00449129299489728,0.0,0.0,0.0,0.0,0.0,0.22389213390906645,0.01542047783320119,0.04645387575737775,0.0347161925362769,0.0,0.00464056607338594,0.0,0.015144976718340657,0.0,0.0,0.0,0.0019448808079762258,0.0,0.007411131918783577,0.0032525444628886246,0.003974513300333579,0.0,0.010177966552008677,0.02168671541566082,0.007510794855332439,0.26881312993411405,0.008602299828943567,0.0,0.0
Christopher_Wilde_-_Starstruck_preview.wav,0.02985469439059388,0.0,0.014032218327089035,0.0,0.2957705422280297,0.0,0.0028665563613848003,0.009452204323998683,0.0039570636672773525,0.0,0.0016695209083562553,0.05928593300720907,0.0,0.0,0.0,0.0,0.004725206388280972,0.007691452143524921,0.0,0.0,0.012946125156999359,0.0,0.05036162877611183,0.0,0.0,0.013554275656675031,0.0,0.003289397601562984,0.22409209149009546,0.055751887641362276,0.055579460434840106,0.0,0.0,0.008087261635099862,0.2387786347620208,0.0,0.0,0.007305831467679782,0.0167831171273843,0.0,0.0,0.0,0.0,0.005374953917757976,0.0,0.026122857591769643,0.030719664052995716,0.0,0.02005053899468807,0.0,0.0,0.0,0.014477160253309994,0.1442536666461128,0.0,0.0,0.01719285349067804,0.0,0.0,0.0,0.0,0.17463209826382223,0.05512064564738398,0.052266906604032264,0.0,0.010199854871489536,0.0,0.013446913128485803,0.012931880888501118,0.0,0.0,0.0,0.03207910836050484,0.0,0.015843961194801054,0.0,0.0,0.0,0.010961587667967948,0.020390972504678306,0.0,0.013114437858749979,0.004156244632519798,0.0,0.0,0.0,0.0,0.4961226221217819,0.02939944097333686,0.010751566600001032,0.0,0.2660395557372618,0.009518981524720554,0.0,0.0,0.003508054581772259,0.2823046249395449,0.0,0.006699449102079483,0.1772207780727393,0.0,0.0,0.0,0.4041287764140127,0.15787639403530976,0.09660838588369228,0.0,0.00863075010466624,0.0,0.11421485930784844,0.032001453629347115,0.0,0.0,0.0,0.0,0.00290108661302021,0.0,0.0,0.00485166657043517,0.0,0.0,0.004337711653912135,0.13478769391833106,0.0,0.26165371166696716,0.0,0.03669896776176803,0.0
Christopher_Williams_-_Im_Dreamin_preview.wav,0.004551741439975782,0.029860882878127534,0.004278793064739743,0.0,0.009250074951800394,0.1611758500991905,0.006992708461555597,0.0028822261288474864,0.09652903728610876,0.05028525096920005,0.006108970927559384,0.0,0.006392986755086065,0.0,0.231262452797507,0.20948118567174442,0.023053438710667257,0.09381305598975591,0.013664965692511181,0.10429318030053104,0.04210788952170888,0.06257590818031862,0.010237724970409926,0.024433126232214872,0.012678395820328642,0.0,0.0,0.09227820727505946,0.0,0.00566673979897369,0.2138010196160886,0.06209605487453231,0.024402969920069,0.026304204179566974,0.0,0.0,0.008516169457242349,0.0,0.15352843754733103,0.03534107970987594,0.2675373376558415,0.006741820630405812,0.09439150323716967,0.0,0.0,0.0,0.020175582901932405,0.025900731551718535,0.01111625017577577,0.004460045972342214,0.3643864045888501,0.009113493423180907,0.0838748840316071,0.004189213667474345,0.0,0.10493446680687256,0.01048510799421984,0.0,0.08817108945409746,0.0,0.053065360577239706,0.048685648153151524,0.03538470964647619,0.02656259477056455,0.04096567295978204,0.05598368061464093,0.1492085179454513,0.17631367782994908,0.11041159331752334,0.0,0.05397833388909059,0.14451792256799909,0.1486828326271806,0.0,0.0,0.21312463024895567,0.0,0.18566952135736642,0.006684953754132158,0.07687393500474271,0.0,0.02399362571902935,0.04055515168182638,0.0,0.1490858633658895,0.1244577891658496,0.09010128248265178,0.00828936210808063,0.0,0.026227487361345978,0.02647583554759075,0.028392864394300943,0.10449317724043265,0.0,0.011359907584512994,0.008557586129479487,0.017657870322443602,0.0,0.11167517334579083,0.0,0.27251742263175516,0.0,0.0,0.01729536999581476,0.18515643076035573,0.0,0.09101841805744294,0.02105394476085444,0.0,0.033771752475241015,0.006004976203677648,0.006888604710161715,0.13144929829097526,0.009459075584220926,0.0,0.10615412893942859,0.06018143952721271,0.15843278481453654,0.0828464537998385,0.014462274350344731,0.009181794288895241,0.08465168421512285,0.16768930164473944,0.08882227700132268,0.04144681054040314,0.00782541224353582,0.0,0.010561974703808132
Cienfue_-_On_the_Back_of_Your_Neck_preview.wav,0.004357872694855112,0.0,0.004096549795206285,0.0,0.014760156301126448,0.07144028417268677,0.0,0.006208797908253064,0.0017328309727596088,0.0,0.0004873980275817321,0.006923147033721459,0.0,0.0,0.0,0.0,0.0,0.0987990852645907,0.0,0.0,0.001259825665108566,0.007488832714106836,0.060443678523556345,0.0,0.0,0.0,0.0037460553056228823,0.0009603029796807827,0.0,0.0036169205368173085,0.0,0.0,0.0,0.0007869953090047342,0.033652505780680485,0.0,0.004076723472969608,0.0,0.0,0.0,0.0018295880724198278,0.0,0.01643112002528135,0.0,0.0,0.002178936347427556,0.0,0.855515890820886,0.0,0.003202562055145876,0.0,0.0,0.007396279857879403,0.0,0.0037753185398456627,0.0,0.0,0.0,0.0,0.0,0.0,0.0021849383724455262,0.0025408197392783253,0.07883682866064927,0.03704191790626845,0.004962889973505988,0.0,0.001962838231939152,0.3171267573470356,0.0,0.0,0.025942984555253786,0.12549285273836658,0.0,0.001156366984800242,0.0,0.3281251276552517,0.0,0.0024000850401711886,0.010823485870608359,0.0,0.0007657228026561462,0.0012133693120571817,0.0,0.0,0.0,0.0,0.0,0.0,0.0,0.0,0.004854205257180893,0.0,0.0,0.0,0.0,0.02113222816536972,0.0,0.0032597158680816108,0.0,0.0,0.0,0.0,0.0,0.07445348755014189,0.0026860706532428552,0.0,0.0,0.0,0.00101041683654241,0.0,0.0016488009461837847,0.0052437742357713405,0.0,0.0,0.0008469399130927752,0.0,0.008068339454880339,0.005665559994076413,0.02250022785959474,0.0,0.002532693174135349,0.0,0.006541472275262102,0.09225948545297298,0.0,0.0,0.0
Color_Me_Badd_-_I_Adore_Mi_Amor_preview.wav,0.0,0.10637539260084361,0.0,0.0,0.005492025350807368,0.03189818674605783,0.009341469963109417,0.04107017696320527,0.034387175625716734,0.005597952067961459,0.0036270650104268825,0.0,0.0,0.0,0.04119207444497282,0.030253323421529553,0.005132799077926349,0.0041774554618514426,0.012169902145481094,0.10217088062895513,0.13594086412589876,0.004644130937679779,0.0,0.0,0.0,0.11287983784136729,0.01393849108659995,0.04287766227890322,0.0,0.016822500787593685,0.0,0.08986610422071166,0.0,0.0029282875464473374,0.0,0.0,0.03792214019453142,0.0,0.05469244792977647,0.06294892961502921,0.19742079435868265,0.06904839286153286,0.2827616335457035,0.0,0.0,0.0,0.012834430301001646,0.0,0.003960015119189585,0.0,0.0,0.032465598716981604,0.0,0.029847024308368147,0.0,0.08626499359223967,0.0,0.07178331863244178,0.20939845828858175,0.0,0.11814889624889356,0.002709938993104664,0.031513321257723596,0.0,0.09323607030839946,0.07017134816762977,0.25469401937016656,0.17893371125667926,0.0,0.0,0.0,0.3807565276179463,0.0,0.09239038340267426,0.02151331146430656,0.0876032223836034,0.0,0.2577603488960101,0.01637229802695077,0.030204384817871115,0.02071354690341728,0.021368518859576108,0.040632832045830396,0.0,0.39228859406592087,0.0,0.0,0.0036912176720314,0.0,0.06812743299306953,0.16505407665050084,0.0,0.0,0.0,0.0,0.0,0.0,0.010084441140509852,0.041238251264810635,0.0,0.015168856077812567,0.0,0.0,0.011552331990173224,0.0,0.0,0.08106022847921347,0.1031275520955094,0.0,0.09586991261002092,0.0,0.042944529089639895,0.009755635526220304,0.0,0.0,0.33719253745764244,0.11791357126698383,0.15010520187289753,0.015810502856063793,0.019319967675577737,0.016354455697906365,0.028271276064549346,0.09077691393986745,0.024339804290962188,0.0,0.06969245543299975,0.004429399184096453,0.0
Color_Me_Badd_-_I_Wanna_Sex_You_Up_preview.wav,0.0,0.044599430890258335,0.281190492591621,0.12946925732910122,0.012280594805102825,0.0,0.0034813752721213342,0.07174695490879546,0.14417323643496166,0.0,0.0,0.0,0.02546239257823105,0.0,0.02763260235311786,0.0,0.07460269041509267,0.0,0.0,0.10384637110078777,0.08909592129131942,0.0,0.0033979549555762513,0.02432845068633945,0.2019852716776452,0.010974264158515474,0.0,0.0,0.0,0.09780268420493296,0.005192318555039389,0.019321882851705052,0.0,0.2782848216609437,0.0,0.04459168815533507,0.0,0.0,0.04076551903425035,0.0,0.0,0.12754581360152056,0.0,0.04569441695653335,0.0,0.054386892339669396,0.08609634589055455,0.0,0.04648823056541796,0.14655096717331714,0.0,0.08167004741719175,0.013186665818441308,0.10845292600019853,0.0,0.0,0.052200940304149776,0.0,0.1390061374252055,0.0,0.026419009906600236,0.0030298169250051223,0.02113986942570711,0.0,0.004532241028305783,0.016516692529138934,0.0,0.053075771444135084,0.0,0.0,0.17199066174938193,0.0,0.0,0.103296032882436,0.0625370637193742,0.03264793371587388,0.0,0.005437473014117882,0.00332815715439295,0.018010492794788748,0.1389512940576458,0.043003499518618794,0.020190703358857278,0.0,0.026990391803293063,0.0,0.0,0.07841156656886011,0.0,0.019586343357153004,0.0,0.03634871744123749,0.0,0.025047601271275893,0.0,0.0,0.057142218546579006,0.050736583871501165,0.021696924579379537,0.0,0.025439054344653454,0.04748366748659565,0.0,0.0043053184439655655,0.0,0.0,0.25893851465820245,0.2568058907808619,0.0,0.03993214409673955,0.4992673661823347,0.0,0.0,0.0,0.0,0.07398954298997487,0.007989814974176506,0.010069406336962149,0.0,0.0,0.14627932746484348,0.10272724608262264,0.0032739390783640436,0.0,0.0,0.007791886885769187,0.33675232844038694,0.0
Color_Me_Badd_-_Slow_Motion_preview.wav,0.0,0.012584689749112858,0.14426173114887358,0.6685454584309392,0.0,0.0,0.001964689989326748,0.014576362701546492,0.03932553025814356,0.0,0.0022885236514482207,0.008126718222340516,0.010777143490539801,0.0,0.005198089162920257,0.0,0.19107608802093978,0.0,0.0,0.0556747303272026,0.1005613304906581,0.0,0.0,0.0,0.03205940264388262,0.05883587371308721,0.0,0.0,0.1740675190405885,0.0021228564041857866,0.0,0.008723336462502689,0.0,0.20878160376485616,0.0,0.0,0.0,0.0,0.0,0.0,0.0,0.039778197400841285,0.0,0.0,0.0,0.046039298227635576,0.0032391917114547764,0.0,0.03373111349345032,0.15287897988035343,0.0,0.11778536344806131,0.0,0.028248303046136188,0.0,0.0,0.005891847722955379,0.0,0.0,0.0,0.0,0.0,0.0,0.0,0.0,0.0046605404376607205,0.0,0.0,0.0,0.0,0.0,0.0,0.0,0.022670044341467434,0.038007154959563576,0.0,0.0,0.0,0.015964890461619304,0.011434608781661656,0.405150361955182,0.025167568426947857,0.0,0.0,0.007615920209547644,0.0,0.0,0.011645006252718486,0.0,0.004912629791191299,0.0,0.0,0.0,0.028270880113615376,0.0,0.0,0.0024806011323127,0.08907994423449636,0.004591690839283221,0.004858566791437578,0.0,0.01786471894493368,0.0,0.002429676603800544,0.0,0.0,0.06210531581052439,0.02661917571811538,0.0,0.010674676689550877,0.04555370080936118,0.0,0.055398517300445184,0.0,0.0,0.003976712897434308,0.0,0.005682599628691612,0.0,0.0,0.3818017231161198,0.11148732471080045,0.0,0.0,0.0,0.0,0.12017478178937781,0.0
Confetti_-_Hot_preview.wav,0.019737995539752865,0.03237189440755557,0.08040236863435889,0.03758940456074531,0.1871877805950113,0.0,0.0,0.07499024348279351,0.033137962065514254,0.054513754374781925,0.004415117543865021,0.5435182753706633,0.009240766837747508,0.0,0.020056751122725404,0.0,0.0,0.0,0.0,0.007537548557860219,0.015216251965099873,0.0,0.08632258952580012,0.0,0.004581508774405099,0.04381036762057094,0.0,0.0,0.3863010081923044,0.05324156781811886,0.026381419952510764,0.025244149759339602,0.0,0.007129033354866428,0.3919407144331111,0.0,0.0,0.07728230182449702,0.02589046362007327,0.0,0.0,0.014617485119439446,0.0,0.014214289393430798,0.0,0.13158663693168576,0.004166124637932974,0.0,0.0016068025778825622,0.04190413686391468,0.030982570824669646,0.013173133470667798,0.015952272070940462,0.0484425176746538,0.0,0.0,0.04546721679007308,0.0,0.03717210994135498,0.0,0.01917588144012466,0.006597455053529433,0.3119964689972966,0.0,0.009868997769876433,0.010489865876362959,0.0,0.0,0.0,0.0,0.007802318648045686,0.008703915696264608,0.011311271667228041,0.024992010005819732,0.006983335826599068,0.0,0.0,0.019733581656016665,0.0012078489548315303,0.04085210277231162,0.0,0.006936335373613557,0.014655149272094657,0.0,0.0,0.0,0.0,0.08087775581438021,0.0,0.0031592183842884805,0.0,0.02638322551140064,0.07552002874447247,0.0,0.0,0.003092398793629188,0.028714089727692828,0.028642805326143782,0.0019685524496395176,0.18746709010712082,0.012309729289289582,0.057442297628634245,0.0,0.10937350308496638,0.005352701235630681,0.27576147747743573,0.009397351140186328,0.0,0.0,0.009152907581036332,0.026039746564590044,0.0,0.0,0.0,0.0,0.0,0.0,0.04385245535831834,0.0,0.005226137263179455,0.09953894411130418,0.019118765077612444,0.004752688903244286,0.0,0.20369212575473536,0.0,0.05391774889688015,0.0
Creedence_Clearwater_Revival_-_Fortunate_Son_preview.wav,0.005684138787099473,0.0,0.0,0.0,0.0009626116090304121,0.029818327879603448,0.0010915472110334305,0.0,0.005273793509973391,0.0,0.0025429269988578333,0.0,0.003991727612299442,0.0,0.0,0.003535089331301653,0.0,0.048325274050463,0.008532290612447407,0.0,0.0,0.08302773476613443,0.028765575399558572,0.0,0.0,0.0,0.0024430610704219684,0.06513310080672632,0.0,0.0005897108449683455,0.0016279947993359694,0.0,0.05079003632355707,0.0010265078570240046,0.0,0.0,0.0,0.15300808449604392,0.0,0.0,0.0023864011766873937,0.0031571524310781956,0.0,0.0,0.005698978358373151,0.0,0.0008998189785281788,0.5538978763218593,0.0006940893900111842,0.0,0.0,0.0,0.13506148029075854,0.0,0.01723501950840508,0.00252000791998701,0.0,0.0,0.0,0.027585801634215396,0.0,0.04939823308552243,0.0,0.04312220287029911,0.0,0.008415271528276131,0.00129395214172975,0.0051204088362374845,0.6992493629124347,0.0,0.0,0.0,0.2833950841689483,0.0,0.0015082933556513304,0.0,0.12004487051834925,0.0,0.0010435073428740004,0.004235245048900645,0.0,0.0004993806597290957,0.0,0.0,0.0,0.0033787132859084855,0.0,0.0,0.1343390762491832,0.008188112185452975,0.0,0.0037989145137891345,0.0,0.0,0.0,0.0,0.00551271348125545,0.0,0.004251771150304872,0.0,0.0,0.0,0.0,0.0,0.004624405246408002,0.0,0.0040593672243221645,0.011502669078738554,0.0,0.0032948125919956533,0.0037494570600120763,0.0,0.0,0.0,0.0,0.005523479398602944,0.0,0.0,0.15333845319369052,0.02483283959429939,0.0,0.0,0.010265078570240047,0.036262235102901476,0.0181153299842165,0.0,0.0,0.009892213377117707
Creedence_Clearwater_Revival_-_I_Heard_It_Through_The_Grapevine_-_Single_Version_preview.wav,0.006454634696533283,0.05557712028950103,0.010618261481572343,0.05531546680361796,0.0065585727481196655,0.061371720139383405,0.0012395085280519245,0.004087164664303247,0.0213880940372704,0.0,0.0036095320356249287,0.0,0.0022664069712665727,0.0,0.00327943639048206,0.01806424860214139,0.028604729952528798,0.04822423848863511,0.0024222147404721903,0.031427434460980286,0.0298557209684189,0.049914160614498104,0.035084419422957806,0.0,0.0,0.0,0.047161785594263345,0.004267039470301431,0.0,0.012053651049281557,0.0,0.009631105922505536,0.0,0.025644365228286028,0.01958164578647684,0.0,0.009057318542554224,0.0,0.0,0.01252892779150958,0.0,0.0,0.054757903890219624,0.0069724439840373135,0.0,0.0032273173482666416,0.023501196819743667,0.027546560378692055,0.0063053962995128525,0.012649210356450627,0.0,0.01615433115863792,0.04225481344248266,0.001485137295574022,0.019571259443358243,0.005723199649101803,0.0,0.5191039483362434,0.0,0.0,0.05330192370149301,0.01186609309763007,0.0,0.016950288509056496,0.051637077572266266,0.018376880224087143,0.001469349835126789,0.01017535762272239,0.01677536523716421,0.0,0.0,0.0341558064306951,0.0,0.0,0.00685098164600274,0.0,0.08890251055466522,0.0058078721584741725,0.009479654109344891,0.019237362538013978,0.022674760996785996,0.009640235313478067,0.0017971740364419694,0.0,0.004804828293512181,0.0,0.0,0.002938699670253578,0.0,0.005423848785427388,0.7743507370968475,0.007189774431475395,0.0,0.0,0.0,0.0015168944973674775,0.02660488253785945,0.004014277467142531,0.01351869926577692,0.0,0.0,0.0,0.01629082877914799,0.0,0.005251252242826927,0.0019892280075356336,0.00460962223363483,0.0055979476815785426,0.0,0.0029931446041586924,0.031932773643267964,0.017094775313733705,0.03495051891564042,0.0,0.0,0.006272197619932153,0.0,0.015535478814117513,0.004195753602007452,0.1102323709197674,0.003255079883988846,0.004689102453803596,0.015153488543987199,0.25433254774958,0.04114179538355009,0.0,0.02292153647082382,0.003744373954788474
Cupid_-_Cupid_Shuffle_preview.wav,0.004045771726808848,0.019906169530774388,0.12170125379551917,0.02889316000195283,0.09866208492999776,0.0,0.003107700927288298,0.08966436687247376,0.09008885451186972,0.016760836154372967,0.012669767186310075,0.31493901957468734,0.051141104705093754,0.0,0.01644443306525948,0.0,0.025613534888592665,0.0,0.012145973706025964,0.041714996902921596,0.02339199611141394,0.0,0.015166172763520664,0.17373719946337277,0.09578709956058595,0.029389015750327856,0.0,0.014264452099115659,0.04858869756778936,0.08730500696920032,0.004634999655880177,0.003449592678850215,0.03615057630679304,0.09644348844245197,0.031242389568765277,0.0,0.0,0.007920423101589491,0.004548742644847554,0.0,0.020382685443312898,0.008988603917885618,0.0,0.0,0.0,0.07282389108255924,0.040989424855988006,0.0,0.0197611447233377,0.12289234178320112,0.01905184477529838,0.024301323686891932,0.031390057387169795,0.08564147503750538,0.0,0.0,0.07455670149098408,0.0,0.032654178034515355,0.0,0.007861106140270843,0.05138760360375671,0.10693462339753906,0.0,0.008091543453617695,0.033173705079729644,0.0,0.17858189211917888,0.0,0.0,0.3070599962513055,0.0,0.013911085250786766,0.030736241866311194,0.004294202406089845,0.014571829514524685,0.0,0.024269201978019763,0.0014854642585781655,0.02612566407654627,0.025841024956480482,0.002843533882223299,0.04505882205043769,0.0,0.0301167136112341,0.0096194010717302,0.10678088112710532,0.12893860022963066,0.0,0.027197392383310974,0.0,0.10815739381546448,0.2167147697857901,0.022359110297713036,0.0,0.011409492543329921,0.05885635760094337,0.03019383939206451,0.041157168690207364,0.5302765880366477,0.37090626196451204,0.042386995352335435,0.020422216772812824,0.1268257959763716,0.03291490355880464,0.01994960287468833,0.052007688003515094,0.09356798444565576,0.0,0.06378760890818921,0.1441115687622322,0.0,0.0,0.0,0.03673712570930623,0.015725679911402803,0.010698339074336743,0.005992402611923746,0.0,0.0,0.11425609717809221,0.08229575997122443,0.03507035943361889,0.0,0.08104712014433926,0.006955542625393383,0.07073104171968063,0.0
Cypress_Hill_-_Siempre_Peligroso_feat_Fermin_IV_Caballero_-_feat_Fermin_IV_Caballero_of_Control_Mach_preview.wav,0.012884913040450837,0.19019060937588475,0.0,0.009201850208752131,0.03273099234197568,0.10561366905427347,0.002474339811271442,0.00815890654661454,0.006831276928356049,0.0,0.0,0.20981395645425113,0.0,0.01579784482206286,0.03273248967578767,0.09616088627693146,0.020393400319102035,0.14273998927214826,0.0,0.040594062576539594,0.12292248860026105,0.16606661963129837,0.04830099926783402,0.0,0.008972391654468575,0.003899904001196361,0.011075953851211594,0.008517977406921999,0.0,0.0,0.0,0.07141037124841126,0.0,0.0,0.06396447415736474,0.0,0.02410727945366222,0.050449689106930824,0.0,0.05835801553018191,0.027047696047669108,0.01908451385093581,0.49189131280629217,0.0,0.025837103321159377,0.0,0.0,0.17413238659446115,0.0,0.02840702549841746,0.0,0.12899081791103603,0.0,0.0,0.005581238197176214,0.0628364164548028,0.0,0.09506872247026532,0.0,0.0,0.23784136146525875,0.0,0.012520727307581685,0.060153983394852825,0.14495527170507191,0.017608519628426474,0.12612567045141196,0.01741055902862883,0.044649905577409714,0.0,0.0,0.19176391981278257,0.016613930776817387,0.008157360127640814,0.0,0.005801017976705676,0.13014433695825284,0.142990551519564,0.0011827210658999793,0.025601422345720666,0.2057452705710344,0.0022640110017355082,0.3874571815162785,0.0,0.0719364429362517,0.0,0.0,0.0,0.0,0.023201208975241708,0.14052540791362986,0.008611451090774177,0.0,0.0,0.0,0.0,0.0,0.03205362875897715,0.0038551980232369495,0.0,0.0,0.00562472776147396,0.0,0.030599461400821763,0.005241344528656122,0.04765139674006725,0.20244070459254684,0.026074467278843255,0.0,0.0044812460063920825,0.0,0.009750012586495464,0.0,0.0,0.0,0.005008290923032674,0.03123258382538066,0.057253541552807416,0.016751349330446377,0.11770051215726282,0.05848089147585539,0.02808153219924632,0.0023269073765602227,0.21275273065011369,0.038131016648101285,0.011075953851211594,0.0,0.007474618637099768
Danny_Brown_-_Best_Life_preview.wav,0.36542179700436583,0.0,0.0236902773836143,0.0,0.022762061701019312,0.03855954117867519,0.0032263615894036987,0.029256229107033654,0.04231060123277321,0.0,0.0018790763035354552,0.0,0.005899312697383009,0.0,0.0,0.020897816087724213,0.0,0.30299044993192215,0.006304870376510671,0.04811976829984028,0.06314143566251143,0.3127784939489618,0.13855828278996735,0.0,0.0,0.0,0.03610562291077815,0.02221366281212601,0.0,0.010458294793823982,0.004811976829984028,0.1253457701524932,0.1576298044605701,0.015170601361290637,0.04170254254642624,0.0,0.0,0.18090263130951373,0.0,0.0,0.0,0.0,0.04751044300473021,0.0060496088961222326,0.0,0.008400501080560134,0.0026596571915485146,0.0956025847499225,0.012309408103885353,0.04938763087150397,0.0,0.0,0.3177390162933898,0.0,0.08733041011741612,0.0,0.0,0.0,0.0,0.0326149047538784,0.0,0.02246304218460264,0.0065304520377614285,0.2353094355803785,0.2142127775542834,0.1492416006314241,0.003824623842564751,0.17026589873830653,0.08733041011741612,0.0,0.0,0.11668831678099846,0.24551823579329138,0.0,0.013374500980912382,0.0,0.0,0.21668446125763702,0.009253100485104747,0.17108489191120477,0.02682770713820257,0.005904215824125952,0.11227030358097688,0.0,0.06878663764280395,0.004993348275308467,0.0,0.0,0.08823895540919383,0.006050542380998479,0.0,0.0,0.0,0.0,0.0,0.01184513869180715,0.008147154263933072,0.010448908043862106,0.0326748605720468,0.0,0.0,0.0,0.0,0.011969850681421467,0.013668674437564728,0.1294458386294008,0.07199131484622273,0.0,0.0,0.0,0.0027706323916325292,0.006356658443188394,0.0,0.0,0.0,0.009795678056642143,0.0,0.16486204393352477,0.21842557681139205,0.006672740142950344,0.0,0.08299695402068116,0.018204721633548762,0.012609740753021343,0.03442161458308276,0.0,0.0183579373886223,0.0
Dave_-_Funky_Friday_preview.wav,0.00933556742939632,0.0765553934923061,0.0,0.026668241478796775,0.0015809827875453376,0.0,0.08605177014269484,0.0014778528573871936,0.004949497617355736,0.06445903141106106,0.013573545422427488,0.01483097613962783,0.06883768300561041,0.045784351081766254,0.06640431471402461,0.008708988131026942,0.02955145497621271,0.007215354728783416,0.017516676079516097,0.06417122083676456,0.018891857997259096,0.0,0.00524936296608847,0.050112050620565916,0.13976740790962586,0.00847684807581765,0.46945744618902846,0.006171570750594089,0.0,0.006779742533169691,0.0,0.02188970235787081,0.0,0.0,0.0025746936216854022,0.017221973176384048,0.01746656203052571,0.0,0.036736582762428666,0.04228241101180986,0.03919399214726811,0.02074109060961408,0.030799339429513985,0.006722995596288782,0.0,0.00233389185734908,0.0014778528573871936,0.0,0.0,0.009147501118435618,0.027476182784798252,0.15887916409072267,0.0,0.0021480068224758106,0.0,0.012416500409725022,0.1505338204789237,0.006888059440226328,0.13939584527582446,0.0,0.6620882333494705,0.0,0.019957744851806167,0.016343869561821253,0.0933556742939632,0.004252661538005802,0.004250345715324796,0.004204851759184819,0.0,0.05537053451995072,0.02214178385979476,0.01852528351897403,0.0,0.02955145497621271,0.019817636201214062,0.06304558786387568,0.0,0.0364005711232742,0.017138450568061285,0.015071160404836553,0.05068366436204879,0.007381596046135081,0.041589066308773036,0.01903008268831123,0.041696362966764766,0.02497122800652289,0.038499303379457256,0.0,0.0,0.0,0.0,0.0,0.11311030430865095,0.30311102581910376,0.011649517513839271,0.07459390530900888,0.0,0.03483595252410777,0.002793224990080698,0.013300071354482038,0.021833202538157136,0.07335559442574281,0.023562004311439805,0.0,0.0,0.0,0.06667060369699193,0.0026988368567512997,0.0,0.0,0.0015395168256100262,0.028256892274845007,0.1291837855277973,0.014550338442014076,0.1536464515304388,0.007257361764293152,0.0349722342533665,0.03111163591442112,0.0,0.06303164859341827,0.08474287781222835,0.033910077176282756,0.0033718505740225895,0.0,0.0,0.016049827220137723,0.0,0.005415621050495327
David_Guetta_-_Bad_feat_Vassy_-_Radio_Edit_preview.wav,0.0,0.0,0.022022487421166585,0.0055769285994471795,0.0,0.0,0.0009997421638172745,0.0024724179500745192,0.0,0.0,0.0011645265154681598,0.09097705179871256,0.010968004938726877,0.0,0.0,0.0,0.0049438986681787644,0.0,0.0,0.0014910715971968747,0.0,0.0,0.002927359368906641,0.02794548249509732,0.029001928373436094,0.2253297942068074,0.0,0.0,0.05731330851760173,0.005941242570522418,0.005964286388787499,0.0,0.0,0.0,0.07753338669597475,0.0032013347685953,0.0,0.0,0.0014633228617580976,0.0,0.0,0.007710983384667462,0.0,0.0,0.0,0.0689804520385421,0.009065532483606569,0.0,0.007628552443412081,0.0012752987016770322,0.0,0.005211796650706366,0.0,0.0011978573279979156,0.0,0.0,0.0,0.0,0.004201917670937116,0.0,0.0,0.0,0.01011784958074584,0.0,0.0,0.0,0.0,0.0,0.0,0.0,0.05865103147062937,0.0,0.0,0.05438288534996641,0.0013814376948684233,0.0,0.0,0.0,0.003345099482941565,0.0,0.0,0.011434500869032355,0.0,0.0,0.0,0.0,0.0,0.03199834100281576,0.0,0.0006249539576421673,0.0,0.0,0.06971677711145113,0.00719288819390021,0.0,0.0,0.1426360677499224,0.0016188845620414651,0.0,0.9295869083264008,0.004870200854176055,0.04999802553614896,0.0,0.032145175126787114,0.02329507210841715,0.0,0.0,0.0,0.0,0.0024141607705455465,0.02489727838071658,0.0,0.0,0.0,0.0,0.0,0.0,0.0,0.0,0.0,0.010501712680368966,0.0007564116466216224,0.0,0.0,0.008295866185915197,0.0,0.14932350045497486,0.0
Delinquent_Habits_-_California_preview.wav,0.02375507449921693,0.08571249678943683,0.09825457293302031,0.06785940628494713,0.10942378230449969,0.006230817250888328,0.0036494232514323486,0.16546248737757505,0.0755662805864936,0.006560839948498497,0.004250946190197648,0.30190854129217065,0.0,0.0,0.019310962601972917,0.011819037299658832,0.012031354620132946,0.044064069699067655,0.014263212545595459,0.07620136645849515,0.08790271290966056,0.13607386867588422,0.02849580950724362,0.0,0.03308362757574273,0.023007996356016632,0.0,0.029314207724788623,0.0,0.05323344705788579,0.08164432120553052,0.0972218938029019,0.1528279343889463,0.030887765943620703,0.010482411788396309,0.0,0.0,0.2976345732557411,0.03739163224809241,0.0,0.0,0.07388823645629783,0.0,0.23265769000072606,0.0,0.009502029799686772,0.08122703925808228,0.0,0.04641166104178214,0.4189774536452443,0.022372888167949426,0.04756239300291579,0.12440874360444298,0.03498092642609166,0.049390872722750966,0.0,0.04377656768418771,0.014021760660621501,0.00766926543858618,0.0,0.05538854130725163,0.06034529055875944,0.06648090910987305,0.0055450989559778525,0.11877537249608465,0.11686924850882899,0.008652267138859668,0.05563776934564982,0.05762268484320946,0.0,0.0,0.01257040505759025,0.06534404584572072,0.07218812772079766,0.02017100419095406,0.0,0.0,0.017099828857001887,0.00697761841472587,0.07315949470972989,0.20634961624679832,0.01335683054299094,0.07407862062940113,0.0,0.014146616740944935,0.005648108804127658,0.0,0.0,0.08733324700299301,0.04790750387389659,0.0,0.03386959187640983,0.0,0.01312833166880937,0.0,0.004466116951500924,0.07833143115835299,0.10046181704710005,0.04264546417832397,0.009024816491982706,0.0,0.09955146265129496,0.0,0.027078831793944345,0.046383001650407485,0.2811256795598666,0.033929703142473566,0.04395135645483028,0.0,0.028640841603624578,0.03447329442193909,0.014380370259908157,0.0,0.01974638042692403,0.1402082448235431,0.003693383839437392,0.012563231882052267,0.03518487450299896,0.07412009069358617,0.03773856766152133,0.35459947710487727,0.08007416729184962,0.0034319739937356338,0.049921243909584107,0.02163066784714917,0.0,0.04672158833418589,0.01102437382511524
Demun_Jones_-_The_Beard_Song_preview.wav,0.29026570032832516,0.0059507376155794305,0.10232239258382093,0.010364763373933977,0.04178313933018397,0.13799468261294376,0.002787042395684771,0.04595007190253343,0.026931104673827755,0.0,0.0,0.0,0.0,0.0,0.0,0.5596198788613559,0.009188272527903567,0.08599818242447918,0.010892728884662873,0.0,0.0,0.06235127275999295,0.00544051920840329,0.0,0.0,0.06589150209434927,0.006237856420398575,0.05436862913996484,0.04841691414005368,0.027102707030129146,0.0,0.024749256813945547,0.0,0.0,0.016010708569810243,0.0,0.01357695688682558,0.04972225077207438,0.0,0.0,0.0,0.005374095037522346,0.0,0.005225860773379898,0.0,0.036283212541040645,0.002297503595126672,0.0,0.0017722151976593762,0.0,0.0,0.0,0.014075585583674189,0.07680482367612455,0.0,0.012868648904000708,0.0,0.0,0.0,0.0,0.0,0.04851087608264163,0.05077106694055293,0.29219833166879916,0.014513285016416258,0.02148667348826769,0.04294994547826951,0.062101100837890964,0.01885975491937664,0.0,0.0,0.12479924699468325,0.0,0.004594136263951784,0.0,0.0,0.0,0.06529517775817456,0.006660956061728079,0.03424379943955435,0.0,0.01147559675443717,0.024245739913672647,0.0,0.04861658419222616,0.008626852852086073,0.0,0.04294994547826951,0.0,0.07840000724708096,0.0,0.12286350867180629,0.0,0.0,0.0,0.0034107464194606976,0.003518896395918547,0.027078381235226896,0.04342410967796852,0.0,0.0,0.0,0.0,0.07237978842821684,0.011807472316624747,0.0044727911637677,0.015547145060900965,0.016782692133529342,0.0,0.13291954771460404,0.00718010339916474,0.021964403040550654,0.0,0.0,0.0,0.09590090422104443,0.0,0.016122285112567036,0.00943417726138629,0.0,0.0,0.033739120409601954,0.5792360754281091,0.13071274661595447,0.006607683919733772,0.0,0.0277518838691382,0.0
Diddy_-_Satisfy_You_preview.wav,0.008118803797103998,0.07323518859268188,0.038159770100227954,0.13335630377599003,0.0,0.20230390613752344,0.003118170746206802,0.0,0.006456597365953054,0.028028838789695795,0.0054481935119903195,0.0,0.022805954963164368,0.0,0.15674842514028872,0.11613298839181613,0.09251937603870072,0.03764959108004887,0.012186893391757103,0.2185789017889815,0.03285912497606262,0.013951844795041373,0.0,0.0,0.0678422156561375,0.009829342367729704,0.02791590316565115,0.04651565399379058,0.0,0.0,0.15347029274545512,0.058840643580653856,0.021763420381005316,0.011729503728907076,0.0,0.019969765776674954,0.0227850515581817,0.0,0.13692201964456785,0.31518408495521055,0.18406219088957934,0.09920775095785052,0.16071039867673215,0.0058467449984014935,0.0,0.0,0.012852349341224789,0.023099176484745867,0.005948315957318073,0.007955249359617188,0.009558015141992008,0.10566051013677116,0.007873952558220655,0.018680434883484743,0.035167468903764244,0.20156601300685656,0.018701970601601316,0.03594177015650591,0.09173973113847975,0.15760608207690213,0.11042626199275617,0.013568612636460343,0.0,0.03316522888869083,0.03653461708696799,0.005547577836646658,0.147854849503519,0.05850890875039043,0.0,0.0,0.0,0.16110765983294945,0.013957951582825576,0.02569982667741687,0.008617339077505148,0.1681406017184994,0.014909845389101175,0.16071636715398965,0.017885625305685715,0.00604931105178497,0.21779589852280132,0.01569212548494278,0.06781593727817811,0.016549771479616966,0.22361450663440127,0.033781330642473704,0.0,0.00739274247517595,0.0,0.009746078633941372,0.01180603715137785,0.007234785012503944,0.04141807239363361,0.14582384671920187,0.020262324222086153,0.011447931030068387,0.01574790511644131,0.11613298839181613,0.01943333028411269,0.023133177630854606,0.007595017186060567,0.07797129411829781,0.020491019053511167,0.026993075675603554,0.04623611103825697,0.005004203230760681,0.3536841100145822,0.09388321421732178,0.0,0.009412133652806338,0.0,0.08600897386327569,0.14653884070591897,0.05905153648124686,0.0,0.10413915334653918,0.10734381690874752,0.06313220515499579,0.005277525666012759,0.03869388325063668,0.18015018219276932,0.08021378474797383,0.08797127796680307,0.09140170043817827,0.00739274247517595,0.0,0.008871166752341283,0.0
Dimitri_Vegas_Like_Mike_-_Unity_preview.wav,0.0,0.0,0.0,0.0624730355196044,0.0,0.0,0.003054316951292079,0.00503566374671222,0.0010540632306343832,0.0,0.006226063188106951,0.20214139317419436,0.0,0.0,0.0,0.0,0.002517354649728242,0.0,0.014921663252130193,0.0,0.0,0.0,0.0,0.0,0.0,0.06498938763688192,0.0,0.0,0.22019919665993218,0.010725660583086577,0.004555379796646202,0.0,0.0,0.12638238083763795,0.15352854455981282,0.0,0.0,0.0,0.0,0.0,0.0,0.0,0.0,0.0,0.0,0.787302173588668,0.008812411556746386,0.0,0.0427277146606906,0.013636598557242648,0.0,0.0,0.0,0.0,0.0,0.0,0.004579748070284845,0.0,0.0,0.0,0.0,0.0,0.040184416327134966,0.0,0.0,0.0,0.0,0.0,0.0,0.0,0.0,0.0,0.0,0.0,0.0021102183749457538,0.0,0.0,0.0,0.012409549554216078,0.0,0.0,0.03912562861664072,0.0,0.0,0.0,0.007090619506692589,0.0,0.014482708290387725,0.0,0.0,0.0,0.0,0.1774933759819863,0.0,0.0,0.009344583905188508,0.0,0.0,0.0,0.29079636743788406,0.0,0.0,0.0,0.003777187483756035,0.0,0.0024508636632577224,0.0,0.0,0.0,0.0,0.07737523607613439,0.0,0.0,0.0,0.0,0.0,0.0,0.0,0.0,0.0,0.0,0.0,0.0,0.0,0.0018103385362984656,0.0034180302807823564,0.33889062870359227,0.0
Dire_Straits_-_Tunnel_of_Love_Intro_The_Carousel_Waltz_preview.wav,0.0,0.010260489864933428,0.0,0.008935661124787097,0.0,0.0,0.010812431958550995,0.0,0.0,0.0,0.03218622826154719,0.0,0.010983462222957463,0.0,0.0,0.0,0.03960692910656127,0.0,0.03991102881323985,0.005375422708478079,0.0,0.021501690833912315,0.0,0.0,0.00871284029672023,0.0,0.15326660335065503,0.0,0.0,0.0,0.0,0.0,0.005590065249377832,0.0,0.0,0.0,0.09949211501429593,0.0,0.0,0.19834446725602553,0.05515705920777852,0.0,0.002948530801844742,0.0,0.13799331326587094,0.0,0.0,0.0,0.0015278606828890103,0.0,0.0,0.009394455008345896,0.0,0.0,0.21408152232258257,0.49647031979587664,0.0792612724956298,0.11539824441403358,0.0,0.024289241316432734,0.0,0.0,0.0,0.0,0.017204249055062546,0.0,0.021362290988813315,0.0,0.0,0.0,0.0,0.0062072205209994236,0.0,0.0,0.019920737727962667,0.039432451898136975,0.005744525018867511,0.0,0.012633583302600431,0.0,0.0,0.004397036386238184,0.0,0.48460353624409686,0.0,0.10598259603422061,0.0,0.0,0.0,0.0,0.05458412802000853,0.0,0.0,0.17719441943617664,0.0,0.0,0.0,0.0,0.011231027127075813,0.0,0.002926238676891057,0.0,0.0,0.0,0.0,0.0,0.0,0.0,0.05366815919204353,0.0,0.0,0.0852116974445213,0.0,0.17551244135081967,0.0,0.0,0.0013785952073068566,0.0011582775789282958,0.0,0.2161679502261694,0.0,0.0,0.0,0.17138265313920642,0.0,0.016133326668490003,0.0,0.4318744742573181
DIVINE_-_Jungli_Sher_preview.wav,0.1735358517745748,0.0,0.01223472393228753,0.0,0.03232721700398015,0.03982776002471518,0.0033324762486228333,0.07691972424413492,0.029901499796179946,0.37144452456424765,0.005822636716958227,0.18608955643454314,0.054840063682308156,0.0,0.0,0.04856657138976345,0.0,0.4068425019861397,0.013024473666791183,0.0,0.005016780782517879,0.1590477501097097,0.045536733668552466,0.0,0.06646279977434334,0.0,0.0,0.09177707044300377,0.005789227198450885,0.1836385372834934,0.0,0.08507921984423877,0.29461622658898085,0.03760694564170289,0.023930074635357935,0.0,0.0,0.06794636287764501,0.019510985361489437,0.0,0.0947133821496117,0.032129120278388934,0.0,0.00624857983246409,0.06959556060873821,0.0,0.027471330087191038,0.0,0.008476175407726055,0.04676098563965852,0.0817193439029289,0.0,0.11360402853247933,0.019964302993633977,0.037584457165644854,0.0,0.029980978226462444,0.0,0.0630288098745391,0.08421901299001923,0.0,0.06380508486528627,0.023608332472807112,0.11646085251294301,0.01301518888309311,0.11660074662145463,0.0,0.015632526616823808,0.1728885029619663,0.0,0.0,0.0,0.0,0.005493224647841985,0.0046047955900184595,0.007812893983737874,0.0,0.0,0.003185811296333041,0.18102189942728206,0.0,0.0030492023995796627,0.20293500652301383,0.0,0.0,0.02063031568838225,0.0,0.003950415278040569,0.0113926405548508,0.024998176078199454,0.0,0.06572214449860475,0.0,0.01198815551284137,0.021654912353384945,0.00815648262152502,0.0336604528985124,0.0,0.007788353758637464,0.0247230736494387,0.06493605755545871,0.015150927600724081,0.0,0.0041211792282682186,0.014118235557645986,0.1390514291695,0.0,0.0,0.0,0.02212982279658435,0.13736439217383986,0.0,0.0,0.11720433751568578,0.05909139991268066,0.00337261892468673,0.12236942725733838,0.022490384194872256,0.4060972237493156,0.0,0.008751433455493243,0.045384731063679885,0.053276506325745765,0.0,0.0,0.007458626533806368,0.004740431956093597,0.010066923290883415
DJ_Quik_-_California_preview.wav,0.038726529573133925,0.03528589549215375,0.056628858227301515,0.0491676804913773,0.01748894990819696,0.05078871222636538,0.0,0.046319670225422584,0.00684396412966896,0.08913132865516833,0.01732518175789313,0.3691380778384336,0.07856618104062867,0.0,0.12242824978556985,0.042817545973298725,0.081725101605273,0.026605597989566243,0.05167220843914196,0.12817040295407492,0.004975789212670947,0.0,0.038712563976910794,0.011548817793435535,0.053934332293539396,0.25526693672645706,0.022193048724143308,0.04172078624432214,0.3732250634448134,0.012499669876985389,0.019718523531396144,0.03301984439891534,0.0,0.003108305281771616,0.23734544599587623,0.0,0.00805068401194087,0.00842389756756346,0.05321679886404689,0.011136457019145852,0.09393948941079516,0.1338397062781426,0.07300812806326451,0.0247900934664986,0.0,0.08175600687661608,0.0027246864838483876,0.0,0.0021017293752121293,0.02951384972743204,0.08105162403661234,0.0861535883748008,0.016692708500407716,0.011880706107835304,0.0,0.015261361857493811,0.09912002305303226,0.02539874299787865,0.08335174443714813,0.0,0.06688648022360956,0.008629600971836356,0.10369691029632622,0.050221418939283245,0.04733242503383035,0.00588040752250809,0.03134509491750903,0.10853356460080545,0.01491094346243681,0.0,0.08164469001025726,0.1707733938507498,0.022193048724143308,0.1416568427824732,0.013701510919041406,0.07749055677197333,0.0,0.2374695990052017,0.012639121515645137,0.014961899098824888,0.19788228990696402,0.01512143849293736,0.1102230350801717,0.0,0.0960933932235642,0.025577184529859104,0.0,0.003918136864688629,0.0,0.01652927913451379,0.0,0.0038344197651648646,0.0,0.19024322557918827,0.010738986210518523,0.004044918444807252,0.004173177125101929,0.06422631895994808,0.02317414790281725,0.008173688035006212,0.024152052035822616,0.08264922061013934,0.0,0.1512377042866767,0.0,0.04773989598693179,0.09218940092133243,0.04975789212670947,0.0,0.04190264098876211,0.0028383750556959632,0.013024160705848036,0.05177683706297647,0.026826155452625313,0.087912855771497,0.06355617082678058,0.06827037749070895,0.09559979019867328,0.0,0.013671780660682729,0.3298372049123192,0.09002779472986694,0.027974747535944543,0.01291805210978549,0.011754410594065887,0.00739768290804777,0.004701698402435048,0.0
Don_Diablo_-_Congratulations_-_Don_Diablo_VIP_Mix_preview.wav,0.004364621447614136,0.02863331574810686,0.02872025697983308,0.0,0.10643770361494286,0.045792588207269676,0.013410482880319666,0.04421982626116314,0.03933832855078935,0.054245303417321845,0.003905222632537285,0.26348700145223425,0.006130174016586979,0.0,0.0,0.010857811388876697,0.00552643061807854,0.3013540890864687,0.019654807878134763,0.020001147146970096,0.0,0.18001032432273087,0.3959465582535745,0.0,0.0,0.03170518188610871,0.015007426307035762,0.04231876607958639,0.21549623150998004,0.07788421924551538,0.015000860360227571,0.0037214571677078013,0.05459947517685871,0.003152856308913338,0.2359323485259362,0.0,0.0,0.025633909333765012,0.05397954989255475,0.0,0.05130780020652858,0.006464667492095777,0.008228282913740491,0.04400446292223378,0.0,0.15276175066649475,0.030401130554549658,0.08692587546019512,0.00852741300428409,0.017106782153542926,0.1130433271223122,0.0,0.11852374389318472,0.004016997024724252,0.09074796309698169,0.0,0.04021628015177051,0.0,0.007045534717603707,0.13556497302770712,0.008480644677612677,0.08753288175076375,0.05089509081652621,0.1681060837118506,0.04364621447614136,0.0556704475824106,0.003974295126500105,0.011795267707704523,0.24955689851669963,0.0,0.0,0.03464421434756868,0.2401188209125722,0.0,0.018530524396935664,0.0,0.01603089139537883,0.026181872488711774,0.012820276773783132,0.10623442546196016,0.03902860050368878,0.00306763451015527,0.019443974045534284,0.0,0.0,0.0,0.0,0.03179436101200084,0.01146150787913341,0.01886196558458872,0.02538742615290867,0.050561915536658696,0.0,0.0,0.0,0.012308681562785605,0.0846598170665605,0.0,0.02089448945344949,0.20727101709883053,0.02449822096977074,0.04572754013500597,0.0,0.01658436530800764,0.021305368229298106,0.04304368632628158,0.0,0.0,0.0,0.008095852824723332,0.08925077320130315,0.0,0.0,0.02721065204203264,0.0,0.0,0.011541481658069013,0.025858669968383107,0.07944067427421199,0.06933868459269323,0.0,0.012683076953013874,0.01576428154456669,0.026206410504179687,0.3576865613850094,0.0,0.1669180580549874,0.010127776792533322
Don_Omar_-_Encanto_preview.wav,0.04085652238564489,0.0574354035319892,0.07132641712751185,0.0,0.08698261329583412,0.015309181593430133,0.004483335092158153,0.10717952362039451,0.23208390353484354,0.05642017755686229,0.02088923637115421,0.027817213800828966,0.08197653890579477,0.0,0.01186180806279436,0.02177962147592331,0.029561161125101185,0.0,0.0,0.13373395378480576,0.11473823971011747,0.0,0.00875181185774606,0.0,0.08128681069152667,0.056530881926447035,0.010034436732185296,0.04630198348104856,0.39721432936450357,0.05570903381110141,0.013373395378480576,0.164226690082365,0.0,0.07167535867555266,0.17384890123103028,0.11485086478687385,0.0,0.0,0.026249034900068354,0.0,0.009801716344711015,0.1253519139717851,0.04401350777847454,0.04203252348852467,0.0,0.2393024882587772,0.05174183898915597,0.0,0.02280678499566233,0.1086622540828341,0.0,0.17529192773129015,0.016981864059819128,0.06446137000171674,0.0,0.03105144649537714,0.0,0.06890321817173023,0.11306078085098153,0.0,0.03402255285801508,0.019509078282177142,0.14973224966405138,0.013624364742602887,0.058366460550921276,0.045199369659293095,0.08503483475127513,0.21031164194873392,0.0,0.0,0.0,0.030885613552890698,0.0,0.007390290281275296,0.01858513620567571,0.11562154107290834,0.0,0.06302168110076478,0.004286019919195626,0.03189177224106368,0.08947113770499002,0.028715635373978924,0.04550298178158873,0.0,0.07820635893711098,0.04163238297328368,0.0,0.047832094547592255,0.0,0.09809102173941363,0.0,0.09882129543972128,0.0,0.06451288986462506,0.0,0.0,0.011321242706546086,0.21053634093392531,0.05588284844648071,0.022174066251653985,0.0,0.0101916233340215,0.0,0.1386103461562835,0.0,0.1870723466575322,0.14172156589361098,0.07424239040066424,0.0,0.12991539729849771,0.11165162969349242,0.0,0.042138983421624844,0.0,0.07949840512224356,0.17695629505751528,0.15948460976805615,0.2766387066963534,0.007588075812392058,0.0,0.05886854967670679,0.16960607455362256,0.04216197569150157,0.0,0.0,0.010034436732185296,0.006377523305537512,0.0
Don_Omar_-_Good_Looking_preview.wav,0.14896735185670681,0.0,0.029480930501346692,0.22956994004308046,0.04248874431959506,0.0,0.006022479617854533,0.0918458825771352,0.027019123263098254,0.1678194315170521,0.01578407841520726,0.0,0.011011936974462323,0.0,0.0,0.0,0.019854805261760644,0.004039831066125014,0.0,0.0,0.08613050737067349,0.0,0.008817254473923555,0.021043063005267416,0.005459642771810577,0.004746133140606416,0.006739646876043166,0.013821692311580798,0.010462340975485705,0.0162682910475636,0.00898226425560788,0.07019290848306836,0.021017090840655284,0.09628175852412992,0.0,0.0,0.0,0.0,0.06611328721719384,0.0,0.0,0.03774161387121744,0.0,0.609794297451809,0.0,0.06664328898852673,0.24078515162113825,0.0,0.05361375877178422,0.2535205612121124,0.04615121818602793,0.0,0.2091081395104657,0.0072159318712936415,0.027169181154316,0.0,0.05418188062610442,0.0,0.08859371501721901,0.0,0.0,0.20965290151619245,0.0,0.0,0.0,0.033929792294401524,0.0,0.05297106747814211,0.006792295288579,0.0,0.1301689565398147,0.0,0.1010947031406475,0.0,0.03328730411415014,0.0,0.0,0.0,0.02302970183979604,0.013631013626086753,0.0600934451851531,0.004132908518801279,0.0,0.0,0.0,0.0,0.02586661712351774,0.01427844864844416,0.0,0.08470672107755708,0.0,0.052400127539160825,0.0,0.04333019463325151,0.0,0.011055348938005008,0.1482766807437848,0.009752213752121057,0.004691726538928197,0.11169937610657579,0.03667281230185001,0.0205356645913062,0.0,0.014895660795198601,0.019135947162668435,0.1304800617370039,0.0,0.013599553795369496,0.0,0.01272511077446708,0.08274870200278282,0.0,0.009434240491256051,0.0,0.21358096803341284,0.0030475129029216893,0.013821692311580798,0.005806402134033452,0.005096544311264932,0.0,0.14234098944005744,0.018226594373463367,0.0,0.0,0.2605816878341059,0.0,0.08566949230980445,0.0
Don_Omar_-_Not_To_Much_-_Remastered_2016_preview.wav,0.15571869801575566,0.027759906892000922,0.019093163063732602,0.03384578843223097,0.08713907423972506,0.04883534257005329,0.0052005678896487545,0.023579038097581443,0.008973736973462505,0.046747240885110265,0.0,0.021511561653454647,0.004754547085758844,0.0,0.006879715307522339,0.02105322595941776,0.01285885581000013,0.04883898971402676,0.0050814060234549135,0.0,0.050888797444658046,0.031025675820017307,0.09898107328218625,0.22714040708541888,0.0,0.05327932335249161,0.01745958144576068,0.011935391031147921,0.1761728225935428,0.009833664899988733,0.07756418955004327,0.043295288070841764,0.2540832689744372,0.007336041555165991,0.11203378670467974,0.01665305256107592,0.006333585572118863,0.1656799472435901,0.0038060362773891195,0.0,0.0,0.005013979358787718,0.025527339643193675,0.32179476157395254,0.0,0.07108897083327975,0.05787582078497264,0.0,0.009920759151096862,0.006633987959784118,0.04782333362920039,0.006777823145307588,0.19370270762386174,0.024924579883998994,0.08797985634540094,0.0,0.0,0.0,0.005464498474032866,0.0,0.013155132082122843,0.054312221050831215,0.0631585609325648,0.003950989182203634,0.016925945436495178,0.03392545743628341,0.0030824530038654806,0.0030494596919906887,0.02932661878180031,0.0,0.1364909135154826,0.02239163574570449,0.10475748867456408,0.04714913797000048,0.003593056678759926,0.0,0.0,0.024367910967112355,0.0062146084075755705,0.05212754081908964,0.017297417965061148,0.008327372825532527,0.02262104384401384,0.0,0.0,0.0,0.07817773979617804,0.03390698304252028,0.5689290123268731,0.024382152735858767,0.0,0.0,0.05180861991044885,0.03741675076721886,0.0,0.003182193843955434,0.13460696631488697,0.004210645191883552,0.042539993707372346,0.0321517727765317,0.0,0.0413771886055425,0.0,0.11898081460031722,0.16524388402603044,0.3547110732599354,0.0,0.0,0.0,0.02197692866895655,0.008931957222195874,0.005123144580831077,0.0325868487900529,0.0,0.053792877980524324,0.0,0.0029838477577869803,0.012534948396969295,0.06161398115929212,0.021511561653454647,0.0,0.001967392325315458,0.0,0.025407030117274566,0.04315434205411673,0.005819860481920227,0.022193350867043545,0.015710154884302913
Don_Omar_-_Ronca_preview.wav,0.06332580908719566,0.0,0.012756092663237014,0.012921304779119522,0.15626772896855967,0.041524974348108895,0.0034744859026436033,0.04582718290844972,0.01438879288720124,0.018739026147442942,0.014165110642426725,0.0,0.04447100786459705,0.0,0.0,0.03938369566349454,0.0,0.1211941796246869,0.006789748338539552,0.005182043362572146,0.020922260571507537,0.0570024769882936,0.18651768676105826,0.0,0.0,0.08762037558200951,0.0,0.11961005632520409,0.0181077854312069,0.020648087379496697,0.08809473716372648,0.023140375627430706,0.06466757036880959,0.029407141880061195,0.24450830779075491,0.0,0.0,0.08855227402290008,0.0,0.0,0.030384456714803564,0.046897572255715274,0.0,0.052118847174767766,0.0,0.09951198570845032,0.04869138184022782,0.0,0.019884100282173203,0.017728600517228583,0.0319506450137508,0.0,0.07896342262659083,0.06244517661857535,0.05486050599409841,0.048128373582241334,0.020839055489814195,0.0,0.0,0.0,0.0,0.10885756155091063,0.10549017638450378,0.28508172620491173,0.018093088310627333,0.030907513661165887,0.04942509234259209,0.057045410845329894,0.2351164542604218,0.0,0.0,0.023935669914951663,0.34994103078683486,0.034363872703132646,0.0048010236738180445,0.0,0.0,0.005426712680143135,0.003321570991591088,0.05167769788330021,0.0,0.015895703316752507,0.08564067702582474,0.0,0.0,0.048396269103488765,0.0,0.041187576952160077,0.08314687407795071,0.08253424150767791,0.0,0.09673809645676809,0.0,0.0,0.0,0.008504061775491343,0.05264228175106055,0.0,0.021653988061976534,0.0515532381666594,0.0,0.0,0.0,0.24491751765605824,0.09567914184860077,0.256497674355408,0.006460652389559761,0.005230565142876884,0.0,0.03775558879478214,0.011934834852672717,0.0,0.0,0.037599651065223644,0.0,0.0457124097666183,0.07176603379512245,0.0033498265896939484,0.09408946472713783,0.0071859092405603545,0.009124365757025467,0.018401735852803643,0.05227936334233101,0.05431798670831642,0.523082227292433,0.0,0.04942440028100727,0.0
Drake_-_Marvins_Room_preview.wav,0.0,0.02566776615356639,0.0,0.0,0.0,0.006157478176877611,0.003606468160445678,0.0,0.0,0.0,0.0,0.0,0.0,0.0,0.30215803349669096,0.0,0.0019816235048241396,0.0,0.0,0.1075777822494295,0.0,0.0,0.0,0.0,0.004359229436674385,0.0,0.03228746086450792,0.0,0.0,0.0,0.0,0.0,0.0,0.0011305261208993534,0.0,0.003849496510774648,0.02342500556809772,0.0,0.0,0.02430273942829994,0.010512881501020845,0.0,0.4602674226231947,0.0,0.04393527722897117,0.0,0.0,0.0,0.0,0.0,0.0,0.15354171449205486,0.0,0.0,0.027116401935157235,0.17762340986594538,0.0,0.49884189256991424,0.0,0.0,0.2676011420705139,0.0,0.0,0.0,0.050080999027231815,0.0,0.09405469352915612,0.0,0.0,0.0,0.0,0.3664621758509876,0.0,0.0,0.006644527949299048,0.025365780240683665,0.028741147213941436,0.01689855740839128,0.0,0.0,0.005997670684492056,0.0,0.0,0.08932663866798277,0.3308625019245359,0.011163256857545625,0.0,0.0,0.0,0.0,0.18206442410411502,0.0,0.0,0.0,0.0,0.0,0.0,0.0,0.014047836982294658,0.0,0.0,0.0,0.0,0.0,0.0,0.0,0.0022353558475059943,0.0,0.0,0.0,0.0,0.01657962584462098,0.0,0.0,0.0,0.004866548420953045,0.0013794842104961963,0.02897561269316983,0.0,0.03232178772911363,0.01262795341393699,0.0,0.0,0.056381316572332286,0.0,0.00807186521612698,0.0,0.0
DREAMCATCHER_-_Full_Moon_preview.wav,0.0,0.0,0.0,0.0,0.01499785195413855,0.0,0.0011337811510862433,0.006542442240270417,0.0007825494485376034,0.0,0.0013206587267827392,0.787879288052196,0.0020730873943651134,0.0,0.0,0.0,0.0,0.0,0.0,0.0016909848689055213,0.0,0.0,0.001106613616671365,0.007923058178814314,0.0,0.01250897851306501,0.0,0.0,0.3013520807507046,0.0006125278264265335,0.010145909213433127,0.0,0.0,0.006397351839507953,0.14003437903634905,0.0,0.0,0.0028896044475701698,0.0016595157618241134,0.0,0.0,0.003279308381058141,0.0,0.010629516171395285,0.0,0.025092290782547256,0.004673173028764584,0.0,0.005767559732527426,0.0,0.0,0.0,0.0,0.0027169166397643177,0.0,0.0,0.0034000610425293154,0.0,0.0,0.0,0.0,0.0,0.0034423156967916422,0.0,0.0,0.0,0.0,0.0013296316837466834,0.007672231565189939,0.0,0.0,0.0,0.04060140050158107,0.0037378298296826076,0.0015666519594027197,0.0,0.0,0.0,0.0016258238000313066,0.0,0.0,0.0015561078077836465,0.0,0.0,0.0,0.005264162740420006,0.0,0.01747222744040079,0.03100819968941352,0.0028349750290253654,0.0,0.0,0.037649501595889256,0.0,0.0,0.0,0.027198549199468753,0.0,0.0,0.1570114790850723,0.0,0.0,0.0,0.25238072127719696,0.3650532219107903,0.20015063115955364,0.0,0.0,0.0,0.0027378358904913158,0.003894530349653138,0.0,0.0,0.0,0.0,0.0011474385655972142,0.0,0.0,0.0,0.0,0.0,0.0017156528921960135,0.006397351839507953,0.0,0.01747222744040079,0.0,0.009676790468433621,0.0
Duke_Dumont_-_Ocean_Drive_-_Michael_Calfan_Remix_preview.wav,0.017986265639137442,0.051623104739614394,0.10144623945649797,0.0834926080674931,0.13097725381111933,0.0,0.003453972330841914,0.04840390502049371,0.05006344208816049,0.0,0.008046559420082493,0.11429573126753358,0.01894647787898246,0.0,0.0,0.0,0.028467488625891824,0.02316896960897016,0.0,0.08242317231647445,0.015599050723806683,0.0,0.06405296416845789,0.0,0.03757413477506985,0.16331823686921462,0.06957499161786107,0.0,0.5640274475939625,0.12315707904756439,0.025757241348898265,0.042173548029932326,0.0,0.03572985822038407,0.2926697602889299,0.0,0.00841293865797245,0.0,0.015166740561293341,0.0,0.0,0.03996058816684712,0.008477028535969164,0.006476391799433481,0.0,0.112414160244609,0.005694577061234555,0.0,0.021963003743647954,0.008811964901694736,0.0,0.009003022017587183,0.01308286964570814,0.09932239451988682,0.0,0.0,0.02071602046447579,0.0,0.0,0.0,0.15726634808323872,0.09318501835147876,0.1817700839020533,0.01574436592813186,0.044965664097843604,0.028676698268250256,0.004094440304361065,0.08911353210659781,0.015581887513646657,0.0,0.0,0.0,0.0,0.05693497725178365,0.019090712575886355,0.02429321408197625,0.0,0.005394673045120713,0.0033019602385359185,0.10051158849594193,0.040208457056845524,0.001580185413720095,0.025039720401657473,0.0,0.0,0.0,0.0,0.2620441794791082,0.0,0.015113912657769095,0.0,0.2764799782916307,0.0,0.0,0.0,0.0,0.01308286964570814,0.0,0.00807230310981491,0.017082954925548673,0.0,0.0471099094024596,0.0,0.2861858100447105,0.014632960999067803,0.0,0.019267524938652258,0.0,0.0,0.23353666030373196,0.011864370876547408,0.0408306169739206,0.10821325330085624,0.028033245363676997,0.010207627654933724,0.013982314146311792,0.027744236665953388,0.023310343097327487,0.005845872182557887,0.035717416021104245,0.009070494957906898,0.041812779217905174,0.038978027149509896,0.11474424141611417,0.19243869430497001,0.007730554624206787,0.009826519135344158,0.0
Duki_-_She_Dont_Give_a_Fo_preview.wav,0.017252277606371345,0.0,0.1108211731198228,0.0,0.0,0.0,0.004417362350581324,0.003641460889562188,0.015244584319144485,0.12309202944940419,0.012863655680083217,0.08222364183090941,0.04442363509137337,0.0,0.0,0.014306088055732634,0.0036407706960687914,0.0,0.025896877570664216,0.0,0.0,0.0,0.0,0.07717322445127134,0.16418586699889157,0.041774268095166794,0.0,0.01013792110769267,0.007673907436239518,0.041763574689510634,0.026353208952713477,0.01716167486293993,0.0,0.0020770778919863312,0.03172049936875489,0.035362756994273686,0.005379747566828236,0.0,0.05819124965615562,0.0,0.004828741535284362,0.1810021472525875,0.0,0.004141401053936306,0.0,0.002875379601061891,0.012745113113467658,0.0,0.008426692794544069,0.016904728062153655,0.0,0.08059916144312386,0.0,0.13496473027353767,0.0,0.05099086872467141,0.019870635913144766,0.0,0.17173716456346297,0.0,0.0,0.0019222000168796006,0.02011758055324979,0.0,0.002875379601061891,0.0026196621317517684,0.039273533589899906,0.002590211053647987,0.0,0.0,0.27278913305730235,0.003803891067661324,0.0,0.5970863941552816,0.009155826997961285,0.196771182148734,0.0,0.006899367835237829,0.0,0.012854651522667864,0.0,0.005052336038693358,0.0,0.0,0.008561727137983633,0.03760144495558686,0.17075358503767107,0.013091177863299967,0.0,0.023471560525918703,0.0,0.005124585779605252,0.11734997760969611,0.15096349297421888,0.09329014193789513,0.016217732651681385,0.0,0.29327480514251897,0.0,0.0,0.11297469890339296,0.34643701256206416,0.0,0.0027314136102955045,0.0,0.0,0.04106944656779336,0.11304985459462255,0.0,0.02000057480196856,0.003793402219482979,0.0,0.0,0.04182773414726585,0.1631845371524226,0.029058727465805255,0.11151713218461937,0.019164933238509263,0.0,0.0,0.04640183428270726,0.030079854638845233,0.027002012595822304,0.0,0.0,0.0,0.009425516081469795,0.0
Ed_Sheeran_-_Galway_Girl_preview.wav,0.042257134863293626,0.0,0.022698946323001137,0.0,0.1206341966319782,0.007916999703669448,0.0,0.0057338157512742275,0.006401067435419525,0.03751349883405093,0.006751670441648602,0.3740206930021102,0.0,0.0,0.0,0.033789381042729584,0.0,0.10264591143595635,0.00453078003053108,0.0,0.01047102436620029,0.03803759308182548,0.17424782123507623,0.00810109025572101,0.0,0.007308603871612574,0.036324504027377455,0.026605151748795578,0.06444413040616533,0.013778410819245048,0.0172898150371934,0.012867923149748467,0.0,0.004360734073452804,0.24307466744338121,0.014848511936034372,0.0,0.04727254735186497,0.010180831691941936,0.0,0.0,0.002235329891710236,0.017070879617881098,0.013042035224636813,0.0,0.03320203453544499,0.0038225438341828186,0.0,0.0,0.002957561355285802,0.007106858613556368,0.012086743556993561,0.07903810580464704,0.03333559302874352,0.020919006767223358,0.0,0.0,0.0,0.009744720437113224,0.0,0.005864814724661195,0.07264034562925512,0.046928865965687794,0.03522856234070701,0.01811020065569727,0.03574912850360466,0.016490612775873385,0.002719017337446871,0.041838013534446716,0.0,0.01431772096727966,0.019965256785086736,0.23351466874742652,0.026752735230730813,0.0,0.005435690523515341,0.0,0.0,0.007757662536098124,0.035983703909889204,0.0,0.0,0.010084903001762196,0.0,0.0,0.0035882994098564115,0.0,0.09344680572994918,0.18230350672957818,0.015942724937124824,0.0,0.018827975993789034,0.0,0.0,0.0,0.002837368290375142,0.1814949096254858,0.033789381042729584,0.02348067397733699,0.02293422086244358,0.0,0.0052705024382221285,0.0,0.09748621540196645,0.6531980210381779,0.09302183640165836,0.004311175226432106,0.006980682910800194,0.0,0.012597099275489257,0.0059730613774641415,0.00456799575810534,0.0,0.0,0.0,0.011732216491421948,0.0026605151748795583,0.006705989675130706,0.05886153377125339,0.02397568544885322,0.012177327377080596,0.010525222922885538,0.01962330333053762,0.01812312012212432,0.34905130375598664,0.0,0.009894229122297446,0.0
Ellie_Goulding_-_Goodness_Gracious_-_The_Chainsmokers_Extended_Remix_preview.wav,0.0,0.0,0.0014600095200369078,0.0022183785215651153,0.027354686975584405,0.0,0.0011930257867395601,0.01081820334772289,0.004940644871065598,0.0,0.0006948342345544044,0.6563305825926959,0.0,0.0,0.0,0.0,0.0,0.0,0.0,0.0,0.0,0.0,0.0011644386391334882,0.004168534954081379,0.0,0.01316262306668251,0.0,0.0,0.6652860151138218,0.02384779035965084,0.0071173825800787,0.0,0.0,0.015707158278434316,0.27756955645952186,0.0,0.0,0.0,0.003492464300469416,0.0,0.0,0.001150221821182233,0.0,0.0,0.0,0.17550537920516046,0.0,0.0,0.006827555226141124,0.010652996386196071,0.0,0.0,0.0,0.028588864866514848,0.0,0.0,0.0,0.0,0.005014289000319538,0.0,0.0,0.003114846379455548,0.04708847739237037,0.0,0.0,0.0,0.0,0.004197330897737959,0.0,0.0,0.0,0.0,0.0,0.0,0.003297031679566755,0.0,0.0,0.0,0.0017107796476188793,0.004628985815204257,0.003968079277919752,0.0016374207137365264,0.013838226491939222,0.0,0.0,0.0,0.0,0.08344062182643282,0.0,0.0,0.0,0.02491254394179827,0.011885051948188036,0.0,0.0,0.0,0.015063043704307388,0.0,0.0,0.038353705420966396,0.0,0.0,0.0,0.022130719280285663,0.0,0.047865751928798966,0.0,0.003592012901779389,0.0,0.016565168402213365,0.015367632225334773,0.0,0.0,0.0,0.0,0.0,0.0,0.0,0.0,0.0,0.0,0.001805302671969059,0.008975519016248181,0.0,0.004242743482699974,0.0,0.02206195718908241,0.0
Ellie_Goulding_-_Love_Me_Like_You_Do_-_From_Fifty_Shades_Of_Grey_preview.wav,0.0,0.0,0.0,0.0,0.17750155864455935,0.0,0.002075017988916429,0.0,0.0014322024857940513,0.0,0.0024170366676744986,0.021457693826788023,0.0,0.0,0.0,0.0,0.0,0.0,0.012164835608023629,0.0,0.0,0.08046475678632627,0.02025296644923923,0.0,0.0,0.0,0.03250960592939692,0.0023811006432276813,0.11535206550311475,0.04484132611762763,0.0711803617725194,0.0,0.0,0.0,0.16390475071353003,0.0,0.01516254102477546,0.0,0.0030372043629198144,0.0,0.0,0.0,0.0,0.0,0.5958528747905106,0.005402739393911468,0.0,0.0,0.0013194554991585502,0.0,0.0,0.0,0.0,0.0,0.014041526883428128,0.028743026668911178,0.0,0.0,0.0,0.0,0.0,0.06501145918475376,0.11130071276366392,0.003152876301607312,0.002701369696955734,0.0012305637656264998,0.007379361910542062,0.036501881246186,0.0046805089611427105,0.0,0.0,0.0,0.0,0.0,0.0,0.0,0.0,0.006481837455958702,0.0019836947830959356,0.013418582319216677,0.0,0.0047465828403050695,0.03309444999753853,0.0,0.0,0.0,0.0,0.3246919240638507,0.0,0.009079876051044716,0.07070801221213813,0.5127400144583378,0.013781035786379096,0.0,0.0,0.0025393801640661282,0.14671441909254776,0.0,0.0064660522476426745,0.0,0.0,0.0,0.0,0.1975909415426208,0.1054912583973491,0.05661165268871672,0.0,0.006247552626655208,0.0,0.07766614406089621,0.003563836162811873,0.004088252433432686,0.0,0.0,0.0,0.0,0.0,0.0,0.0035119823721219494,0.11158000789929771,0.0,0.006279890278000269,0.01951378966991495,0.15003297249895808,0.21646128270923382,0.004644229418485274,0.0,0.0062683258223542905
Elohim_-_Sleepy_Eyes_preview.wav,0.055836156502722945,0.009157577114603636,0.09447822382730091,0.007975155854874443,0.30258814974832554,0.0,0.004288973453195648,0.15203180029310137,0.13617385960178746,0.0,0.009991822874239102,0.01774085423480163,0.0,0.0,0.011347574705538531,0.013890287239406987,0.028279625034711924,0.005754018044872284,0.008381398340318005,0.03198407913883031,0.10330739302037392,0.18550765900521576,0.050234418735584825,0.0,0.0,0.12844036556498944,0.0,0.004921633211249193,0.11921389341123209,0.2293956314696508,0.0,0.06665151016179409,0.0,0.05243441946350437,0.2032704665939048,0.0,0.0,0.12024172768606894,0.006277771544185742,0.0,0.0,0.0,0.010526358311588279,0.0,0.0,0.3126824764152485,0.08485495830312635,0.0,0.00818177428647625,0.09848039278352663,0.03944050202425345,0.0,0.027076109875487392,0.21069503430382036,0.07739529503459712,0.0,0.0,0.0,0.0,0.0,0.0,0.0335939765445753,0.31686657393114886,0.0065168604952022206,0.1005050817049013,0.035609317567360764,0.010168550346677732,0.010059710357071486,0.0,0.0,0.039729093647334214,0.007386664943119483,0.0,0.0,0.0,0.0,0.0,0.07368724468301782,0.006150318437757765,0.058244835309142616,0.11412317736859684,0.017659770771899674,0.1865585808881787,0.0,0.0,0.0,0.09210594406815578,0.152528255200166,0.04398776998493062,0.08847637322562873,0.0,0.029853850270342975,0.0,0.030858062840571514,0.0,0.005248790212627829,0.14079577135253446,0.0,0.03007137037693553,0.0,0.10446774644141978,0.019499591721816176,0.0,0.07956078447614572,0.00908524667471078,0.08259802258963918,0.0,0.00645671206377337,0.0,0.16053259869000036,0.06261352411960328,0.008450242962043785,0.0,0.0,0.0,0.0,0.0,0.07856673955603607,0.0580729390977006,0.0,0.0,0.2758306242393251,0.02420050129084817,0.008381398340318005,0.16778108072018258,0.0,0.29285014937131504,0.0
Emblem3_-_Chloe_Youre_the_One_I_Want_preview.wav,0.0,0.0,0.0,0.0,0.14546846171253197,0.0,0.0,0.0029560724134374927,0.0,0.0,0.003132745250746688,0.571063421383588,0.0,0.0,0.0,0.0,0.0,0.0,0.0,0.0,0.0,0.0,0.0,0.13156045285882145,0.019504848573124157,0.05934529827241809,0.0,0.0,0.25229636783764764,0.016467131745010882,0.08557224295772832,0.0,0.0,0.0016861344507807974,0.1802509135145428,0.0,0.0,0.0,0.007873101530262362,0.0,0.0,0.006914554615413019,0.0,0.01680957420634821,0.0,0.0676912609154989,0.010346253447031224,0.0,0.007980743811046574,0.0,0.0,0.0,0.0022637859161099413,0.006444819942719784,0.0,0.0,0.0,0.0,0.011303768057496624,0.0,0.0,0.020285295929121032,0.014516524293015141,0.0,0.0,0.0,0.0,0.0,0.0,0.0,0.005536132718242461,0.0,0.0,0.04728819402849951,0.0,0.0,0.0,0.0,0.0034281153688654844,0.0,0.0,0.003281116373971137,0.0,0.0,0.0,0.0,0.0,0.33794440612956383,0.0,0.004483244802034169,0.0,0.016640186027324293,0.20243302464491908,0.0,0.0,0.004388421163381283,0.15167365637936608,0.0,0.0,0.40791945698690524,0.0,0.02445489842119363,0.0,0.3215102995346702,0.1519202984562768,0.2129311571647019,0.0,0.0,0.0,0.021648142222063217,0.013857370427354715,0.0,0.0,0.0,0.0,0.0,0.0,0.0,0.0,0.0,0.0,0.0,0.0,0.0,0.0340069842646102,0.0,0.020403904854566373,0.0
Eminem_-_Phenomenal_preview.wav,0.0,0.0,0.0,0.0,0.013720925063321123,0.0,0.0,0.0,0.0,0.0,0.0009061627364947477,0.003217851481857159,0.0,0.0,0.0,0.0,0.0,0.02713538798239474,0.0,0.0,0.0,0.0046410399450022895,0.4312806159413324,0.0,0.0,0.0,0.006964607024870792,0.0017853801753140563,0.08919536617506536,0.012608478181021213,0.0,0.0,0.0,0.0,0.029048596910221682,0.0,0.003789690036834457,0.18240713326282906,0.0,0.0,0.0,0.0,0.0,0.0,0.0,0.02633178690666984,0.0,0.011525809203432144,0.0,0.0,0.08107586010127682,0.0,0.001964435288912988,0.0577901206290828,0.03158555746072444,0.0,0.0,0.0,0.0,0.31456318497214614,0.0,0.006770338349784718,0.07085778063078728,0.09692677093041573,0.0,0.011995004936962974,0.0018443804547589725,0.012772472743301795,0.4071027406048927,0.0,0.0,0.0,0.5815446865767112,0.0,0.0,0.0,0.0,0.0,0.0022311001530026975,0.032196567141923524,0.0,0.0007118098873871271,0.0067676313442288655,0.0,0.0,0.0,0.046777516184832627,0.012910663183312807,0.15957079513334224,0.0,0.0,0.018049723923499496,0.0,0.0,0.0505515170976053,0.0038081204298561037,0.001964435288912988,0.0,0.006060412402306766,0.0,0.14400822139970934,0.0,0.0,0.0,0.07580293530757422,0.017478650887716538,0.0,0.0,0.0,0.000939275534355849,0.0,0.0030654247509823663,0.0,0.03788354401735268,0.0,0.0015746173473508286,0.0017853801753140563,0.0,0.018433309842449952,0.006435702963714318,0.0,0.0035315574450973763,0.0014631692835414105,0.0,0.28403459003288173,0.0,0.0,0.014100216243447223
Emmanuel_Franco_-_Do_Me_Like_A_Drug_preview.wav,0.11191191638502965,0.1392406635441166,0.1124562837606364,0.01102381696106454,0.065352883812569,0.02530503604880227,0.0029642592044138868,0.18815663033942823,0.008183870065273826,0.026645347587992037,0.003452848711591849,0.01839198506363787,0.0054200657546773275,0.0,0.007842704818703007,0.004800031085607034,0.0,0.0874896580816306,0.07530479887891642,0.02652637569803723,0.16511098281294048,0.49515901303002835,0.04050521949608278,0.09321639498081359,0.03224677680835379,0.28499719522442274,0.09288295245903454,0.0,0.00514955508431397,0.036833297723474406,0.07515806447777217,0.07567851702824868,0.03448197914455774,0.005575270282090231,0.034057530176599626,0.0,0.021660391396637668,0.18131618940996752,0.004338786958262688,0.00998755788736922,0.0,0.00285790605572338,0.021825400544856766,0.04446521781645384,0.0,0.11191191638502965,0.0048871852036215125,0.16469258440846357,0.0,0.06806323563167721,0.0,0.0,0.007485297709952883,0.00355167536050968,0.20727603189419858,0.0,0.0,0.06833540025924227,0.0,0.0,0.3074287481047033,0.023217969351366604,0.017999798248430832,0.0135120890238137,0.2238238327700593,0.04394793187770618,0.0,0.0,0.08023588331388333,0.0,0.0,0.025525909388934242,0.026537986416867013,0.029317553391730294,0.016383981992726955,0.020848859385547598,0.014173901953507685,0.027778814125424097,0.0028337997795433857,0.051756477379203435,0.02464828433332387,0.004068427921793978,0.030085333753052803,0.0,0.0,0.009175399703827357,0.0,0.01054175991864451,0.09120444797506432,0.005559009877713645,0.0448931853218061,0.003438839597119377,0.029530270865842104,0.010663541964498797,0.0,0.0,0.17590449618389273,0.009600062171214068,0.0023092637020107115,0.00733044470629879,0.0,0.013476848218922678,0.0,0.02932652489987126,0.10674522665018484,0.256888689402783,0.0,0.0,0.0,0.005368532915802266,0.022909971828097887,0.040881804299292133,0.0,0.0,0.035041455267236093,0.0,0.00680302487595229,0.03429487266868055,0.15051087934526453,0.1961811740121373,0.031137826933328595,0.04261279064993262,0.0,0.05792676836839725,0.024597439810170527,0.013268993208433506,0.16444915204351496,0.0
Eric_Benet_-_News_For_You_preview.wav,0.0,0.0011861035471135567,0.0,0.0020659090346430466,0.0,0.0,0.0016665434195029733,0.0,0.0,0.0039947589483867,0.0,0.0,0.019299113379641377,0.0,0.0,0.0,0.001831410379893097,0.0,0.014112431738063596,0.000828525476618262,0.008362833297160784,0.00828525476618262,0.0,0.0,0.0,0.0,0.02859664035038893,0.011474235778218713,0.0,0.0,0.0,0.0,0.2584826380870381,0.0,0.0,0.0,0.00811849442679735,0.0,0.0,0.00187170978495129,0.008501476301930676,0.0,0.0,0.0,0.2958353268563805,0.0,0.0,0.08230419627366561,0.0038856255388541906,0.0,0.0017027982680522665,0.0,0.0,0.0,0.33080382322890245,0.007694953683539948,0.0,0.004268779173920675,0.0011674140422125562,0.8395366247368908,0.0,0.0,0.0,0.0,0.0,0.0,0.005268185453099195,0.0,0.002506089569915928,0.0,0.0,0.0,0.0,0.0,0.0,0.0026047751650650247,0.015937488188701877,0.0,0.0015931975070718552,0.0,0.0,0.0005082935145551477,0.0,0.017690444172876237,0.0,0.006018277901421772,0.0,0.0,0.0,0.0,0.002103292296075725,0.0,0.0,0.0,0.003609813342991944,0.0006798314238953857,0.0,0.0,0.0,0.0,0.028414730493790726,0.0,0.0,0.0,0.0,0.0,0.0,0.0,0.0,0.0,0.0,0.001094488534010594,0.0,0.0390752707299247,0.0,0.0011244122900602054,0.02167355646996868,0.0,0.0028206363236044215,0.02527605158080823,0.0,0.0,0.0,0.009770145049428643,0.0,0.004973328756589379,0.0,0.1359283652340797
Erykah_Badu_-_Certainly_-_Flipped_It_preview.wav,0.0,0.24247577107763918,0.0,0.33705571273316853,0.0,0.0,0.004367850596372815,0.0,0.0,0.0,0.010175579302683542,0.0,0.0,0.0,0.09245011466889222,0.003536434770727521,0.27359721271294113,0.0,0.0,0.11074577967495025,0.07233000936175517,0.052115661023506,0.0,0.0,0.0,0.0,0.503462123072738,0.0,0.0,0.0,0.0,0.0,0.03556655675134053,0.0,0.0,0.0,0.0053194489727594095,0.0667925754322626,0.0,0.04415014781065273,0.0,0.0,0.05359972605408367,0.06551971833915483,0.0,0.0,0.025204520478684617,0.0,0.05138216324576871,0.0,0.0,0.0,0.002757405797860243,0.0,0.34975774706972884,0.015125802143397675,0.07859166809090465,0.09230150435910682,0.0,0.0,0.14363344263233432,0.0,0.0,0.0,0.1051965896876931,0.005180599596028811,0.002588889228428927,0.0,0.0,0.0,0.0,0.011283766114116875,0.0,0.0,0.09354977913838326,0.0,0.0,0.0,0.2453175568353233,0.0,0.0,0.09991414436163938,0.0,0.03477371916612384,0.050794581043189874,0.0,0.0,0.0,0.29864490024395746,0.002730409514959506,0.04134395660915592,0.0,0.0,0.0,0.0,0.0026726595198882028,0.002757405797860243,0.0,0.037429826329929035,0.0,0.0,0.0,0.02870327415586291,0.0,0.060140148570739155,0.003504877353563495,0.0,0.0,0.0,0.0,0.0,0.10326778423053422,0.24632124980881825,0.0,0.006454219702635271,0.0,0.0,0.021055693529232117,0.02587416125142574,0.15357052533892346,0.0,0.0,0.0,0.06828430371732805,0.0,0.05376779955145745,0.0,0.0
Escape_the_Fate_-_Digging_My_Own_Grave_preview.wav,0.0,0.0,0.0,0.0,0.06356321751074617,0.0,0.0,0.0,0.0,0.0,0.0009762481494867511,0.0034667300121366883,0.0,0.0,0.0,0.0,0.0,0.0,0.003275608354084191,0.0,0.0,0.0,0.0032720928535536356,0.0,0.0,0.0,0.0,0.000961733484552077,0.0029119397006096568,0.0022639427769306614,0.0,0.0,0.01364906475760245,0.0,0.05296128493743468,0.0,0.0,0.042720665641777726,0.0,0.0,0.0,0.0,0.0,0.0,0.0,0.009819819792982118,0.0013817881725362172,0.0,0.0031975915134700517,0.0,0.0,0.0,0.017989151424999673,0.0,0.00945235600494224,0.0,0.0,0.0,0.0,0.0,0.0,0.0014587954280582637,0.0,0.0,0.0,0.0,0.0,0.0,0.0018904712009884482,0.0,0.0,0.0,0.44644463355543296,0.0,0.0,0.0,0.0,0.0,0.0020030502505855316,0.0,0.0,0.0007668634532866639,0.0,0.0,0.0,0.0,0.0,0.0158962440929586,0.2865208186623142,0.0,0.0,0.0,0.0,0.0,0.0,0.0010256630439943225,0.07513116183382218,0.0,0.0006529143336620562,0.0,0.0,0.0,0.0,0.014510464864694378,0.8202083601437996,0.17081956749956687,0.0,0.0,0.0,0.0,0.0,0.0,0.0,0.0,0.0,0.0,0.0,0.0,0.00709249954224498,0.0,0.0,0.0,0.0,0.0,0.032786003441727114,0.0,0.0,0.0
EVERGLOW_-_Bon_Bon_Chocolat_preview.wav,0.0,0.0,0.0,0.0,0.0,0.040073075762183205,0.000977959020424324,0.0,0.0,0.2004290725009967,0.0,0.0,0.0,0.0,0.0,0.0,0.0,0.0,0.015288812952808074,0.0,0.0,0.0,0.0,0.0,0.0319162638129431,0.0,0.0,0.13354373067485642,0.0,0.0,0.013127246946437056,0.0,0.006825711293322215,0.0,0.0,0.0,0.0,0.0,0.12739805935731396,0.0,0.8595034813592818,0.00188574265203141,0.0,0.0,0.0,0.0,0.0,0.0,0.0,0.0,0.1798621285284182,0.0,0.0,0.0,0.0,0.09256864250233404,0.0,0.0,0.34938086262466855,0.0,0.0,0.0,0.0,0.0,0.0,0.0,0.0,0.0,0.0,0.0,0.0,0.0,0.0,0.008060295400146323,0.0,0.08712627005415928,0.0,0.0030548994962155797,0.0,0.0,0.0,0.0,0.0,0.0,0.0,0.013622034813446385,0.0,0.0,0.0,0.0,0.0,0.0,0.0,0.0,0.03495205490116694,0.005984067971940576,0.0,0.0,0.0,0.0,0.0738433207575496,0.0,0.0,0.0,0.0,0.0,0.0,0.005888961425345226,0.0,0.0,0.0,0.0,0.0,0.03968671800056621,0.0,0.04354853435292304,0.04937751386297212,0.0,0.0,0.0,0.0,0.0,0.02023313089864244,0.0,0.0,0.0,0.0,0.00590854230052363
Fabolous_-_Into_You_feat_Tamia_-_Radio_Edit_preview.wav,0.04533663204610523,0.0,0.02604432663229722,0.0,0.00170617338122897,0.01321281522674057,0.0019347042756899912,0.014353893691062117,0.0013353562656902738,0.017390809760824265,0.0033803932306326204,0.0,0.0,0.0,0.0,0.15351066192055418,0.0,0.023360114236579202,0.015122991440473755,0.0,0.005825090116784946,0.6030750568119952,0.003776690225727694,0.0,0.014031156446652851,0.04269108582472843,0.0,0.37297503161149764,0.0,0.0,0.014427632938086011,0.08590198170689374,0.05401344043265187,0.0,0.0,0.0,0.0,0.0,0.005663654289718949,0.0,0.029608306075687697,0.03357522008578498,0.0,0.0036276790041202666,0.2525277350709015,0.0,0.0,0.028664290154296515,0.0,0.0,0.0,0.0,0.012213707106563398,0.020862876451722384,0.23565657762315062,0.0,0.0,0.0,0.0,0.44004813577940716,0.0,0.021888877502515097,0.0,0.014698386457426956,0.0,0.010326172073809356,0.16054187130768713,0.02949579230105304,0.039276096270525106,0.0,0.0,0.0,0.0,0.012756598301815384,0.0,0.0,0.0,0.003021766246691536,0.0,0.0025022422673302612,0.003217474437936904,0.0,0.0,0.0,0.0,0.07186288572224686,0.0,0.0,0.0,0.1717366352607447,0.0,0.049377945277237316,0.0,0.0,0.0,0.004735332114963132,0.0,0.02193009456007917,0.0,0.0,0.0,0.004398015503021812,0.0,0.0,0.0,0.0,0.0,0.0,0.0,0.0186875669908474,0.0,0.0,0.0,0.0,0.0,0.04111820013354302,0.08658348948124053,0.0055958700142974965,0.09168601223603379,0.004001342852435917,0.0,0.023420964322445604,0.07095760556907567,0.2230641237469879,0.0022934553043955303,0.0,0.0,0.01753337585703492
Fall_Out_Boy_-_Centuries_preview.wav,0.017157850248446644,0.0,0.02073724418141393,0.0035009708618077224,0.23411560283130783,0.0,0.0,0.0279375170126846,0.001299526776276288,0.0033848379681112044,0.0032896925190817198,0.3893981187944851,0.0,0.0,0.0,0.0,0.00620716040106362,0.0,0.0,0.0,0.01417198686125793,0.0,0.036753563076270694,0.026314570338283955,0.0,0.12760441615081597,0.0,0.0,0.1897073685417091,0.017292117863520372,0.07020259612754616,0.016719422109514628,0.004380348645807,0.0035412160548818723,0.11356877772396659,0.0,0.0,0.06717998080855668,0.008267535702081639,0.0,0.0,0.003630483293476307,0.0,0.0635461788055102,0.0,0.10049598002661604,0.006208337113929912,0.0,0.003591673178065055,0.04803486559015749,0.0,0.02453816812393666,0.0071315976853729875,0.027070794789127006,0.004246918143165903,0.0,0.005646250692525275,0.0,0.0,0.0,0.0,0.039325971857273274,0.0552587279237799,0.0,0.0,0.0,0.0022319186683220013,0.004416058253809148,0.0,0.0,0.046507897527907606,0.0,0.004213999447952037,0.009310740601595428,0.00260163261779069,0.0,0.0,0.0,0.0008999650929817772,0.009740414331886407,0.0,0.0008613742201920726,0.0,0.0,0.0,0.0,0.0,0.04687029203476202,0.2059728537580261,0.005884813360960533,0.0,0.008736920992405844,0.12504394585862105,0.0,0.0,0.0023041382423793257,0.1521407506212904,0.018292867915896956,0.0014667632747394637,0.03259228883796075,0.0,0.0,0.0,0.07683711581025372,0.1196485101707095,0.7554013039353309,0.0,0.0,0.0,0.018186153247657596,0.01455161022689207,0.0,0.0,0.0,0.06120703278508266,0.0,0.002160521346370586,0.01089144988042892,0.003186640978249965,0.0,0.00494441377150134,0.0042736025366276395,0.0017706080274409361,0.0,0.08481290939623604,0.0,0.045530503296194465,0.0
Fall_Out_Boy_-_Champion_preview.wav,0.016431176515307986,0.0044914077020821695,0.005148623154920711,0.0,0.2355958003751549,0.06823852533275201,0.0,0.008670375010063885,0.004355711081727322,0.0,0.002450285138392783,0.03045400865762065,0.0,0.0,0.011131019437692069,0.0,0.010402477978346656,0.08748524417302819,0.0,0.0,0.0,0.06274740036163627,0.14782725980575623,0.7570526681812766,0.0,0.0033155060669399846,0.0,0.002413854782241142,0.04750640167085707,0.19547007982858142,0.1882422010849088,0.0046699673996691985,0.0,0.0,0.10573780324009817,0.01347188389841972,0.0,0.005361229733409894,0.040026789232989246,0.0,0.0,0.0,0.005162737501838725,0.015777184506416596,0.0,0.11775676502637392,0.0,0.007791514112676226,0.0,0.0,0.012895941968698822,0.021932326499954656,0.010623757521474129,0.047887916182858446,0.0,0.0,0.0,0.0161645479493703,0.004420636320894807,0.0,0.010642157732268955,0.020137867790716423,0.06599593053981122,0.04155120963964397,0.005477058838435996,0.002494982510679339,0.004987247693851983,0.04193786305162761,0.0,0.0,0.012990303364545496,0.0,0.06120549356272147,0.006934985318897772,0.008720066589443572,0.0,0.0,0.0,0.0020109822540689084,0.0163238001019046,0.0,0.004811876272832774,0.021349804852789624,0.0,0.0,0.0,0.0,0.037404357703889876,0.05753108606064957,0.0,0.0,0.09029271644727878,0.16764727302964313,0.0,0.0,0.0,0.18591575662579726,0.0,0.006554998498104604,0.031211931750186397,0.0,0.0,0.0,0.007804245942084582,0.13813391225242616,0.3105833189442616,0.0,0.0,0.0,0.0,0.0036128598718390167,0.0,0.026361908239037495,0.0,0.0,0.0,0.0,0.004056178141690617,0.0,0.0,0.0,0.004774706779808443,0.003956443810835422,0.061660868244109254,0.10971944926474361,0.004708114889440113,0.05685382761830965,0.0
Fickle_Friends_-_Hello_Hello_preview.wav,0.0351806879199226,0.0,0.0,0.0,0.37415400011792355,0.0,0.002702353564510668,0.015593831394763643,0.0,0.3157844459157389,0.006295547980144505,0.07265687181638686,0.0,0.0,0.0,0.0,0.0,0.0036254342311756926,0.03168520662724041,0.0,0.0,0.0,0.20309520593862218,0.01888451266880834,0.0,0.2938906938854211,0.0,0.10543309924630251,0.4976242842744559,0.05255829409998096,0.21361341748629986,0.0,0.11316722802450403,0.0,0.22898190668148447,0.0,0.0,0.09642271808814361,0.04350979166511553,0.0,0.053172319940804735,0.0,0.0,0.0,0.0,0.1301685453037136,0.004455380398503898,0.04003766758876139,0.0,0.0,0.09111768479013757,0.0,0.006823937973371096,0.042092295177885916,0.0,0.0,0.0,0.0,0.01703699354713723,0.10927108034919153,0.0,0.11524014518077276,0.05196321106743525,0.016424313538715794,0.0,0.00480779211962635,0.0,0.003169160923707976,0.04266889781052532,0.0,0.01668807373205787,0.0,0.00604830897393943,0.18263597340548776,0.003734095863900564,0.0,0.0,0.0,0.0025834208168960685,0.061163873682766455,0.0,0.009890570685176016,0.011754496770727017,0.0,0.0,0.0,0.0,0.07047588527332622,0.01847691657236132,0.008446410565704793,0.0,0.07210506080980501,0.008973712849452918,0.0,0.008780142035748844,0.0066142106474896345,0.027295751893484384,0.0,0.006315689586691509,0.0,0.11189739062046182,0.0,0.0,0.16375429103895825,0.028621707506222015,0.13444322126798525,0.0,0.0,0.0,0.027733793620718376,0.0,0.0,0.0,0.13159759247093167,0.0,0.0,0.0,0.0,0.0,0.0,0.0,0.002044618886214075,0.017789345223652882,0.0,0.2306483518036131,0.0,0.0,0.0
FISHER_-_Losing_It_preview.wav,0.0,0.050982657312169194,0.1428602038394568,0.14306603826272807,0.016377942529323574,0.0770056218840669,0.005306189157745212,0.008748333850405235,0.00915598966178674,0.023848328490509236,0.0,0.0,0.0,0.2202087568718909,0.007019439328118136,0.004296161561270094,0.017493351425675444,0.12101787162781034,0.005184607165964474,0.007913948444725167,0.01997012567305002,0.07913948444725168,0.1346551143430078,0.10197155310961811,0.014430881855568798,0.15472091679278865,0.0059380593127572176,0.006088896811536859,0.21662277809592922,0.02436678570678856,0.5302345457965862,0.0,0.012344932831919902,0.01996008896811418,0.1181194489060791,0.0,0.006462217935722101,0.013523586783198214,0.04271668737599003,0.0,0.0,0.01278952773778451,0.09767170796174021,0.07959521769321735,0.0,0.05526305284527452,0.01530958423820916,0.0,0.003374081815752572,0.006768721365003899,0.08132434116652915,0.027661911121921495,0.010049325011432436,0.044503877674373374,0.005984445926493846,0.0,0.039781414213527926,0.08154944961309854,0.0,0.0,0.0,0.04617939883171205,0.07249644426226795,0.17737421025097203,0.01381576321131863,0.014160464466725128,0.0,0.0,0.0,0.218515178528361,0.0,0.06396992031440889,0.05344253381481495,0.052480054277026324,0.06965457179570916,0.0,0.11417433448632128,0.004143802103739265,0.0012681648793603929,0.01887253268028112,0.07059488395171686,0.0012137854485164469,0.034620701083692286,0.0,0.0,0.0,0.0,0.00943516884430569,0.05442034806569409,0.006633958302746798,0.30135488766026475,0.043090001545082114,0.07929124561389012,0.14316250752700077,0.043100480156812546,0.0032468228145331097,0.06364572507240543,0.05155393873524113,0.004133710709150562,0.1115361883315757,0.025848871742888403,0.14474585581451868,0.0,0.11811625599719565,0.06743996612737997,0.10644561782944949,0.0,0.007988050269220007,0.0,0.009609973078066499,0.011391701727467693,0.005227193415256623,0.19117987257783955,0.0,0.0,0.0,0.0030444484057684297,0.0025579055475569022,0.0,0.016461339073986878,0.22295378140123756,0.030110238094570176,0.0024950111210142725,0.1607228221448987,0.11322202613166828,0.011876118625514435,0.03774014692354921,0.008014610642763506
Fleetwood_Mac_-_Go_Your_Own_Way_-_2004_Remaster_preview.wav,0.012330037753021387,0.0,0.0,0.0,0.22133836278322333,0.0,0.0,0.013663215614866015,0.008171368926156415,0.0,0.005516118988905637,0.0,0.012988287408938851,0.0,0.0,0.0,0.0,0.015882911756601142,0.004627062661189444,0.0,0.0320806255497496,0.06709750125713991,0.08550878953013061,0.0,0.0,0.0,0.0,0.010868212839518615,0.02056675585700958,0.016629615198395002,0.08828618586465778,0.0,0.0,0.0,0.19043083440662847,0.0,0.0,0.6094987166943198,0.006931454902423198,0.0,0.0,0.0,0.0,0.0,0.0,0.012330037753021387,0.019518879449808593,0.03508074899189143,0.006022476722231179,0.0,0.0,0.0,0.032885000120735156,0.0,0.05340888018704073,0.0,0.0,0.0,0.0,0.0,0.0,0.4471647267639139,0.057511369427399574,0.003597719693201773,0.012330037753021387,0.07020927987371445,0.005613683745492083,0.0,0.19227196867334662,0.0,0.0,0.0,0.20138061044269806,0.0,0.006543581961798697,0.0,0.0,0.0,0.004527153686814541,0.04134193408356268,0.0,0.0,0.0,0.0,0.0,0.0036645535878219505,0.0,0.050523153709428746,0.08094678229971021,0.18057686207763513,0.0,0.021974954579142975,0.0,0.0,0.0,0.0028976645928447016,0.032885000120735156,0.0,0.003689177957402947,0.005855397762691975,0.0,0.0,0.0,0.07613249185969939,0.07523447272639974,0.1329980727787635,0.0,0.0,0.0,0.058606299809785205,0.008133324824546095,0.0,0.0,0.0,0.0,0.002396307059474982,0.01630231925927792,0.011414162029138178,0.3767042953053427,0.0,0.0,0.00179148202807624,0.0,0.0,0.09543262367336541,0.0,0.006736326169671262,0.0
Fleetwood_Mac_-_Little_Lies_preview.wav,0.0,0.015261088898024806,0.017494202459787393,0.022150975990281506,0.0,0.016271133613484038,0.004765045333960425,0.0019640370025705723,0.10195564764683299,0.0,0.011100905492706531,0.0,0.026138259767189167,0.0,0.018910716687499794,0.03858023902443995,0.24349442823780176,0.0,0.0,0.1883316882794252,0.0035867004107108216,0.003553428080743872,0.0,0.0,0.2591833958668464,0.0,0.010664950298551976,0.008201894564509619,0.0,0.009010142746273523,0.0,0.01057853756394904,0.0,0.08290076128770268,0.0,0.022887659218995014,0.011606356466467512,0.0,0.013949196156485157,0.08830247139285888,0.06250564159015748,0.13552543951473714,0.0,0.0,0.0,0.0,0.009820185012852862,0.0,0.03029981090870962,0.0,0.0,0.031051065228126656,0.0,0.11704098906814255,0.0,0.0055004272189513445,0.028579492594955895,0.009154093757634254,0.050068730009181384,0.0,0.0060267265109951555,0.0,0.014467333782450607,0.0,0.0,0.007064628066912967,0.1638101183685124,0.00558816421004439,0.0,0.0,0.0,0.0041032887828339444,0.0,0.011781988463119439,0.003292155457841102,0.044686042743527624,0.0,0.007442405195998969,0.0,0.0,0.10697968605779064,0.026159984196296872,0.013817760124848274,0.0,0.04617802968339509,0.047935715376285756,0.0,0.0,0.0,0.02382961565555973,0.0,0.011055866202316158,0.0,0.06856655559104269,0.0,0.002915700409964566,0.0,0.08487652585376788,0.07424280718612833,0.0,0.0,0.016248020574528656,0.0,0.0,0.0,0.0,0.11075487995140754,0.07532070862492725,0.0,0.031643018881773885,0.0,0.0,0.037322321107609586,0.0,0.0,0.8125819141143091,0.008201894564509619,0.02067337212936668,0.0,0.0,0.01877026603106163,0.1406053488506381,0.024646172274722412,0.0,0.0,0.005332475149275988,0.0,0.0
Fleetwood_Mac_-_Rhiannon_preview.wav,0.0,0.057967165721555344,0.0020765419736943442,0.0031551548468365578,0.0,0.017382285809878086,0.005090449249540074,0.004196321329641873,0.01756744786778179,0.0,0.0,0.0,0.0,0.010833614007864386,0.0942765853927319,0.043962533552826144,0.0,0.004552843418594136,0.0,0.058206727379766905,0.005108847208344206,0.32899454605955203,0.0,0.0,0.0,0.0,0.07215729717391482,0.0019471111490985574,0.0,0.0,0.0,0.0018834906011579442,0.00394767017669939,0.011169986566870103,0.0,0.016300435012262818,0.057861776187080965,0.0,0.0,0.022868515896222307,0.0,0.016359372031243182,0.08328938280509358,0.0,0.053154567781012324,0.0,0.002797547553094582,0.0,0.00215793189629184,0.004329011721784839,0.0,0.004422871434511309,0.0021423862018924316,0.0,0.13013226511822765,0.10576890368020953,0.0,0.267298812323029,0.0,0.0,0.08584387148479358,0.0,0.0,0.0,0.2893798656247006,0.061382835919647445,0.1448248352554069,0.003979852490467187,0.0,0.0,0.0,0.0672136894614939,0.0,0.0,0.004689301389656182,0.0,0.0,0.0,0.002433207247808095,0.004389141855579307,0.0253967345973365,0.006986610965217187,0.0,0.0180117935942538,0.026310142584570578,0.002626114616148162,0.0,0.0,0.0,0.0021214112463621994,0.17346141075610946,0.0,0.0,0.0,0.0,0.0,0.0,0.0,0.0819565935176399,0.0,0.0,0.0,0.0,0.0,0.0,0.0,0.012620619387346231,0.0,0.31583440447373096,0.02151158150877278,0.0072856907013863804,0.013372440877048518,0.005316140579518015,0.0,0.0,0.046365914635178425,0.0038942222981971147,0.035990618468735,0.008615620744522693,0.5895699134339066,0.0,0.023108808880399512,0.0031914247333914582,0.37800960243099807,0.0,0.007595504965675245,0.0,0.0
Flume_-_Say_It_preview.wav,0.0018926150698762797,0.021728282667281076,0.0017791230767386552,0.0,0.010256488412696056,0.019856875005069042,0.0,0.0,0.004013679446812137,0.005227154542488972,0.0008467038085974469,0.4690465092988396,0.0,0.0,0.0,0.0,0.0,0.06826310550650078,0.0056818956744446834,0.0,0.030639821661820388,0.013009538041103616,0.04114953303455791,0.08127439314571497,0.0,0.038953244008577394,0.0,0.0,0.06818948827470805,0.009424926509588689,0.015177794381287553,0.0,0.0,0.0027343234390536882,0.0814276177370905,0.0,0.003541025092251884,0.06669323837664691,0.0,0.0,0.0,0.0,0.007136001336502401,0.029985209070848916,0.0,0.020818765768639075,0.009587441955010429,0.016154294626145333,0.0036977113714613814,0.007417952298837775,0.008912467377173161,0.0,0.00550660970886931,0.0017418759440860963,0.009837678054061796,0.0,0.0,0.0,0.0,0.0,0.0441291766860276,0.002530437871868637,0.004413890964804476,0.05743260962157925,0.05110060688665955,0.011207938657418624,0.0017233592738407255,0.0,0.032792260180205986,0.0,0.07182144909591341,0.007511322911414747,0.12689851567389834,0.004792812387483743,0.0,0.0,0.04170850599888211,0.0,0.001389802604491068,0.0037604939660565145,0.0,0.002660414596077329,0.0,0.0,0.0,0.0,0.024976088425437706,0.0017233592738407255,0.014910037076006702,0.0009087829072246462,0.027521645289897527,0.0,0.4006897447408734,0.0,0.004723452017293304,0.0017791230767386552,0.03671073139246206,0.007062350437640659,0.004530201082912515,0.2300881515976891,0.014164100369007535,0.009914334221951048,0.0,0.0017978546411754892,0.1878509243244579,0.6696025193597014,0.008109745244451775,0.0,0.0,0.0,0.021223398376470283,0.0,0.0,0.003933085662680029,0.0,0.0,0.0016682303667444518,0.007008126170923675,0.0,0.006013416785882559,0.0,0.0010999433908201208,0.0,0.025568530535001077,0.10340155643044353,0.0,0.024816026058699137,0.0
Foreigner_-_Juke_Box_Hero_preview.wav,0.004389156572838242,0.0,0.0,0.0,0.017839338112385,0.0,0.0,0.0009264250415407584,0.0007756757570356894,0.002020379111295508,0.0013090584366232108,0.0,0.0041097559701316014,0.0,0.0,0.0,0.0,0.0015077020401436728,0.01317686313641173,0.0,0.0,0.0083806586968744,0.01206582781583735,0.0,0.0,0.0,0.0226376827661372,0.005158382455927085,0.0,0.014571541354429694,0.04525555696312175,0.0,0.03921885620917235,0.0,0.006456016601386703,0.0,0.0,0.008592668955008464,0.0,0.0,0.0,0.0,0.0,0.040037368207973364,0.09387979384087446,0.004389156572838242,0.02038135091389668,0.1956420152097145,0.00285844956515984,0.0,0.010334434981351793,0.0,0.06952750523976856,0.0,0.02534946956005192,0.0,0.0,0.0,0.0,0.14200732611083064,0.0,0.0713980035859754,0.002274719584007977,0.02561379835966307,0.0014630521909460808,0.0,0.0,0.013179525776884976,0.10900271910822326,0.0,0.003470017825110613,0.0,0.8929308202198565,0.0,0.001552890934741687,0.0,0.0,0.0,0.0005371810089243732,0.002180236894303401,0.0,0.0025707323332461295,0.0,0.04175301194514205,0.0,0.0017393079446779292,0.0,0.01865096839878084,0.011525937185190484,0.00702518353928294,0.0,0.002607494485171182,0.0,0.0,0.003651380004694459,0.001375319237818061,0.2114203730760309,0.0,0.0017509954150937647,0.011116595354745675,0.01916128229829101,0.0,0.0,0.02223678941283143,0.2166319049447183,0.06853561336855725,0.0,0.0,0.008367240112459587,0.008819809439053517,0.017371448568648848,0.0066425488002788725,0.0,0.0,0.0,0.0,0.0,0.0,0.011412462744112648,0.011621410427943674,0.0,0.0,0.004227439548522913,0.004392287712137243,0.015986544341812146,0.0,0.03357127303848657,0.05431844645799841
Foreigner_-_Urgent_preview.wav,0.007263849546433223,0.0,0.0,0.0,0.066427364412333,0.04763163241528187,0.00278981038667481,0.0,0.003851121669336667,0.06018539864275241,0.004874469067114022,0.011539735545776445,0.0051010909290063475,0.0,0.0,0.018070183011051844,0.0,0.06362700333585723,0.016355320731064143,0.0,0.0,0.1123437560718809,0.11708733456303569,0.029243514033075863,0.0,0.14510527499914883,0.03746430981995525,0.24650248301899846,0.06300450011745153,0.010550409516496464,0.06657407767222571,0.0,0.4867903425618896,0.007870742335050024,0.07612639671085838,0.0,0.0,0.04266139983094378,0.06533513886346556,0.0,0.018297715542305328,0.0161382971904599,0.0,0.4969498366114427,0.01456562653169331,0.025423473412516277,0.05749463484150086,0.113666890780578,0.0053219258955387845,0.01067627742277086,0.07696353689548836,0.0,0.1796419531466289,0.0033426566732399103,0.10697808594236143,0.0,0.0,0.0,0.0,0.028201860678485326,0.0,0.24522322953053674,0.01411708081981887,0.08901824905772567,0.0036319247732166113,0.02316247584554428,0.006614246435461257,0.019630350768565116,0.23283465763925726,0.0,0.03445630656380849,0.0,0.18732154909977627,0.01379609698813681,0.0,0.01308125919566784,0.0,0.0,0.008001085782533755,0.010824571313181808,0.0,0.0025526653127495033,0.016179879944539007,0.0,0.0,0.004317710367149196,0.0,0.07606383400780445,0.15259911047688976,0.09591739829813477,0.0,0.016182306884409574,0.009264130957258435,0.0,0.0,0.00682826770203291,0.13385086705042937,0.0,0.019560256628917166,0.0,0.02718088207122214,0.0,0.0,0.1449033468992148,0.03545759722955511,0.05372680056289087,0.0,0.0,0.0,0.05726269613353569,0.0023957448071599084,0.0,0.0,0.05283308812543229,0.0,0.01411708081981887,0.032013309482986814,0.002689716198409984,0.15581852466468202,0.017309603318664664,0.0,0.006332367918612143,0.04460087323195014,0.049065962193192425,0.14220629836241702,0.0,0.0039684922927508874,0.04213804550050631
French_Montana_-_No_Stylist_preview.wav,0.10054228313565461,0.05496580046349053,0.09101270576484398,0.0,0.015135007558531434,0.019534558105905337,0.0,0.09431818546943341,0.009871323452483637,0.046280766083010606,0.009995521295258714,0.1833900161659233,0.020920458129041735,0.0,0.05297494977139557,0.05558171462655194,0.009430030863376382,0.04604918291664867,0.02235866845629992,0.042661223838099574,0.038754611892005915,0.025596734302859744,0.008375502123859105,0.05996636007762553,0.077791646650406,0.004508347617371009,0.0064019845283246534,0.016411516426872906,0.0745362623817914,0.009271941053083526,0.025596734302859744,0.05080089971044537,0.013309410504433194,0.005379879773317581,0.0410799406252167,0.30225941934753225,0.0,0.01458014964038648,0.12560190457030354,0.028912604023361245,0.25014034395611173,0.016546488552440588,0.07020169725404363,0.0,0.0,0.052133035699969056,0.0,0.010594718687399796,0.001818845050548983,0.032838948262085575,0.24549840447976098,0.052190363210157575,0.11556749634584747,0.11995212632420543,0.038711971249293105,0.039621731712730146,0.051467319855710514,0.0,0.32459820624609714,0.1156607191866402,0.021706435829376668,0.0,0.0665810848407627,0.06519272677057394,0.2494938137069948,0.016963094366744744,0.01017231418244769,0.06708955937525392,0.025807980832862072,0.0,0.03532782147886529,0.039410128418909084,0.07682381433989584,0.08487027777038743,0.0,0.0,0.0,0.04914301308769837,0.0013672433213302057,0.011098360824865651,0.04281203229985946,0.0026172307324090222,0.10782929997489805,0.0,0.01663192176085908,0.013280758989558352,0.0,0.0678154278829846,0.009778678184024527,0.003576126153244465,0.01082996551971799,0.07632141243234423,0.018996903455614052,0.0,0.03717424735512193,0.014001954733052921,0.03611484260807733,0.14358609611859252,0.024511667593540936,0.056588339878732415,0.25081539511635936,0.09753404696893551,0.018796911018318367,0.0,0.03635443812515162,0.00459047754533574,0.07446233962660215,0.08612135976001314,0.0,0.0017267959031447505,0.012281705919281911,0.005635580516876799,0.008961576588857528,0.43335530510583564,0.016906697512531935,0.0,0.042669942709869554,0.03033522901280775,0.02904721724630916,0.2602955068161492,0.0751164324005085,0.028134316702307035,0.005379879773317581,0.01117933422814996,0.030516942547343072,0.0,0.02034434349469926,0.04320385721416243
Fuego_-_Una_Vaina_Loca_preview.wav,0.0,0.01566020627096443,0.008975860795285125,0.020457253731108075,0.0,0.03756749916683627,0.003667247795305166,0.0,0.23793080109775014,0.07252172904236757,0.006407563046233938,0.0,0.020116382696545882,0.0,0.009702640684320538,0.07126058364886842,0.01813517739600356,0.029519525200346047,0.0,0.09845170690661467,0.016562259015488266,0.005469539272589704,0.0,0.0,0.22606746138132994,0.0,0.0,0.08416395550224899,0.0,0.055474689210049534,0.0,0.04884837289894358,0.008531909882060495,0.15174440468471354,0.0,0.0,0.0,0.0,0.06978077000919322,0.0,0.02405262282416972,0.3641742650719557,0.045002335328051514,0.0,0.0,0.0,0.0876699741641539,0.0,0.023319172634350356,0.0,0.0,0.009558939528919926,0.0463023636447731,0.01757589028122009,0.008272018006754724,0.0084664166563849,0.032992786174402045,0.0,0.3390958441035768,0.0,0.0,0.0031915805019298894,0.0,0.0,0.06206485801036258,0.060894847107960545,0.039125369767988374,0.02150365992641648,0.0,0.0,0.045293334229461586,0.08210670998503926,0.0,0.06649565045201306,0.03547166626502843,0.15475961110774986,0.0,0.09164452258962406,0.01577632175444221,0.01897208282110951,0.03659249484451598,0.046977238306458696,0.17014956812354667,0.0,0.11372569412746655,0.02270278137944266,0.0,0.0,0.0,0.01146226050214566,0.0,0.017017509011581448,0.0,0.01319245317724656,0.0,0.004487930397642562,0.0,0.24941204277103948,0.17998576476177117,0.0,0.044662098868010834,0.12504711593266046,0.0,0.0,0.0,0.0,0.23184887561922482,0.3036414152839516,0.0,0.033208533973991435,0.05983561039795729,0.007225303492904237,0.0,0.0,0.04335170803609436,0.3303166555427093,0.12203773547826104,0.11314151924565614,0.0,0.0,0.03852231512069187,0.21364915512565488,0.11380830351353516,0.0,0.0,0.008207899973303536,0.0,0.0
Galantis_-_Smile_-_Years_Remix_preview.wav,0.0,0.0,0.0,0.013552723139260684,0.0010712678361675656,0.0,0.0,0.0,0.0016768802432357757,0.0,0.002122472769424429,0.0,0.0,0.0,0.0,0.0,0.00200239518591614,0.0,0.0,0.0,0.0,0.0,0.0,0.2716458570308056,0.0,0.03063402424446514,0.0,0.0,0.027433825922227567,0.02953239029296003,0.034423385862688366,0.0,0.0,0.002284752937710246,0.05408267634878724,0.0,0.0,0.0,0.0,0.0,0.0,0.0011711735801382297,0.0,0.02961059317741613,0.0,0.06325744466208494,0.022030522655870664,0.0,0.004634614616957037,0.0,0.0,0.0,0.0,0.0,0.0,0.0,0.0,0.0,0.0,0.0,0.0,0.0021143897166188952,0.059010723922608935,0.0,0.0,0.0,0.0,0.0,0.0,0.0,0.011252390477254985,0.0,0.0,0.00800958074366456,0.003357088454484802,0.0,0.0,0.0,0.0023225895942634097,0.0,0.0,0.0027787449982593043,0.0,0.0,0.0,0.0,0.0,0.5342433122012742,0.0,0.0,0.0,0.0,0.012101543010183357,0.0,0.0,0.0014866041881034836,0.007668711590265214,0.0,0.0,0.03004025675892357,0.0,0.0,0.0,0.004506767869155195,0.0,0.0,0.0,0.0,0.0,0.0036667194981785424,0.09075584745205459,0.0,0.0,0.0,0.0,0.0,0.0,0.0,0.0,0.0,0.0,0.0,0.0,0.0,0.0,0.0,0.7845058788603041,0.0
Gareth_Emery_-_Million_Years_preview.wav,0.0,0.0,0.0,0.0,0.0,0.195413009265845,0.0016831537192989903,0.0,0.0,0.0,0.0019605826448775994,0.0,0.0,0.0,0.0,0.002725534313078981,0.0,0.4877478835966288,0.01973504654675107,0.0,0.0,0.15062099781689575,0.15606810730586496,0.0,0.0,0.0,0.00753434626663962,0.13713174930567137,0.0,0.0027279827898960794,0.0,0.0,0.13314004566294754,0.0,0.0,0.0,0.0,0.0,0.0,0.0,0.1398325597608975,0.0016227647028759207,0.0,0.0,0.0,0.0,0.023587685412633355,0.062343386519708624,0.0,0.0,0.0,0.0,0.038252444305904396,0.0020166979945218603,0.05694902001987095,0.015543297295124114,0.0,0.0,0.0,0.1871628036470039,0.0,0.01611320800044343,0.0,0.6981865757380505,0.002191219775885881,0.02395616412016251,0.0059857796472734155,0.011843420637140787,0.1328810467130322,0.0,0.0,0.0,0.10171367459963486,0.0,0.0,0.0,0.12072251856974239,0.0026288757206354486,0.0016090767742526785,0.015238302319559497,0.0,0.0,0.009761676003694788,0.0,0.0,0.00781490774215483,0.0,0.0,0.0,0.012625978372419168,0.0,0.0820103779293351,0.0,0.0,0.0,0.0041196434832778935,0.0,0.0,0.003933710435741078,0.0,0.0,0.0,0.0,0.0,0.0,0.0,0.003129749667515302,0.012669277442700765,0.0,0.0,0.0014454053228573319,0.0,0.0,0.031875359416940266,0.0,0.0017034288208987343,0.003862866177624546,0.0016227647028759207,0.002848749371486833,0.0,0.0,0.0,0.011080046286432875,0.1611695467984671,0.09776773423879911,0.0,0.0,0.025422805917897143
Garmiani_-_BARRACA_feat_MC_Pikachu_preview.wav,0.0,0.0029037289339437925,0.008321559195119095,0.0,0.03478046742114717,0.0,0.0,0.0011210925596086135,0.006570666774126291,0.007334749885954176,0.0023761917169527395,0.7031695052876227,0.0,0.0,0.0,0.0,0.002241760140993594,0.0,0.0,0.014198333555063397,0.06551441772195146,0.0,0.030529764830702025,0.19007388596443864,0.0,0.10931848282924997,0.0,0.0,0.08977718285345974,0.011755616743197058,0.1257566686305615,0.0,0.0063279763133833366,0.019184030594216153,0.304691564052492,0.0,0.0,0.04159290520307506,0.003981172453240136,0.0,0.0,0.0,0.0,0.022950154588277507,0.0,0.03186863840758805,0.0033632776788258406,0.0,0.001729544429297568,0.0034696266924098816,0.029180632906391224,0.0,0.0017170848288837358,0.004888405069480983,0.0,0.0,0.0,0.0,0.0,0.0,0.0,0.013019283318396965,0.027527010675209046,0.0,0.0017704799115326696,0.018549787493066912,0.0,0.001594890857339334,0.0,0.0,0.046190809726688306,0.0,0.0,0.02914288183291672,0.0,0.0,0.0,0.002124100788301498,0.0013001151852859707,0.018468554664993253,0.002261670636318859,0.0006221828561012037,0.003943659932615592,0.0,0.0,0.0,0.02336431931126477,0.009672879678236912,0.013947855294739252,0.0008501368856217937,0.0,0.0,0.5193458730306724,0.0,0.00883727181803845,0.0016643118390238193,0.005151254486651207,0.0,0.0010594639845365468,0.16142999312269884,0.016562569673702596,0.006183025048452372,0.035748061914259346,0.08409173045063667,0.03745032261764471,0.07857174394882263,0.0,0.0,0.0,0.0008210073293259445,0.008175093988345797,0.0,0.0,0.0,0.0,0.0,0.0,0.009178224098936802,0.0,0.0,0.0,0.0020579226153973882,0.0,0.0,0.10640167646060604,0.0,0.011607293083603679,0.0
GASHI_-_Safety_feat_DJ_Snake_-_Dark_Heart_Burn_Mix_preview.wav,0.392867879966253,0.007003639195350522,0.06422770110702769,0.0060993332008261675,0.08967405375385752,0.04480302154963448,0.003280171404368137,0.06489636990813727,0.07924048767244377,0.041279058836154514,0.0057312475865006485,0.013568058507496922,0.0,0.0,0.0,0.11154335570805463,0.0,0.04840687922803536,0.006410024091906072,0.014676695428096347,0.014814119865009618,0.0,0.04162044005490624,0.0,0.0,0.0,0.007341559743198061,0.06398841398169385,0.09687216159429184,0.08506176030317518,0.0,0.11287215897715822,0.022894111646021387,0.040101410093989064,0.061241649072490925,0.04201453992361604,0.00798960679741691,0.0,0.033608314084890914,0.0,0.007171293023331011,0.012649935209978288,0.016100943455398753,0.006150505316528639,0.0,0.05124363651733734,0.018928107889873372,0.0,0.002085784422493734,0.02928994033929103,0.04021835942039915,0.008549997668275426,0.09939640689239068,0.13362648377208078,0.0,0.0075727901041464495,0.0,0.0,0.00689328243148713,0.0,0.008297380015431285,0.04282065876720297,0.11950862477407287,0.17942547519404498,0.05124363651733734,0.0077810603991292655,0.01555364631422375,0.07308904072059616,0.0,0.0,0.0,0.022597040885870785,0.08075715717517867,0.00540700580088691,0.0,0.0,0.0,0.26640732157190616,0.003135808430221568,0.04666636652822756,0.03273017311705321,0.004502015515353754,0.5564459894407878,0.0,0.03814574893497799,0.0,0.0,0.07776823157111874,0.044855309962025566,0.006151454370226629,0.0,0.27017840203236304,0.0,0.0,0.0,0.0,0.34374590716951786,0.1646592393785568,0.01788759405534174,0.0567817434783346,0.0,0.014913126383446825,0.0,0.016225981220334675,0.02084496442043441,0.02632095172972158,0.073191998409914,0.05431843950503527,0.0,0.015841806841185108,0.016901048858684452,0.0452387312222338,0.0,0.008874212163627358,0.0,0.013278736086008098,0.015056097407457378,0.06324967604989143,0.0,0.006784029253748461,0.017228150856170448,0.07693579227955345,0.09871116330828078,0.006410024091906072,0.11665234735667813,0.007341559743198061,0.009332057117080447,0.0
Gaullin_-_Moonlight_preview.wav,0.00293479148443983,0.0,0.030346851149699164,0.004191803475732532,0.003976066677917218,0.06158229277575415,0.0022543175526082712,0.0018583508775086713,0.046678716327187855,0.0,0.006564724034129656,0.0,0.0,0.014393075160302271,0.32207613414700237,0.003650421094496975,0.02229598380333805,0.05746276966843784,0.008810655323549663,0.03362215774637397,0.0,0.0067244315492747935,0.061608395882724376,0.0,0.016349104438610644,0.0,0.0,0.015521090428786228,0.0,0.015832701911006445,0.0033622157746373968,0.020018598976489253,0.0,0.0,0.019425550225484207,0.13715504158413455,0.005490905389233706,0.0,0.00989893554093566,0.0,0.18728354414736634,0.0021734360394426327,0.1715147905530819,0.0,0.0,0.0,0.0,0.0,0.0,0.023005357597657802,0.013820154864129562,0.03525622434123854,0.0,0.016206283366396224,0.0,0.046840010458403615,0.020281208452186658,0.02598451782481374,0.037899598928748245,0.0,0.1767751559935876,0.005885751125359246,0.022814728366997657,0.10275936535317819,0.04695666375103728,0.013368951552579887,0.005344668550936554,0.07138072906589386,0.0,0.0,0.0,0.252361727155648,0.0,0.003715997300556343,0.009345007211116644,0.02642591083955426,0.010779244917300982,0.6232103155216694,0.009697964531375579,0.07872154718681636,0.014996005728933053,0.017532877900084384,0.14381639083972797,0.0,0.353914591812009,0.006977886607802429,0.0,0.005344668550936554,0.0,0.004227624063304712,0.017070621812145834,0.09676372051247979,0.0,0.03243847203071795,0.0,0.005517609299945303,0.0028462824689755445,0.1168134750239032,0.0017561938204635624,0.0,0.0,0.010249135921891172,0.0,0.0027878508288150562,0.0,0.0,0.2934262433012772,0.06448025627355645,0.0,0.039466742203133,0.0,0.0,0.035313982419989814,0.01829656726419327,0.0,0.022814728366997657,0.01034739361919082,0.07172338930160688,0.0,0.0,0.0,0.03581826833708529,0.025439940553248053,0.013215982985324495,0.05879135406030208,0.010091062296667844,0.016033781140950658,0.05447970861854565
GAWVI_-_Free_feat_T-Jay_preview.wav,0.007933864130135958,0.032530432402239476,0.04101957414619002,0.03966216950866104,0.0026872073333156607,0.04162012414643012,0.003047141383536568,0.01507150008419109,0.018928564179394616,0.17529833546149023,0.007098784198437053,0.094531171109037,0.1560051785833293,0.0,0.16123981584570524,0.09868484740764888,0.030137286938659642,0.057231944605103106,0.0,0.054536133023974295,0.01834892637672491,0.0,0.01784475677892738,0.05323487349763788,0.22651415492700724,0.00480271902013285,0.00682000046808963,0.013986481750229925,0.0,0.004938675034464437,0.05908081077597216,0.047353190012842515,0.0,0.017193472934818307,0.00437622448247917,0.12684666118614737,0.022266026840707578,0.007766078388061521,0.13826315037859127,0.05133407516075728,0.16654574602229025,0.07050754913487156,0.11217824863875973,0.005713560960472516,0.0,0.0,0.01507150008419109,0.0,0.00968803036093304,0.042757194304519484,0.07472233140295494,0.07942588515176037,0.03462565680409003,0.025556873936823165,0.0,0.007034803755819546,0.0,0.0,0.339389193285196,0.0,0.09249500798506095,0.013259530810502138,0.027754622498817973,0.03240975227675679,0.07140477717122362,0.019877764794738517,0.014448683774832124,0.0857641859617982,0.0,0.0,0.15053817012925463,0.12595020797469927,0.01364000093617926,0.1958923651012877,0.0,0.15716656256534123,0.014570211385162206,0.2569997137328551,0.008739102742478442,0.02561655514563407,0.045607432981616104,0.011152488570477171,0.27833881342744066,0.0,0.30711024641430357,0.07073961372808582,0.013087506225092936,0.010836512831124093,0.0,0.011428885182946824,0.011537105343989308,0.010604973848565898,0.19225436330252044,0.1863488993925464,0.04950191289144632,0.0,0.02308377120272669,0.06414515081497177,0.009495327509035475,0.015070815258685321,0.13359616104424546,0.1246830090962851,0.0,0.015073254647341577,0.10972987690699704,0.0,0.16998072646569018,0.05504677913017472,0.0,0.0036790931985661423,0.013083636761046881,0.030017771515229354,0.057280322619108356,0.12365655234081332,0.10806369597349674,0.024670775554504868,0.11888509487695434,0.06169410549301263,0.0,0.0,0.1520401671615462,0.032276827373697504,0.0315213670471669,0.005954642996369855,0.003612170943708031,0.01364000093617926,0.03034181106813582,0.073639747205318
Geto_Boys_-_Bring_It_On_preview.wav,0.0,0.2014750602001758,0.008882936802648749,0.10122733417648266,0.012802337789087868,0.16110716179266654,0.0036292820430615814,0.014959027093690755,0.12274374139537292,0.026098522393247885,0.004227485169896402,0.0,0.0597243741631482,0.0,0.08641973331027032,0.05289213554358508,0.04187733703070965,0.034082906353974755,0.014184493713570527,0.1894520256289997,0.14751716091549247,0.19486494064697113,0.0035423176013686573,0.0,0.0723822850507349,0.005720253740707101,0.0324917056572964,0.05414021280466903,0.0,0.01372509471900174,0.01623874505391426,0.0765425490112681,0.01688716392037812,0.143347381392081,0.0,0.023243086487677995,0.008839945510888196,0.0,0.0478096295207945,0.01222823713955012,0.0476072286230815,0.06298323980584684,0.3117550916458851,0.013610214680431965,0.0,0.0047247939946543785,0.02393444334990521,0.0,0.027693308734440144,0.037036898872914996,0.07787294180422398,0.0662198538620803,0.018329204494161953,0.01304544986095177,0.0,0.033515067053207705,0.01088374107749321,0.0,0.07626938675531589,0.0,0.09180475219789189,0.037902470030419314,0.0,0.016543486475594133,0.5339017213959447,0.0753305296845611,0.06883612142605938,0.12343003169830839,0.01637276131175574,0.0,0.02241221397689769,0.15626286061645817,0.0081229264143241,0.011964953437345615,0.005014920047436058,0.03403498626733401,0.05206132557171449,0.147380607463606,0.020817326578352776,0.042245260622455524,0.09656977429234898,0.04483050989692072,0.03157276280607618,0.0,0.13365114332365532,0.005616936827492706,0.03117561369998468,0.055929348658673245,0.0,0.03629950614547515,0.0,0.025261998910642926,0.0,0.1305587625723214,0.03537539896076871,0.0,0.004582301123540488,0.04701523159429785,0.1470216917076398,0.0,0.07071956408710557,0.03300067899944236,0.0,0.14811160877558183,0.007687835556255345,0.005824461327951276,0.15521524573727344,0.005463598552425648,0.0,0.05039259745319177,0.037399675547470757,0.05005351691594585,0.011370572182040078,0.049093499822725734,0.03217717706031503,0.06611400021747904,0.00416463175420531,0.16095716839271976,0.0552832658034557,0.19515749800562335,0.06671613702554345,0.02745939208730072,0.006826065780575285,0.1914906651332021,0.04302257589128711,0.0243687792429723,0.0,0.0
Gloria_Estefan_-_Dr_Beat_preview.wav,0.0,0.05528216876091803,0.0,0.3744546236804867,0.0,0.0,0.008630512608425966,0.004743052773158568,0.11715205345556821,0.0,0.01843059682815442,0.0,0.042081741267957905,0.0,0.07611408467157853,0.0,0.5216369165329596,0.0,0.0,0.33038213143923006,0.034646820415797454,0.0,0.0,0.03015575512259858,0.03651171736410593,0.0,0.0,0.0,0.0,0.02953014149585578,0.0042906770316783124,0.0,0.006693007937755107,0.3489994965542304,0.0,0.00921209523952285,0.0,0.0,0.008421655679953566,0.0,0.0,0.01386810472517057,0.0,0.09170193884793672,0.0,0.0,0.13992005680817773,0.0,0.15000373416372098,0.10275365450381199,0.0,0.0,0.007264541977005673,0.0,0.0,0.0,0.2501905005790418,0.0,0.0,0.0,0.0,0.0,0.0,0.0,0.0,0.0034121458710044223,0.0,0.0,0.0,0.0,0.035531158874825074,0.0,0.0,0.00474215378666327,0.019875983819990777,0.03372331113778163,0.0,0.004493260635829625,0.20076646945720356,0.0,0.004784271865700574,0.19215752079499368,0.0,0.0,0.08363825304544727,0.017809599267008664,0.0,0.0,0.0,0.00899177342306272,0.0,0.0,0.0,0.0,0.00934705306989473,0.007041273100803042,0.018161354942514182,0.0,0.056028977568007544,0.00711425588433433,0.0,0.0,0.0,0.0,0.00609394740819462,0.0,0.010698703533728192,0.0,0.0,0.0034734697476740007,0.18034498306613844,0.0056680173957743265,0.2613815530743922,0.0,0.00850200394787656,0.04658386614050725,0.0033011953363094966,0.04437793512054583,0.009738135060376402,0.0,0.015109756458258976,0.004353269265881997,0.008116267361726288,0.0,0.0,0.0,0.08184576015779745,0.0
Gloria_Estefan_-_I_See_Your_Smile_preview.wav,0.020424853521402667,0.0,0.009600031410853582,0.02187982666816756,0.0,0.03348324840872897,0.003922263817282698,0.0420332313772953,0.4304438260440041,0.0070513457519290335,0.013706274621188903,0.0,0.021515251869885694,0.0,0.0,0.025405319778883856,0.006465425308084364,0.0,0.022994352243403564,0.07019861383858343,0.1476164890195448,0.0,0.0,0.0,0.0,0.00618203380355765,0.0,0.027004984867000967,0.0,0.03178517822910329,0.0,0.4484382265585745,0.0,0.3135273854675803,0.0,0.0,0.0,0.0,0.0,0.0,0.008575071141430591,0.20042156213595586,0.0,0.022063393786891594,0.0,0.020424853521402667,0.33303252552780127,0.0,0.11223341993796625,0.22515065990838304,0.0,0.0,0.059426609506254065,0.00939904832648807,0.0,0.0,0.0,0.0,0.0,0.0,0.0,0.01365407675880584,0.0,0.0,0.061274560564208,0.183757955317012,0.06509393511981829,0.08279639531188547,0.0,0.0,0.0,0.02702040378935074,0.0,0.045257977156590544,0.0,0.0,0.0,0.0,0.0131237464438389,0.017754956406987005,0.10436558169243676,0.034094128760755835,0.0,0.0,0.022806383018822027,0.006070376405315789,0.0,0.041846101148454606,0.0,0.09071905959054265,0.0,0.009100443109115546,0.0,0.0,0.0,0.009600031410853582,0.01980886983541802,0.08891861922609348,0.0733340035808521,0.0,0.0,0.0,0.0,0.004850552851878085,0.0,0.0,0.058346204448446834,0.011809319121563584,0.0,0.07340348573001877,0.28966840065567956,0.007727742449088128,0.0,0.010611336111867148,0.0,0.18259750671274033,0.036006646489334625,0.16260617305370006,0.0,0.0,0.010300277700710887,0.12167205879230722,0.06639403456960523,0.0,0.0,0.00877866751256309,0.005579402027954535,0.0
gnash_-_i_hate_u_i_love_u_feat_olivia_obrien_-_Deepend_Remix_preview.wav,0.0392598630837218,0.04507252510768734,0.0,0.005607540822019938,0.013297352998876995,0.21110147053596665,0.018094136963094917,0.007457967770384593,0.05619956373327045,0.0,0.0,0.0,0.0,0.0,0.007978776785075128,0.22463236396438074,0.05468139750783176,0.20229003460502692,0.0,0.3103460360040482,0.04993871573890209,0.157421902320894,0.035321134640655866,0.0,0.02733855221079855,0.0,0.0,0.0,0.0,0.029326195027453223,0.0,0.2343221066037845,0.0,0.002836000979609566,0.0,0.0,0.15425341437471074,0.0,0.0044140654861084105,0.0,0.0,0.017444946623735597,0.11842172870562803,0.0,0.0,0.0,0.0,0.02234000300540167,0.0,0.007693793530688414,0.009243883094221281,0.023581820852090304,0.0,0.003613297397981681,0.0068023322088671115,0.006962192135992488,0.0,0.12745521890944808,0.006337473517111858,0.0,0.02288507396810575,0.0026245337990973843,0.13123669609706073,0.13746525556332534,0.10992761663442104,0.032191512703986215,0.06434796508888072,0.00707324565331184,0.04761632546206977,0.0,0.018623043737602037,0.16620023868472752,0.013499211996388405,0.0,0.0,0.0,0.014419821027929559,0.2873179323003811,0.0,0.13261123035183586,0.21063785675548374,0.0,0.1005669029023882,0.0,0.2688702878286267,0.0,0.0,0.0,0.0,0.0018851531448916645,0.011418022006881369,0.0069970078383316545,0.0,0.01084855582861117,0.0,0.003690561779496739,0.0,0.08789962068171421,0.007047989198425591,0.0,0.05876320547608028,0.0,0.0,0.0,0.0,0.0,0.1514036021945383,0.004539883248991099,0.0,0.010923355344540064,0.005179436193516438,0.1307149140423476,0.2456527162124712,0.0,0.01782471457645074,0.08545645327250466,0.0,0.41286373676174254,0.025520377169650985,0.0,0.03167807235086217,0.05704227395571985,0.08224402840867741,0.01178636109292269,0.0071497738987645245,0.05399684798555362,0.012869412814755416,0.0
Gramatik_-_Hit_That_Jive_preview.wav,0.011663509983500525,0.31881818398336775,0.2448648867812046,0.08884881840916303,0.03687079138578283,0.015296352620047334,0.002986385395150222,0.024618323683969757,0.03504106776829141,0.0,0.0017393109463246187,0.0,0.0,0.0,0.03160498122994606,0.01450758021664803,0.054150046693089975,0.024038920697679902,0.0,0.2716978344330007,0.06743652351208707,0.1692543886631808,0.023318607755900826,0.0,0.005414579532369089,0.014120877373358152,0.16041644725403892,0.03426902428460987,0.15563979093748884,0.003226802903207137,0.0,0.02320451486632326,0.013895745521828342,0.056168859051384655,0.012866904979518609,0.0,0.014548047715448568,0.015222466014216287,0.0,0.0,0.026116006890004387,0.023033907136906367,0.051306062273936796,0.0,0.07795973259191222,0.22160668968650996,0.004923664736793952,0.1991062838369682,0.013292809302375194,0.053333219073611,0.0,0.0,0.0,0.15028382105862623,0.05388985995528844,0.020683617085477415,0.008955778308980202,0.09179397042474995,0.0,0.030189014009182936,0.3399404222716479,0.0,0.012089436381434362,0.013612947632447542,0.20216750638067574,0.028336623023780805,0.046021937124959986,0.007004513415072725,0.02020869748323316,0.0,0.0,0.15429865826213512,0.0,0.01969092607021454,0.02063284667575088,0.0,0.15707670603009116,0.09328721396926812,0.01141980871552238,0.015449719848513026,0.3327523792797262,0.010930122627850524,0.012989957326252388,0.015850317337472674,0.05788209083361886,0.0,0.0,0.0,0.0,0.014934677674232951,0.16960605973726278,0.0,0.0,0.0,0.0,0.0,0.0,0.0483586007221601,0.09073353097316526,0.0,0.0,0.0,0.0,0.051704498264483985,0.0,0.03354895052691024,0.13327322761374455,0.004495768234139138,0.04446931293813978,0.025240158459564996,0.015387319518450057,0.05883851332424495,0.06549459977822614,0.016158800460018195,0.0,0.021156513667510136,0.006853804856921976,0.15547887317411796,0.035381346302085954,0.104999189848334,0.05489793707679148,0.11071644472089663,0.008425328857707698,0.24510844061861084,0.007080298019224615,0.01336803727116991,0.004248119327551602,0.06315003412759834
Guns_N_Roses_-_Live_And_Let_Die_preview.wav,0.006121000391134461,0.0,0.0,0.0,0.02591485824008352,0.0060206349012447875,0.0011754394387486012,0.0,0.0,0.0,0.0013691834187759063,0.0,0.008597033672590909,0.0,0.0,0.003806783048419259,0.0,0.059924127059969454,0.004594025245706013,0.0,0.0,0.021037396538134773,0.013767284318447492,0.0,0.0,0.0,0.0,0.005395306679034678,0.0,0.00952550715571833,0.012271814647245284,0.0,0.019142748857176175,0.0,0.0,0.0,0.0,0.017974659537088968,0.0,0.0,0.0,0.0,0.0,0.0,0.0,0.0,0.0029069270785689596,0.31782622304029196,0.0007474344992038261,0.0,0.0,0.0,0.19738529929359816,0.0,0.026513769305760763,0.0,0.0,0.0,0.0,0.0,0.0,0.116619360778725,0.0,0.014288127313403537,0.0,0.012547436897074245,0.0,0.0,0.4242203088921722,0.0,0.0,0.0,0.7734627229120163,0.0,0.0,0.0,0.0,0.0,0.0016855611095509813,0.019003125460057394,0.0,0.0016132835569378685,0.0,0.0,0.0,0.003638388526246785,0.0,0.0,0.016073763796747166,0.012491344717287658,0.0,0.0,0.0,0.0,0.0,0.0028769751498664586,0.18254429934671107,0.0,0.00457854634603504,0.0,0.0,0.0,0.0,0.027619022167116047,0.07967711523517317,0.003772813175227678,0.0,0.0,0.0,0.0021288237236668167,0.0,0.0,0.0,0.0063600938359862965,0.0,0.0,0.0,0.0,0.13926075953569889,0.004862072468445449,0.0,0.0,0.005527007018729724,0.0,0.018114205899927134,0.0,0.003344114263499578,0.0
Guns_N_Roses_-_You_Could_Be_Mine_preview.wav,0.00602366711165648,0.0,0.0,0.0,0.09657049781356225,0.0,0.0015423308689189862,0.0012714233273604654,0.0,0.0,0.004491371019161799,0.0,0.005640218448212545,0.0,0.0,0.0,0.0,0.0,0.003013982139560036,0.0,0.011609288838404258,0.0,0.007526868564198329,0.0,0.0,0.02674020976994479,0.0,0.010619026081708286,0.0,0.00416623866900761,0.2553353931889781,0.0,0.0,0.007252158857962171,0.0,0.0,0.0,0.13364897499153955,0.0,0.0,0.0,0.0,0.0,0.017351741186146543,0.0,0.00602366711165648,0.013985656600965117,0.022850944248239247,0.002942196584396601,0.0,0.0,0.0,0.19278607024107605,0.0,0.0034789546363364447,0.0,0.0,0.0,0.0,0.0,0.0,0.24026810819198197,0.0,0.004686974736437267,0.0,0.0009146602545311128,0.0,0.0,0.27483741627057906,0.0,0.0,0.0,0.6731377724832819,0.0,0.0021311834965012824,0.0,0.0,0.0,0.003686129126138428,0.001994767644290714,0.0,0.0,0.0,0.0,0.0,0.002387021718075627,0.0,0.01279827036013337,0.1159998864799516,0.015426149908000081,0.0,0.0035785186774493654,0.0,0.0,0.0,0.0,0.5004648490096621,0.0,0.0,0.0,0.0,0.0,0.0,0.11253406370749687,0.019602531772785217,0.03465298357105495,0.0,0.0,0.0,0.009310987406814485,0.0,0.0,0.0,0.0,0.0,0.0,0.007079350721138858,0.0,0.04959770864568734,0.0,0.0,0.0,0.0014504317715924341,0.0,0.018283243371619098,0.0,0.015357709386946805,0.0
Guy_-_Goodbye_Love_preview.wav,0.0,0.08083571247631831,0.016547175367406165,0.14582494700092366,0.0,0.0,0.01622554371605865,0.0,0.0,0.0,0.07087480865975901,0.0,0.5241339024289053,0.0,0.007154803337178168,0.0,0.3789022912373646,0.0,0.0,0.06856577966048523,0.036639419081050825,0.0,0.0,0.0,0.10296418528975267,0.0,0.11499882646249465,0.0,0.0,0.0,0.0,0.0,0.01887449178510251,0.058491882384209416,0.0,0.12989198394726148,0.0,0.0,0.0,0.06378068524608696,0.0,0.02867955875334625,0.0,0.0,0.0,0.0,0.028980373963048194,0.0,0.3267190750068659,0.006899250488107363,0.0,0.06343953280340506,0.0,0.0,0.012199701909103773,0.0,0.27573024520929645,0.0,0.0,0.0,0.0,0.0,0.0,0.0,0.0176027357936625,0.0,0.012822824232065069,0.0,0.0,0.0,0.0,0.0,0.0,0.031203718101900615,0.03736726414791161,0.04438036982965286,0.0,0.0,0.16674802863849847,0.0,0.017989061792377553,0.3513626087737307,0.0,0.0,0.0,0.22182101983550365,0.011614815202250073,0.0,0.0,0.0,0.0,0.0,0.0,0.019456436879222713,0.04393163682242656,0.006618870146962467,0.0,0.0,0.05266782323035027,0.0,0.16467090992177802,0.08606334241601164,0.0,0.0,0.0,0.0,0.0,0.0,0.0,0.0,0.0,0.026639977313957636,0.09319707736957002,0.0,0.22377522655371807,0.0,0.012412632174882513,0.0,0.0,0.0,0.007101664323887523,0.0,0.0,0.0,0.0,0.0,0.0,0.0
Halestorm_-_Freak_Like_Me_preview.wav,0.0,0.0,0.0,0.0,0.025348290877090656,0.0,0.0007768521775717769,0.0012807990819347507,0.0005361927586920937,0.0,0.0,0.057840503119077666,0.0,0.0,0.0,0.0,0.0,0.0,0.0,0.0,0.0,0.0,0.0,0.008143165451299138,0.0,0.0,0.0,0.0,0.021592946121949508,0.0,0.0,0.0,0.0,0.0,0.11045377617703526,0.0,0.0,0.007919678344503446,0.0,0.0,0.0,0.0007489798933164695,0.0,0.036416034859864756,0.0,0.0060680869545685434,0.0019211986229021258,0.0,0.0019759286583643358,0.0,0.009525026665525722,0.0,0.0019616941113284685,0.0,0.0,0.0,0.0,0.0,0.0,0.0,0.0,0.0,0.0007862100613156397,0.0,0.0,0.0,0.0,0.0,0.0,0.0,0.021588125864865363,0.0,0.001738722148995547,0.0,0.0010734496555998185,0.0,0.0,0.0,0.0011139934353223933,0.0,0.0,0.0003554083131049263,0.0,0.0,0.0,0.0,0.030029298897620574,0.0,0.23902219451038176,0.0009712441076260405,0.0,0.0,0.0,0.0,0.010096195478545504,0.0,0.038253035170905135,0.0,0.0,0.003842222653253907,0.009461004736292446,0.0,0.020420296472538558,0.0,0.15962227157256179,0.9462703002399601,0.0,0.0,0.0,0.0,0.000667120453503922,0.0,0.0,0.0,0.0,0.0,0.0,0.0,0.0,0.0,0.0,0.0017633147508002724,0.0,0.0,0.01565535781674567,0.0,0.0,0.0
Hannah_Montana_-_He_Could_Be_the_One_preview.wav,0.0028159841434807317,0.0,0.03176546009680167,0.016088437196080108,0.381510604000342,0.0,0.0,0.21754069039783458,0.008957810168955539,0.0,0.0012597936776393825,0.2192074454940175,0.0,0.0,0.0,0.0,0.017827824448627204,0.0,0.0,0.012904421126391353,0.0,0.0,0.012667358883260505,0.0,0.0,0.05454847377047044,0.0,0.0,0.4358926716175187,0.032720706248956594,0.009678315844793514,0.002401024808379751,0.0,0.00203417260331395,0.12736757789202416,0.0,0.0,0.23154025227610373,0.0,0.0,0.0,0.0020854501781097483,0.0,0.03650268550919308,0.0,0.2196467631914971,0.007132481652388021,0.0,0.0,0.0358703247401304,0.0,0.0,0.0,0.044058940975895106,0.0,0.0,0.0,0.0,0.0,0.0,0.0,0.04894484328936639,0.03502581422082773,0.0,0.0,0.0,0.0,0.0,0.0,0.0,0.0,0.0,0.0096825520889491,0.028524519117803526,0.014944498480125381,0.0,0.0,0.0,0.003101789285449555,0.004196372871305395,0.014388931742549996,0.0009895944290098284,0.00940870644607781,0.0,0.0,0.0,0.0,0.14872080594837753,0.014789564151393746,0.027043198559950323,0.0,0.022584282546122436,0.0,0.0,0.0,0.0,0.15840137464412274,0.0035026433644886825,0.0,0.037443827208496254,0.0,0.044254019329996515,0.0,0.016049951970944738,0.02749176753347873,0.6109641974188983,0.0,0.0032563127423929847,0.0,0.026116575579351466,0.00928760892645593,0.0,0.013553755360828255,0.0,0.012785096448837841,0.0,0.0,0.0,0.0,0.0,0.0,0.029458508250497357,0.0040683452066279,0.0,0.07948870662758108,0.00484127604447455,0.02153857375192899,0.0
Hardwell_-_Dare_You_-_Radio_Edit_preview.wav,0.0,0.0,0.0,0.0,0.10992529226739842,0.0,0.0017075215688904257,0.0014075985888683282,0.0,0.006139477364102504,0.0009944834851789487,0.0,0.015610779190859993,0.0,0.0,0.0,0.0,0.0,0.0066735868616263835,0.0,0.0,0.0,0.0016666061321304005,0.2684802408084626,0.0,0.0026912917006427827,0.0,0.0,0.02966331811861259,0.04796960388402553,0.0,0.0,0.0,0.0,0.0711166322313989,0.0,0.0,0.0,0.0,0.0,0.0,0.011523807895479198,0.0,0.0,0.0,0.037790033537795795,0.0,0.0,0.0,0.0,0.0,0.0,0.0,0.06342273662061498,0.0,0.0,0.0,0.0,0.0,0.0,0.0,0.005944177050563257,0.3749955740884627,0.0,0.0,0.0,0.0,0.0,0.0,0.0,0.026361507812063784,0.0,0.0,0.008443990776672718,0.0023594430098451205,0.0,0.0,0.0,0.0,0.0,0.0,0.0,0.0024757501548597484,0.0,0.0,0.002642682676694911,0.0,0.8015619139857294,0.0,0.0032021927278616056,0.0,0.29713458131254217,0.0,0.0,0.01109572196684588,0.004179285601297074,0.023714926814272386,0.0,0.0,0.004222603889337926,0.04990870629031981,0.00776315680498092,0.04488382433191422,0.02745136788828142,0.0,0.002740319773068743,0.0,0.0,0.0,0.14019202051559046,0.0,0.0,0.0,0.0,0.010092579047240478,0.0,0.005878186205219274,0.0,0.0,0.0,0.0,0.0,0.02408669486010388,0.0,0.05465194868084519,0.0,0.004857882971698481,0.0
Harold_Faltermeyer_-_Axel_F_-_From_Beverly_Hills_Cop_Soundtrack_preview.wav,0.0,0.25016779209809376,0.0,0.03937342157191665,0.0,0.0,0.07764057917365053,0.0,0.0019486714828926119,0.0,0.04357459142971001,0.0,0.012905786000146052,0.20729671200036529,0.17927387535205302,0.0,0.10471258668633601,0.0,0.002758602976716361,0.0631622831923972,0.20188671598607458,0.0042108188794931466,0.0,0.0,0.0,0.0,0.13269885220085156,0.0,0.0,0.0,0.0,0.0,0.006568437562841406,0.0013275345431286935,0.0,0.0,0.08252132389447074,0.0,0.0,0.07610079469444023,0.0,0.0,0.017322910923255726,0.0,0.0,0.0,0.0,0.0,0.004488166529627564,0.012605150222420857,0.0,0.0,0.0,0.0,0.03502595433019324,0.0,0.135467007352497,0.1410190354959869,0.0,0.0,0.3892216753112569,0.0,0.0,0.0,0.03307963734792998,0.006697277910749645,0.005020223138715134,0.0,0.0,0.05813329753344077,0.0,0.0,0.0,0.0,0.22627019947613503,0.0,0.0,0.0,0.031713700780343884,0.0009128740162675799,0.03990942880525744,0.005812430604228107,0.0,0.014984704436169515,0.005472105099364486,0.017478126709619443,0.0,0.0,0.0,0.0,0.005344786104561012,0.0,0.0,0.0,0.022932713907239596,0.02936843843778135,0.0,0.0,0.008797786449092123,0.0,0.0,0.0,0.11131943344025774,0.0,0.0,0.0,0.0,0.0,0.0,0.0,0.0,0.23640727687878998,0.6634052981038332,0.0,0.0,0.0,0.0,0.009526993930765787,0.0023892221822186203,0.023356471707683072,0.0,0.001068061536498531,0.0,0.0,0.0,0.07582791554334374,0.0,0.0042643787790693985
Harry_Nilsson_-_Without_You_-_Remastered_preview.wav,0.07517516264766455,0.0,0.0,0.0,0.16004622322752363,0.051642396529667116,0.0027497481844366836,0.03173464059572639,0.003795818837324313,0.0,0.011210431805672803,0.0,0.0,0.0,0.0,0.004452672945481283,0.0,0.08484741615438013,0.010746970164694442,0.004101128836661323,0.0,0.03280903069329058,0.05099332161907419,0.0,0.0,0.0,0.006154385879929662,0.42281813726770745,0.014330710070156131,0.013370018978686213,0.004101128836661323,0.0,0.07676799065939635,0.0,0.003949116175048675,0.0,0.0,0.04204877409983596,0.0,0.0,0.0,0.002651091367554615,0.0,0.02577966018021341,0.0,0.028638157199110306,0.020400840382966964,0.0,0.0,0.0,0.0,0.0,0.3680117579241792,0.0,0.0,0.019044674749862336,0.0,0.0,0.0,0.0,0.0,0.5982717272269124,0.04730881339945706,0.04595901108157597,0.0,0.06685887083196458,0.03911558767046715,0.051595880631447474,0.19227633384072038,0.0,0.0,0.0,0.08616140231901527,0.0,0.007599170927977637,0.0,0.0,0.0,0.014458012588742138,0.0337855733672803,0.0,0.005032017116814632,0.0,0.0,0.0,0.021278536168085213,0.0,0.009778896917616787,0.0,0.4400407570871168,0.0,0.01275994072943115,0.0,0.0,0.0,0.003365106246323047,0.010415427111061675,0.0,0.014995063737253445,0.0,0.0,0.0,0.0,0.017002679471986953,0.0,0.004412939466216057,0.0,0.0,0.0,0.0896406242389403,0.0023613414608128543,0.0,0.0,0.0,0.0,0.025045842387947853,0.012621436933364401,0.007953274102663844,0.08842539045872008,0.0,0.0,0.0,0.02068724531659528,0.0,0.019557793835233574,0.0,0.0,0.0
Hootie_The_Blowfish_-_I_Go_Blind_preview.wav,0.27054232798379785,0.025598717195239148,0.04890751290387014,0.0,0.33481268008750015,0.0955253276553567,0.003996407095903038,0.0691833584510621,0.019308579228223183,0.04310783187174456,0.004655122288745242,0.0,0.0,0.0,0.06344109410243343,0.2912125639394155,0.0,0.2573527540285224,0.015619345825458465,0.005960465935321095,0.01804882929875031,0.13113025057706407,0.36666069068975404,0.0,0.0,0.031494469661612706,0.03577844915499418,0.04127319763845129,0.0,0.03238601933394009,0.07748605715917423,0.05323283153283916,0.0,0.0,0.011479069969996663,0.0,0.009734162445338047,0.0,0.02924771045965438,0.09425640985334069,0.0,0.09632555094634078,0.009808317423626247,0.07493487400576637,0.0,0.010405474153222996,0.02306111948368737,0.0,0.012706109893339063,0.020391708843479545,0.0,0.0,0.06559579184235427,0.04309524124190835,0.0,0.009226332522652104,0.0,0.0,0.0,0.0,0.05054569454345515,0.3651947853225679,0.03235637933315188,0.02428928769109665,0.015608211229834494,0.07584063430665856,0.04263712574066937,0.009373501210126482,0.10817382398414567,0.0,0.0,0.0344139693517407,0.0,0.07905170926669601,0.005522211232184413,0.0,0.0,0.018725665036530958,0.015282088058253877,0.2558525116653337,0.006646151474530594,0.018283482307729294,0.02897212447217837,0.0,0.046474992593153096,0.0,0.0,0.009474916831259861,0.0,0.15239108822343336,0.0,0.009272470468936322,0.0,0.0,0.0,0.0,0.11605409325954986,0.00647139030976479,0.02179340619706767,0.0,0.0,0.0,0.0,0.03953794999894293,0.0,0.032068213912084684,0.02229342507979775,0.012032552865833542,0.0,0.10615503218292378,0.003431907628216431,0.015747642788721164,0.0,0.0,0.011810701327352445,0.06875730608294775,0.07796048442818578,0.026971154264975414,0.03381973396761672,0.05785740290483902,0.0,0.10280608877689117,0.27811293907718393,0.10933542077820925,0.19897325345645708,0.008944612288748545,0.0,0.0
IC3PEAK_-_This_World_Is_Sick_preview.wav,0.002337031177395766,0.0,0.019772005139591774,0.0033380141193140745,0.031662187378435055,0.0,0.0,0.05475410658824975,0.019824620764296738,0.0032272867656235,0.0010455233238956102,0.1410837903408557,0.0,0.0,0.0,0.0058138017325554325,0.0,0.0,0.0,0.0026773974001629117,0.03242960477575821,0.0,0.010512847777917033,0.3449837626478841,0.0,0.0056588335278838576,0.004017853964309331,0.0,0.03742287298202532,0.04364268409914796,0.01606438440097747,0.003985299312053862,0.0,0.0033763860532771773,0.10570443062052023,0.0,0.0,0.0,0.0,0.0,0.0,0.0,0.0,0.04375825157432024,0.0,0.2056587436108274,0.023677451497621516,0.0,0.007990487379555615,0.03434927036421567,0.0,0.0,0.0045330994756791025,0.08603584433576343,0.0,0.0,0.0,0.0,0.0,0.0,0.0,0.0,0.0454195228010093,0.005455284571846803,0.07011093532187297,0.0010645954492210297,0.0,0.004210507709086433,0.0,0.0,0.1496580758546147,0.07729250789407711,0.0,0.03550944559801169,0.009922146460789724,0.0,0.0,0.04205715411275869,0.004290375878352518,0.01276967376919247,0.002985402294399409,0.0008212805597386896,0.007808438962397449,0.0,0.0,0.0,0.3932211060377311,0.08724928861335259,0.006137050274576313,0.0,0.0,0.04581637988642929,0.315942621121257,0.0,0.0,0.0021968894599546417,0.15412538217308946,0.008720702598833148,0.004195473239309047,0.6126262194541501,0.0,0.004080792505672416,0.011796848792367202,0.002220019493518805,0.1483031312428712,0.19014343275149515,0.0,0.0,0.0,0.0010837286054514832,0.04470604130142341,0.0,0.005624241337150727,0.0,0.0,0.0,0.0,0.025961236836673528,0.0,0.0,0.0,0.033955689651740416,0.0016881930266385886,0.0,0.03617653430309742,0.004017853964309331,0.14555531165651928,0.0
In_Flames_-_Only_for_the_Weak_preview.wav,0.0,0.0,0.005433805252942231,0.004128136391600387,0.011747028917431318,0.0,0.0,0.03111213128518921,0.0,0.0,0.00043100106104677704,0.029079821532265075,0.0,0.0,0.0,0.0,0.0,0.0,0.0,0.0,0.01002645786198283,0.0,0.0,0.0,0.0,0.00816468767048747,0.0,0.0,0.12984399431026722,0.0011994021063426897,0.0,0.0,0.0,0.0,0.020193311704903474,0.0,0.0,0.02451881511773854,0.0,0.0,0.0,0.0,0.0,0.0013875901943103325,0.0,0.030828975894029303,0.003050208949528354,0.0,0.0014116957208311362,0.004719987791376371,0.0,0.0,0.0,0.0,0.0,0.0,0.0,0.0,0.0,0.0,0.0,0.0006440395074488505,0.0,0.0,0.0,0.0,0.0,0.0,0.0,0.0,0.0,0.0,0.0,0.0,0.0020451268540465743,0.0,0.0,0.0,0.0014149136713426866,0.0,0.0,0.0006771207960154668,0.0,0.0,0.0,0.0,0.0,0.002631745604713448,0.2656400747420433,0.0018504057418795377,0.0,0.0,0.0,0.0,0.0,0.0009056342088237053,0.002803051791186088,0.0,0.0,0.01464033769334971,0.0,0.0,0.0,0.0018303384255187935,0.08778460400413512,0.9489182245600241,0.0,0.0,0.0,0.0004467506062858234,0.0006354960138220155,0.0,0.0,0.0,0.0,0.0,0.0,0.0,0.0,0.0,0.0,0.0,0.0,0.0,0.0,0.0,0.004210734007043593,0.0
In_This_Moment_-_Adrenalize_preview.wav,0.0,0.0,0.0,0.0,0.0037258542169962367,0.0,0.0,0.0,0.0,0.0,0.0008202144382813683,0.03058274795835878,0.0,0.0,0.0,0.0,0.0,0.0,0.0013760339866392668,0.0,0.0,0.0,0.025429307784562594,0.0,0.0,0.0,0.0,0.0,0.0024465244693169883,0.0011412581242121233,0.0,0.0,0.0016382193091711971,0.0006621948374597647,0.06876729410668601,0.0,0.0,0.010767786896435722,0.0,0.0,0.0,0.0,0.0,0.0,0.0,0.0,0.007546090578831958,0.0,0.003134273988836878,0.0,0.0,0.0,0.005334333852444405,0.0,0.0,0.0,0.0,0.0,0.0,0.0,0.0,0.004289726701427836,0.0021379005630843616,0.0,0.0,0.0,0.0,0.0,0.003176634496098243,0.0,0.0,0.0,0.09456035337844605,0.0,0.0,0.0,0.0,0.0,0.001346322233335542,0.00045535572987719336,0.0,0.0012885913830550468,0.0,0.0,0.0,0.0,0.0,0.010851382666030892,0.13962119900147987,0.0008803513745895529,0.0,0.0008168866127906997,0.0,0.0,0.0,0.0008617313517449884,0.15202851479466556,0.0,0.0,0.05746377091737668,0.0,0.0,0.0,0.0,0.963567005192619,0.09831512503135136,0.0,0.0,0.0,0.0,0.0006046887735509566,0.0,0.0,0.0,0.0,0.0,0.0,0.0,0.0,0.0,0.0,0.0,0.0,0.0,0.017529156614357597,0.0,0.0030049562000654924,0.0
Izi_-_48H_feat_Sfera_Ebbasta_preview.wav,0.007062936598999736,0.07529458311216752,0.009959103961095393,0.005044045265487856,0.009568893397850723,0.08336551519547096,0.0027126462020390448,0.011180874770941814,0.07114744492187153,0.0,0.004739644695933575,0.0,0.0049599983572065735,0.0,0.157893963856727,0.03953334265501336,0.035772017841864796,0.04367091202466788,0.00530098137089189,0.19824384998764497,0.24093684963703071,0.04854951428268856,0.002647646083648755,0.0,0.0,0.0,0.012142691158095274,0.0,0.014137347726732122,0.010258592641843483,0.0,0.08431013522167863,0.0,0.015306086323557778,0.007791662563349477,0.04343164125601889,0.013214539036549651,0.0,0.0,0.009139791463066125,0.03558322731100435,0.0,0.13315207569753884,0.0,0.0,0.04237761959399841,0.004472349908376726,0.0,0.008624541974262675,0.013841305507654137,0.0,0.4808078229251945,0.003424964384659823,0.013000804603344025,0.0,0.0,0.0,0.33351966647996134,0.005700627833793963,0.0,0.30191888132842326,0.002360797309127988,0.010981289869066263,0.008243434968503726,0.2507342492644906,0.11100038933090622,0.02250955367924251,0.07634955653098933,0.0,0.0,0.0,0.14015527600497354,0.0,0.0,0.007496636336773159,0.0,0.0,0.22878797194944292,0.009076411635173068,0.02806712351171806,0.09473554609962581,0.011169271770050412,0.19665444867972967,0.014397439525532527,0.17350238606139126,0.012594856644983648,0.0,0.009646951576818219,0.0,0.003391432393276845,0.07189446349319673,0.006293886282722582,0.0,0.0,0.0,0.0033197013203651315,0.010274893153979468,0.1010296534517008,0.1732863519215675,0.02012466011291048,0.013214539036549651,0.0,0.0,0.010063958762890419,0.0,0.05659415147829254,0.22193799168146564,0.12659393794488055,0.0,0.0032752264945629357,0.013976881188566482,0.005344523515345151,0.0,0.036694115877139014,0.0,0.008235967401799696,0.0,0.13076602741586643,0.0,0.10659526881391793,0.014247389001047913,0.06362459731527279,0.0255101438725963,0.02120392548356756,0.0,0.0,0.057880898987813914,0.032778029541868155
J_Balvin_-_Ella_Me_Cautivo_preview.wav,0.042773125467740404,0.0,0.01206246147911145,0.0,0.028974596625408355,0.2019445363076709,0.0,0.04333526285227631,0.045354604139606944,0.05316019262960559,0.007654206883498969,0.3397582460985912,0.024030189605001268,0.0,0.008692776634990752,0.005320307092100213,0.0,0.00440784880608611,0.006420545848066215,0.009800524360294114,0.014838436553170525,0.039202097441176455,0.006413655087665269,0.0,0.023828006151222766,0.02071397239629062,0.022060831715300405,0.098025273388186,0.10844660482498923,0.0426006926115433,0.05390288398161762,0.0,0.17580963302834768,0.03707744740794193,0.23121281115719555,0.0,0.008002721365058552,0.0,0.18274460879768023,0.0,0.29450563904720534,0.022173724107098877,0.008063686202290813,0.0,0.01715391727688764,0.1497059391370914,0.09479588748935443,0.012169575699513085,0.0020892081405299604,0.016764581950234746,0.020142187992611242,0.017128064182890756,0.116152821711967,0.0629862707881778,0.014822110226042195,0.06068176389271128,0.0,0.025247427787909508,0.3176114819509366,0.2823129691457811,0.016621999556966898,0.04860973980330261,0.11305452636192725,0.009984444097739855,0.025663875280644243,0.04286607956161275,0.015579176900626074,0.23503946272090667,0.007411055113021097,0.0,0.0,0.016975599657444256,0.014707221143533605,0.08665409838740581,0.004539960993904884,0.05392023005060105,0.0,0.020526508983769353,0.0015704778568939232,0.004249360654233052,0.0,0.004509405364253317,0.042873797663837344,0.0523145135404745,0.01910418170308478,0.0050849612478033965,0.028222996342950526,0.04673753070187822,0.0,0.01643080452326683,0.07463874545648967,0.3354186772199881,0.0,0.0,0.010675007770584072,0.008041640986074301,0.004148315061141678,0.07980460638150319,0.07678695303563916,0.008124992581009037,0.12804354184093683,0.029875211172397984,0.0,0.07719992321264384,0.0,0.01581849380804713,0.018328034917053808,0.1187074924253642,0.12231040470180125,0.077355575844683,0.09310835129003044,0.006473284070524494,0.0,0.18666435416578406,0.0,0.029926198154627798,0.026391419758357768,0.006335349744885394,0.011121651569020787,0.020385494765915467,0.0,0.03977397615546737,0.12359149135980645,0.07704655017679458,0.031158353801252148,0.007353610571766802,0.0,0.09925183034902113
J_Balvin_-_Safari_preview.wav,0.10582600389852853,0.013351009758260791,0.030609253286486133,0.0,0.030329003911278494,0.2562234694953333,0.0031264889014813962,0.015463961730325099,0.00647382123975819,0.016862165775366412,0.007283636437199339,0.368572493508326,0.040016887799304575,0.0,0.008271924916943254,0.207571928809856,0.005153676909751267,0.3607224765361766,0.006109701814632211,0.032641147668565816,0.03765346431306555,0.24714011806199832,0.08544402528496871,0.0,0.0,0.019711127018269856,0.027990372730040753,0.05381508575438223,0.2281180827160631,0.015201834184689724,0.013989063286528207,0.14922924680596672,0.0,0.0,0.08531344480007905,0.01001151895577056,0.0,0.09561968349546714,0.03660994085996664,0.010534162748408186,0.06835303794447396,0.0060286303919648955,0.145792533591889,0.0,0.016323428255904014,0.008140461838348349,0.0,0.15054517893383956,0.0,0.003988235548296458,0.0,0.03259765362499921,0.031579829698569345,0.037460535096808655,0.007052256606189001,0.09383386928205247,0.018751860716051994,0.012012549946749917,0.013140637094830564,0.0,0.039543156944593594,0.013604808802724874,0.0949245082360309,0.2042727393916521,0.061053463787612616,0.03522838623596904,0.07412463646599421,0.025665932872640136,0.063470309455701,0.0,0.0,0.22076783054069013,0.020992779547530566,0.010307353819502534,0.0,0.014659925236497522,0.02989923896151951,0.20997694910280879,0.0014944448087687815,0.09906899106504174,0.0051994499869610555,0.007151812008109548,0.3490504748364941,0.0,0.030298787771955393,0.009677556300729803,0.0,0.011118695469899133,0.0,0.011726493189271341,0.0,0.036270424051847876,0.01038214021930763,0.0,0.0,0.007652313321621533,0.003947478712321168,0.09619186944846984,0.01948517140249993,0.0,0.0,0.04264325095525072,0.0,0.0657294884246682,0.013245557803366649,0.02007021056273225,0.023254269619478483,0.03294678127393236,0.0,0.013212138564502362,0.0,0.0,0.0,0.03383375125095539,0.027719418266873373,0.03796980329441235,0.035876723836254815,0.06330061911563141,0.16933133445261606,0.11639131373947136,0.0,0.023655225354144528,0.05292357217068898,0.09775522903411538,0.037062318232997105,0.0,0.00889483182668096,0.009444665645859726
James_TW_-_Soldier_preview.wav,0.09413774345394452,0.044112412308231555,0.0,0.0,0.18675232515919823,0.004409246447020589,0.0025825194123224025,0.02341795161720552,0.00712994439893215,0.0,0.0075204698801479165,0.02670574961149528,0.0,0.0,0.0,0.05854630666515911,0.0,0.4400126649560759,0.0,0.0,0.0,0.015406857825103416,0.6553657180722927,0.0,0.0,0.0,0.09826170942800479,0.008890388420738415,0.058323083674128466,0.013952119426386918,0.0,0.05159940573148033,0.0,0.0,0.0778878786309835,0.0,0.025161263979894745,0.019745767265490904,0.0,0.008701351787123729,0.0,0.00497972502304077,0.038029414232652645,0.0,0.0,0.0739653698566707,0.0,0.04782777831608921,0.0,0.0032943330518492076,0.0,0.0,0.003260667389373593,0.021660013354391904,0.011650506469114598,0.19078883425038287,0.0,0.05953510997133222,0.0,0.0,0.1829136300976501,0.0022475488601494246,0.06534070458093129,0.26290779545138926,0.11431011705121834,0.013783780896480137,0.07959625452957432,0.0030286264957085462,0.05242727911101568,0.0,0.0,0.031134125849158194,0.14450251386471294,0.0,0.0,0.05449177724517135,0.0,0.020167862576306053,0.002468860661850511,0.13026356695726335,0.004294811511521461,0.0035444923541174973,0.07863275754809017,0.0,0.0,0.01199067602573404,0.0,0.0,0.0,0.01775809168017601,0.039111803178992016,0.0,0.0,0.0,0.0,0.0,0.0,0.0,0.0,0.0,0.0,0.0,0.0,0.0,0.010940998427349254,0.0455901820084862,0.0,0.0,0.0,0.007795281223555309,0.0,0.06105773344544879,0.0,0.0,0.0,0.01829539728266076,0.047415404910604884,0.037347937672805774,0.01311279617842045,0.12818759813517733,0.0,0.029309273407780317,0.02671505258734289,0.04542021940036842,0.2081748195388867,0.005780100554588517,0.0,0.0
Janet_Jackson_-_Miss_You_Much_preview.wav,0.05134922005333109,0.0,0.003713079075023495,0.016925262655883424,0.07759520948715048,0.015540692780197169,0.003034089178126812,0.0075034712125021975,0.06282495023529737,0.0,0.012369659889670407,0.056475752285185886,0.0,0.0,0.0,0.06878349669879535,0.010002732030828156,0.0,0.0,0.009050421919974499,0.0,0.0,0.026652480118797322,0.26503422921366154,0.02750535344491531,0.02391073463689515,0.0,0.05918792967002111,0.010541729502075877,0.08359784993053451,0.6697312220781129,0.010103647739016133,0.0,0.03423965192281497,0.07843462645727203,0.03886256088217321,0.0,0.0,0.10214293350027952,0.0,0.02653317753613703,0.017551383811905012,0.0,0.017067262030307548,0.0,0.007899880008204784,0.035016198991676926,0.0,0.052091274945476496,0.0038703679105252502,0.027900848927501453,0.0,0.06129304952281603,0.05453014918278437,0.0,0.049032694848913795,0.027296507101635645,0.0,0.006376140466103363,0.0,0.0,0.13994898663363192,0.12896677556030348,0.12447357747255731,0.0,0.014394632621886973,0.0,0.007116401782981259,0.0,0.0,0.037473337744676316,0.0,0.06111708749113245,0.04501229413872669,0.02515491680926727,0.028453336579016764,0.0,0.004738868044650331,0.0159530606406093,0.005886191197089252,0.0,0.02776179427027041,0.030794063293975542,0.0,0.0058806685061759114,0.0,0.0,0.2014151146472915,0.010372553272374015,0.02275986079214147,0.0,0.2745482538534474,0.11082839026646783,0.02182949266164745,0.0,0.003713079075023495,0.11875528345045605,0.004913106907056811,0.01181831871733554,0.0075031302664490904,0.007390217318902781,0.034485816283714575,0.0,0.2851650999796473,0.10925985707112217,0.0292155884396035,0.0,0.04110824273333122,0.0,0.07326668148317989,0.04950485707768955,0.005977838520911392,0.0,0.0,0.0,0.04605956270010839,0.006963285843531897,0.008775691905952506,0.005135217027487896,0.0,0.015935675191312778,0.011478061415659237,0.28818373701702604,0.0,0.11509435122702373,0.006790787499014717,0.03884379963162986,0.0
Janet_Jackson_-_Nasty_preview.wav,0.005093454247618803,0.004176836567359357,0.007182032524587933,0.018187628773504154,0.0017251578022517131,0.0,0.017606083834615736,0.004837869344788915,0.0,0.3974055317985118,0.018229368154223147,0.0,0.23249948269078444,0.0,0.0,0.0031677297906757135,0.03224634924663378,0.0,0.015291263457718857,0.0,0.02355962125385493,0.026258701987146256,0.0,0.0,0.17024735669798233,0.0,0.004378365923989938,0.07407814220402185,0.0,0.0,0.09044664017794822,0.002171445112216351,0.08192166389478661,0.04047274776670326,0.0,0.0,0.004764848802095331,0.0,0.07731008828171737,0.00659118328437171,0.034214576850255786,0.05280925721643161,0.0,0.08803305183694594,0.0,0.0,0.09353214066591903,0.0,0.05970825443972453,0.04491761309770312,0.1319200351294718,0.010198110415338925,0.05433827435179072,0.0,0.052950823301267366,0.0,0.0879972290070123,0.0,0.04933226282944793,0.0,0.0,0.01361995868250941,0.0,0.002972386787475979,0.0,0.008120832502566483,0.023189743527961836,0.0022941530030609236,0.004412568608438948,0.0,0.157046278198398,0.0,0.0,0.11608685728788161,0.00540621788928395,0.02751796886284369,0.0,0.0,0.008415612982640876,0.0012650422337205317,0.0032532749550658905,0.012529608064982885,0.0,0.0,0.0,0.03935885247849797,0.1764427616442798,0.0,0.0,0.030571748533560275,0.0,0.002269425852222934,0.0,0.14778312848501549,0.28601719403289716,0.02633411925682242,0.0,0.0,0.0213356384783588,0.0,0.6289600418765836,0.12006769813623297,0.025710700897433537,0.0,0.0,0.0,0.0,0.0,0.0,0.00472387542116909,0.020158925076136015,0.003854216389906229,0.006128890407073165,0.1376026739498407,0.1907832143535139,0.003959592213800289,0.1504010765960444,0.0,0.006621870953466918,0.008091730790444873,0.0,0.0,0.0,0.0,0.0,0.0,0.008348190775129643,0.011818978654165407
Jarren_Benton_-_Alladat_preview.wav,0.01775600170737676,0.0,0.0625921896857307,0.0,0.018041924041977728,0.07568105199659786,0.0034097538551978277,0.01405418473888923,0.09413813226574119,0.15937917909978205,0.007943545684691947,0.1833528018214002,0.012469280739631503,0.0,0.045106873499678825,0.05521421498783598,0.0,0.1235107203362599,0.07329575754242552,0.0050854983524004655,0.0,0.2797024093820256,0.0033280497228627636,0.011913973937688872,0.055639654273281915,0.04836822080041187,0.0,0.11346891790604685,0.05923475003517771,0.01842127217913986,0.040683986819203724,0.02270925461125729,0.04759707699566896,0.0705448742161348,0.0,0.262045890568043,0.0,0.034760993850213334,0.18965258853206518,0.011488574939654198,0.18636483447552094,0.013149668121850781,0.0251055115349728,0.09590219517120659,0.03560471454048118,0.00443900042684419,0.0028108369477778464,0.0631480060597791,0.0,0.013048728428043443,0.15677691328205254,0.0,0.05596664672838633,0.02042726009735635,0.030764809866305396,0.05510366059676663,0.0,0.0,0.25796160143323404,0.03446879531007577,0.01725033238079103,0.04451227948611016,0.013803309638370077,0.08807588516843762,0.13317001280532567,0.11526040510514343,0.008084044847730133,0.09996895686845753,0.02307360739972904,0.0,0.12633925735919804,0.04110703103947413,0.0381579322412831,0.09555034241554958,0.00942315464180849,0.1279051054833416,0.26086526715183067,0.1384658421467029,0.0,0.02204995958523288,0.0,0.0,0.20764091601024878,0.03619471266858228,0.052870251157095524,0.03694025496583499,0.11715944667888933,0.121260672715952,0.0,0.019183398671808915,0.0,0.059334874744885226,0.1924872416980775,0.0,0.044314146821865186,0.012518437937146139,0.004305126671414333,0.044171371990268785,0.12750335677324953,0.18550680902964342,0.0830523445900683,0.0,0.0,0.016866985044356644,0.0,0.005472151029265029,0.13314600640293237,0.2874545037711055,0.0,0.026759905153708796,0.02635308162221808,0.0,0.0,0.06457350176132166,0.0,0.04486075632470275,0.015650885228420258,0.03944900436555234,0.08079444947162183,0.028208123357138494,0.0,0.01289921352489849,0.04489219268299487,0.20656077125592653,0.0040420224238650665,0.0,0.04365323092653874,0.041201470546421266
Javiera_Mena_-_Los_Olores_de_Tu_Alma_preview.wav,0.0036896122755159686,0.018153779406921363,0.0069367241633744225,0.0,0.15995842431348462,0.05806582458699187,0.0,0.032708394939522725,0.044991343912312555,0.0,0.0,0.017584539569715393,0.0,0.0,0.007498394150544315,0.0,0.0,0.045626555139122116,0.00553836656019087,0.016907875957536237,0.008533095965804349,0.03804272090445653,0.1493754098297095,0.0,0.010277025940380258,0.04466971140891601,0.006343228730249743,0.009756537402924507,0.08369914569661088,0.13780268277645924,0.004226968989384059,0.0031459163672229395,0.0,0.007995756892041723,0.6634575845762034,0.0,0.0,0.0,0.0,0.0,0.0,0.005464876352336136,0.02086722113888067,0.0,0.0,0.055344184132739525,0.02336313924251623,0.0,0.007208608599080188,0.025306991642971833,0.0,0.0,0.02147003381902455,0.013582998398393078,0.0,0.0,0.0,0.0,0.0,0.0,0.0,0.024665170385352958,0.28682617586885933,0.012918880875916274,0.01844806137757984,0.03193408159977841,0.0067193035003178785,0.0033236914166697735,0.0,0.0,0.0,0.08785897246754518,0.02537291492099897,0.0233587110508702,0.0,0.0,0.0,0.030985812402221185,0.010837560857865336,0.04215326100379135,0.004713234919289337,0.0038898156740439695,0.024655308433140285,0.0,0.03295855636200849,0.00877258102383395,0.0,0.2150177120101721,0.0,0.0425196644407275,0.0,0.0690452186626161,0.0,0.0,0.0,0.010405086245061633,0.07156677939674849,0.01376789991977498,0.028702470367245752,0.007008623297349793,0.0,0.0,0.0,0.08762197156799648,0.16809700258525617,0.2729008380664741,0.031619547029383535,0.0,0.0,0.12661013765928464,0.021904177540288172,0.011167717162741569,0.0,0.0,0.0,0.0028682617586885933,0.0,0.019127067233176476,0.0,0.0,0.0,0.021443159265385495,0.013326261486736206,0.027691832800954348,0.4199564687698674,0.0,0.06047288473567282,0.008561468623548826
Jax_Jones_-_You_Dont_Know_Me_-_Radio_Edit_preview.wav,0.05804508124818726,0.008654416794800602,0.1636931014396459,0.06029570652395439,0.04289438023262926,0.020761207745452176,0.008106634194015618,0.07350990913292768,0.10071534353434314,0.04372169995389271,0.004721412586064283,0.0,0.10375929075526871,0.0,0.0,0.026254179170956713,0.0066814523860459895,0.07613011356028018,0.015841769859559974,0.024181378825532746,0.012203899923441815,0.024181378825532746,0.05538668766113833,0.2549275089941892,0.11758432961694117,0.17888057646586472,0.04535993086547441,0.004651215554970187,0.028165930474842407,0.08321292106243176,0.13904292824681333,0.06298936298589067,0.06601074344512775,0.1219776641458947,0.0756764792546861,0.0,0.0,0.08264369609393896,0.16611955570430062,0.0,0.017723174209989014,0.07815780387934186,0.10942789792737188,0.1596041337205761,0.0,0.0685987323842213,0.046779033084590346,0.0,0.054125604116683206,0.08789889404739636,0.04969794067322869,0.010565256340582446,0.030706105396013608,0.14083988565164313,0.04571427114423459,0.0,0.10939829955027496,0.0,0.025554145887171323,0.0,0.0,0.010582721869662493,0.13537071734796216,0.09854069689085754,0.021107302272068095,0.0288452351361649,0.019219684813513525,0.04753491298819232,0.0,0.0,0.2628233338365985,0.04188484115914432,0.0,0.2873024525999775,0.016802547385861746,0.019005768923023067,0.0,0.10129239445864348,0.017437173123954555,0.13630089040073692,0.08763032989613567,0.03894207328481074,0.11166184466152267,0.0,0.023568405012374297,0.01881961154208042,0.13927233708544776,0.062463975643918944,0.0,0.04307442768902116,0.0,0.018809026298531772,0.06729930567562967,0.16039416723241798,0.07901712113848137,0.019841588053290417,0.02558842116334467,0.019690634378217532,0.012630714656696589,0.0,0.03949111901556621,0.3409215616288459,0.05327264260031072,0.07518934110637504,0.0,0.03902984954268839,0.2713306793577947,0.07932534950237179,0.0,0.08075003307124899,0.12878882272161077,0.0,0.0,0.0,0.1437466698531915,0.03691928654944422,0.027907293329821118,0.035171011745703834,0.04802187156228879,0.05868130917470054,0.06386662445945904,0.07360240759486769,0.022870812027355254,0.0,0.014414763610135143,0.0,0.21910133892342673,0.0367334341597182
JAY-Z_-_Lucifer_preview.wav,0.0630006085742407,0.04492436811880776,0.05149802851552483,0.0,0.04267673219181987,0.0035923242488470337,0.002104043677184968,0.039892863546953934,0.004356709099554122,0.007565192009582784,0.0024508465687087463,0.03916412555258895,0.0,0.0,0.005566784936097689,0.02384957607164384,0.003468287161063777,0.053632274235067404,0.0,0.025104711033358675,0.02217230542227977,0.02196662215418884,0.17866553359805726,0.0,0.007629632697907869,0.0464277204171919,0.0,0.04345934157579424,0.06213799035815109,0.002273428693108632,0.09414266637509504,0.04671037422594961,0.0,0.007914700690251316,0.03626126769982292,0.0,0.0,0.005362458144281763,0.033876581973165475,0.0,0.013799931664748027,0.01622843011185959,0.0,0.019725999387564686,0.0,0.0630006085742407,0.005203416984385295,0.0,0.0026758245134840554,0.021471809567701214,0.006449448398683909,0.0,0.023908931387511375,0.09579777734468455,0.009491961359662727,0.0,0.0,0.0,0.0,0.0,0.0,0.05310290696291896,0.04471716432081221,0.18542479631553746,0.016434941367193222,0.008734439638540153,0.02244775686640219,0.00986999346211289,0.04745980679831363,0.0,0.0,0.007247359228803062,0.4473733970393168,0.0,0.00872206460578209,0.0049328694221882395,0.0,0.026290025799482118,0.00201144302754568,0.04898262105235917,0.01749545610848216,0.004812978811134911,0.07016543202389415,0.0,0.0040780552784144474,0.0,0.0,0.01995356165902417,0.10789550264213081,0.010522156377504213,0.0,0.03417263976293923,0.0,0.0,0.0,0.0,0.0318785751833485,0.10561955117442273,0.00819562554437459,0.03642226384451473,0.0,0.004782961834306335,0.0,0.031224136471011937,0.7532251642737101,0.05740354567089157,0.015649503485278674,0.009502416609548472,0.0,0.01905303645584291,0.0018068438406172917,0.0,0.0,0.0,0.01243628632148688,0.0063881663315446015,0.007243223595965707,0.04665673657159632,0.0,0.008703139011686435,0.022101760798379295,0.02228707040708403,0.011872051035376974,0.004111666434021699,0.24193693511566808,0.0,0.008978977019085569,0.0
Jay_Wheeler_-_Me_Enamore_preview.wav,0.0,0.0,0.0,0.0,0.0,0.0,0.024773790299480642,0.0,0.0,0.0,0.00018264035516789377,0.0,0.0,0.05005458617850937,0.0,0.0,0.0,0.0,0.0,0.0,0.0,0.0,0.0,0.0,0.0,0.0,0.0,0.0,0.0,0.0,0.0,0.0,0.00072957739465515,0.0,0.0,0.0,0.043538061615644545,0.0,0.0,0.008452758969415922,0.0,0.0006046821284714231,0.0,0.0,0.3012573644088492,0.0,0.0,0.0034846023816679427,0.0,0.0,0.0,0.0,0.0,0.0,0.0,0.0021719308894312343,0.0,0.0,0.0,0.2250747572907763,0.0,0.0,0.0,0.0,0.0,0.0,0.0022304490424641466,0.0,0.0,0.0,0.0,0.0005400828760469032,0.0,0.0,0.0,0.0,0.03298840318180159,0.0009795838937237688,0.0,0.0,0.0010430277793068033,0.0,0.0,0.5459229075074472,0.0,0.001456013628765534,0.0,0.0,0.0,0.0,0.004749300068819209,0.0,0.0,0.0,0.0,0.0,0.0,0.0,0.0,0.0,0.0,0.0,0.0,0.0,0.0,0.0,0.0005831109362872879,0.0,0.7424668309452112,0.0,0.0,0.0,0.0,0.0033935841792305235,0.0,0.0006347395671690125,0.00035984978878125134,0.0015117053211785576,0.0,0.0,0.0,0.0,0.0005898140518346172,0.0,0.0,0.02316173587267193,0.0,0.05020776995247745
Jeezy_-_Go_Getta_preview.wav,0.12404145621109064,0.0,0.008637275784489022,0.0,0.3516640296693556,0.0,0.0035289128586696054,0.02618159305008026,0.06332815555270811,0.07613027329348818,0.00616585867350955,0.0656862724665445,0.0193575579099509,0.0,0.0,0.0,0.0,0.009468665865692165,0.0,0.010526437561568729,0.0,0.0,0.061998362134317475,0.03699097730688733,0.0063982295677900555,0.005562057933476426,0.0,0.01214837180576999,0.09195719689292238,0.08960564751163373,0.24737128269686512,0.015668575897603097,0.0,0.009955932477023513,0.04054505624736503,0.0,0.0,0.04496971166670765,0.2995856981009122,0.011890060559806275,0.015430210829604695,0.010206902365921236,0.0,0.0397014569480914,0.0,0.02297064003909086,0.06399944967797395,0.0,0.013463719839424848,0.0,0.03245114390765701,0.0,0.06683363747413704,0.09302093497050246,0.0,0.0,0.010582747051093456,0.0,0.10382417873020561,0.0,0.0,0.19041369067119343,0.03928563969571184,0.026809950038907394,0.0,0.04604111917140449,0.0,0.11587802598767633,0.0,0.0,0.0,0.0,0.06318627019542206,0.04071920324215061,0.009752461027067555,0.09928120707487309,0.0,0.03858204547580461,0.006747205147265831,0.061615427649157686,0.0,0.0064578822195715145,0.07674901490715941,0.0,0.0,0.016384794867157312,0.015156720083675997,0.19243074238445715,0.13270612008506,0.03088367572985738,0.0,0.3889200037686127,0.0,0.10155848800657997,0.0,0.004318637892244511,0.38763509734999485,0.028571879602819282,0.030240639536330553,0.04363400566540406,0.008595473433361566,0.016044016293608312,0.0,0.17892838020335297,0.31395947186586703,0.0622972198199879,0.019685570698875197,0.021250002570755135,0.0,0.08095482144983793,0.0333349254347346,0.0,0.0,0.0,0.03128730490949822,0.01785710895259629,0.004049457268589998,0.03062070709776371,0.0,0.0,0.0,0.07742997704981534,0.0431423740671019,0.0,0.12131503324237515,0.015796567548855514,0.12549655299434012,0.0
Jelly_Roll_-_Lose_Your_Soul_preview.wav,0.013629208358653572,0.03352949084594063,0.0,0.0,0.0,0.3396118636961418,0.0026172697271653507,0.006472653537910573,0.0686459051015228,0.02823156416605164,0.0045729990777500645,0.0,0.0,0.0,0.0,0.18647861339812294,0.0,0.161519207457575,0.0,0.1405275489724557,0.03940093639177506,0.05855314540518987,0.00510911001793963,0.0,0.0,0.0,0.03514726463463482,0.003003339086283336,0.0,0.016967830544192333,0.0,0.04938851900843211,0.0,0.01969056701701579,0.0,0.0,0.006374958325344553,0.006670488600786835,0.007661796742721836,0.008818436953151534,0.0,0.00757009811246211,0.012847045684411059,0.0,0.0,0.0,0.012945307075821146,0.0,0.0,0.01669330756366214,0.0,0.013644195565336466,0.06278631407338686,0.0,0.0,0.006042377621902901,0.0,0.0,0.0,0.0,0.026482130171924162,0.004555583639701767,0.06357113032565166,0.015907192596442042,0.29984258389037854,0.10088906459657959,0.0682569458872623,0.04604069424001265,0.0,0.0,0.0,0.5003414727080779,0.005857877439105804,0.0,0.0072330550607947386,0.0,0.0,0.3352035493960181,0.001251040793734037,0.06431567726062283,0.052231228618155726,0.011973956507143634,0.07210123430209393,0.0,0.10145578955072893,0.008101348169455232,0.0,0.0,0.0,0.014724854268096867,0.0,0.02732667131350912,0.0,0.0,0.017007396998059754,0.0,0.0,0.0720485551765475,0.12233679099954708,0.0,0.0,0.0,0.0,0.0,0.0,0.0,0.0584003633023267,0.0039400936391775065,0.0,0.020540453251149598,0.006742727449588611,0.01546983118438554,0.0,0.0,0.0,0.04238075355043444,0.02102337360398335,0.5046732074974741,0.013289241626805963,0.0,0.013746451673484606,0.03366414600252715,0.03445849227977763,0.005114599189482921,0.003102588449421014,0.01757363231731741,0.0,0.0
Jhaye_-_Me_Myself_I_preview.wav,0.0,0.0024009591174262166,0.0013761424620022684,0.0,0.0,0.2073490611159524,0.0022489900522764655,0.0,0.0015522801058117344,0.0,0.0,0.0,0.0,0.0,0.026776249162937436,0.04552242827682527,0.0,0.006034418018556447,0.0,0.003354270041511086,0.0016928387830216485,0.06373113078871064,0.0,0.0,0.0,0.0,0.012584018329543934,0.007742205159702577,0.0,0.0,0.0,0.0012482056350752808,0.007848466284268335,0.006344954947514166,0.0,0.05761301510851177,0.035606538793341,0.0,0.0,0.034099120737491384,0.004916867042360503,0.002168299681786236,0.16282996944145564,0.0,0.18787197484913967,0.0,0.0,0.037485789043023965,0.001430080272980501,0.007172184483050756,0.0,0.0029310754427850525,0.015617558064118828,0.0,0.02282817868202655,0.11422721720258469,0.0,0.2937952477224769,0.0,0.028418465473740374,0.06542290397777463,0.0,0.0,0.0,0.03220641444685394,0.00800241448228908,0.0839795953504219,0.0013187414639381462,0.0025364642980029504,0.0,0.0,0.2323987708181864,0.030201643990905438,0.0,0.0,0.0,0.15055279318043693,0.0052689620174822555,0.0,0.0007271806392225592,0.001870070815291201,0.0025722710952801784,0.0,0.08355600805141786,0.045769397022980225,0.0,0.0,0.0,0.015377115013263368,0.0007029388600063744,0.7791353000934159,0.0,0.0,0.0,0.0,0.0,0.005679112023315938,0.020029868441803114,0.02190054384486642,0.002780812352489329,0.0,0.0,0.0,0.0,0.028583943850729602,0.0,0.031364229189160334,0.0016928387830216485,0.10883923033629347,0.0,0.0009656581437990892,0.011077541379275566,0.0,0.0,0.0,0.02048473045647936,0.005161470106468386,0.01951469713607612,0.0,0.06977019990044621,0.0,0.0008508005014926108,0.0010574924912523612,0.22853567368896796,0.0,0.012584018329543934,0.0,0.023778544923325925
Joakim_Molitor_-_Always_Gonna_Say_Sorry_preview.wav,0.03506327494583712,0.0,0.057681191776062436,0.03756102228245175,0.05047284955739898,0.045984460796442514,0.003366668321302293,0.0,0.009294860602401119,0.21183786239308644,0.003921585655618874,0.020888764851405003,0.024623438663496495,0.0,0.0,0.010903306008541006,0.02219834624337294,0.01806667304731354,0.0,0.0,0.0,0.0050212381679581135,0.029573969396473616,0.023526858735385833,0.018312197830596975,0.05836971751758407,0.0,0.15839449203643033,0.02924313087287682,0.032739302897275745,0.08033981068732982,0.00747410041378409,0.0,0.012664267560314536,0.13054825848093762,0.03234183594946376,0.008200289798485833,0.0,0.12812262543414119,0.0,0.22081192170878725,0.14931035766433917,0.0,0.006312691886034857,0.0,0.0,0.06660766338194697,0.0,0.019267072134803026,0.021473075231419086,0.07223807991448776,0.0,0.0212536361851306,0.06454125418437351,0.0,0.031089927207523457,0.010096196952481144,0.0,0.21932672859416705,0.0,0.0,0.046879812090098685,0.05110834307488192,0.18415685917082847,0.00876581873645928,0.00798624410815949,0.06784610861880488,0.13818805353514363,0.0,0.0,0.031185709698639826,0.01739468742494463,0.022605461943353194,0.25528098179878883,0.013956125969744828,0.007893056307187073,0.0,0.026291575474729163,0.012873994193889725,0.00653140111346475,0.0,0.006160976017846268,0.03416952874141002,0.0,0.013050546114828162,0.010420994045380686,0.028919755972549328,0.29533011987009183,0.0,0.02315010854174626,0.0,0.2577745336453329,0.0,0.0,0.0,0.0,0.12327108987375747,0.03270991802562302,0.00524550952866482,0.0749302164375688,0.008200289798485833,0.13010423048285638,0.0,0.25813474311095613,0.09271010011178461,0.010806010229462414,0.0,0.06081905109115505,0.0,0.08129774738811502,0.14166490710229226,0.0,0.0,0.009108221883775264,0.0,0.17717558932625732,0.038632802935714715,0.006491754681058224,0.005698109539459633,0.0,0.0,0.015283463401132898,0.06332133780157267,0.013158108152681569,0.07981895131624103,0.015070307962235465,0.507641422159051,0.0
Jody_Watley_-_Dont_You_Want_Me_preview.wav,0.0,0.0371552588203524,0.0,0.09707337744870333,0.006138491043630815,0.005942153126318999,0.010441053352833426,0.0,0.0048043607801990336,0.10636706850882889,0.050675080364248164,0.0,0.3181862753218132,0.0,0.0,0.0056357397924193505,0.09752866486451746,0.0,0.0,0.031144746440988542,0.09954850048781974,0.005190791073498091,0.0,0.0,0.39754152003325627,0.01645655360752419,0.04673756796347104,0.003993732261149969,0.0,0.018802675483086676,0.015572373220494271,0.015452958976481069,0.0404854590565182,0.06873249490052026,0.0,0.022289285063632612,0.025431570657832695,0.0,0.08660124400905199,0.07035864111428365,0.015217874075257282,0.2617275468284948,0.0,0.026103414015191888,0.0,0.0,0.1750110698929845,0.0,0.3098303640705163,0.022198159797134114,0.0,0.0,0.013182786551709997,0.0041700392772453035,0.015700889997978775,0.024104809096838344,0.0104371167557123,0.0,0.16090712516264125,0.0,0.06162622184940171,0.006057851220775385,0.0,0.0,0.05890180047753425,0.061919376119140515,0.020628552467010706,0.02857085407068002,0.0,0.0,0.0,0.0,0.0,0.2122682705874792,0.009618256385001741,0.35902162244965125,0.0,0.0,0.0981517531754511,0.0,0.005787934051040107,0.14489508267407125,0.0,0.0,0.006745612935611135,0.17775254179600905,0.0,0.016502841973608566,0.0,0.01958058142678944,0.0,0.004037558259850741,0.0,0.03756034911377621,0.011307912313256605,0.01703683464770784,0.0,0.0,0.18708092264627932,0.0,0.11020347285060834,0.03955808224425964,0.0,0.02152025950508502,0.0,0.0,0.0,0.0,0.0,0.11976119045420706,0.05977490912597987,0.07542782473189281,0.04361588119313864,0.00941578058404797,0.17485495642112045,0.021133650477468294,0.26358632923589786,0.0067109627391921745,0.0,0.12236667388287024,0.07311814743192828,0.0,0.0,0.013602419972609374,0.0,0.038947973302892534,0.0,0.0
Joe_Arroyo_-_La_rebelion_preview.wav,0.0061044737315851414,0.0,0.026779268473726536,0.04940825992819863,0.033081457022163155,0.0,0.0015630210136462412,0.06571244362382635,0.0021576319752885206,0.008429877819171589,0.005461946531318791,0.003232629937167034,0.03429528695988694,0.0,0.0,0.0,0.01545882085876181,0.0,0.003054414272463248,0.0023311773011263576,0.03764808244162608,0.0,0.0,0.10376527333573707,0.005667789296649712,0.22171848383859008,0.0,0.0,0.010861213210675416,0.0025332768935975272,0.046623546022527156,0.015614782035158922,0.003636393060013244,0.02939778206537603,0.0,0.0,0.0,0.02788508812168442,0.013726765552892487,0.0,0.003417163406630036,0.02863190137217059,0.0,0.6799344746503979,0.0,0.0386616669667059,0.10694378079956054,0.0,0.02882276867014185,0.09171630657464151,0.004791071346511717,0.0,0.011840743478134309,0.01872759040052932,0.0,0.0,0.04218565608411773,0.0,0.003284689720502064,0.0,0.0,0.023124869216633794,0.0015818490086718002,0.0,0.0,0.0009269302890768007,0.0,0.0018330188856242624,0.0,0.0,0.18339287463997767,0.0,0.0,0.06698822372130117,0.012958638082510734,0.003664457467332035,0.0,0.0,0.004482693615960132,0.003032290744028188,0.005198706821042693,0.0028603159151535562,0.0,0.0,0.0,0.0024190432679319827,0.5706213782229855,0.035204169812285024,0.048091094230478304,0.01563308946981055,0.0,0.0,0.15570984424455198,0.0,0.04062694588865654,0.0019128048909804669,0.02565494420262434,0.010124012693339925,0.004870596588744585,0.023191573324470464,0.03045675795723008,0.017765481618924495,0.11298509791898757,0.01546355143553713,0.009932748445541479,0.04013468378920702,0.0,0.007059015457804889,0.0,0.01887178590265381,0.04697845499406152,0.0,0.004896958419554959,0.0,0.10162333971143188,0.0,0.00538073938758707,0.0,0.005290847863972769,0.0,0.004104657728953199,0.0059129610684922574,0.0029397782065376027,0.0,0.0,0.003498296502517165,0.10894611580371348,0.0
Joey_Montana_-_Tus_Ojos_No_Me_Ven_-_feat_Joewell_y_Randy_preview.wav,0.0,0.09604439981919057,0.004234550584050176,0.24449550878833812,0.0,0.0,0.010380606371451363,0.008557272216214197,0.03343582635606952,0.0,0.020152681700842816,0.0,0.132864556230566,0.0,0.06408393935596764,0.0,0.2566695087598927,0.0,0.0540946828497942,0.18578663038140347,0.12501748890591755,0.015482219198450288,0.0,0.0,0.04391555671124777,0.0,0.030977991676551027,0.01985305560416171,0.0,0.0,0.0,0.03456786664368354,0.5474146104253759,0.10738290824789719,0.0,0.022160244443521684,0.01685622548386987,0.026456469408300657,0.020258794946697745,0.2098539295480348,0.0,0.05337688466087652,0.008492318216304022,0.025952292042373273,0.0,0.0,0.17970271654049813,0.0,0.18042146385154384,0.18097110321624435,0.0,0.027057781234542225,0.0,0.016583589730945276,0.2107348912774511,0.0,0.14527369590572792,0.013294738010587065,0.007271617110538674,0.12242569795598253,0.07877500158056301,0.0030113900798438256,0.0,0.0,0.031532736818594066,0.012312180553779377,0.11074928266885051,0.0,0.0,0.0,0.0,0.0,0.0,0.0,0.15778245233346738,0.07301109236764661,0.0,0.0,0.09592955974645694,0.006712858484250723,0.12084293837084094,0.23428925866364914,0.0,0.0,0.0670656017668439,0.080328849518573,0.0,0.0,0.0,0.15357475494659376,0.0,0.0,0.0,0.0,0.0,0.008469101168100353,0.0,0.03361867490955074,0.14286790951864586,0.0,0.0,0.007865813279763056,0.0,0.0,0.0,0.0,0.05790683102881693,0.0,0.0,0.004177819305720744,0.08022894866090073,0.04090426153920161,0.075885903279329,0.01872253854472105,0.08180830998637817,0.08054331757939427,0.14691261147079668,0.01334422116521913,0.011712832300958029,0.04293820573022113,0.00908685505010157,0.057596268496651566,0.03254027522663551,0.0,0.0,0.0,0.004922121419189168,0.0
Jon_Z_-_Por_Contarle_Los_Secretos_preview.wav,0.0,0.00977495220154285,0.04482117730686117,0.0,0.002018673077719964,0.007816425538152896,0.0022890612862989934,0.0226439032698463,0.0189592530679755,0.004115215938797279,0.003999540071284883,0.10888709971421053,0.0,0.043844707373351166,0.01211259255171195,0.0,0.0075465371334694,0.009212903803847912,0.0,0.010242103589622745,0.003446001655932631,0.030726310768868236,0.00893684424507089,0.0,0.012450808669163269,0.039686671780612526,0.0,0.0052534342644811,0.02385954743960656,0.01607671685830796,0.030726310768868236,0.00254089091563473,0.010651074429286724,0.004305337179819749,0.006574979485441849,0.08795929688863835,0.011151063379409775,0.040838015053603446,0.04020599510678159,0.0,0.02001789200473226,0.030897065085308883,0.03370803698327653,0.0257527096160157,0.0,0.011920090960776064,0.01132195163492315,0.08478597700421286,0.004366681905772807,0.023359918123927962,0.014033152265320134,0.0477327950224382,0.031791645778881744,0.35106252763380985,0.010326630342826198,0.01056931392889143,0.0,0.043974989036118746,0.03367324692209861,0.3470977156139077,0.023161242544510723,0.007968617095825652,0.07181568778803267,0.013912413523253583,0.0,0.009502496478992997,0.002713520518414411,0.24160284976043003,0.005163315171413099,0.0,0.007067917393310069,0.01576930138707991,0.005123293303156845,0.0565990285010205,0.0031630110854616233,0.03219982706767696,0.03283612666793154,0.1179825109238626,0.0010941589316508487,0.0029605485319165715,0.03426103224804318,0.009425168525757721,0.20245470404275356,0.012149251684556056,0.11091640542480448,0.007085430389176548,0.0,0.10040025918133319,0.01565109576016089,0.00429278056462814,0.02600057352924158,0.08232179965063065,0.06841162848944027,0.0,0.03718662777177795,0.0028013235816788233,0.005780299232523953,0.09266704236537343,0.024965646004100946,0.011321437183062926,0.0,0.07805322356761438,0.0,0.011323269690791463,0.009697745470567936,0.0036736050770283615,0.20430757954158216,0.6892003311865261,0.0,0.04974828453660008,0.013760091729820416,0.0,0.007171648903599574,0.0,0.013529862460808003,0.037066161438984606,0.0052534342644811,0.002206933220379206,0.02711976498705353,0.004734221726704806,0.006011315918866636,0.0432979792053588,0.030137360258738238,0.035785783568471806,0.0,0.005123293303156845,0.029305611249176904,0.00691491931467655
JONES_-_Hoops_-_Acoustic_preview.wav,0.005443584637433512,0.09151112907835351,0.0012792890644782674,0.011662721418857505,0.0,0.003569551114932253,0.005226763324727907,0.0,0.002164545117097963,0.0037586166645661116,0.0,0.0,0.0019113983596291213,0.34706009001488836,0.20189956500415626,0.013541933929905657,0.03273985328947184,0.0,0.0,0.10134134787032427,0.012589569483341608,0.0,0.0,0.0,0.01895316375747648,0.0,0.05615208301997358,0.009596407997220276,0.0,0.0,0.0,0.05221604146869181,0.0,0.000983065792373461,0.0,0.07029512509313313,0.06110868533095534,0.0,0.006120331855861216,0.3592577411273493,0.0022854080927178838,0.022172633741156172,0.012827960855052792,0.00392018972839847,0.005457796194405841,0.0,0.018096506785017945,0.0,0.005982438208829614,0.0,0.0,0.14168883597583204,0.005279414092640033,0.0,0.0,0.02172024509240893,0.0,0.15262467157958745,0.0,0.0,0.03701990578756165,0.0018195264510633576,0.0,0.0031767123579011167,0.001360896159358378,0.0,0.06443797200142001,0.003677783907420809,0.0,0.0,0.0,0.003600707706687601,0.0,0.0,0.0,0.0759747698296719,0.0,0.0016327101968568547,0.0009993458558066985,0.0,0.0973534555848119,0.004782467475464097,0.0,0.7601083553830345,0.08509626105726001,0.017796489203542265,0.0,0.0,0.0,0.0026138630888391037,0.007915841307697824,0.0,0.0,0.003760522019717216,0.0,0.0,0.0,0.011849192188667448,0.0,0.0,0.0,0.0023763203939352394,0.0,0.0,0.0,0.0,0.013606508322000421,0.004721088556253103,0.10117908646817267,0.0,0.004488473895315792,0.03295328020546611,0.016375494920787013,0.0,0.0,0.08992531469325608,0.015594162995482946,0.0070549289176406,0.0,0.017295932889435865,0.02745206147703044,0.0,0.026542776394083444,0.004085600988970368,0.0,0.021057031132490092,0.0,0.025262859939125724
Josh_Stanley_-_Sass_Cafe_preview.wav,0.041181765390585746,0.12757819127157666,0.0,0.09149853689316303,0.006199245839874425,0.0,0.007029594743659218,0.011589719066237927,0.17466880398710807,0.0,0.016376521403738586,0.0,0.03213354763530255,0.26928988431524936,0.08369364736859054,0.04553214946728089,0.08690641784656505,0.014146187465796855,0.19918719437838064,0.42461545824290514,0.026456254439511852,0.010484332302293954,0.07890325257124041,0.0,0.0,0.0,0.306800949301074,0.012099778885168267,0.0,0.12152814175448742,0.0,0.13655164534219716,0.0,0.10577183158909402,0.0,0.05627472481525785,0.08561091940536068,0.0,0.010289219630403815,0.07105500523284189,0.0,0.016943458720875618,0.025878931356598103,0.0,0.0,0.0,0.02028200836591637,0.0,0.03352466397009661,0.01345071765655192,0.0,0.19239290214080895,0.008875507472197133,0.0,0.01585628720649312,0.016228921891109794,0.09486374900838258,0.3241080737831092,0.0,0.0,0.15114495552032367,0.009176711844664691,0.07825699793856018,0.0,0.03660601368052067,0.12089561349296034,0.0791643378133544,0.03297557693956568,0.0,0.07237176741761003,0.0,0.024213374889805305,0.007866691007719846,0.0,0.019426903275662325,0.008240340573101928,0.0,0.016469022468615268,0.021840704084479287,0.211382003687199,0.1695113585957918,0.03859230595140105,0.050961348284826236,0.0,0.054499013039212264,0.005439752150634746,0.0,0.004166544095439706,0.0,0.01098576516693097,0.0,0.053007752048577224,0.0,0.11379629114034699,0.0,0.0,0.0,0.01707455605023033,0.11500240839307183,0.0,0.07704982746482461,0.0,0.0,0.0,0.0,0.0,0.06535609778083074,0.0,0.0,0.008487474309464565,0.09356810962924049,0.17312354621933754,0.02202378142422876,0.0,0.031162157149154976,0.05691418031895286,0.012099778885168267,0.2134875798830328,0.0,0.02180784348013374,0.0,0.11701005079778556,0.07271813421750212,0.0068685239440820925,0.1583286756267088,0.05506683705403892,0.004999782905429679,0.0
Josh_Stanley_-_Swish_preview.wav,0.0031530746525205914,0.046541655941945315,0.01778398988658314,0.08106444646565722,0.0,0.35562421552211965,0.004843977210338758,0.005989712466894808,0.03343371594286603,0.0,0.0028211973576388947,0.0,0.022142695007154215,0.3556627910735563,0.10252783117655312,0.23139393950866263,0.015969539177609494,0.08448182847439564,0.00946597198474651,0.14810388167350153,0.0072922265506992455,0.03612289796914672,0.0,0.0,0.008782556967013036,0.0,0.0758912891744741,0.08893607525660734,0.0,0.0013084848116701345,0.0,0.016130652896399245,0.0,0.01366605296242839,0.0,0.10082274805380488,0.02949653270764844,0.0,0.0,0.10608612353756357,0.031770516559668886,0.0023350913075684348,0.17238317856745675,0.0,0.0,0.0031530746525205914,0.003993141644596539,0.017941911071710292,0.0061603440568896006,0.04016422179706828,0.0,0.32196727337473363,0.00917394760863582,0.055136955483691255,0.005463152334501218,0.03914078368590819,0.02905290529480646,0.3443119807084624,0.015269432090386899,0.0,0.26956854517675943,0.002107840004171771,0.01470698182808449,0.04048087085735589,0.05990841839789123,0.024417616802082372,0.03158206115455673,0.06248803946728952,0.016389457003503652,0.0,0.0,0.12513776443948116,0.027104031848026466,0.0,0.013386757013218464,0.08517423136847321,0.0,0.14374805149265726,0.009261579777052813,0.0062649391279044,0.08055687397835266,0.00886443943261594,0.03862828236503269,0.025709533700519857,0.30043493177016856,0.04498131640604292,0.0,0.011484385874384266,0.0,0.0,0.11921192492077609,0.011239004074713125,0.0,0.0,0.0,0.0,0.00305798253621194,0.07059476120603268,0.03773631107747264,0.0,0.04129514579070782,0.0,0.0,0.011980819530043171,0.0,0.0,0.06305012502884451,0.0328150194781466,0.0,0.011697155704592102,0.0,0.10020911534073623,0.04552866809313949,0.01965742465000962,0.0,0.0686325818643943,0.03335102822122774,0.051372008766505564,0.0,0.07012797605322525,0.19081191156451946,0.010994957231411638,0.11388377468690329,0.08992673385509185,0.0,0.03794564458723705,0.0034452675202063902,0.04389883980666303
Juanes_-_Tequila_preview.wav,0.1299737316318088,0.015790172995574912,0.004525176497979242,0.0,0.1271753213722513,0.00631321304236062,0.007395365821314066,0.18289150808814322,0.04593933754933848,0.12630439870309543,0.015075061179616496,0.31354847772487837,0.02704444265314584,0.0,0.0,0.0,0.006095228109463481,0.009921504259385712,0.07225914020827437,0.005514931912513284,0.027832853382968707,0.12132850207529226,0.018045397275945806,0.19380034321355502,0.16760561310797772,0.058280630302822996,0.0,0.029701856286704447,0.07708403558393861,0.06192812774422028,0.09926877442523913,0.028731368098247247,0.008602717658334754,0.034773581226772834,0.09027875755334315,0.0,0.009006551449822387,0.01884815420348439,0.12448288678236584,0.0,0.0,0.03208514063175855,0.009075163477920705,0.07626699082737572,0.0,0.09627683824578431,0.09144575404407161,0.0,0.0,0.10848792706199353,0.01133437265850131,0.0,0.023343317431602385,0.02658263339157961,0.0,0.0,0.011088866312609075,0.0,0.10101888088740905,0.0,0.0,0.09654203919692017,0.022453348978183334,0.005618426867690371,0.014441525736867647,0.030700111918594973,0.0,0.07805564089283107,0.016681337791998815,0.0,0.19409423319738817,0.006368317506505295,0.016552037472090834,0.23771389626907577,0.010218871907829304,0.052014662511184875,0.0,0.03465191104642579,0.010604834760845203,0.06456218188878951,0.006149363700760999,0.0,0.03216781283048796,0.0,0.014333690384110951,0.017168396727639628,0.31763178678291165,0.07013347180323658,0.012641162050093845,0.04854102858505529,0.0,0.12440086661885734,0.07367343433739162,0.07981163758652698,0.09611231212702934,0.054302117975750894,0.07469861578112763,0.03592599369739889,0.0172837616516346,0.04572079944566936,0.1441048231971582,0.07565094197393941,0.09719710322892082,0.06859229984198538,0.21931637688459674,0.3738567805473569,0.006875677323771581,0.12803112556165605,0.0,0.07143282616581896,0.24767954287336433,0.0,0.034754618084011306,0.09003377188570909,0.054639364075042,0.0037422248296972225,0.021215611633360318,0.046345203134762356,0.01877506209963816,0.007647523846948253,0.0,0.07553767766309805,0.0625924462081911,0.0,0.03945007788932057,0.016552037472090834,0.0368195571335175,0.11170159196476803
Julieta_Venegas_-_Andar_Conmigo_preview.wav,0.023974799755194086,0.0707770671139218,0.022537134034044417,0.0,0.0,0.26411489587454656,0.007366358011457642,0.015181177401999873,0.08897611271478023,0.0,0.002145132899571697,0.0,0.0,0.0,0.13642707078621152,0.11331940884438796,0.048570559997347114,0.0,0.0,0.17578559917856057,0.04990262570043736,0.01647989992299005,0.01797461545586929,0.0,0.03338963834148344,0.0,0.1236533493925439,0.283174091220433,0.0,0.0059695373182667355,0.0,0.13082821164924313,0.0,0.13162130020544452,0.0,0.12973542959793116,0.017942447752020953,0.0,0.07008391072740819,0.11168850256764189,0.2737806017264245,0.02840825679242021,0.12655393489457775,0.0,0.0,0.0,0.02732611932359977,0.0,0.044498903416547136,0.004698364812498374,0.0,0.14400698025514586,0.06510491368336942,0.03971754728184147,0.09138748520387319,0.076528767186727,0.0,0.14151456526256737,0.0,0.0,0.08385129585369822,0.0512871251944334,0.05964073939486088,0.1566988913761243,0.05274455946142699,0.03494822040850204,0.2619689179540708,0.14254070059444757,0.0,0.0,0.0,0.1585834555619578,0.0,0.0,0.015268183636571387,0.06044574503643118,0.0,0.09779530876009679,0.0,0.021436313735059373,0.12250486495722432,0.023590658108647154,0.10146518324507016,0.0,0.22130074589438048,0.005700351627142787,0.0,0.0043661486325678464,0.0,0.023024109411829093,0.013945274879416587,0.12818577190536304,0.0,0.0,0.0,0.0,0.0,0.12524776767011303,0.03730126247142744,0.0,0.0,0.0,0.0,0.0,0.0,0.0,0.08903320342834857,0.04435788951149988,0.0,0.07559967559725479,0.012651694206834664,0.0798236071913882,0.09231545467584604,0.009964513406198609,0.0,0.32802406667173484,0.06339718460158948,0.1633474765564162,0.0,0.23614333590611902,0.02901724744771346,0.11982887457019717,0.08312924223501757,0.02159271262174082,0.017464594530271386,0.024730669878508776,0.0,0.0
Jungle_-_Busy_Earnin_preview.wav,0.003916907500628076,0.0,0.0,0.0,0.19369240366311527,0.0,0.0030087157392356474,0.014881442575062886,0.008306607815060303,0.0540899234088725,0.0035046328770091595,0.0808938832684442,0.03300811977476354,0.0,0.0,0.0,0.0,0.0,0.0,0.0,0.0,0.0,0.24961280509562833,0.0,0.0,0.1090695616739879,0.0,0.02071516011981459,0.16725714036522532,0.06014222240506949,0.4891230671511858,0.0,0.0,0.011317771012224549,0.21605192903096948,0.0,0.0,0.0,0.08807715999381686,0.0,0.0,0.011603070228552406,0.0,0.0,0.0,0.26634971004270913,0.014881442575062886,0.0,0.007652688407992867,0.0,0.03689002679349332,0.0,0.0,0.06128400856863492,0.0,0.0,0.0,0.0,0.0,0.0,0.0,0.13092322942408366,0.3258105518536359,0.0,0.0,0.021411380081809882,0.0,0.00705688883686643,0.0,0.0,0.0,0.0,0.0,0.009919081322154653,0.008314850539971235,0.0,0.0,0.0,0.007190749366535684,0.07782621651996173,0.0,0.005505925664449505,0.0218118136633026,0.0,0.0,0.00931300793856924,0.0,0.07846564122589862,0.0,0.12225159344680021,0.0,0.07678910053256413,0.009991050558337693,0.0,0.0,0.0,0.015195117214624836,0.0,0.0,0.0,0.0,0.0,0.0,0.41672890034960797,0.1019728378861336,0.0965708824062259,0.0,0.0,0.0,0.25792158602937476,0.005167458794277039,0.0,0.0,0.0,0.0,0.0,0.00690505337327153,0.0,0.0,0.0,0.0,0.00227641456857429,0.0,0.0,0.23896354373341858,0.0,0.0,0.0
Justin_Bieber_-_Sorry_preview.wav,0.14401385668786704,0.0,0.02082737915885686,0.0,0.07254109129045792,0.06779947497578002,0.0,0.0023382456804526526,0.02545091647021256,0.0,0.004955986881254319,0.3637143026056887,0.0,0.0,0.007504594117615399,0.05971022962966399,0.004675604990295511,0.06088570795819524,0.011085891798789778,0.00423046401352103,0.0,0.00423046401352103,0.07474945964550643,0.03964342096591541,0.0051427616947263294,0.017882658432970964,0.0,0.006509736327741309,0.06405815110176633,0.05363424245358341,0.04653510414873133,0.003148517534552047,0.00659908191966811,0.0053349120654536675,0.19553555555040247,0.027248453178042625,0.0,0.007229140753144681,0.04982082458120516,0.0,0.006201238667296771,0.008204092390420725,0.0,0.0,0.0,0.022155977951979544,0.00935298272181061,0.010506162765165581,0.0,0.0036182737797951833,0.11302868889546651,0.0,0.028650381449395034,0.203913440331942,0.0,0.0,0.0,0.0,0.005960834318115744,0.0,0.0,0.034559790325059195,0.16362610096549352,0.34047848481542187,0.0036926629919965905,0.006728523358712132,0.003362429642305324,0.1663219787699353,0.0511845298153674,0.0,0.0,0.004885089873334267,0.14601489190617034,0.004675604990295511,0.0,0.0,0.0,0.02658122802006271,0.0027116304448110123,0.009171329342864685,0.0,0.002595354617710115,0.08636493044002935,0.0,0.016492903896060857,0.013169751808056743,0.0,0.2353700749613727,0.0,0.0017731175571199973,0.0,0.48371615574666355,0.047095294747226714,0.0,0.0,0.0034712298598094772,0.03223167913056941,0.01377928376069169,0.006629123699570139,0.04208650981574937,0.0,0.0,0.0,0.06313998301834106,0.1502107069602316,0.03186475637427238,0.005274281885656588,0.34160605860055765,0.0,0.027397799761854504,0.009743239455736137,0.0,0.0,0.023021416402248664,0.0,0.03731823355353361,0.0032548681638706546,0.0,0.0,0.0,0.0,0.017168711449975796,0.13604025766906852,0.038800621295764226,0.21855792674984606,0.0,0.00806971814588898,0.0
KARD_-_Dumb_Litty_preview.wav,0.009200628446579437,0.0,0.004324453146956514,0.006570692757181811,0.014023177259215005,0.0,0.0,0.005825966184645541,0.006097445189984697,0.015881830497311185,0.0010290268833849645,0.3727234258459448,0.0,0.0,0.0,0.0,0.0,0.004740707941027566,0.0207161819926528,0.0,0.0,0.0,0.024142940082458472,0.23459165382597996,0.00640684509323371,0.008354321270083028,0.0,0.0,0.08901165431418322,0.04295408258686034,0.0421624476746381,0.0,0.0,0.006646225747624113,0.19284834759757338,0.0,0.0,0.009006053111517068,0.015516677830720365,0.0,0.0,0.0,0.0,0.01656454869970414,0.0,0.06900471334934577,0.007282457730806925,0.0,0.0022469748981849107,0.0,0.07040548870727861,0.0,0.044615754798769336,0.008467835650605167,0.0,0.0,0.005298498615817125,0.0,0.007425998786169936,0.0,0.0,0.0015376620315441661,0.03576230882625166,0.0,0.004600314223289719,0.010477980855519506,0.002094454996547709,0.0,0.003985350833402168,0.0,0.04909891529926344,0.0,0.035590136379222134,0.017474585836259285,0.002441398296833939,0.0,0.0,0.0,0.0016890726462997305,0.013710754622525391,0.0,0.005658255811420429,0.0,0.0,0.0,0.0027344762975983154,0.0,0.10053383983429001,0.06644240764580116,0.0,0.0,0.05124259254691108,0.43416725141582485,0.0,0.0,0.11027355524739109,0.20969404755421586,0.005722070604009739,0.005505701821725233,0.5898522730082567,0.04303523826949395,0.07229529151747302,0.023221432308831676,0.008739966630137519,0.2544999032880782,0.1049136783371655,0.0,0.002659827090821915,0.0,0.001066629355668223,0.09103585233668794,0.0,0.0,0.0,0.0,0.0,0.002027455029289183,0.0,0.0,0.0,0.0,0.0,0.0033231128738120566,0.0,0.06911701488607438,0.0,0.17593175623833462,0.0
KaseO_-_Triste_preview.wav,0.0,0.0023998909779597154,0.0,0.0,0.0,0.0,0.008991958083426718,0.0,0.0,0.0010103445418706803,0.0036004630094951424,0.0,0.0,0.7068691335075892,0.04312032062003611,0.0,0.006484740899814749,0.0,0.012080644371693584,0.0,0.0,0.0,0.0,0.0,0.0,0.0,0.01006273595792878,0.0012897934674956943,0.0,0.0,0.013411111171092888,0.0,0.0,0.0,0.0,0.0,0.4079241556605367,0.0,0.004935574257919538,0.028403292258050227,0.0,0.0,0.005517204392953753,0.001053776601515207,0.0,0.0,0.000926567176368039,0.0,0.0007147220292037189,0.0,0.0,0.0,0.0014191463745318541,0.0,0.0,0.0,0.026965703518906127,0.28934594776265377,0.0,0.0,0.02701048203669373,0.0029346146989960337,0.0,0.0,0.0021949149850096247,0.0009998567956941643,0.0006662082101663325,0.0,0.0,0.39922917564385674,0.0017352751026743756,0.0,0.0,0.0,0.007765645918951698,0.005270346280866992,0.0,0.0,0.00026863171239941753,0.0,0.0,0.0002571126742485719,0.0,0.20581427351089124,0.011981890150180606,0.006958299177468096,0.0,0.0,0.0,0.0,0.03404540669420018,0.0,0.0,0.0,0.0,0.0,0.00496701231086149,0.0,0.0017512640579086002,0.0,0.0041066190167168126,0.0,0.0,0.0,0.0,0.0,0.0,0.0,0.07113245262979959,0.0,0.0,0.1129406546307598,0.1250127300230684,0.0,0.0,0.0005687671445274247,0.0006448967337478471,0.0,0.0,0.005811596709284391,0.0,0.0,0.0,0.0,0.0,0.09308030761084121,0.0,0.008488559398782692
Kash_Doll_-_Ready_Set_feat_Big_Sean_preview.wav,0.30267753734613634,0.0069917664308380085,0.11621536218641731,0.06697892785164754,0.057756152126907226,0.10622679176736557,0.006549221532622965,0.04319090384783412,0.07006545333181337,0.0,0.0038143545438223724,0.2234934496784354,0.0,0.0,0.09530201055931735,0.3181550408578355,0.04318271755070948,0.07907697578648001,0.0063991576402742875,0.08791089050782713,0.09859337703875047,0.039071506892367616,0.031961449172330555,0.0,0.0,0.005161242433930938,0.03664557063173705,0.0,0.11377404847524314,0.01592204273147429,0.0,0.374391094817194,0.0,0.08314635267361052,0.042326190360556945,0.0629149735554745,0.0,0.008345816849512125,0.0,0.0,0.0,0.003157122671743207,0.11251554080871043,0.006140078808363486,0.0,0.05115676687540332,0.005398862980979265,0.0,0.004164497085126229,0.1503786199652233,0.0,0.16217456600121022,0.016537984555169805,0.06669997821481112,0.0,0.0,0.009820128413067803,0.10065329288159194,0.0,0.0,0.09939976878473984,0.01424935599736278,0.036454620406101715,0.04478032703097063,0.14920723671992633,0.019419674321269835,0.023290919008744197,0.03840270428428171,0.0,0.0,0.0,0.06203651781765499,0.0,0.0,0.022624187077056494,0.0,0.15657878996711053,0.11763425212195103,0.012521970081221287,0.0254112307647547,0.10891562671553646,0.007490639288466582,0.34184780718698693,0.0,0.12693694399135189,0.0,0.0,0.019409099173953497,0.0,0.004094017502132784,0.08678845918647417,0.03798878705201466,0.0,0.0,0.0,0.0,0.008268992277584902,0.143169768386026,0.02295934779467643,0.056685485483009,0.0,0.0,0.0,0.008099237242193913,0.006936542485110688,0.10510532687277561,0.1278688622622362,0.049296688519375235,0.0,0.027676164894632368,0.05624132576415931,0.038710321082783536,0.05129691994813986,0.0,0.0,0.0,0.003757643472795257,0.06945669877835055,0.044338411901102215,0.07449781655947847,0.3095810138574716,0.07680536857855452,0.021556461804269397,0.13438231044576004,0.019409099173953497,0.0,0.051239304344589724,0.0
Keith_Sweat_-_Nobody_feat_Athena_Cage_-_Single_Version_2007_Remaster_preview.wav,0.0035257207702984435,0.046259716801235334,0.0,0.0,0.011941649811196048,0.2219462301222249,0.0,0.0022325355385802684,0.016823285799847716,0.019475156499961673,0.0063092411167537865,0.0,0.0,0.0,0.0788184942723758,0.1841886732807277,0.004464224778628581,0.029066557878121742,0.010584707853651428,0.02423524953043153,0.10192572902995277,0.205999621008668,0.0,0.0,0.0,0.0,0.09092196529729327,0.1988939700557871,0.0,0.0,0.020196041275359608,0.09920379731705699,0.1008118866606661,0.00254686256471995,0.0,0.06070533765251578,0.013193032132747999,0.0,0.01189211663778012,0.10949899542496459,0.29604429131839727,0.0,0.09970152619555904,0.0,0.11311761162876567,0.0,0.02679042646296322,0.030093563661967627,0.005166303224742249,0.006909389264982734,0.0,0.0,0.05471024308042165,0.0,0.0916322246366299,0.2438426923101886,0.0,0.020811053570443022,0.00569134995780515,0.05475437524942836,0.07535687570773653,0.05892387670898824,0.0,0.03292007450971504,0.15865743466342994,0.014454747935026529,0.26646461063511573,0.03493659410647473,0.006108814975775327,0.0,0.0,0.0886205414633996,0.0,0.0,0.0,0.012698739684240954,0.0906477530897607,0.07613853844786002,0.0012945199441927056,0.012259381642911004,0.004503874393661178,0.003717031192035318,0.0471202535928688,0.0,0.16797091661285385,0.02934016933306687,0.0,0.0,0.0,0.050788691626083134,0.07177745393985983,0.006283642867765263,0.0,0.0,0.0,0.0,0.0,0.0,0.044305985726226196,0.0,0.0,0.0,0.0,0.0870790222125782,0.0,0.0,0.015107507968887594,0.004077029161198111,0.0,0.0016349480017911649,0.0023256889264965394,0.02667912602821533,0.0,0.05861503285263592,0.0,0.23845433321545473,0.03729261938546008,0.06266553759180515,0.10542510778518253,0.26325388442568237,0.0,0.004098132072276598,0.0662184266827187,0.49218891519479135,0.0032104169956038036,0.024245857412611538,0.0,0.09817404809913245
Kenny_Lattimore_-_Make_Believe_preview.wav,0.0,0.007829598298768102,0.0,0.0,0.0010779523670434946,0.0,0.0012223371179352126,0.002015271764262435,0.0067493747741409265,0.0,0.0,0.027808326816304515,0.0,0.0,0.3557405543246372,0.03562799460316697,0.01611911835708041,0.0,0.0,0.24975952279107327,0.0,0.0,0.0,0.0,0.006648614292557609,0.009632867311375552,0.0,0.0,0.029728470558346355,0.0006603703874350056,0.0,0.008140870576234215,0.0,0.005747523528114921,0.0017554884884083393,0.2152765733923951,0.0029772812887719825,0.0,0.0,0.0,0.0,0.005892407530152598,0.09899875448160234,0.0,0.0,0.006365216046302676,0.0,0.0,0.00388627819300844,0.001559246969801042,0.0,0.019116646455014912,0.0,0.001464563091359384,0.0,0.08465870794102993,0.0,0.0,0.0,0.0,0.07111533802846251,0.0,0.0037111838063352796,0.0,0.017504344127332358,0.0,0.014489943409507712,0.0,0.0,0.0,0.0,0.02736713875041098,0.0,0.0,0.005067054181565435,0.0,0.0,0.16800412551365465,0.0005842705405409039,0.0,0.05488520337950669,0.0039145174586773515,0.017722770617681825,0.0,0.7391693516788755,0.0018917764703538342,0.0,0.0,0.0,0.0022923042972692485,0.0,0.0,0.0,0.0,0.0,0.0,0.0,0.023751996402111314,0.0,0.0,0.0,0.0,0.0,0.009069778683267624,0.0,0.001961670431964348,0.3932085239828121,0.009200661768481971,0.0,0.0036895992103022916,0.0,0.004816558433291724,0.026807149694492174,0.0,0.0,0.0420600831384665,0.0,0.03299748216885455,0.0,0.007584089131719413,0.0,0.011097941836208387,0.014943561173098793,0.0023886588255606876,0.0,0.0082073707785815,0.0,0.0
Khalid_-_Outta_My_Head_with_John_Mayer_preview.wav,0.006223175998152791,0.005103253668441117,0.005849998874648879,0.013332973186065019,0.01475456944197068,0.10201891906791012,0.0023901212334824676,0.009851504475168487,0.07753545595299809,0.03437519145356816,0.0,0.0,0.061183785544023296,0.0,0.0,0.7818063119461417,0.00393985489814735,0.24690422218434363,0.0046707116185442515,0.0071295220189477575,0.01799069727350346,0.03208284908526491,0.020995644793880313,0.0,0.013000500402638695,0.0,0.09629067569552892,0.02742684273985082,0.0,0.06068961443220288,0.0,0.0,0.02780327388481633,0.04495413850376309,0.01029788815960967,0.0,0.005821686277812217,0.012183135942745059,0.01049526318858232,0.0,0.010450831748464605,0.004608734578211893,0.04692828768716395,0.013444834011514407,0.0,0.0,0.005910902685101092,0.00885291997869452,0.018237867557885954,0.024391236990724822,0.0,0.006230019244103252,0.0030177470595108696,0.0,0.016173812339873708,0.02758984850688456,0.0,0.0,0.010045682787154708,0.0,0.018137842550617202,0.006240318150137286,0.14271583131388213,0.08715980258793381,0.04356223198706954,0.015591750342392548,0.04249979924547218,0.0,0.005391270779957903,0.0,0.0,0.30872815344688037,0.0,0.0,0.0,0.016810709885656076,0.06857162282556015,0.13439054192684918,0.01485204552754851,0.1097395177967084,0.007949694502595186,0.028430367431613923,0.02425820080528225,0.0,0.13897591506219606,0.04438947368398449,0.0,0.0,0.0,0.004482302872190725,0.15384135776496485,0.005545563307943227,0.0,0.03439261726576224,0.0,0.0029249994373244394,0.0,0.0038703282769610974,0.024205866543545767,0.0,0.04075180394468552,0.0,0.0,0.0,0.0,0.0038357913571771475,0.11555243427923016,0.032383255092306225,0.0,0.010100343841862688,0.008210049773917788,0.02825446044663868,0.0,0.04526382379325677,0.0,0.031445861136957076,0.01097073709594033,0.05069608036033082,0.004045296804201761,0.10875113160850962,0.04393696985483129,0.04882630871083654,0.12811929473572484,0.11676779046360629,0.011333279798792582,0.00534948198308494,0.0,0.043321239795764015
Khalid_-_Talk_-_Alle_Farben_Remix_preview.wav,0.004678102759595098,0.007672463409787708,0.0527709244679817,0.09354518886968445,0.012675822862999044,0.1042983168515979,0.0,0.008886719633536736,0.0967285691910514,0.0,0.0,0.0445912887016243,0.0,0.0,0.01901460410947252,0.33749198708349776,0.023693427377786805,0.09159653855653944,0.0,0.14470443858827137,0.0,0.05359423651417458,0.03156580623105766,0.012555708266797761,0.0,0.045309801596026746,0.02412796273308241,0.00412347613971906,0.1248507415893597,0.062123250050869286,0.05895366016559203,0.019943721643357434,0.0,0.0033793047063444322,0.21675238059948718,0.04602678853830869,0.026257762900950422,0.0,0.07889527742708449,0.012107395575814358,0.0,0.006928980943162797,0.04409632481018502,0.0,0.0,0.028068616557570585,0.020735679144919052,0.0,0.0022849698872141034,0.0,0.0,0.009366493966045929,0.022685090138939025,0.18083145442788573,0.0,0.00829596633456475,0.0,0.04141972102192168,0.0,0.0,0.01817950433762005,0.006254651872843031,0.3563968732121604,0.16380000868262692,0.08888395243230685,0.03196547155868274,0.04685716125456313,0.0589980636398101,0.0,0.0,0.0,0.1485298981261783,0.0,0.1066204232000406,0.0,0.0,0.0,0.11224935899791487,0.0,0.03718025388268663,0.05975965937901703,0.008219905001859413,0.20319490931428014,0.0,0.0626828113454635,0.0,0.0,0.13205199989922337,0.0,0.0,0.01360541684661566,0.3626791540079561,0.07159601473466362,0.0,0.0,0.0,0.03175912619451464,0.069825928362103,0.06158679907311266,0.0,0.0,0.04901184083490278,0.0,0.11554080446394015,0.007611863029736657,0.01153380597853429,0.07349979125475206,0.027048031611896634,0.0,0.05857193236400582,0.10183273500547661,0.07787823900426258,0.0,0.0,0.0,0.025456919515154313,0.0,0.041573885658976774,0.0,0.03715940725135358,0.0849302184463041,0.04621965712743492,0.44268891653112064,0.07724376045388234,0.07667535478019422,0.016085308488721608,0.07156266241051792,0.0
Killstation_-_Rearranged_preview.wav,0.0,0.03308357577226856,0.06772250943479668,0.020579887773998357,0.0,0.0,0.0,0.0018247349965354203,0.05805683156402953,0.003979443889511754,0.001289194826730742,0.0,0.02023697333744184,0.0,0.0702777931456153,0.0,0.04743411766017297,0.0029696484374197186,0.0,0.12875445735320856,0.006664617573850248,0.0,0.0,0.0,0.19665370870191118,0.08024344894229977,0.0,0.0,0.0422993207180636,0.0035876083156536204,0.003301396342389963,0.002457060085914644,0.0,0.2352260273297771,0.0,0.021264320738873695,0.005391579893583866,0.0,0.0,0.02983254474334407,0.0,0.14725431821364018,0.0,0.016602038944243225,0.0,0.011526815078906445,0.0054742049896062605,0.0,0.011260302179880438,0.09035684622171107,0.0,0.08654617809233084,0.0,0.01856531414154909,0.0,0.015330905725065432,0.0,0.0,0.12559734982217818,0.0,0.050393454340679926,0.0,0.0,0.0,0.008645111309179833,0.0026254238701878554,0.005247988346985713,0.015575448100685634,0.0,0.0,0.10935564442084417,0.0038122574234236125,0.0,0.05838045250482828,0.00917596451099738,0.015568734055940206,0.0,0.044944525898164465,0.009522537153631619,0.0,0.14724741593747875,0.01721572404946285,0.11233002043991153,0.0,0.06864446380515866,0.0,0.00950717466459172,0.0026239941734928565,0.0,0.0,0.0,0.0,0.0,0.007962922377169626,0.0,0.005417800754783734,0.0,0.37277638211335196,0.01379540694358093,0.0,0.0,0.1308285986002481,0.0,0.002737421137217599,0.0,0.007104805917199292,0.6503244536583479,0.37988320170946416,0.0,0.00801782578999263,0.055125309834943924,0.0610563798328342,0.048545258334233954,0.0,0.07195911736586283,0.013441218380735776,0.01016021865858682,0.029877687753492213,0.0,0.0,0.05812986428179994,0.06531636125287604,0.0,0.0,0.0,0.0,0.03778498701675343,0.0
Kinto_Sol_-_Ella_Se_Fue_preview.wav,0.06722905884897705,0.0,0.007899702634293128,0.012003024918785618,0.022770546229127997,0.005510559170881063,0.0032275642113785284,0.07183751153082306,0.12475141354536724,0.040617027757006895,0.015038213813750256,0.29371000550890397,0.05901511658314595,0.0,0.034157381858590574,0.005226401430192389,0.02128115425970599,0.008660096834788624,0.006307220508525677,0.05776524585507332,0.0,0.0,0.0,0.0,0.33940776113813287,0.020348362055582596,0.0,0.014814628616854031,0.005606972450285579,0.04707986899160326,0.10108918024637832,0.06807021027995207,0.0,0.05766977349423452,0.0,0.020670356621366737,0.00786146996098724,0.0,0.22676095509757097,0.0,0.028225121017260133,0.09335292228695564,0.0,0.0,0.0,0.0,0.021285188601725354,0.0,0.016418661892428514,0.03705453003372921,0.0,0.008412873316542864,0.0,0.19722508531449798,0.0,0.0,0.14518562943372526,0.0,0.3527018757460495,0.0,0.0,0.014044634533491132,0.12412483884575021,0.0,0.008403632356122131,0.02488287170646702,0.007652098931991374,0.17411446212750556,0.0,0.0,0.27904032373300813,0.005558657723584962,0.0,0.09044490560375043,0.00891965753886419,0.06810237677662402,0.0,0.04032841490256155,0.0030855165219854847,0.02295896706510585,0.04294033140835166,0.01624264568490158,0.11699182519452182,0.0,0.06881227777014602,0.05994251447053566,0.0,0.17982432490179726,0.0,0.03429918703802541,0.0,0.1422833983751029,0.06430668765874778,0.13932897511756412,0.0,0.0,0.00815019110480742,0.12543363432461732,0.027658264685361336,0.0,0.039307349804936206,0.23478320885734227,0.0,0.09579449941825303,0.0,0.0,0.2160544485381411,0.3206837017070201,0.0,0.07988715155935677,0.04988997254083227,0.0,0.0,0.008731888079190495,0.0,0.05879597629535536,0.007407314308427016,0.01244705630492742,0.0,0.0,0.042379617005347724,0.06349191666577915,0.0364230148384639,0.0,0.007652098931991374,0.007223816246702469,0.01377358521395522,0.0
KISS_-_I_Was_Made_For_Lovin_You_preview.wav,0.003273264407966419,0.0,0.009230942420099772,0.0,0.09756188383729784,0.012878371949884797,0.0,0.0020726766508331164,0.0,0.004520163447707202,0.001464368262138379,0.020800323794086573,0.013792041759385578,0.0,0.0,0.008142856830584992,0.0,0.0,0.0,0.0,0.0,0.018749920199397852,0.007362189000869559,0.0,0.0,0.17436775694089732,0.0,0.18465232942642773,0.013103693198523345,0.02716723981768474,0.7349968718163957,0.0,0.0701950002577141,0.0,0.2672130328314154,0.0,0.0,0.0,0.1987306437218643,0.0,0.010993851244460584,0.033937413325838946,0.0,0.051859207495086476,0.0,0.009819793223899257,0.0642529761758266,0.00931291285396301,0.0031975828618781015,0.0,0.0,0.0,0.02539638035645921,0.0,0.01134279651610926,0.0,0.0,0.0,0.0,0.0635421660424133,0.0,0.35886270433963435,0.058525748454442396,0.0,0.0,0.004473242496535293,0.0029805377030895424,0.032434987758435875,0.056713982580546295,0.0,0.0,0.0,0.016882314414524428,0.0870359196346696,0.0034742592626560626,0.0,0.024044855601922828,0.003927038914133657,0.006009134493044356,0.0032518738890391255,0.0,0.0,0.0,0.0,0.0,0.019456636014214847,0.0,0.10133828190504443,0.008595601303041298,0.19017976864292732,0.0,0.0029168538706607567,0.008349278144953846,0.0,0.0,0.003076980806699924,0.057141855802033216,0.0,0.0019587377012957267,0.012435494829792738,0.024496711638128894,0.005715590358532724,0.0,0.08706255362595547,0.0798902085330922,0.1210529092819486,0.0,0.007570193621692466,0.0,0.12598394725482598,0.02806907826224671,0.0,0.0,0.05441795119585572,0.0,0.0101783910355552,0.03173711912016726,0.0,0.08510976422832528,0.0,0.0,0.0019023443325877972,0.007093489639317819,0.004913399237107921,0.02682483932780588,0.0,0.02861276130154208,0.015190729232634427
Kool_Moe_Dee_-_How_Ya_Like_Me_Now_-_Longer_Version_preview.wav,0.03884319625738989,0.04410412241347952,0.16571709727533349,0.28593681326042614,0.0020240350074097035,0.0,0.006885424235421695,0.032164069733193176,0.0,0.0,0.00802032702289944,0.0,0.09232525337008521,0.0,0.0,0.0,0.04539949190815409,0.0,0.0,0.006846205540895017,0.45608043445559177,0.006846205540895017,0.0,0.0,0.024967760154021943,0.17725565647360933,0.025684508089168827,0.0,0.003987153724206246,0.002479910658188163,0.0034231027704475087,0.02547639942304427,0.05873650994872135,0.09712738952324713,0.0,0.0,0.0,0.08774247338218681,0.0,0.007733081397197014,0.0,0.01991515680140431,0.0,0.1334090842136844,0.0,0.059758763472907525,0.09649220919957953,0.0,0.03794509797342096,0.652887300338648,0.014070426639562567,0.09571916244709433,0.05505870030470168,0.0,0.1138946553974645,0.0,0.048179797536178404,0.0,0.0,0.0,0.0,0.003994891530631486,0.0,0.0,0.00896381452093613,0.012249947162387318,0.0,0.005383213042295243,0.0,0.0,0.007086690951314131,0.0,0.0,0.07188252885457731,0.0380569507948076,0.01614267756796174,0.0,0.0,0.053756194741449,0.0,0.12214056966499959,0.017850384073035692,0.0,0.0,0.004448440709962149,0.01776062616148802,0.0,0.005441456155742317,0.0,0.0014347276333535957,0.0,0.0,0.0,0.14036010220967812,0.007457080321555041,0.0,0.0,0.0,0.025031958890526375,0.011351508793385758,0.016771023673081895,0.05217369722902811,0.0,0.0,0.0,0.0,0.004267713630752629,0.0,0.0,0.009698971374424744,0.09263458829639848,0.004521945116626625,0.007190697989657644,0.018627903231015482,0.16278960016870667,0.004645576912058807,0.01316847063770874,0.002212795200156035,0.019422713978502083,0.0,0.16273664015049355,0.0069460777283047144,0.0,0.0,0.0,0.02054760647133506,0.1207986351833405,0.006933286484469787
L_Devine_-_Peachy_Keen_preview.wav,0.003393342109909901,0.11130705977663884,0.09569573894502055,0.01454027312613478,0.0022986564056630657,0.0,0.026065465710027387,0.05156907661267936,0.06296744772304966,0.042173845901678074,0.02125322802133071,0.048517584626380006,0.03812798499247834,0.1497774729903402,0.013792569369195217,0.0506494353055178,0.025779651168702063,0.031472109937769326,0.0,0.0699758983767959,0.18442568625140907,0.2760160435973616,0.0076322663995503515,0.0,0.03308128822055744,0.004108280259345137,0.011667754525852812,0.00897310252243913,0.018112525554069815,0.009857348685505496,0.0,0.12151877400985178,0.0,0.014707419932666615,0.011230361328530154,0.0,0.006348839628848242,0.0,0.0038152028849336586,0.04391153568022912,0.017095730925579505,0.012565138059960339,0.0,0.0,0.0,0.023753394769369305,0.01289226915316984,0.0,0.0,0.03657481034594915,0.0,0.06114732409160772,0.0,0.03747691383452506,0.16462460092135286,0.03610572920537128,0.03908345734586412,0.03004450537905078,0.010955318774390285,0.0,0.013186815419906506,0.0,0.005275889541342735,0.0,0.16288042127567523,0.03400716484299807,0.04634815357469728,0.0,0.0,0.2951868891260461,0.14486785793231882,0.026934677570860596,0.0,0.025779651168702063,0.028813682702864104,0.2872157259853774,0.0,0.03256879947040636,0.006229575915019906,0.025283751696632297,0.09536492760944246,0.0011924898282774268,0.13605315153710848,0.30435488607483013,0.005052005867355545,0.008068156320465772,0.3022689579729365,0.015449384524899091,0.0,0.008146958557329153,0.009868922569904053,0.0,0.0,0.018753433371090072,0.19478373836247864,0.06060730133184634,0.0,0.04220786275459816,0.010152963976723599,0.0837959417654171,0.08253491517502715,0.0711031595225891,0.017128887350140967,0.0,0.0,0.0041831220396148895,0.03877406166969275,0.0,0.0,0.012588490725024465,0.008953469299457692,0.01540645009153231,0.17149299425489395,0.0,0.37745704405286434,0.0,0.08075792270195216,0.19852918134737338,0.030881187348066157,0.03234505641758667,0.06160559129800617,0.18143602167790585,0.009804946621777744,0.01018728856336774,0.0,0.08167428168096967,0.014831201471078847,0.007873995919773944
Lady_Gaga_-_Paparazzi_preview.wav,0.03609342812612256,0.0045535472697523565,0.0026099277181187925,0.0,0.12224878464531533,0.014564762030390655,0.002132664908351656,0.0017580662934029573,0.004415973258191352,0.0,0.002484185347251094,0.08380451126463644,0.0,0.0,0.0,0.024174001005106863,0.003515466147729145,0.16308549645117332,0.0,0.0,0.006421118429390346,0.019084657142235957,0.49957493651074675,0.0,0.0,0.003361376788832371,0.0047732526465036175,0.002447250969480511,0.00740979426197767,0.02073918656350061,0.0,0.009469154756419908,0.009923357145368461,0.0040111820408568755,0.08269768897252715,0.0,0.010389185166170408,0.08696645554137995,0.0,0.0,0.0,0.0,0.0,0.0199943314543309,0.0,0.011105670192653096,0.0035161325868059146,0.03949655672381522,0.0013561118294962353,0.008161458685552056,0.0,0.0,0.053853697176046926,0.08432447542574423,0.014431620257712196,0.0,0.0,0.0,0.0,0.0,0.0,0.022272522998939056,0.04964215986732793,0.5735627725623358,0.002776417548163274,0.0,0.002528123655907531,0.0025010636578693467,0.12988458231940975,0.0,0.0,0.007345944798145007,0.3102614220227351,0.0,0.005893807026545623,0.0,0.0,0.01665478005226975,0.0050970115384374815,0.04275324519263202,0.0,0.0009756899180800742,0.027829522133017027,0.0,0.0,0.0,0.0,0.01769686559135272,0.16769024202384186,0.002666322223942012,0.0,0.05690444615506059,0.0,0.0,0.0,0.0,0.016156109152814076,0.0,0.0,0.0,0.0,0.0,0.0,0.0,0.2620197221415263,0.2156245562118796,0.0,0.019263355288171035,0.0,0.0077248856927315274,0.0054942668189920975,0.004201829838505706,0.006681657692291104,0.0,0.0,0.0,0.0,0.0041122962170995975,0.06136235312863478,0.004410763750770338,0.0,0.0016135886165478074,0.05415095755156781,0.004167597286011375,0.2629248602143832,0.0,0.009101117723525438,0.0
League_of_Legends_-_Legends_Never_Die_feat_Against_the_Current_preview.wav,0.0,0.05513249241198953,0.0,0.005334868408856541,0.0,0.0,0.001912699003275512,0.0,0.0,0.003438601435231707,0.02116564997192028,0.0,0.07344365883242203,0.31140480731024506,0.03289346924788979,0.0,0.08512765948505187,0.0,0.020557601567340582,0.022821653510191657,0.0,0.0014263533443869786,0.0,0.0,0.013871566464980507,0.0,0.0,0.0010974191190936443,0.0,0.0,0.0,0.0,0.0,0.0,0.0,0.0,0.0465881537093831,0.0,0.0,0.7733409543085406,0.054361435196808895,0.0018440742483307882,0.0117357657201716,0.0,0.024965549166281534,0.0,0.0,0.0,0.0006081203227121985,0.0,0.0,0.16203149929332075,0.0,0.0,0.0021571872804521308,0.3488454832357923,0.0917749371421968,0.07716391353256406,0.0,0.0,0.0,0.0,0.0,0.0,0.0,0.0,0.08389267548848656,0.0,0.0,0.0,0.0,0.006588274247166486,0.0,0.0,0.013214779758678807,0.11659095187273268,0.0,0.0,0.0004571298965475186,0.0,0.012723515894048616,0.0,0.0,0.08628944304671905,0.0037071912293957774,0.14209103853292807,0.0,0.0,0.0,0.0,0.032588426992956596,0.0,0.0,0.23738377499163826,0.0,0.002340736289849344,0.0,0.004645856202180898,0.0,0.0,0.0,0.0,0.0,0.0,0.0,0.0,0.0017782894696188472,0.0,0.07120347784922135,0.0,0.0,0.05841093626328313,0.017977507800066524,0.051746371356149096,0.0,0.0009678695922202405,0.015363867667311019,0.0009220371241653941,0.0,0.0,0.005022948942088135,0.0,0.0,0.001868872869758235,0.0,0.019264198489966966,0.0,0.01155596781971424
Leonell_Cassio_-_Lying_Were_Fine_preview.wav,0.19258250815061448,0.0,0.011555372085160387,0.005852516459793334,0.1193531399952179,0.03224251066889504,0.00314743538398716,0.08302701526275355,0.0412755606424182,0.36779463347829905,0.0036662172438349495,0.0,0.0,0.0,0.12491016279445044,0.5555347032416806,0.041505639263783596,0.10134117280322838,0.012301269752067537,0.02347130927816632,0.05685859584492057,0.24879587834856295,0.02457613517512793,0.021994821167645368,0.0,0.009921592654010741,0.0,0.13363322001174,0.0,0.039109408647925434,0.08449671340139875,0.2760021812366537,0.03661279051031826,0.002959896849609772,0.0,0.0,0.0,0.0,0.10135184354493713,0.0,0.12385976685525169,0.018207060901761142,0.1931174963891118,0.01770485350570184,0.0657311601602227,0.020487500867086648,0.010378376907844194,0.03497395011041106,0.022015187543498682,0.1164337083284201,0.0,0.016408023774795145,0.007947851131541683,0.0,0.08519405382347954,0.007266348184597286,0.0,0.0,0.019843012783832544,0.015908524575309682,0.0,0.008217574020068412,0.006370698152552773,0.04782355857163169,0.04507250190759062,0.10079357276860265,0.022386374395352387,0.0,0.007099504485289963,0.0,0.0,0.18430231136229447,0.0,0.04669384417175654,0.0,0.0,0.0,0.08848621170514316,0.0,0.10380344517599017,0.05757713115286169,0.010079617627491225,0.009126987068609385,0.0,0.06710391605625282,0.004871196426926787,0.0,0.0,0.0,0.02951264242175072,0.11916839101937103,0.0,0.0,0.0,0.01022624503420706,0.007703581390106925,0.0,0.0713530811503076,0.009807857930700527,0.0,0.015332595793528884,0.007154824531825759,0.0,0.019461722093540343,0.0,0.05556285514496286,0.04682013167834667,0.004738216320410048,0.0,0.00950046835430553,0.018919982552048156,0.006201156055701011,0.009860942411558334,0.025545319977744004,0.0,0.031853490762763864,0.0722341729793189,0.12441491616203447,0.13850346299162866,0.045566538332637886,0.0,0.03810193255983587,0.08287711178907362,0.20297095090911435,0.011193187197676193,0.014088949668072852,0.013431636561693413,0.07606353524459163
Lianne_La_Havas_-_Tokyo_preview.wav,0.007895524927866653,0.06474646798413512,0.002474021408387625,0.0,0.005348443618022052,0.23470767330403866,0.00202161102146618,0.003333037629393555,0.006976701758051899,0.0,0.0011774133990063084,0.0,0.0,0.025814641192135848,0.04278950633193592,0.17350074304382368,0.006664811787364612,0.09763779404795128,0.0,0.0964846140145975,0.01521688163030285,0.006030288375912344,0.039463388182526045,0.0,0.0036653586898123466,0.0,0.05429635075229468,0.0023198156976378674,0.0,0.0032765397546225656,0.0,0.033660259186609115,0.0,0.0,0.005806769383258482,0.006473522759992365,0.0,0.020609466626919395,0.0,0.0408688087854909,0.013259275105096687,0.005847236002805331,0.31258125966097244,0.0,0.0,0.0,0.0,0.014975943772534386,0.0,0.0,0.0,0.015808414307262694,0.0,0.014533356683757218,0.0,0.018668824339368957,0.0,0.17088289481809196,0.0,0.0,0.08182047982566479,0.0,0.061378894377744554,0.0798649107535737,0.0736915659934221,0.003596674271493724,0.028757725377657698,0.007112478621939432,0.0045600416731126515,0.0,0.0,0.5605553662757371,0.0,0.006664811787364612,0.008380349765637991,0.004739608449902238,0.11599842428243182,0.445208024593976,0.0009663191495573148,0.06275142647370392,0.026896024851960156,0.0009248829875709998,0.30777087008330256,0.0,0.2076690726901244,0.0,0.0,0.0,0.0,0.0,0.0,0.011726363234765507,0.0,0.0,0.0,0.0,0.0,0.13094395701420655,0.0,0.0,0.0,0.0,0.0,0.0,0.0,0.0,0.14660474420105502,0.018260257956363418,0.0,0.0036613145353581768,0.0,0.019915143439983723,0.025334899598156067,0.0,0.0,0.006137889437774455,0.0,0.1110974840533013,0.0,0.05853515949650881,0.05839859704332703,0.02447303197835547,0.019011542298904748,0.019752893606115193,0.01677533980363366,0.009049391792049114,0.0,0.0
Lil_Jon_-_La_Vida_Es_Una_feat_Pitbull_preview.wav,0.0768023033371679,0.012189864396379008,0.046578580146446585,0.0530795794533232,0.0302086605487157,0.03249160555466748,0.0,0.025100536288893114,0.010508069522553152,0.017106281177122155,0.0033250870941446717,0.05903816170253413,0.0,0.0,0.0,0.030816141969311272,0.009410917048240002,0.0357434353188029,0.0,0.005676633788845741,0.008594679959434713,0.0,0.007429800660084367,0.6848906458858101,0.0034503986691482515,0.00899841921334242,0.0,0.0021837669033719347,0.02644806547738253,0.02673131549578628,0.03689811962749732,0.008449655150965671,0.0,0.046531118800240245,0.05192912207295612,0.0,0.0,0.0,0.02785496020668173,0.0,0.0,0.007339089033169326,0.004670626986452338,0.03568327059997839,0.0,0.06193734140094185,0.03921958795139549,0.0,0.008470739279378345,0.03155859459983936,0.134167105602924,0.014881308025522573,0.14416656442338263,0.025081884513875524,0.0,0.0,0.02853500015445491,0.0,0.0,0.0,0.0,0.009937272308037525,0.061631194004092664,0.008674744938806099,0.014864961936226042,0.0180572924979513,0.0022559324058923375,0.031245001637969075,0.0,0.0,0.25266954224447,0.022942644475311202,0.029815372009662923,0.03764366819296001,0.007888872583936543,0.0,0.0,0.02675094800099363,0.006367536202692919,0.009845213739191026,0.0,0.0052238516873712275,0.008277749214477435,0.0,0.033196420735408017,0.0,0.024520873900167744,0.029327121276600383,0.0,0.001189625890230133,0.0,0.019869578052744297,0.3349317061195859,0.0,0.037098898535794164,0.00465785801464466,0.16579154908689003,0.015408070984655636,0.019273078832522144,0.38590320980372556,0.01390594528421103,0.034608481537419855,0.012505874259193092,0.011767246121212943,0.052405529199966244,0.024432923011944555,0.014154554520886188,0.005729786639623143,0.0,0.003446591689715302,0.122568120180952,0.0037494384717220866,0.005962274858627658,0.0,0.0,0.0019259748126278957,0.0,0.009173861291461655,0.019325560785375572,0.0,0.07996179010344466,0.004319583230839788,0.012527608907756988,0.0,0.024815256464815708,0.0,0.24363728832289083,0.0
Lil_Kleine_-_Krantenwijk_preview.wav,0.10525943401352625,0.005231330510405746,0.008995225277956334,0.0,0.010803475908909612,0.025099031416399076,0.004900212666130263,0.002019749723712653,0.03382185985296492,0.3303553959190762,0.008561848926156617,0.3749797596542807,0.02239975743583821,0.0,0.0,0.07538178319244954,0.008077467621375628,0.026296187106140203,0.08139485949728156,0.0,0.0036884423023048106,0.0,0.007174191495064939,0.07704794484500924,0.07996065117528152,0.0695107559869926,0.01096747688089218,0.014057588408387915,0.029794527597420687,0.023826158597566947,0.07673874925643309,0.04351445170148166,0.0,0.0,0.014075113648966943,0.0,0.0,0.0,0.2510354887960353,0.04127604427315326,0.09641805538818994,0.023622002138026794,0.02405302568997621,0.004594086762511856,0.012792028440649406,0.0031896798185917044,0.006059249171137959,0.009075102552147335,0.003115930842001176,0.0,0.4431030770542226,0.01915912388618214,0.00618696748810796,0.0,0.0,0.02828227355502521,0.007347547703653288,0.03765505092546168,0.2677428062942413,0.012383916445112808,0.024790732943508892,0.006396932007384222,0.0024796200692518426,0.15263490323613607,0.006379359637183409,0.0014530052710417212,0.02904428049551541,0.04597344389958371,0.0,0.0,0.09078209973973547,0.05063621331733618,0.0,0.0969296114565075,0.010156626480597189,0.08616304934071183,0.011715428559291592,0.141590113957119,0.001171137594202168,0.0015844177591075666,0.004074604370248235,0.0067255123991610535,0.014209720671231194,0.06502001207329164,0.033241554920193726,0.10996684125818458,0.03156970207491331,0.011617712198206166,0.0,0.004594795653051163,0.018553215168336183,0.07105926046169843,0.284762617308991,0.07051154409498482,0.05572400785249019,0.08695384435357789,0.018560902464323882,0.0,0.003817440534612493,0.06664871233115204,0.2327439539569021,0.08911423433354945,0.0,0.08180938662003333,0.01038002247301501,0.003932058577147135,0.0,0.0,0.018241876188138606,0.00443735705591797,0.006312073629591732,0.0,0.0,0.1391994428328852,0.13757657693213957,0.04711278131578501,0.03936124754348616,0.007086600641408038,0.008293644004544238,0.020269176197528688,0.0,0.0,0.15668001307584756,0.009575865823209597,0.06099298904058237,0.0,0.0034852648572931445,0.09621836697431077
Lil_Tecca_-_Did_It_Again_preview.wav,0.2279314050524685,0.01311669367642362,0.02255403559126769,0.09709612466468898,0.005417584832612644,0.015732914695840223,0.0030716176488520402,0.08609118701195019,0.010600338058736575,0.3534128504355545,0.003577902710245141,0.0,0.039314573852552416,0.0,0.016253498007188137,0.019895507350551338,0.015189682853157659,0.012362499025453805,0.012004947731722697,0.10536720965311559,0.1572186753152827,0.0778801114827376,0.017988095385980844,0.021464993761460355,0.14479694083470235,0.019365188086672713,0.04812347645338039,0.021148242950656135,0.0,0.008297241845404445,0.03206828119877431,0.18411514495361986,0.10719250416771213,0.049106143567254346,0.0,0.03934324961370036,0.0074816264825835746,0.0,0.05395113049127776,0.0,0.04029204727451652,0.050344014899117176,0.0,0.21309984722585973,0.03207388984931165,0.0,0.03291721856339272,0.022754314609232048,0.01562535966334125,0.10579248712103048,0.1506450820698737,0.06405110098952901,0.08532037201882983,0.011040925878637737,0.09699880969913428,0.04254786631693543,0.027634135993709664,0.0,0.06455006572791049,0.0,0.007769831436458247,0.010692830748999472,0.049737888772416534,0.014001464870752605,0.0759771350174895,0.02003743360683344,0.02912948662326082,0.032419908622758974,0.006928486407081021,0.0,0.11381052977058893,0.021160317873767414,0.0,0.21771878756192647,0.008488685498960067,0.13682505257781064,0.0,0.019189931299930352,0.010277516524597746,0.013904326683482028,0.09194755243196445,0.011242071308794994,0.10688555401040495,0.016302689717392464,0.07739427994104374,0.01901542187915411,0.013192632057590895,0.0036411858279076026,0.0,0.0,0.0,0.021380317313050227,0.2549982275274652,0.17679600298735829,0.039919630932997205,0.007518011863755897,0.019390993640643145,0.11937304410330801,0.050250894989256584,0.11393904065612971,0.11970602372133719,0.20249174204749,0.0,0.0,0.006506546224813611,0.0,0.21703839630930477,0.11560196714359022,0.0,0.01112593691406408,0.039566194535835514,0.0,0.0,0.04154994258098231,0.3994163111917945,0.0373034165793124,0.03524707158442689,0.014807063205622698,0.09877595027679946,0.0508215978186819,0.15326143490125824,0.044156124954346135,0.0,0.012004947731722697,0.010923557483722807,0.0,0.026216170870901116,0.03711563047171995
Lil_Wayne_-_Best_Rapper_Alive_preview.wav,0.3915285270650836,0.0,0.032796556369529536,0.0,0.26784813172067323,0.015251828483676452,0.0,0.18655465742695776,0.0,0.0,0.0034684964307578805,0.2832884606601672,0.0,0.0,0.0,0.00964356800925652,0.0,0.03595342345859629,0.023275713025781058,0.0,0.008965364190099183,0.0,0.10753463871254373,0.0,0.0,0.03754606606112959,0.0,0.027335420079519356,0.031037351917512144,0.02895669385214066,0.026646588690868934,0.013221126801701852,0.2632506663324174,0.0,0.07697671441210788,0.0,0.0,0.15178156944626076,0.017433798391491045,0.0,0.0,0.0,0.0,0.2065836103875787,0.0,0.07753040139902646,0.15464399234076762,0.011029262866828456,0.0037868905760362324,0.0,0.0,0.0,0.23309581372391777,0.010703312835382683,0.053732999066078,0.0,0.0,0.0,0.0,0.0,0.0,0.09847568778863917,0.09040685126088464,0.027146646995473995,0.0,0.00882941927604693,0.0,0.041904749402136655,0.0,0.0,0.0,0.0,0.32656358733673374,0.0,0.0,0.0,0.0,0.0,0.005693284149885199,0.019255936619618417,0.0,0.0,0.008634764381264842,0.0,0.0,0.004608490522139046,0.0,0.13766393380533737,0.10179752324145633,0.007445603144891676,0.0,0.09326944339318582,0.01977606466483265,0.0,0.009674738849927112,0.003644061818836616,0.3195668413956937,0.0,0.013918373338303995,0.1767279606382303,0.0,0.0,0.0,0.040506713072987734,0.10722897774050308,0.1624777297888822,0.0,0.0,0.0,0.010785724375558718,0.11762606792203652,0.0,0.0,0.0,0.0,0.0,0.0,0.0,0.12095437510405226,0.012316889593920313,0.0,0.0,0.025202414035862455,0.0,0.08118642250058357,0.0,0.19060893166578535,0.0
Lil_Whigga_-_Freh_preview.wav,0.0,0.03634352841747488,0.008927480982425157,0.0,0.0021444226851601725,0.03321334281589029,0.0024316542407182367,0.004009077413967732,0.025175357033653405,0.056830356852502366,0.014162280747241466,0.0,0.15117121983194418,0.04657593453508506,0.205873995393693,0.09843956904574727,0.0,0.0,0.1995787214985687,0.12330799272844668,0.014642656516582465,0.03626705668483726,0.0,0.0,0.017635212525447225,0.003832625599646393,0.032654637850803525,0.005580687500164804,0.01689722334664744,0.005254826772383715,0.0,0.05128425173085271,0.005657281973881947,0.016007356446908583,0.0,0.12458475071276555,0.02369139761993933,0.0,0.0,0.04915822635566504,0.12227300578654571,0.009377640618777366,0.2924305177553539,0.0,0.06347844945606802,0.003165657895226423,0.006013616120951598,0.0,0.0015462321662297195,0.009305655823121442,0.05217562783180824,0.12042728107123417,0.0,0.008740578191520357,0.010969909200667429,0.033683130972292585,0.03646106148812829,0.1775144610666163,0.025550615182292725,0.036871954332022484,0.14147317524737674,0.0,0.0,0.0,0.1234606579138305,0.00432618745737591,0.02017788077916731,0.02281360574236614,0.0,0.0,0.007508200590940279,0.09213391904932385,0.0,0.0,0.010080135510705917,0.17672922970309835,0.03488159410093118,0.07216085952284206,0.0,0.006289941152363499,0.07279052322101658,0.0011124769379542078,0.08109055538286254,0.038718202379023264,0.24507754615397284,0.13548248149275718,0.0,0.011530217588095606,0.0,0.004560191606458971,0.20254837150379143,0.0028209641306110173,0.0,0.15745615161046414,0.0948074444249999,0.014879134970708594,0.012280745146944319,0.09843956904574727,0.0075773817155660545,0.018040028614784886,0.1303026869096663,0.02763846956624282,0.0,0.012028632403690419,0.0,0.01951222847930611,0.30746561621878565,0.07321328258291232,0.0,0.004403938701348227,0.01252907304632845,0.019163624450455063,0.030473575476130523,0.40129608846991066,0.179658511253491,0.017226619933903925,0.05580687500164803,0.07267671479552458,0.004115591707692889,0.11567002568448706,0.07662936034382678,0.06071359657377249,0.0022867652067012265,0.08078186346370637,0.0,0.005442439641800588,0.03804918525975503,0.2570985120293751
Lil_Yachty_-_Say_My_Name_preview.wav,0.13288206843322647,0.0,0.0024021865728087416,0.010949844555348481,0.032889937629548,0.26810915522808015,0.00392582443688163,0.022653824857762572,0.013548257285781413,0.0035288734714691507,0.0,0.03247745869550483,0.0,0.0,0.2181221958714064,0.37189009631076503,0.019413883806695335,0.07373552402750634,0.0,0.00878279249181318,0.0,0.08197272992358969,0.02490640282146975,0.0,0.0035589325942548718,0.0061876458357277495,0.004393318380602328,0.0,0.023870001670696646,0.03287450047810995,0.0,0.03921949375920637,0.0,0.003691905937756465,0.10148698840610387,0.7165538146161211,0.0,0.0,0.0,0.07936431219095773,0.14161711683707104,0.003784971778164474,0.16379648823045392,0.0,0.0,0.007666273178839989,0.0,0.0,0.0,0.002503945011307025,0.0,0.07163056423115093,0.009913426134701848,0.00940758075501446,0.0,0.009063381385083542,0.0,0.030167490508517046,0.016500245434626575,0.0,0.009930596060710489,0.0017083089862091883,0.06952950420432386,0.0775459806452671,0.0,0.015133050716799847,0.013961362972148337,0.06675764365195566,0.0,0.0,0.0,0.12846343095544857,0.0,0.0,0.005424680539466687,0.05062189888146829,0.009385861157517618,0.10423799993038929,0.0028147843162287427,0.005077449801251842,0.019586310836559075,0.0017960568058384338,0.09391942712265801,0.010418207113661685,0.13315800508786552,0.009113830612840474,0.0,0.020942044458222505,0.006710551456942125,0.0,0.14120781470223814,0.07286963571760545,0.0,0.0,0.0,0.0,0.019826852269403696,0.05403531313917098,0.0061167146645328095,0.009708340929951691,0.0,0.0,0.0,0.016992346593397784,0.029105983820990434,0.01575092011425355,0.047449326406510076,0.04137013855399012,0.0,0.011850019548266416,0.0033712948928012387,0.011602136506555292,0.07379785247429774,0.02655242262923108,0.0,0.0,0.006757374978280931,0.013247401223575659,0.009966727728640296,0.0,0.010309628262622097,0.019306983662186146,0.03138120047092995,0.06520980827212129,0.03257651360167945,0.008786636761204655,0.0,0.01778901206387978
Lizzo_-_Good_as_Hell_feat_Ariana_Grande_-_Remix_preview.wav,0.0,0.0,0.0,0.0,0.048932683923179524,0.01633365025123434,0.0,0.009463599301934947,0.0,0.0034397563195364984,0.0,0.5183879981407674,0.0,0.0,0.0,0.00929483310707264,0.0,0.030802897881300022,0.003739001094046844,0.0,0.0,0.028536647952143498,0.02614491784649361,0.1805052548071265,0.0,0.0,0.0,0.06806283720676305,0.1894614493914531,0.00930318309675072,0.17121988771286098,0.0,0.05341702762071859,0.0,0.2005960212990836,0.0,0.0,0.0,0.07281451575130568,0.0,0.14222381235508372,0.0,0.0,0.007175244828324272,0.09989573625549242,0.014945342658165373,0.0031545331006449825,0.0,0.0,0.002440711106830774,0.05864895658641977,0.0,0.0024157688332264323,0.032095015492433,0.00863164716251445,0.013251746052004819,0.0,0.0,0.004020888249928585,0.04835435039684139,0.0,0.01165617490958485,0.015491114554728609,0.02907217570616892,0.0,0.004538733853110643,0.004536262247339494,0.0022438539789923374,0.012947470743771674,0.0,0.005907809913543854,0.003295243488288055,0.0,0.0,0.0,0.0,0.0,0.0,0.0009145668552263819,0.004949225349730152,0.0,0.0,0.0,0.0,0.0,0.0029612241885086884,0.0,0.29712517720073683,0.006541085127651712,0.002392117334816162,0.0,0.09100642768442865,0.21602369211365122,0.0,0.03108292244746912,0.002341522446562682,0.06522575849711366,0.0,0.0,0.2791634940760128,0.06058494097166769,0.0,0.037720495386150174,0.1585337420168686,0.5066241019267106,0.10440142628773318,0.0,0.005760769859669529,0.0,0.01386091509055233,0.018073864516424492,0.003769713166841867,0.0,0.056940125909283365,0.0,0.007745557277364304,0.0,0.0,0.012953374485037292,0.007914320582301793,0.0,0.004342940923921112,0.00719734322196887,0.01869500547023422,0.07031206483376214,0.0,0.03266063085272665,0.03467954697710753
LORYN_-_Stand_By_feat_Rudimental_CWC19_preview.wav,0.04328988810769013,0.0,0.010173494883835578,0.0,0.07086791050207483,0.02838671181806993,0.0027710416886806808,0.011421566912378304,0.013388245167878775,0.04483537200740928,0.0032277837613800165,0.034386302839538675,0.0,0.0,0.0,0.00897430712224794,0.0,0.029740680941509504,0.010830192568879397,0.0,0.0,0.028930210151432486,0.06761605760777015,0.15491613699382686,0.03516899709148895,0.026205284787333947,0.012404088445652738,0.04451711192674213,0.08183621072146488,0.05389421500933733,0.09092351761878781,0.012303584348320837,0.012893744457368435,0.005211860809719328,0.23480214347262104,0.02661995989844601,0.0,0.06356158719262803,0.0648955908943312,0.009336544939390323,0.12722231221257937,0.0213729671438995,0.027203691540378404,0.11430888811141075,0.4629643193972986,0.039682397432049286,0.015990193677329626,0.22580437328654193,0.00881020360800972,0.0,0.02548191928077098,0.036114576124532914,0.18193208993500792,0.02324118056809682,0.03125246509873104,0.24949798811143628,0.0,0.0,0.005823345988585777,0.014006065073761682,0.0,0.048232369980290304,0.01682652828064865,0.0842089246230539,0.0,0.026293312257300132,0.111685724553194,0.006499428611461332,0.06875542321720828,0.0,0.03422449869077951,0.0,0.3473144764782766,0.04567760838730346,0.0038290086997821177,0.03897976157602395,0.07950007842625559,0.0,0.003973628882452019,0.02508741210506038,0.0,0.002535492029373715,0.0,0.0,0.0,0.008577325171751053,0.0,0.1970924550938718,0.17999232755496727,0.019054421090654743,0.06295040994348015,0.07072313148003956,0.009201805690657757,0.0,0.0,0.0,0.2833942170141469,0.04935868917236366,0.012952442172871373,0.08908417388640837,0.0,0.05039357987459239,0.0,0.0445492966037136,0.27588258249400394,0.07115379829888879,0.005152629082168113,0.0,0.02063134922550308,0.013382930880530287,0.0071388816614089785,0.03821703036399042,0.0,0.02249042092147518,0.07370408086248564,0.0673061131225946,0.022258555963371066,0.0026716208929874375,0.05628008787418876,0.017193151419769338,0.02183114158809832,0.012579532698244076,0.02084744323887731,0.059566059128836675,0.17409833533292007,0.012404088445652738,0.03941793907193778,0.06696729287073921
Lost_Frequencies_-_Beautiful_Life_preview.wav,0.0,0.008705864729402915,0.009979770197355234,0.007581768321417812,0.0026968359105751316,0.01218269905563022,0.0,0.0008403057237023757,0.015478537907810761,0.009162835929212314,0.0011873699950142942,0.002108219718209313,0.009319295436407034,0.0,0.008090877845489631,0.004951922336230692,0.0,0.0191456711123523,0.003983986117773952,0.018243847449548427,0.00460366817994968,0.04256897738227966,0.005969565541178546,0.007123416034356281,0.016633593772709773,0.0,0.018251832866988088,0.001169716412121278,0.0,0.005507078758961147,0.0015203206207957023,0.0011314967146434341,0.0023715413459908493,0.004793077542627749,0.030743335036110077,0.0,0.0024828676235065703,0.0,0.0,0.006869068151823719,0.008914266605492376,0.0,0.0050035642838198524,0.0,0.2128821128725263,0.0039811460452838085,0.0008403057237023757,0.0,0.001944548740708374,0.010402520804385383,0.0,0.0,0.0,0.0036640638852287483,0.02299301444691531,0.15061355259905942,0.0,0.011749632063622768,0.0,0.0,0.0051570237991950514,0.002661408251146584,0.0051581612125920035,0.0030977028760776027,0.06635243408806347,0.004836118580402036,0.055585077859620496,0.014345248173664189,0.0,0.0,0.0,0.0193113406227933,0.0,0.0,0.0,0.023898440710287745,0.053615533223063463,0.00318420461331686,0.0029234719889218914,0.013183765256483786,0.011866516597383104,0.0009327041031364206,0.002955937924402532,0.7033316450707425,0.005927128043127709,0.031552480895014265,0.008756266857448373,0.0036251137734535106,0.0,0.004460491859989965,0.10806547862042787,0.003547657568875192,0.0033849690018787045,0.0,0.0,0.0024949425493388084,0.0,0.009903844672461384,0.003970562656188666,0.005041605249109114,0.0024828676235065703,0.0,0.026794666310430336,0.0,0.0,0.004907733799170204,0.017058978723190073,0.00920733635989936,0.053126023261190064,0.0012307586061851012,0.0008753677971590378,0.014058486722589957,0.0,0.24819925637754675,0.018075150133106954,0.0010316322425184008,0.028073193890910668,0.03931121439225934,0.01207683682756116,0.16022469858390778,0.0,0.013111241504179602,0.0009586155085255499,0.12151157659210551,0.001208371257817837,0.004562958216747022,0.002900050411016997,0.5450391016801578
Lost_Kings_-_Dont_Kill_My_High_preview.wav,0.0036303302633860055,0.0,0.023888444699621262,0.005185251182852972,0.04426546737631276,0.01904428835386152,0.0,0.0022987757278086058,0.04234374018978277,0.05013247973406928,0.004872329047886803,0.14418336625609987,0.005098851416863063,0.0,0.0,0.0,0.0,0.022446730383403453,0.0,0.0,0.0,0.0,0.01633059490677023,0.29230675366661,0.005055951073307296,0.08350878272364681,0.0,0.031999254804030555,0.17439740168236123,0.08737930020686317,0.0707039030329971,0.006190740132668106,0.0,0.010489715831472481,0.20024467166975096,0.0,0.0067922372385270996,0.00710711172703801,0.057143148152250446,0.0,0.0,0.02150828274201142,0.0,0.09934633253086123,0.0,0.1488435407988262,0.034481635917129085,0.0,0.003546392954051757,0.024900377269015228,0.0,0.0,0.045770982613475175,0.04009426991592028,0.0,0.0,0.0,0.0,0.08790321754376379,0.0,0.0,0.043683962993156196,0.11570924103166812,0.04660813547316414,0.0,0.009922417248733939,0.0,0.06213548635098767,0.01887019760623776,0.0,0.4907868056709507,0.004802628792544379,0.0,0.23902736244825798,0.003853250752787597,0.006537758090618516,0.0,0.017421688490275106,0.006664644247425383,0.032459457131008326,0.013912518244387318,0.010206178504036469,0.060647912080022286,0.0,0.0,0.0,0.011977006195691793,0.3537068295564341,0.009533257217621981,0.017431870555491332,0.0,0.3784997368398446,0.24076165780722691,0.07022105074145957,0.15402537385565282,0.0,0.049291827429896344,0.013546687296577578,0.008689630740178159,0.06206412442547161,0.0067922372385270996,0.04437355082235093,0.0,0.11380264542858985,0.07679106590636753,0.026851606547129092,0.010370502365705943,0.008395992373129367,0.0,0.08585633447160049,0.05507793929025486,0.02747070597219216,0.0,0.007544270431414398,0.12361785487849254,0.014110883052642454,0.006399850960806112,0.0026885353427514276,0.004719700492813149,0.0,0.0,0.03164793921856549,0.05244857915736241,0.0,0.06611342608531479,0.006241310334914502,0.035700750188901495,0.0
Lost_Kings_-_First_Love_preview.wav,0.0,0.0030296529296278208,0.010418921366873805,0.0,0.02752941004949677,0.0,0.0,0.021054783634298704,0.025463702887960713,0.007652830889378926,0.001652825581724354,0.011738613900581556,0.0,0.0,0.0,0.0,0.0,0.0038072685402733173,0.00277286532434745,0.004232589378248415,0.0,0.0,0.026313949164080183,0.7883088353864524,0.0,0.03578328518872819,0.0,0.0,0.034510179635123595,0.05826071844174302,0.06983772474109885,0.003150099334583935,0.006602397266613588,0.008006388449337504,0.03668133593829923,0.009087380889855914,0.0,0.007232772638610892,0.0020769105968047002,0.0,0.0,0.0041041070434448676,0.0,0.0771574580020061,0.0,0.025861627176582667,0.01286681222096032,0.0,0.0054136451435493555,0.009050228957750537,0.03914497175673852,0.0,0.003583096907865708,0.06630516277495412,0.0,0.0,0.004255230936312379,0.0,0.02087340154390009,0.0,0.0,0.007409389927954838,0.1953011368987765,0.02156009744081722,0.0018472590840416193,0.01935422324218626,0.0016820594553744908,0.0016640553813031202,0.003200640292275683,0.0,0.319832474322473,0.0024437720594689947,0.0031758315018260274,0.03274567794192673,0.0,0.019960056765024187,0.0,0.013297291150442413,0.0006782481887187586,0.011011124369419228,0.0,0.0025966585113591113,0.05143352366949948,0.0,0.008250594925736987,0.004392122742626716,0.006094385879365917,0.07905679440260105,0.019403629662423427,0.003548016725666715,0.0,0.008230598170264464,0.41464680572730117,0.0,0.023051279116017367,0.0034729737889579357,0.014332387631462832,0.022977010677383065,0.0022108180464536745,0.0070179423125670375,0.055298646809648015,0.022579060003019503,0.0,0.05966216511691778,0.0,0.11158267775994614,0.013192329148627986,0.023497215488840636,0.0,0.016275616293852643,0.0353369872444834,0.0,0.0,0.0,0.0,0.0028720755426290662,0.0,0.002736071362296579,0.002401574781566306,0.0,0.0,0.006441501347942347,0.014678378823785422,0.0,0.020184713464493888,0.0,0.04036886166692645,0.0
Louis_Tomlinson_-_Dont_Let_It_Break_Your_Heart_-_Single_Edit_preview.wav,0.03369704786506943,0.0,0.008639012918578657,0.008750902165630625,0.31957022129032187,0.0,0.0,0.017457905805191985,0.0,0.008460620517749368,0.0027409327798695775,0.05353291234221831,0.004302544691914586,0.0,0.0,0.0,0.011636397917927208,0.012627426945938549,0.0,0.0,0.0,0.0,0.40881214697101126,0.0,0.025598065534243094,0.007417568770541606,0.0,0.0,0.5600297652888259,0.04830779324855499,0.0,0.0,0.0,0.0,0.17235114544699906,0.0,0.0,0.0,0.0,0.0,0.0,0.024955223783724615,0.0,0.0,0.0,0.25119617499415386,0.007759069246751994,0.0,0.008977618447226344,0.0,0.0,0.0,0.0,0.05356827953147501,0.0,0.0,0.0282263345587516,0.0,0.014835008558763471,0.0,0.0,0.004095741651332094,0.16193701682460013,0.01430151577181324,0.0,0.004186398089902262,0.0,0.0,0.16453940434539893,0.0,0.0,0.0,0.24226274998135808,0.003878799305975737,0.013005896597176644,0.022066927682405754,0.0,0.0,0.0011247603582024233,0.047171911437267615,0.0,0.002153060344239787,0.0,0.0,0.0,0.007283595638637648,0.0,0.30125652131090697,0.024133238185377843,0.0,0.0,0.06551549028937936,0.0,0.0,0.0,0.002879670972859553,0.06536158844885274,0.0076207002657048195,0.0,0.005819037515041527,0.0,0.0,0.0,0.034919876368110725,0.06978280346295083,0.15860663400712383,0.0,0.0070847587946752805,0.0,0.022728730703751532,0.0020207048348451365,0.0,0.0,0.0,0.0,0.0,0.002700181131910821,0.0,0.0,0.0,0.0,0.008901787334858734,0.002212874404475239,0.0,0.25383651332678275,0.005266581521333871,0.0033472478116372798,0.014216631424068711
Lund_-_Alone_preview.wav,0.0,0.0,0.0,0.0,0.0,0.0,0.0023216950206143717,0.0,0.0010683079689077636,0.0,0.0,0.0,0.0,0.13340932293724633,0.464792878052672,0.0,0.01275687242810445,0.0,0.0,0.01385082525427717,0.0,0.0,0.0,0.0,0.0,0.0,0.0017321109781669305,0.0,0.0,0.0,0.0,0.0,0.0,0.0021833578577126426,0.0,0.02725961281692498,0.009425031007794127,0.0,0.0,0.02346764754648487,0.0,0.0,0.37227577593309547,0.0014511027836971073,0.0,0.0,0.002551858158506715,0.0,0.001968415553459592,0.0,0.0,0.004034441002334016,0.001954235130667886,0.0,0.001745641789945888,0.03215998234764451,0.0,0.7076836913512994,0.0,0.0,0.2701515380125116,0.000673518396066819,0.0,0.0,0.008060018894950442,0.00045895084323187524,0.005504411012187093,0.0,0.0,0.0,0.0,0.04798234375997646,0.0,0.0,0.0,0.0,0.0,0.0024174649450934044,0.0,0.0010009184151859778,0.006435087156363163,0.0014162277537361932,0.0,0.004107485356414383,0.18449618237034257,0.0,0.0,0.0,0.0,0.0,0.0937644361338404,0.0,0.0,0.0,0.0,0.0,0.01270252834934126,0.0,0.007234733089819481,0.015310453236263013,0.0,0.0,0.0,0.0,0.018032667113707903,0.0,0.035975740735601995,0.0011650430584062932,0.0,0.0,0.003987503104879826,0.019821800708778963,0.036369453384103946,0.0,0.0,0.0046993238539124495,0.0,0.00373066017589184,0.0,0.040014288372134776,0.0,0.0,0.0,0.006049326567255304,0.0,0.012124776847168513,0.006605200725779805,0.0
Lykke_Li_-_I_Follow_Rivers_preview.wav,0.016759706265522308,0.0,0.0,0.0,0.037843523107368195,0.0,0.00214562091896722,0.022993705863823048,0.0029618669622437977,0.05400279511990501,0.003748915284427029,0.05325071145615528,0.011769625053129897,0.0,0.0,0.0,0.0,0.0,0.004192915578851244,0.0,0.0,0.0,0.012565246773784695,0.014993968945745145,0.0,0.003381797265199042,0.0,0.027083299110278288,0.10809473064263268,0.059118003809754974,0.4288133346168456,0.0,0.0,0.002017775052926649,0.23727430278606113,0.0,0.0,0.0,0.6752173662973338,0.0,0.0,0.026892310601630835,0.0,0.00402315953726968,0.0,0.055865687551741025,0.0017687466049094655,0.0,0.02319395432134443,0.0,0.0,0.0,0.0,0.017995674122154772,0.0,0.0,0.0,0.0,0.31112264335637646,0.0,0.0,0.06162153063206936,0.19543201688392364,0.0,0.0,0.0,0.0,0.01509754621922523,0.0,0.0,0.013250035290350468,0.0,0.0,0.0671996317199473,0.0,0.0050303460605634455,0.0,0.0,0.0010255952107864356,0.031912850628667694,0.0,0.003926469067803181,0.1337710287383225,0.0,0.0,0.009962149825715179,0.0,0.03815223137452676,0.0,0.008047560661771612,0.0,0.2937181227393051,0.014249938471006546,0.0,0.0069712774341641045,0.007877349348777334,0.054180860186779596,0.0,0.0,0.0,0.01567844972006513,0.0,0.0,0.07960286318595389,0.0,0.0,0.0,0.058141142446625334,0.0,0.053107399982369546,0.005527644673596843,0.0,0.0,0.0,0.0,0.004342933708531636,0.0246211810093439,0.002068639277048526,0.0,0.0,0.0,0.008116956106686867,0.06860435179950605,0.0,0.04832615974106722,0.0,0.018312814635912413,0.0
Lykke_Li_-_No_Rest_for_the_Wicked_-_Robin_Schulz_Remix_Edit_preview.wav,0.049962406115433615,0.0,0.03415736386188936,0.0,0.08614996478698562,0.15487546709967265,0.0,0.04314121636889526,0.05297777813633962,0.0,0.004063964215242275,0.007215720060845615,0.0,0.0,0.0,0.0,0.0,0.19658738877714566,0.027271662724575457,0.0,0.026261320987734475,0.13529206922724296,0.21112855192415658,0.0,0.0,0.010997983704297231,0.0,0.036031877971673926,0.11515840321049922,0.1357117932292204,0.06244249348949675,0.007745457906606034,0.06493584446663256,0.03609116832243122,0.18038399002150676,0.0,0.0,0.2667589021973419,0.010213407194322361,0.0,0.022882880215497264,0.0,0.0,0.006541882845256205,0.0,0.32702665821011095,0.011504324365038737,0.18091857007359327,0.002218509964660209,0.044505369508712554,0.0,0.0,0.16739211790531153,0.03762253865548948,0.03934863955850912,0.0,0.0,0.0,0.0,0.2116132360680307,0.0,0.08501823422811608,0.12005151062653496,0.19614411959020125,0.018168147678339498,0.16759296256113798,0.0,0.0,0.267570748997862,0.0,0.0,0.0,0.15617456215307482,0.01725321579576501,0.004820940771172633,0.0,0.0,0.0,0.008338376409718507,0.1286021196265782,0.0,0.007980823404819199,0.005058585781049991,0.0,0.0,0.0,0.0,0.13234702095876674,0.0,0.010904820484103636,0.0,0.08904446418116693,0.0,0.0,0.0,0.00426967048273617,0.1585820064366109,0.0,0.04892359468470624,0.07765066097850719,0.0,0.0,0.0,0.021573119347506556,0.007390466752141096,0.10638420425216877,0.0,0.0,0.0,0.01053117173698982,0.13182781305049426,0.0,0.0,0.009438908403572217,0.0,0.0,0.0,0.0067274467612740965,0.017714961724512028,0.007215720060845615,0.0,0.03959587638878637,0.006562030604078404,0.11590456657944567,0.14061870976868965,0.0,0.40696139100080897,0.04215782436769809
Mack_10_-_Nothin_But_The_Cavi_Hit_preview.wav,0.023190799697685418,0.057052154880285554,0.12353416684968806,0.08832997759755516,0.0026182486444978124,0.040552075115009606,0.005937892248302099,0.012237281364172589,0.03688564472905011,0.09073742421809311,0.006916616323090764,0.11666674775355228,0.07600089920424091,0.0,0.06284084209552933,0.0048076206244707835,0.09298571074491073,0.0,0.005801835891269635,0.1549818533059763,0.08939029567653897,0.02656831770959594,0.002897804576307785,0.051868768608644596,0.17763769977818405,0.004679472405596316,0.0,0.03747579789695029,0.0,0.00481193953822943,0.05313663541919188,0.03295572853823098,0.013814600043323043,0.04746472747690208,0.00426392250319275,0.028521125138025665,0.021694639587821626,0.0,0.06953035526215756,0.0,0.2401623757043398,0.08014789484381563,0.05100645582483327,0.027834702321898434,0.0,0.0,0.034264387819683245,0.0,0.03209402004676487,0.0075745392652478375,0.10920722816060512,0.16251410841012143,0.029988532164784837,0.22410933738452105,0.020090686943628085,0.006854277736454442,0.017806960442803343,0.011407241391029862,0.2121342379953695,0.0,0.01502023595755872,0.0,0.03605651703171226,0.013533453578115064,0.023190799697685418,0.029931845513566393,0.010558427955823431,0.14971761322696242,0.0,0.0,0.0,0.056245792942902315,0.0066449866966601335,0.14192555850539007,0.02051235927809379,0.1461727709960898,0.0,0.046371227370166045,0.012772261908828395,0.0038398749486546896,0.08393667316274361,0.016299442763726153,0.021523502134774188,0.0,0.2244219239477598,0.04594953664587042,0.012751656713970817,0.0070389519705489545,0.0,0.007423732628140702,0.011241041974627611,0.0,0.44365443700937085,0.05340201278295549,0.0,0.003633357848520238,0.037485665205981046,0.2548038930969515,0.03931955465561643,0.1101305278903872,0.07954701182201263,0.19572327726049235,0.0,0.0,0.018867177563251986,0.0,0.16009808439556872,0.20112816527221272,0.0,0.0035846808918317953,0.02804535040449565,0.017548476131230183,0.07441387207431169,0.04819331899487272,0.12283901295094501,0.04206593653699764,0.044289579332759434,0.034349097790206694,0.005024961955748235,0.0,0.2962770729631509,0.044926492205253035,0.005584085585517892,0.0,0.0,0.0,0.012669936137125118,0.008968751960031435
Maffio_-_Celebration_feat_Ky-Mani_Marley_preview.wav,0.01506722890877154,0.02471146283658184,0.018884949247041254,0.05738862002684005,0.010206569548526606,0.11197463983159889,0.0038578911856031093,0.012721039166471514,0.09585947182937188,0.0,0.0,0.0,0.0,0.0,0.0306211093951993,0.174918553839654,0.08903039636512709,0.19667602937990328,0.0,0.10356975952616354,0.005807751628830673,0.011507751058462615,0.06777807907956801,0.0,0.0279787849024395,0.006080573574565995,0.025903773123695926,0.1726515442621376,0.006701985824981409,0.047937391714090574,0.04027712870461915,0.004282314643857838,0.017950889477661946,0.032652184130765566,0.2770301034995331,0.08647510471239989,0.0,0.0,0.07905514845865652,0.025996992086257935,0.09277769728120848,0.03719475869465001,0.037873440243859656,0.007233762301580592,0.0,0.00502240963625718,0.044523637082650294,0.0,0.007359428834625392,0.01476369747603287,0.0,0.09050278451210615,0.0,0.06009113562383715,0.0,0.062345827745503825,0.011569309927157703,0.0,0.09728833132400178,0.0,0.02927626512063134,0.05036244197474583,0.16007888125843037,0.1993030555783583,0.02008963854502872,0.029742370760726528,0.09146515169866676,0.24883690219675533,0.05221225366270132,0.0,0.0,0.13288470952801773,0.0,0.0,0.015992432347187197,0.04522357038008895,0.0,0.42781361034485504,0.014752409202252752,0.03243232586312044,0.11548431237775532,0.030004617153750548,0.3076474219015284,0.0,0.1645019355059299,0.005970748710010332,0.0,0.04115931826440004,0.0,0.014469757014486556,0.0,0.20139942646728948,0.0,0.0,0.0,0.0,0.0194837644520714,0.11244764175406328,0.05409782829490222,0.0190806917133772,0.0,0.026309548373540267,0.0,0.1001898457753559,0.08989303103102604,0.0,0.09325650754361507,0.13938603909193614,0.0,0.07452777241487829,0.016564786658337813,0.030403655508927038,0.02417361322480828,0.0,0.0,0.13274834055577153,0.008853925346776287,0.018597379347325006,0.006529507652354354,0.055852058944968336,0.09118105553779338,0.10508063125964964,0.21405320707946315,0.06785089910137929,0.16006401547266683,0.008634591041231977,0.0,0.0
Magic_City_Hippies_-_Limestone_preview.wav,0.0,0.0,0.0,0.0,0.0,0.6011475023162232,0.0021083552851952026,0.0,0.0072760614522923255,0.011371041910779348,0.0,0.0,0.011565207519265146,0.0,0.0,0.406273626918731,0.003475394377927945,0.5289361683702004,0.0123602761926419,0.003144519453446866,0.0,0.08490202524306538,0.03292536186748549,0.0,0.0,0.0,0.01415653120949906,0.13548390642518235,0.0,0.0022780874050309144,0.006289038906893732,0.00936121863254163,0.01471536555207435,0.007930919501326737,0.05753132600510085,0.013502583612709758,0.010270761884902363,0.0,0.02160200120427232,0.0,0.032265824490458755,0.01422897474600914,0.0,0.007906568768605116,0.0,0.0,0.006952106440921431,0.023427808219537802,0.01474719298386346,0.005378952404321694,0.0,0.0,0.015971950392738174,0.0,0.04280135532561669,0.05354215703587396,0.0,0.0,0.0,0.0,0.005333204534833586,0.016513983770570118,0.017070018579129945,0.10251297597714583,0.03568200970181477,0.02875768285209558,0.10247155888303826,0.07912175248578143,0.033289943031035205,0.0,0.0,0.2396529472660715,0.0,0.00695078875585589,0.0,0.009885955724420152,0.11089442905708327,0.12184053445526406,0.0,0.029995164392818643,0.0,0.004822841571219314,0.05808152550427354,0.0,0.0,0.0,0.0,0.0,0.0,0.01581557758333395,0.0,0.02445904740290334,0.0,0.0,0.0,0.0,0.0,0.0,0.027922228091422547,0.0,0.0051353809424511815,0.0,0.0,0.054754211744399185,0.0,0.0,0.007840786230258337,0.02221774092853883,0.0,0.01654646929312466,0.005431639279443967,0.01246180322958217,0.0,0.017111903444019645,0.0,0.059745065026954806,0.03629033207817385,0.03252337084802089,0.003568405977840374,0.05232584094725865,0.0,0.015951957921316467,0.10111922364191589,0.09064202541270726,0.037489594713306686,0.004718843736499687,0.0,0.0
Major_Lazer_-_Get_Free_feat_Amber_Coffman_preview.wav,0.013545799999210635,0.11108098751901009,0.0031833791449543793,0.009673827224067138,0.0,0.035529841977530716,0.005202504992985936,0.006433042036007246,0.09515704274006585,0.018705861303891437,0.004545013127225872,0.0,0.019025272222505496,0.0,0.2408797250417865,0.1558519020756403,0.06431822733125613,0.05583677853892966,0.0,0.09311169671624346,0.18796708601695977,0.2056216635817043,0.03554490213888508,0.0,0.0,0.0,0.023288113035452734,0.026864632610960098,0.0,0.0028106650673049177,0.0,0.27719305385508625,0.0,0.026908838286049303,0.0,0.19158143798177033,0.006335944700969483,0.0,0.0,0.00876446966908354,0.022748011101103784,0.015047540885337803,0.08937896816133366,0.0,0.0,0.0,0.14152692479215942,0.009634942308879546,0.006616302951647878,0.053091671858192364,0.0,0.02034104323023457,0.003284319624615621,0.0,0.352050508045611,0.0060053993329725955,0.0,0.0,0.0,0.0,0.06580016047560525,0.002263852134298591,0.013162934621343957,0.0,0.6298796999632944,0.03085281269393987,0.08325723114387022,0.0,0.0,0.0,0.0,0.14335984745052802,0.0,0.0,0.014377580070466108,0.0,0.03731444718468732,0.040628312511591595,0.0,0.03700751804376865,0.017303860893367388,0.003570203399422631,0.08297472227805917,0.0,0.08066791836188175,0.0,0.0,0.0,0.0,0.009756493832185563,0.009848878112614295,0.006035430419664919,0.0,0.0,0.0,0.0031833791449543793,0.0,0.0505465628353428,0.03647643340281591,0.0,0.0,0.0,0.0,0.0,0.0,0.0,0.1064120994647385,0.0039159809586866625,0.0,0.0015703653298313758,0.002233821047606269,0.046125475610369164,0.05704822674815841,0.0,0.05381291470837092,0.028958456166956702,0.056714224400915766,0.17304672018138476,0.008805275869335558,0.03765925495956119,0.0,0.011808750828141396,0.05871019262410757,0.12708246853690475,0.01850160692086005,0.005822028258863183,0.0,0.0
Manila_Killa_-_Youth_Qrion_Remix_feat_Satica_preview.wav,0.04407083141329168,0.014455939034852212,0.0,0.006294698116582533,0.002985366510356062,0.040458325577549054,0.0,0.008371879433035042,0.1448649539187451,0.079116605738748,0.007886430029985833,0.0,0.006189812080193721,0.0,0.02686952772831705,0.09867098507437994,0.0,0.0590405371024973,0.0,0.14641904597238123,0.015288624074591134,0.03534252833816098,0.029737083521311544,0.0,0.06751505960659576,0.0,0.0,0.023307528431378653,0.0,0.03291987530094266,0.020195730478949136,0.030061294143067394,0.0,0.09232234720277553,0.0,0.0,0.0,0.0,0.09414447457299596,0.0,0.007400993387491721,0.05548425755031904,0.09139165923349578,0.012695018605227069,0.0,0.0,0.013953132388391737,0.0,0.0107629660846288,0.017273207341379222,0.0,0.0,0.0,0.004056076816492052,0.0,0.0,0.0,0.0,0.06402670170471826,0.0,0.025689448650860848,0.014730742482704269,0.2363950544778821,0.020574729939657765,0.22035415706645842,0.07829534641091598,0.06019439232320936,0.1389502245887909,0.0,0.0,0.0,0.22737815326801356,0.0,0.11160390196942672,0.0046777001539483705,0.023809770494307502,0.0,0.3119517110045746,0.011326875199984118,0.10288965539783153,0.0,0.02787730493046427,0.3533964634528487,0.0,0.45272714406835274,0.01571770597386532,0.0,0.0,0.0,0.035974769611727866,0.0,0.1335253560897838,0.0,0.0,0.021997759698332484,0.008285618605327026,0.0,0.03289032835812665,0.15823322822300043,0.0,0.0,0.01539080182494779,0.0,0.012559281080123988,0.0,0.0,0.34620839641203927,0.18346348889509362,0.0,0.049047685248429285,0.020349464944581713,0.0,0.0,0.0,0.020008984478973223,0.11305850431550882,0.027192116503275097,0.1403425338037482,0.0,0.035006626757681465,0.01777997777393874,0.040980690062172476,0.10505646405833079,0.006615340603642449,0.0280907164174977,0.007576713841773286,0.0,0.0
Manu_Chao_-_Bongo_Bong_preview.wav,0.0,0.0028478765341176243,0.0016322992743584485,0.002480160301222946,0.0,0.027327251626584767,0.002667619764474786,0.0,0.0,0.05515145511827455,0.0015536575635943677,0.0,0.024388343823645228,0.0,0.0,0.017278728897921074,0.0,0.0017894179608653406,0.046916927091070315,0.001989318949868943,0.014055620805262709,0.05371161164646145,0.0,0.0,0.016928202870646742,0.0,0.008955853578389525,0.11632241479265416,0.0,0.0,0.0,0.001480548132654124,0.1520533574936965,0.0,0.0,0.0,0.0,0.006798812917702209,0.040998255205874606,0.026964248045018926,0.440323443165315,0.00514381918282163,0.0065470961260005265,0.01000387328663978,0.18105968572107947,0.0,0.00219905732643365,0.28160177959299093,0.0033925542686387305,0.0,0.07359261874818618,0.0034766693496156523,0.0,0.0,0.19555931277474645,0.28637576393475594,0.0,0.01537423448609096,0.047651040330014355,0.47191637924712765,0.0,0.0069648333317645795,0.0,0.0020266511379749223,0.0,0.0015819989224989694,0.09961165819413823,0.0,0.05716349142646435,0.0,0.008236789571743387,0.0045942959570283185,0.002985284526129842,0.0021986405225452267,0.0,0.021889550288865255,0.03826647237994935,0.0,0.0012751078396278342,0.0,0.0044363360903163646,0.005491938113083111,0.0,0.028316921098867458,0.002585188933880376,0.04541459349520374,0.01145745663866264,0.0,0.0,0.003335138978088937,0.015150237402867235,0.0,0.0,0.0,0.0,0.0016322992743584485,0.0,0.0,0.0,0.0,0.038985584060861674,0.009096144481416931,0.0,0.0,0.0,0.0,0.0,0.0,0.0,0.0,0.0,0.005255811299873221,0.0,0.4654970257362149,0.0,0.020248152342992765,0.09030292727324468,0.0,0.04514964997123634,0.0165514617583473,0.0105081755029795,0.0,0.00878034790467445,0.0808013744346211,0.0,0.0,0.0,0.19743298304319373
Manuel_Turizo_-_Baila_Conmigo_preview.wav,0.01393364914290872,0.018281840944090758,0.09954562138491997,0.019901624771829638,0.02076509700532679,0.007309429524232637,0.0021405861371265214,0.03352732728912971,0.03841391876052859,0.04233120216945139,0.004986824414425731,0.008854292769637801,0.011742007176194834,0.08200162516531723,0.09627894490042674,0.0,0.0176426171591645,0.0,0.004183076741510795,0.07023698782612729,0.006444968002696739,0.0,0.0,0.0,0.03881071044675147,0.09446812894720164,0.014372944953652343,0.0,0.07437316014360784,0.0023129129860673457,0.0,0.073658522372427,0.0,0.006039120798952983,0.03381678993248392,0.013709000328226093,0.05735275199873469,0.0,0.018799058869695955,0.05769867338353346,0.0,0.1857406622026805,0.12608654404847608,0.0120411571169894,0.0,0.041800947428726164,0.0,0.0,0.004083446261874165,0.013652953833025767,0.0,0.022318353799197267,0.0,0.08720245482738063,0.0,0.15814012152870294,0.02567734884655381,0.7977792897044332,0.0,0.0,0.08122101460239492,0.0,0.08448848553389048,0.0,0.01393364914290872,0.0,0.03552519198594573,0.0,0.0,0.0,0.0,0.01843307349577893,0.0,0.11291274981865282,0.008873547058318845,0.015055626481364897,0.0,0.03677660777638826,0.0020463772245187892,0.011074075095572813,0.08899656222590413,0.014689707965354232,0.09000597131773577,0.21586310417879795,0.09542428223878094,0.03975509303510681,0.0,0.0,0.0,0.00802867675179309,0.06483760260116055,0.0,0.0,0.007700483840240413,0.0,0.0,0.0,0.06932511154440964,0.0033351859784279546,0.0,0.0,0.09245458934662838,0.0,0.0397080360060647,0.0,0.0034353244049130185,0.14329169835717337,0.012889936005393478,0.03187478580544517,0.07107446289378838,0.0018382246144017682,0.09278360172207116,0.02682589988353623,0.0,0.06958752003190424,0.047660171326810004,0.04421413163354841,0.05984976893197483,0.0,0.0044271463848189006,0.11242809092821411,0.1538602777950323,0.0020130402663176613,0.0,0.0,0.009581963302434897,0.0,0.045264783250054695
Mark_Mendy_-_Mine_preview.wav,0.049691676076773036,0.044453635011222896,0.11465643220819441,0.07097531173781178,0.06732247195968183,0.0,0.07286988722704585,0.09725688245128071,0.1005913531194071,0.006238267753602147,0.006062914371202624,0.0,0.031723944778866815,0.0,0.1377113558285413,0.0056189695102954375,0.02859954371242682,0.0,0.06780971612203789,0.1604356896110589,0.04701423496578947,0.0,0.016934235074819788,0.0242489207958771,0.012582811267948793,0.005469194602726984,0.0,0.0039818481041069215,0.10247814491261613,0.06561353513472103,0.0,0.05007267062096029,0.016145994558150672,0.04894854819897399,0.2641263065019863,0.15556071155575657,0.008451964627459684,0.017687561494349444,0.0,0.05845772897150018,0.015172590217065048,0.006690992914004237,0.0,0.019519303525591326,0.0,0.09034850195776917,0.020023475798793093,0.0,0.006619465740838341,0.08852841875527204,0.010636448069809052,0.23516441696389168,0.013143558507514473,0.23698493753461067,0.0,0.008011026789468002,0.010406059006596743,0.0,0.0,0.0,0.008777548654045064,0.006039824860833476,0.2985024762817749,0.05799713681032382,0.009034850195776918,0.0020578374169436657,0.01234030082541164,0.012208215309995515,0.0,0.0,0.0,0.0,0.015532830296467995,0.0,0.014384452980483109,0.008135301843016684,0.0,0.03793788511414325,0.0049759160749859544,0.03814718475811738,0.13849706121978528,0.011112609083692198,0.226402872703894,0.0,0.1008831000264706,0.016111236654853762,0.20865131887402358,0.09049553938635202,0.02372554136677605,0.010845730806468274,0.0,0.3220434951756865,0.0,0.0,0.11274263336066269,0.18684751915409462,0.021905930845857454,0.21913981090152207,0.005406499291947478,0.02574329909556646,0.04225982313729842,0.0,0.2508332771025377,0.01716497730081441,0.007350420215052706,0.0,0.23873513948173053,0.08880466604649122,0.0,0.014663749436646865,0.02085896288344806,0.006836670363965742,0.02174304666430546,0.03755104810804973,0.15382468251094716,0.007023587677218233,0.0039818481041069215,0.10371039016706567,0.005872990035034628,0.0,0.018225142403749964,0.13652190657773458,0.06526473093196532,0.0,0.16042391073035134,0.015532830296467995,0.009872102426930178,0.0
Marracash_-_SUPREME_-_Lego_feat_tha_Supreme_Sfera_Ebbasta_preview.wav,0.04244355067849207,0.01392216487311135,0.09575614398010864,0.0,0.03450161044285319,0.0,0.0032602398431657662,0.05643928065721866,0.049505652441265285,0.0,0.005696422360024936,0.17531298012698454,0.011922516289847414,0.0,0.06900637755308416,0.005279313148603196,0.07523811106068073,0.01749554208521389,0.0,0.03403753331901884,0.004908034557891388,0.004862504759859835,0.03818542018207162,0.0,0.05911101746642312,0.005138591858443465,0.00729694965143653,0.022446916303676935,0.11327474085571301,0.05107920612602998,0.014587514279579503,0.02171347840236444,0.0,0.009197939716113305,0.01872908358962577,0.04175924369953402,0.0,0.0,0.1097563195888121,0.06590888025953988,0.04276630521907288,0.19173930869413294,0.11202175626298808,0.0,0.0,0.046687905746341275,0.002687584793200889,0.0,0.00621933122404482,0.00831770388330838,0.0,0.09347849116043708,0.0,0.2968795125049172,0.00735395157194777,0.09784807460112972,0.009777031898466093,0.03757933757819155,0.07536535866309059,0.0,0.12370442997661309,0.0,0.1385795194015701,0.019815024243603842,0.029710485474944447,0.013534114536725761,0.05024219356219991,0.14146643111286009,0.0,0.0,0.0,0.08422399771813896,0.0,0.04299320632038899,0.02252489880222898,0.061148302597478374,0.0,0.2495122686507231,0.0015583770365062393,0.04427449477263826,0.03795317425052858,0.0014915531891779442,0.340347577414595,0.0,0.12006087633268184,0.005045780687270248,0.0,0.01932392060084612,0.0,0.010190126347524558,0.061719700176201604,0.07942634668854191,0.0,0.0,0.0,0.007979678665009053,0.008232703063081541,0.459300243928478,0.01269921590942725,0.04031194010296471,0.0,0.17045884879748405,0.0,0.0,0.0,0.03662542195051418,0.08487179885854437,0.3779186609576369,0.0,0.04526844485167555,0.002799725283003852,0.006423406227604254,0.01021435976251856,0.0,0.019270168488410417,0.10558439573452962,0.05611729075919235,0.10687109009181181,0.0,0.013485613855921888,0.00856173305007166,0.17267035783646503,0.03985773876982432,0.006371074362838146,0.007729568240338449,0.0,0.013913028016442213,0.0
Marshmello_-_FRIENDS_preview.wav,0.10826680496841028,0.0,0.04452634808079909,0.01932987282824211,0.1306371240351754,0.004437148498247515,0.0,0.19924102058113602,0.007175063236414815,0.00934433476461599,0.004540835995778239,0.11824888087135206,0.019007786890631678,0.0,0.006875952644642392,0.09679187290728379,0.00856788201852576,0.03137932197642561,0.0,0.0,0.0,0.027132618814772254,0.07356105677706674,0.49035494697990123,0.05183161654522732,0.05325018375538823,0.0,0.0,0.1083547507220631,0.06879800661398157,0.050389149227434184,0.06923457432856382,0.0,0.0024440097725795945,0.06718350782385274,0.01664394465182263,0.0,0.09273002667627356,0.01521581870023253,0.0,0.0,0.002505618553324623,0.08929682369041295,0.02436505796687372,0.0,0.13533350621051285,0.004284753130777119,0.009626087236432459,0.0049576666382734015,0.02320625891649128,0.07966196338186873,0.0,0.049219517157472664,0.03113868512527597,0.0,0.0,0.0,0.0,0.05461509823391567,0.0,0.0,0.0,0.04471284620370978,0.1303113339673417,0.010150012965788463,0.0030824457164364003,0.0,0.0030477918775137724,0.011724231771663865,0.0,0.18456318033629193,0.02685526713965048,0.09306683961960835,0.19277734541682956,0.0035910915595091433,0.006092956156655016,0.0,0.016236389091616735,0.0024844838023319517,0.06554394242255956,0.004321989409659915,0.0011889740582731985,0.015072447942116474,0.0,0.025185556203890333,0.004022184649148648,0.0,0.04929227431429358,0.05330792371204767,0.0,0.0,0.03316435929415324,0.5523230365055203,0.11218886024708444,0.008443889794230715,0.0,0.049219517157472664,0.07154181910538367,0.0,0.08997572720354118,0.006330121599226972,0.08270911707903493,0.0,0.009641816874958662,0.1596483916710201,0.20853945542149677,0.05798961848472633,0.011737145833178279,0.0,0.00941353243647004,0.006695304108366005,0.0,0.0,0.00703098957401282,0.12288790287875007,0.0,0.008946647483624394,0.045101133959843207,0.021992958271520403,0.0,0.0,0.16320425427246757,0.014664058635477565,0.0,0.07085764432679702,0.005816677476225522,0.0,0.0
Maxwell_-_Dancewitme_preview.wav,0.0,0.0747943522886858,0.002679337690388124,0.0,0.00579230499869509,0.10466474190856628,0.004378764538378409,0.005414464066664726,0.013600242843828365,0.03542413992055804,0.0012751256260072437,0.11320165572779625,0.01601289906558828,0.0,0.24328793904844243,0.07445069635930256,0.0036089585483552932,0.02937240162830041,0.012835298551660443,0.0522458823507799,0.003295942738734552,0.06857272058539862,0.00213692054137821,0.0,0.007939085452624473,0.0,0.019600781481780325,0.1281290655895274,0.007606854744026587,0.017742280703093707,0.00979610294077123,0.019441966196122106,0.03056179444762444,0.0,0.044020666962082435,0.0,0.0,0.0,0.0,0.2213023286075676,0.06222513952469896,0.008443322144152922,0.20956125688881186,0.004105214522823288,0.034292356878917546,0.0,0.02707232033332363,0.0,0.008353062451329715,0.0,0.02013310102338897,0.0,0.005528591447526189,0.0,0.004938474454218212,0.16174503427698506,0.0,0.08412012545031734,0.03680790659149975,0.0,0.7088853627517101,0.011432425870802902,0.004431510698683931,0.01995987940892177,0.0912081680044168,0.018177405234769805,0.17388899150887488,0.0025675784344784363,0.004938474454218212,0.0,0.0,0.14705549097568935,0.0,0.0036089585483552932,0.0030252752205490933,0.15912124161416258,0.0,0.14362074042081655,0.001046512899837873,0.015573959840685095,0.01456404800361811,0.012019655962861371,0.03174404113392604,0.011620202736070274,0.22065983935587039,0.09487645463702869,0.0,0.025953580822220126,0.0,0.0095803119485118,0.03315781015527674,0.0,0.0,0.0,0.0,0.005358675380776248,0.0027642957237630945,0.0,0.008528034587083544,0.01624265412553466,0.005332740672259988,0.0,0.0,0.01895283038843869,0.009275449334386262,0.003513634985567959,0.06513694715334889,0.0,0.0,0.00396516295198285,0.005640384623289538,0.004313575803938552,0.020578061030132072,0.029615895587339805,0.0,0.06425690513091699,0.10049338477609993,0.20263973145967007,0.0037055447115637097,0.0181122649164474,0.0,0.059634048719059446,0.014412502318216742,0.05561962705719525,0.002595358082222013,0.0,0.02491508871760631,0.026455214337934196
MC_Breed_-_Aint_No_Future_In_Yo_Frontin_preview.wav,0.010988000760485618,0.07208480712282792,0.04131639028210797,0.39235785594446415,0.0,0.004803480669183949,0.008440273564158768,0.013915510497817819,0.005825578787238578,0.10115805550782048,0.00819288105723385,0.0,0.10802964310934969,0.0,0.0,0.0,0.05101386761666998,0.0,0.01099583938743539,0.025176595805534066,0.25835874411560045,0.020980496504611725,0.0,0.1572855653371187,0.03570690373007911,0.11085871772782294,0.037781423579078585,0.03551271203748905,0.00488752283432745,0.001519958949087122,0.10070638322213626,0.07495059936754096,0.12436405460147965,0.052915757507414694,0.0,0.0,0.01370547627490036,0.0,0.0370620917460377,0.009479346552166732,0.06150865047789217,0.0867994589948716,0.0,0.47477958645866375,0.0,0.0,0.18554013997090427,0.010420819582293442,0.019678900730706512,0.29428832260771975,0.1638538652735735,0.03666694530915084,0.09590956866793116,0.0,0.08884531245443723,0.03247615863296768,0.016874182644679457,0.0,0.041386894781877896,0.0,0.007116717244589063,0.01713952790515598,0.0,0.004274844626514162,0.010988000760485618,0.02335853283475035,0.05336185771162212,0.03299418392942097,0.006346093746745518,0.0,0.069495918623032,0.0,0.006296903929846431,0.013912872986364538,0.01555029217001389,0.013191984504569576,0.0,0.004394217433208136,0.012103215533471651,0.010916195061664512,0.17779493258269594,0.02059417721027704,0.004079208322407559,0.0,0.005452976496766533,0.030479801053296507,0.06041844847831929,0.0,0.17312712060433935,0.07562471272146584,0.0,0.0,0.07474037183021646,0.04048373422011089,0.009141019601964272,0.0,0.0532830937044062,0.06378097838197201,0.019725822911569175,0.0,0.19187666784860505,0.012791086283432753,0.0,0.01043784786399817,0.011919241774942392,0.018060522306610965,0.0,0.004235389247796729,0.0,0.0016984527001661458,0.0748967255297653,0.005543079485225509,0.0,0.09894910948449546,0.2161795368253115,0.014236573760917606,0.08393913754315593,0.029837314029487107,0.08571133011340747,0.05236835736020575,0.21426212032060313,0.01064327959692009,0.002645787875370735,0.016493759081153084,0.0,0.018890711789539293,0.016008333157961175,0.016997887893838874
MC_Igu_-_Popeye_preview.wav,0.0,0.015137806616729893,0.0,0.0026366442904826332,0.0,0.009683815187307133,0.0042538970672860625,0.0011689026595027502,0.004893485250586981,0.12236076067042995,0.0033033690140079476,0.0,0.049261507888802535,0.009053243947049927,0.056273855839249334,0.011480573925261172,0.004674724434331247,0.0,0.06373187296839153,0.04652634019976839,0.014942450424317745,0.0,0.0,0.024772471829112363,0.08998138028621372,0.0,0.0031736389770472546,0.0032542551750530495,0.0,0.0,0.01691866916355214,0.015739622873660018,0.003298919557795699,0.002666953671144984,0.0,0.013621660740536175,0.00345377936439956,0.0,0.0332076278886811,0.21976912866747714,0.28210322089850864,0.021873459506587832,0.024360632109029067,0.0,0.08883854799925023,0.0,0.01052012393552475,0.0,0.005409907681056811,0.0,0.0,0.014784109536855402,0.005370934823904444,0.0,0.0,0.10802867353069795,0.008504586435428608,0.03813660927590494,0.06853668472377722,0.007167023071127612,0.010760474427280812,0.0,0.0014350463621685976,0.0,0.0036919675533467543,0.0016818140442373091,0.02185167657693235,0.0033258131075482437,0.0,0.0,0.021891210202759262,0.004884169865114399,0.0,0.014024173302993737,0.0,0.5485226113763234,0.0,0.035434962642004256,0.0006777799409672427,0.0,0.021223096337128454,0.0012974329174882987,0.00822368241390902,0.2935096860271373,0.049469393370067255,0.12947817024891162,0.0,0.0,0.0,0.003545567252329716,0.016106131094844718,0.0,0.07533828047624808,0.09181709174849133,0.013821219009508199,0.0034705761236271584,0.0,0.0,0.006627875237729667,0.0,0.17614274758437753,0.03223353130374557,0.0,0.0,0.0,0.0,0.007909932871447898,0.002134635774902535,0.042228950132375306,0.0,0.0012176755641196528,0.0027937115292168252,0.004442498827099658,0.32991149121526336,0.07543001481083621,0.02296074179469756,0.08135637937632624,0.013670912191617394,0.0,0.0,0.0,0.0010728423793253318,0.009334337849007442,0.005541901997251437,0.0,0.025389111816378037,0.002017049594279842,0.47546482973766274
Merk_Kremont_-_Get_Get_Down_-_Radio_Edit_preview.wav,0.0,0.0,0.0,0.0,0.025045858032373955,0.0,0.0,0.005508724312712674,0.003459252268098627,0.006006806288817667,0.0009729931879586751,0.34206196869039013,0.0,0.0,0.0,0.0,0.0,0.0,0.0032646869718729226,0.0,0.0,0.0,0.0,0.0,0.0,0.013165671077302755,0.0,0.0,0.17993831242969277,0.007220462218881122,0.20929950319736554,0.0,0.0,0.010997556861102436,0.266322824047428,0.0,0.0,0.0,0.002445291124526142,0.0,0.0,0.0016106834421730062,0.0,0.0031325115614870337,0.0,0.041323222457085085,0.013771810781781683,0.0,0.0074361705866196805,0.0021310926507250015,0.0,0.0,0.004218628900348846,0.016013471635823402,0.0,0.0,0.0,0.0,0.003510815095988925,0.0,0.0,0.027624700013589167,0.07101137512970045,0.0,0.0,0.0,0.0,0.0,0.0,0.0,0.0,0.0,0.0972173031931114,0.011015360405453827,0.002308456611064708,0.0,0.0,0.0,0.0007985487091507524,0.0,0.0,0.0022929198376498918,0.0,0.0,0.0,0.0025855756085259285,0.0,0.15447162480247323,0.005711310283422115,0.009398984771012576,0.0,0.003876181995749399,0.09985755458527129,0.0,0.010855948892184787,0.00204448665121076,0.07171669130593038,0.0,0.002602949667285919,0.19830506417474275,0.0,0.0,0.0,0.6673219102551692,0.4282004881945056,0.029492130969867497,0.0,0.0050299825637295445,0.0,0.014119673251093744,0.01004251134893664,0.0,0.005234075972684499,0.0,0.0,0.0,0.0038341076686000115,0.0,0.0,0.0,0.0,0.006320022512837031,0.0,0.0,0.053470947047009956,0.0,0.07604650429785736,0.0
MESSIAH_-_ANGST_II_preview.wav,0.026517351008470687,0.008698116129223206,0.04486899494529537,0.0,0.0,0.22952642593721437,0.00203689189313837,0.0,0.02811774787716325,0.003661872241875444,0.0,0.0,0.0,0.06502441964627094,0.06466941288416246,0.21109396944562198,0.013430378994600407,0.049187907329459726,0.003980440195972079,0.02430347950373575,0.003066380476015681,0.06683456863527332,0.00994042061148614,0.0,0.007386128509834052,0.012841700736283093,0.022794484922338595,0.030385558147910892,0.0,0.0,0.003037934937966969,0.04974154385661322,0.004738861141045427,0.03256391815980461,0.0,0.06522454562160075,0.05953578630683755,0.02076524863019015,0.0178883951204676,0.013725908761784561,0.07125066014826248,0.0039276225692989105,0.3049457644656849,0.0038192865169358104,0.08507705539443323,0.0,0.0,0.09053485998581848,0.0012952120048830738,0.007794946579598139,0.0,0.037165114724094284,0.012858813257986424,0.02440535138799339,0.027567059590721588,0.04702484373540138,0.0183251153021949,0.1017395112713159,0.01712211878087998,0.01029534868423307,0.09789624262898626,0.014181543901128208,0.0,0.05261407834676912,0.055686437117788444,0.012079535558645183,0.036218872637259265,0.09316112179203402,0.15161882774896873,0.0,0.0,0.23152983222549375,0.03191227889127403,0.010072784245950303,0.005629129876465911,0.014326302032011587,0.10713562610946183,0.18133812032490174,0.0009736233236847668,0.017123640467812853,0.033874156796786556,0.003727495822848592,0.011813228041732553,0.010810856140938439,0.1302807580815232,0.0,0.0,0.0024145915091506173,0.0,0.008913043654494836,0.44730136757044364,0.00945199999614833,0.0,0.0,0.0,0.0,0.0,0.17151385017456786,0.011107680309192323,0.0,0.0,0.0,0.0,0.0,0.0,0.0,0.06060016172944212,0.05212846809226657,0.5307873877812215,0.006148315886119399,0.0,0.008026270888485905,0.006381600003289993,0.0,0.0,0.0474128460573733,0.0023373506267623766,0.045167659546937466,0.041369444279501136,0.04633955283101795,0.0855854807244946,0.009246756653712353,0.09002965608887156,0.1711589284267994,0.0024145915091506173,0.004558896984467719,0.0,0.03691891478329998
Metallica_-_Now_That_Were_Dead_preview.wav,0.002545780100709133,0.008350566747168706,0.0,0.009090432771103784,0.08450129806302951,0.0,0.000977752047553877,0.01289618757361207,0.01282226924733056,0.0,0.0005694559188052226,0.0,0.0,0.0,0.0,0.0,0.0016117179077631924,0.0,0.0,0.0,0.01913507407454668,0.15895189903663004,0.010497555911617343,0.0,0.0,0.0,0.010941844474334366,0.0,0.13078953336942611,0.022714008293077216,0.0,0.002170637641065238,0.0,0.0,0.0,0.0,0.0,0.9519217752780642,0.0,0.0,0.0,0.0,0.0,0.0,0.0,0.09801253387730162,0.0008060117233507543,0.0,0.0018651891060937498,0.0037417425070273114,0.0,0.0,0.0,0.009372076101345208,0.019849174900248442,0.0,0.0,0.0,0.0,0.0,0.0049465587612994456,0.0,0.023748718825605933,0.0,0.04582404181276439,0.024353438096620685,0.0,0.0,0.011027319389026912,0.0,0.0,0.0,0.0,0.0,0.002702103769572693,0.0,0.0,0.0015271264823551079,0.0014020805937013808,0.04742144311988213,0.0,0.0,0.005670604289277438,0.0,0.0,0.0,0.0,0.0,0.07353748071014427,0.0,0.0,0.0,0.0,0.0,0.0,0.0,0.002469003099175294,0.0,0.000761703736846206,0.0,0.0,0.0,0.0,0.0,0.0,0.0674733442136788,0.0,0.0,0.0,0.0,0.0025189286001001026,0.001926391582654814,0.0,0.0,0.0,0.0,0.0,0.01885343558039265,0.1257687624868479,0.004044360904241038,0.0,0.027371629738808797,0.0,0.0,0.0,0.0021883688948668733,0.0,0.0
Miami_Horror_-_Love_Like_Mine_preview.wav,0.0,0.04532939823056107,0.0028867958655601988,0.0,0.0,0.048329493403563496,0.002358903734120448,0.0,0.0162814385696983,0.0,0.004121571609020673,0.07318004137408293,0.0,0.13554741137355525,0.043687576168868314,0.011459333146243684,0.019441981228691292,0.0031646674432392456,0.0,0.09147323843080339,0.010653431897108623,0.06684582808404864,0.002302379952333545,0.0,0.02138450030317522,0.0,0.042236896936388615,0.02436175737157589,0.0,0.020390449082712935,0.017591007390539117,0.002618417036170433,0.03292816063163829,0.00221834950661034,0.07453150393170857,0.0,0.04021954248621934,0.0,0.010358184003098318,0.19075001991872917,0.051571664421805,0.006822809479588983,0.521047742052472,0.0,0.02463171761029092,0.0,0.06417070081064911,0.00873729152440719,0.023999549078386077,0.0,0.0,0.03689189180704012,0.005956664212333069,0.0,0.053208551082437994,0.22872776675173317,0.0,0.12688683614766236,0.009914475594981395,0.0,0.11933962155607261,0.0041058753506575865,0.00238731885290902,0.0,0.2733143172005704,0.08113728444006349,0.06151890378814908,0.038729364984643834,0.0,0.0,0.0,0.2925080052176052,0.0,0.007776792491476518,0.0,0.06636457727244492,0.02255866841563699,0.0921078194291173,0.003382629733473155,0.018305273944694073,0.003922931561920317,0.009712743543914168,0.04788272633288057,0.16275924955834736,0.13258871853605403,0.025555658583811168,0.0,0.0447410209368357,0.0,0.02064420996498921,0.11610684470071614,0.021892529653566764,0.03133287224513448,0.03394341347956443,0.0,0.0,0.005956664212333069,0.0,0.12496157279055804,0.0,0.0,0.0,0.0,0.04375784407117223,0.0,0.0,0.0921118136455278,0.021306863794217246,0.24587978483865583,0.012816543495566357,0.006077113410935106,0.04182814117509704,0.014780931799212782,0.012763608744519312,0.0,0.042971739352362356,0.05143037667332687,0.07959944392853814,0.011977382908506402,0.16099609102298246,0.018584188618539266,0.0,0.00887339802644136,0.40104452709621163,0.0,0.021118448468194308,0.0,0.042755418800267606
Michael_Learns_To_Rock_-_Paint_My_Love_-_2014_Remastered_Version_preview.wav,0.06802579006496502,0.03099104083765825,0.03907846295398182,0.026989494894993395,0.005120088855646886,0.04460691822457387,0.0029029458289278427,0.021537439257729354,0.05409850366220181,0.2035348339647875,0.0,0.07204624514170657,0.0159238678435676,0.0,0.1305682386075117,0.10341641660575565,0.009570380935441934,0.02336727358919688,0.005672859862184605,0.056285013271267295,0.05244187838976761,0.047625780460303094,0.01700031463571156,0.11157457300095515,0.08947603634984636,0.0,0.0,0.05662963198218855,0.0,0.010978261263088504,0.056285013271267295,0.07733547786895598,0.08104499151638506,0.0491395517227226,0.004169134611378086,0.1208440763507916,0.007070787732753475,0.03699287631607085,0.11472414898035597,0.029342919270158706,0.26655642323439716,0.019591547581612898,0.07837118395970241,0.027215931049576786,0.0,0.007558421118329448,0.0071791464192431185,0.010752403169331428,0.011075492910994177,0.08146771235071744,0.34703346784267225,0.22700197954970042,0.07696993710835659,0.010434635228402024,0.01309604450523715,0.05361524563479368,0.0,0.10038290419506642,0.21351899200787788,0.014672766689744925,0.05874533184393847,0.01515848258352091,0.02937914424454922,0.022054336776270254,0.05290894782830613,0.00688622454308575,0.006882474591475245,0.05106605556078518,0.01309604450523715,0.0,0.24201191066877029,0.03499709637800979,0.0,0.057422285612651586,0.0,0.061252851269947096,0.05552290365741212,0.06801057788560236,0.006937962137211854,0.007509027445884719,0.019310763131403796,0.006640459471447515,0.16836024133359023,0.0,0.0731443258316,0.00898561376120884,0.012468184709928401,0.02752989836590098,0.009924217282222376,0.003629350747160975,0.043964605012667884,0.06061877817533917,0.2024362227048868,0.06265784980209158,0.15091009280089637,0.0142103501650843,0.02932188080318346,0.12221940144316579,0.020353485550447206,0.0,0.3959641130341946,0.13857994698728898,0.0,0.039489902025559034,0.01229850416513134,0.027952794272441368,0.09176428264297752,0.07866281758465142,0.0,0.008762481708855543,0.02492899671009455,0.0,0.01818990902152717,0.2513171808143137,0.12868743848730588,0.008813743273364765,0.059960786804670235,0.04198188767488478,0.024566279986187937,0.012007707523617763,0.10672817896351823,0.04612415520087472,0.016379850574240865,0.017018579586553815,0.04473608484458909,0.0,0.04129426932883639,0.026308124166961534
Miles_Wesley_-_Lil_Mama_preview.wav,0.0,0.0,0.05750663458246397,0.006990172666929287,0.0,0.0545559078698197,0.0,0.0,0.04021761737116284,0.0,0.006568326226403689,0.015549744308042669,0.0,0.0,0.009946076037387033,0.0,0.01859018170420739,0.005043359702832712,0.014692483170301574,0.005606767813484308,0.0,0.002803383906742154,0.0,0.045973095145233935,0.057934850769835095,0.0,0.004206916441503823,0.006470669647584049,0.0,0.0040618947753147195,0.008410151720226461,0.00625924486646019,0.0,0.0441907985163594,0.0,0.02407549144453113,0.0,0.0,0.02476091820043563,0.0,0.06574958255625596,0.025370667539472782,0.03690514065978801,0.0,0.0,0.0,0.003098950984875332,0.0,0.0,0.0,0.0,0.053893232127810185,0.0,0.03152950902608323,0.0,0.008678835645710736,0.0,0.0,0.5530057630239791,0.0,0.004754627848757045,0.0,0.0,0.002855993095101149,0.009788006206127358,0.0066881436786834225,0.0,0.15430224674723156,0.0,0.0,0.09866316726457065,0.03560900298202926,0.0,0.04647545426051849,0.007791779165886253,0.14982899709965006,0.008987633082904286,0.19082343882991346,0.0008984524068422821,0.0,0.003125882152108298,0.008599263986554773,0.15534152320085087,0.0,0.16393925539806084,0.005818096258707426,0.0,0.00668450159367701,0.0,0.0,0.0,0.026166707204198756,0.1248337685470751,0.0,0.006107049763509745,0.006900796149895676,0.004746407132914542,0.1400095924870953,0.06003621384218854,0.0743714441607827,0.01373479589061915,0.08545633185764615,0.0,0.0,0.023889480331242996,0.0,0.09786241733701001,0.6649638111665445,0.0,0.003404172273731885,0.050037966206299266,0.007406583452044648,0.0,0.050851685966522515,0.0,0.034240870880970956,0.008627559530112067,0.012685333769736391,0.0,0.019437180385053335,0.06910544290329754,0.009954978477884482,0.014141055525235006,0.02938496634060315,0.0,0.0,0.013368815991476485,0.02839041807216102
Milonair_-_Azzlack_Harami_preview.wav,0.007670998013273408,0.0,0.05768800979873099,0.0,0.0545616609154187,0.005030144901693491,0.0,0.02185822292388412,0.024401893088929764,0.04237258040339618,0.0,0.3473167642811824,0.0,0.0,0.0,0.0,0.0,0.03952551872763852,0.005757352766025099,0.004394102726579717,0.0,0.013182308179739149,0.1639084523953723,0.3705918245385622,0.016025067070223182,0.09287189056291077,0.006594039068872073,0.04733077751975692,0.06141783367562775,0.058892234308463735,0.12303487634423207,0.006540610882891948,0.11652380069391902,0.016623815906209777,0.06346846018554307,0.009434150487356987,0.0,0.18021051303703006,0.2673643849872485,0.0,0.01932332693225841,0.051128610894655105,0.0,0.18782478221939292,0.0,0.026848493046456926,0.07528943451560086,0.0,0.014987271862943042,0.0,0.19867820111709616,0.0,0.11159477912053672,0.035300170433829034,0.0,0.0,0.0,0.0,0.11763670525927059,0.014891306314397874,0.0,0.03333255591139631,0.03578006892234451,0.12534378771693144,0.03451949105973033,0.05940471147040881,0.006984983780485639,0.16930037483026186,0.06645550030137629,0.0,0.15464742137085963,0.00507405019009704,0.23079136741052259,0.1456938664690412,0.004071017886084686,0.0,0.0,0.02300784778877821,0.011266076433165156,0.03048347463959681,0.0,0.010782982448896403,0.07261883124006187,0.0,0.02284115524830414,0.0,0.012653888774078472,0.017462459451214093,0.0,0.00920851786870851,0.0,0.10595395012454932,0.3717691189933462,0.0,0.019144722884837748,0.003605500612420687,0.05207756358958381,0.08110292381987107,0.043608451946823355,0.08742891888102289,0.2655157629669176,0.06027599536483133,0.0,0.025504228831537214,0.012481680967493981,0.07565101263784578,0.010956593102052827,0.057658206680459054,0.0,0.016007385895785726,0.022770265524775374,0.0,0.0,0.055794453265389614,0.0,0.011926689640781505,0.02366538875987846,0.031245262213400345,0.0049864351831514905,0.0,0.007736986676112172,0.022291018654537958,0.0,0.011514705532050197,0.11874472426825586,0.006594039068872073,0.029336521095528065,0.0
MiMS_-_This_Is_Why_Im_Hot_preview.wav,0.015678867884380564,0.13500164879685997,0.04421602064924091,0.134366069770389,0.0,0.10281188603683158,0.003010873793264705,0.0,0.008312565874915983,0.0703673364592082,0.008767866590714764,0.10586018453672214,0.1926854733209697,0.0,0.15135467676506426,0.22427365256234963,0.12407744946072896,0.060590100380674534,0.0,0.17513286302824824,0.06798950386013676,0.008981172462987089,0.008816182738212344,0.021040505224706275,0.06550774983844639,0.03796444999174658,0.11456007044381379,0.08637507679588477,0.03138320783940951,0.0016266313639683675,0.022452931157467725,0.0868949423921943,0.0700484540566871,0.031146194424376144,0.0,0.20246731752312191,0.01466734189121803,0.0,0.017628066975708116,0.2637600594045358,0.2567190451577076,0.04644557093510409,0.07389538947894603,0.005645557195032781,0.03143960135515001,0.003919716971095141,0.024820194250395406,0.022304328654395335,0.013401810507238137,0.01920376862371528,0.20304067746017265,0.2982260705489142,0.02661052831224382,0.0,0.020374409058888543,0.12511933804736564,0.17155510028918136,0.034705005804897014,0.056946179871600826,0.0,0.07616176401011192,0.005240685456083655,0.0,0.01372457397567717,0.07447462245080769,0.010713368884481066,0.17132055726664216,0.017654876284774246,0.0,0.0,0.0,0.04148370912446596,0.0,0.009926195956858317,0.00416040725603282,0.08470687617322332,0.0,0.05643130218414782,0.010074269880341769,0.007788203873604449,0.15021535209397935,0.013774687215022563,0.026192950282140526,0.047940870421975534,0.06419239718378618,0.07921734678050255,0.0,0.01784589138194189,0.0,0.013174999442996828,0.056998943859368045,0.01746458610432979,0.15997146902777235,0.2707807990988105,0.0,0.003684668387436743,0.007603008089212519,0.053630656047518384,0.01641904691140997,0.022337159813460086,0.08800405134730818,0.03422194747488655,0.0,0.026064237902992494,0.0,0.0,0.17355617345341914,0.01813053436270314,0.0,0.00727060802258195,0.0051711652445493445,0.10677778178348114,0.16036259393707308,0.15476737687285125,0.1334718795654881,0.06398999204369124,0.0725550645085432,0.11030823097087221,0.010191849654422887,0.07472483614356856,0.10278933016309949,0.018224378934162896,0.042472083305967474,0.04707015865528067,0.0,0.013477655346331035,0.008565907919826943,0.04547704657738048
Mishaal_-_Stray_Lines_preview.wav,0.0,0.0,0.01478657110787345,0.004493424365133256,0.01065541060749842,0.05776176158273095,0.0024165267947986024,0.0059762051062078785,0.018347075886008937,0.07385429298644759,0.0028148352942695327,0.0,0.06185973125677779,0.0,0.0,0.05478321600131722,0.0,0.03241973617912774,0.047223126671880285,0.03604143746254925,0.01091367284876686,0.10452016864139281,0.0,0.0,0.03943238166583596,0.0038087826389499196,0.037860073616882345,0.022183879026423686,0.0,0.0,0.018020718731274626,0.04828283030549405,0.011244175464336462,0.052268399826783156,0.0,0.0,0.00588600305464286,0.006158866344913656,0.01061121266920816,0.0,0.18491008129648215,0.08387371651372773,0.0,0.03171786271718942,0.2901843151042402,0.0,0.0059762051062078785,0.008950725193781308,0.010756290835571121,0.027743294580940735,0.10370208114272282,0.0818850135799019,0.0,0.017372405211361384,0.10901664832122918,0.022315724323047334,0.01449369414079802,0.027854231761152242,0.14727164825929137,0.06107095335067366,0.0,0.01682469302574861,0.0,0.0,0.13527645951958886,0.030094918161094473,0.21198201897747304,0.036841481835196074,0.016352497248184373,0.0,0.05223044182613534,0.11653186262706787,0.0,0.00796676318809117,0.0,0.045323816280882834,0.03466459391253408,0.1434238862192345,0.0,0.009376216658111248,0.04018760535421462,0.005527780808935637,0.042044914890297054,0.038477334453482524,0.03278596813589072,0.01869994972459745,0.010379009533625418,0.0,0.1569649003013852,0.00906364484053363,0.04574734265498142,0.0,0.0,0.04346572466790372,0.18058381468430534,0.07689016976094194,0.0,0.14869730057500388,0.03576865156503537,0.0,0.15303607942071434,0.021973223382062413,0.0,0.008965351247793442,0.0409510429782406,0.0,0.026960546190799534,0.014551563798355814,0.0,0.0029176943816692064,0.018676693559133713,0.0,0.0,0.32688492204364117,0.03570816928556854,0.11983616572583246,0.08041656147078585,0.04426668371557853,0.012269965200915929,0.43481252072675286,0.019038161289373856,0.020111964723759188,0.0,0.1369470673484528,0.0028646218780739603,0.0,0.0,0.4525983861960369
MJG_-_Middle_Of_The_Night_preview.wav,0.07852013908270503,0.1144705070035014,0.012301937290740379,0.14953520828400915,0.0029549828725051225,0.017162811436169736,0.01005235117530964,0.011048899244354815,0.03931677397662983,0.15059883581472336,0.017563872831593164,0.05544055358524971,0.0735217814665559,0.0,0.18617243734674963,0.09766675880383809,0.09942124556979667,0.031467504195065304,0.006548012819109315,0.17491414462513782,0.14628589618819718,0.014992640967868955,0.006540985256577011,0.011707927219102908,0.13973111277280856,0.010562603242404933,0.007499601658505314,0.015380210341841892,0.06403134340135715,0.0018102684720031571,0.009995093978579303,0.23432333884412243,0.02338695368236763,0.03151128770463476,0.0,0.08583797566570808,0.0,0.0,0.06866360197753298,0.07902919711232917,0.05127968722295111,0.0646112531935971,0.02467132321986837,0.05654616639699472,0.0,0.004362229949039168,0.0773422947104837,0.0,0.029829592083883645,0.0512922266026066,0.2670469159352358,0.26202160958762255,0.13961215880203678,0.004014795999325926,0.007558186645112687,0.0,0.13063129470069565,0.0,0.17604185678534953,0.0,0.07628398104962296,0.0029161640009476106,0.006782293862400711,0.015273997606458645,0.11778020862405754,0.027819972090953732,0.08341446747207322,0.0668032269139374,0.0,0.0,0.1965776065319788,0.03462523181031144,0.0,0.08837444050648595,0.009260185501299409,0.16497212196701275,0.0,0.08373608545931722,0.014414908707410589,0.01733489251249082,0.13931148442220762,0.04445632817324748,0.0388666402930019,0.0,0.06494485549494185,0.0829746061427327,0.028783306936897908,0.0,0.0,0.006283876861441322,0.0,0.015548988075145697,0.044507826606532436,0.20491824325877953,0.04354775396358492,0.008201291527160254,0.012692014436548799,0.05425931044657671,0.07309064271711484,0.0,0.24484797707010927,0.09902205025379293,0.0,0.04558201523933869,0.0,0.0,0.21184154506901293,0.045399071230819814,0.0,0.018205687979477483,0.046039674940920254,0.0,0.12597641437825746,0.08158722768650915,0.3465934949572937,0.033911469312003555,0.06921094653828849,0.07107237851295681,0.04536979799968203,0.006930069198156214,0.05279706489630753,0.07352153972752085,0.03151128770463476,0.006548012819109315,0.0,0.0,0.009532948512387354,0.010122227499414172
Monsta_X_-_MIDDLE_OF_THE_NIGHT_preview.wav,0.3419693977988112,0.0,0.09783655379272344,0.0,0.15443381408461446,0.03899851089941928,0.0038069396762596373,0.15063637535496444,0.06831748973502162,0.08897224642179469,0.0066516383267232115,0.20471068753048197,0.0,0.0,0.0,0.369875119420068,0.0,0.1736491946819995,0.007439420698796704,0.01703365076202819,0.011462096281080346,0.062456719460770034,0.28982602136719154,0.0,0.0,0.04800213522209514,0.0,0.0,0.06613472106747034,0.053474401614505764,0.005677883587342731,0.1479015207756181,0.0,0.007160209745205886,0.0710765490434929,0.012190431481873976,0.00927267126171999,0.019405067388202524,0.10587215304228662,0.0,0.008322943095061128,0.018351762117083923,0.009343310594066019,0.028552901457964016,0.019876068215221972,0.0693850952055559,0.006276515639790185,0.0,0.004841488139029288,0.10683722148428783,0.0,0.0,0.004806610163882323,0.06385885336133458,0.025761340910448256,0.0,0.0,0.0,0.0,0.057725849151295854,0.0,0.01656576691971599,0.1618175030382283,0.2140241521704746,0.019824312915873117,0.02257658511181062,0.013538574505270531,0.04018098948051664,0.025761340910448256,0.0,0.0,0.05245187577693301,0.008520553235356014,0.16315847611790152,0.0,0.0,0.0,0.12486524229600916,0.009098483020020363,0.09847381314869057,0.012662122319200228,0.01915833992931434,0.17111114823231635,0.0,0.01475721308423313,0.0,0.0,0.027077149010541063,0.05205870002950448,0.01903820487553867,0.0,0.198739526468629,0.0,0.0,0.0,0.004658883513939212,0.009613220327764646,0.0554812679130102,0.03558890233501985,0.009414345667032906,0.00927267126171999,0.008654025282126138,0.0,0.032955543213514196,0.00806416416702047,0.0672053313163391,0.0,0.022924192562160692,0.0,0.0574558418340549,0.01307681124729164,0.007500527936881771,0.011927175090824981,0.12359204279241,0.0,0.02311678614831833,0.01747398154674192,0.08808845816200282,0.006443271868566898,0.07873487981941614,0.0,0.11809460293507953,0.39023143111372083,0.07439420698796705,0.14441146138955233,0.0,0.0,0.0
Montell_Jordan_-_Get_It_On_Tonite_preview.wav,0.0,0.01566481439861744,0.0,0.009094788188564995,0.0,0.004175394852449255,0.004891102545582379,0.004031989502566481,0.027007184560225314,0.101120641747335,0.02848643785541856,0.0,0.16545003937353256,0.0,0.1099956185646897,0.01584034501890278,0.060468379338680524,0.013123649569634192,0.004779031533445971,0.029179459859324994,0.0,0.010942297447246872,0.05012597630421362,0.0,0.37688997224673426,0.0,0.0,0.06735097707828767,0.0,0.0,0.0,0.005429194097988374,0.005689613638359688,0.022998341903127505,0.003512236554224351,0.0,0.005956698801320074,0.0,0.13244349894804316,0.09063847504927311,0.048119400960784986,0.1438263235154255,0.02400830804637441,0.0,0.0,0.0,0.006047984253849721,0.0,0.010885482751551892,0.00935883813632547,0.014992518369490069,0.006374501543476654,0.0,0.00586035403752957,0.016548904214382872,0.005645938640009372,0.036669438375117276,0.0,0.41114621270298757,0.024721786328838723,0.024744643808001204,0.019155117883858777,0.051975212922712205,0.052022338943314435,0.006367499593696982,0.00435091184657649,0.1043650205006861,0.005735996675222285,0.005516301404794291,0.0,0.0377555517640577,0.02948287657949444,0.005473543471033675,0.028218577024717573,0.03379248005373388,0.5733524082582375,0.0,0.12222865286077349,0.0023379205999861288,0.0237220818651433,0.061005437412884445,0.011188348022542751,0.08155399217831596,0.0,0.1801186679828493,0.11354730917585024,0.0,0.0,0.0,0.021402515594589343,0.00925936118709816,0.017022516535269504,0.0,0.008797556767272875,0.02383731849096637,0.005985668004329512,0.0,0.0,0.024767232266428154,0.0,0.11913397602640148,0.11674498447780857,0.0,0.0,0.0,0.0,0.0,0.007363170034937914,0.0,0.02362190636268614,0.0,0.014454859180224175,0.007661933391292614,0.033081107930636455,0.18791267987315874,0.1683006894640205,0.19924664052326774,0.06601864030216253,0.0,0.020231493212901897,0.0,0.025904487626299263,0.09659303599313554,0.019116126133783884,0.011596113388965124,0.01094708694206735,0.0,0.0
MOTHXR_-_Stranger_preview.wav,0.0,0.008926500177470592,0.002558172657362119,0.0,0.0,0.003568985429028219,0.0020903740046078066,0.0017232037080533089,0.004328404180055244,0.06012833626289144,0.0012174618835302394,0.09078925752863047,0.0,0.0,0.027653091629803537,0.0,0.0,0.13180737630864026,0.024509721131255355,0.018706206971735202,0.003146893586691032,0.0,0.04284597873195429,0.0,0.0,0.019768322622698623,0.009357197383051161,0.25426451087928603,0.07262857490679067,0.01693993912627082,0.04364781626738214,0.0,0.09240247423395082,0.0,0.06604708623315651,0.0,0.005091583425828726,0.0,0.06119361934056654,0.0,0.009140183647375063,0.0,0.02052148470290633,0.0,0.0,0.03265633178033501,0.0,0.13162534602620685,0.0013292200310601428,0.0026665387842769823,0.006407547249544619,0.0,0.10557154871164309,0.005009231200402722,0.00943029343645913,0.0,0.0,0.08031604438397633,0.0,0.5494148831267726,0.015863159590543706,0.0636733335332818,0.05288886102734375,0.4891361747982235,0.019049526871862087,0.008677693226239642,0.014867944654730788,0.0,0.17446042857449387,0.0,0.0,0.0,0.29475171756611157,0.03101178773309674,0.0,0.0,0.0,0.013059611620142896,0.0009991874841107395,0.01486967408931759,0.003476358123597345,0.0,0.018185107092915462,0.0,0.036464046598504246,0.0,0.0,0.18089332663255794,0.0,0.0026134488559406742,0.0,0.3104057141186231,0.013883021312726066,0.0,0.0,0.005116345314724238,0.0580643517914037,0.00338494696675701,0.0,0.046524386025690236,0.0,0.0,0.0,0.038776597120512124,0.0619919641707282,0.03690215488067771,0.0,0.0,0.0,0.013881451164032823,0.001795105033116706,0.004118507240308307,0.0,0.028276605291903057,0.0,0.0,0.02158849620673183,0.030230618079551283,0.0,0.0,0.0,0.0015815910342753365,0.03145312002132617,0.0,0.15611341887467328,0.0,0.008920641882196694,0.05051771279651875
Mr_Probz_-_Nothing_Really_Matters_-_Afrojack_Remix_preview.wav,0.00811160252502681,0.0,0.030500738309243478,0.017378871976994087,0.07418000241518494,0.042552518997111495,0.0,0.043659228220341566,0.03870522269457575,0.011201591031484976,0.01451562942953389,0.025773041523753804,0.0,0.11934500842620482,0.0,0.015134345212187024,0.015406218761708227,0.0710528154004041,0.018264125666653887,0.009292979794930585,0.009379994104236206,0.0,0.03648904790204824,0.22859536465961558,0.005648503375337502,0.08347530289891886,0.0,0.06434916261385235,0.00541212775120493,0.040394509633894723,0.26484992415552167,0.003458144276734359,0.0,0.014648874766910326,0.19239330270038496,0.009976026428674857,0.03794140252905642,0.015880115925573948,0.1231205144542524,0.0,0.0,0.021025402573403865,0.02293826438128467,0.011683118025130399,0.0,0.004055801262513405,0.00256818989531421,0.0,0.0059430398793784865,0.031792772632690876,0.0,0.0,0.0,0.09705210103517053,0.0,0.0,0.10276960209947629,0.011969963426526854,0.03273512828742507,0.0,0.0,0.14369972103035572,0.15764664134636344,0.321890742882484,0.028390608837593832,0.0018475524027146853,0.003693092604966053,0.20094597915785092,0.021081765493113445,0.0,0.0,0.059020411801924716,0.0,0.09757271882415211,0.0,0.007303976661673337,0.0,0.2676230230871491,0.0014891467492932323,0.016117187713403404,0.0,0.011402332200900069,0.37039829370950694,0.0,0.05434447220539992,0.009643247727700945,0.0,0.03323783344469448,0.010650545226988096,0.017527381182915018,0.0,0.31081981769834355,0.10345333777181007,0.0,0.0,0.02668814602058804,0.0,0.005044781737395675,0.012135058235004206,0.0,0.0075882805058112845,0.03541006118498736,0.0,0.358304197868073,0.013198600061858032,0.004999764568379517,0.0,0.09848993809448016,0.0,0.08651482397040917,0.008026045763828031,0.0061380489311313605,0.0,0.01685690244167167,0.05524229648657497,0.012611731307709075,0.0,0.02402903151246156,0.0,0.0,0.0,0.02121422722331928,0.032227524487202716,0.036528251333307775,0.2695957601625219,0.006972785531769859,0.004431649072114143,0.0
Mustasch_-_Where_Angels_Fear_To_Tread_-_Single_Version_preview.wav,0.14473227375732894,0.2748523999336356,0.014321400128150282,0.002720041034580493,0.011610227106896635,0.014985169658179955,0.0014628157745391456,0.014470498932697919,0.0030289593628743602,0.0,0.0,0.0,0.0,0.0,0.0,0.059218515538796986,0.0,0.05102474515796237,0.002858595847866189,0.010908627905712318,0.18498094016567915,0.037089334879421884,0.007138819750336247,0.0,0.0,0.0,0.016370103994825257,0.0,0.0,0.018966948589310282,0.0,0.024356197898811133,0.0,0.0,0.0,0.0,0.007126043986642206,0.10066130666304382,0.0,0.0,0.0,0.0,0.0,0.0,0.0,0.0,0.0,0.0,0.001860340805025459,0.20712690825629704,0.0,0.0,0.14221429917837608,0.0017526965036186318,0.009898789857923205,0.0,0.0,0.5732817569620503,0.0,0.0,0.640147687371364,0.0,0.0,0.035562696526367836,0.14092352971108343,0.03123017318972284,0.0,0.008577520447611241,0.0,0.0,0.0,0.020154622299151038,0.019644124793790307,0.0,0.0020213100184557882,0.0,0.0,0.0411252370644448,0.004195308237446724,0.06716341224643654,0.0,0.0006692352828787665,0.010604745633461962,0.0,0.0028352280208786057,0.0,0.0,0.0,0.0,0.0,0.04984669829500352,0.00678805524332776,0.0,0.0,0.0,0.0,0.03324490110663336,0.016581184350863153,0.009116685520191842,0.0,0.0,0.0,0.0,0.0,0.0,0.0,0.0,0.0022021540495914186,0.0,0.0,0.0025123809936494134,0.02017453403925631,0.004583014534575259,0.0,0.0,0.0,0.0,0.008461992907175047,0.0,0.1089138999833079,0.0,0.013281315068257643,0.0055026181946686275,0.040020341870126645,0.0,0.016370103994825257,0.0020808486321151867,0.0
Myke_Towers_-_Inocente_preview.wav,0.09932589084862713,0.06205806497639463,0.0711388525559406,0.02702258108476184,0.022427849187444036,0.02481200081230476,0.010899391969738038,0.035939736365603867,0.03510682943234912,0.33310902640922485,0.0,0.5485232624000909,0.0265723146271045,0.0,0.038449500320221014,0.10589644830868186,0.029944103697362584,0.0048741498602095975,0.01419953543080302,0.03793058539386137,0.06563270804706652,0.01625596516879773,0.0,0.025388943479730138,0.026348742427529395,0.10307375444494057,0.09757848288513941,0.012507144212029815,0.21459196893713933,0.01570245631313285,0.09211713595652046,0.209707015825769,0.02535760746086166,0.04441647841649825,0.03130684138242714,0.023267734243291826,0.01769863937662225,0.018519112782563157,0.16485224250825178,0.012241204376098647,0.015885904313220692,0.021016676455037735,0.026750201768310382,0.06131091335733113,0.0,0.14662393410987815,0.11979912121867954,0.026913961119851094,0.0231022297136249,0.09732495689190088,0.022273005973559155,0.13258015127288136,0.09633036736570308,0.09141498588271033,0.05736543239705261,0.0,0.0,0.013959161490881566,0.061080212315600006,0.05509032715609132,0.036760842025765,0.07904721477607077,0.06986100472666587,0.055203432495318824,0.02837882595675061,0.0021545832207980043,0.03876137863824188,0.10651803541519252,0.016390123542015033,0.0,0.14583387420666205,0.018771428045140984,0.008131540240428285,0.11977641478945034,0.0050202380383929665,0.025553308589058472,0.0,0.01702348786708972,0.020839401976054737,0.0,0.1087562026682763,0.019945799860880555,0.015803121816195143,0.0,0.04929211055988538,0.005622893217419481,0.0,0.12489777561211271,0.02484095823718032,0.01816899968520556,0.0,0.10115515035729455,0.0,0.03920916345094179,0.03541291223116802,0.004446178284746288,0.022935801753738827,0.07648076822293691,0.07924947610770022,0.07187620663984373,0.05309591812986675,0.06607134807283638,0.0,0.11232475101410605,0.0,0.0,0.02702258108476184,0.054693923372555436,0.0,0.05921925902900851,0.10607811704962025,0.014316170102694578,0.03414788976491554,0.019658224092636727,0.07515969726524414,0.0992761646115778,0.01667619228270642,0.0035027794091729565,0.024596395577631578,0.07514017293151931,0.21944262239049458,0.027488510956080518,0.22208239208249125,0.03549883857700755,0.0,0.008131540240428285,0.04651300307093398,0.032925468837765114
Nelly_-_Hot_In_Herre_preview.wav,0.011382547039678502,0.05133779556375513,0.008024988453547143,0.0,0.011565838552989075,0.0,0.0021858346428514936,0.025226556084367645,0.007543447395994463,0.29865246631512504,0.00891141608560923,0.004520729051297193,0.0719412845402927,0.04186750300482745,0.017349551477333414,0.0070790531530176915,0.003603110672185823,0.023459845793549094,0.034172001384909285,0.009780229553428745,0.01645301033210801,0.006520153035619164,0.021334579228575092,0.3513247557905864,0.047557326810721216,0.027561437538297748,0.014676765608537586,0.005016527376517754,0.003797264382886903,0.0035427063012052097,0.13040306071238328,0.0194104628664821,0.005085378799264625,0.006166777979995949,0.006278476693192154,0.006999393137368511,0.02129639847149361,0.01671274257713297,0.1567709296585299,0.13256624114159832,0.03345155223441435,0.03161115289772921,0.03755261075438855,0.11066118816175356,0.0,0.0028456367599196254,0.021622762358029412,0.0,0.0041697636673517415,0.0669194642298276,0.28810684838418577,0.028487659325863765,0.02207853216359612,0.01571395989582325,0.009860944520085927,0.02523171034697023,0.10488050477748702,0.04199190953492351,0.16077365446737438,0.0,0.05529192974026018,0.013316217859205315,0.0442432997730341,0.01992753686423,0.0341476411190355,0.01037025769805033,0.01813806835193961,0.017943925912398313,0.004930472260042964,0.0,0.45894459763199336,0.033880893583520214,0.029353531217075172,0.21978975100333517,0.02114261192304126,0.061495511648928525,0.0,0.03072600440724128,0.002089634307218292,0.009894642636149092,0.021810673116200437,0.00800011971976875,0.06021594721173825,0.02320274723597397,0.03389265954762995,0.030446588230702114,0.253480972542797,0.012955763108528291,0.0,0.008198389906366317,0.02482806148284155,0.012678943041486257,0.29759878937987577,0.0471795571860813,0.11363095567028314,0.013374980755911902,0.02207853216359612,0.03185573918857961,0.010217059139399843,0.0,0.18101938700769565,0.07453336486948003,0.05745673724760702,0.027031599490833152,0.01852083920513673,0.010523824708738975,0.03658016288970568,0.026324816531372818,0.0,0.009237055076945812,0.01689373520845987,0.02153293090819318,0.0,0.06504939462731549,0.2454747729474974,0.00884865995460682,0.030099164259106522,0.021074101931819474,0.007399080658646855,0.022603645256485966,0.0,0.028114892321025823,0.004111185319997299,0.008543000346227321,0.023320373595350923,0.0,0.02176537725420913,0.006603086724244496
Nelly_-_Ride_Wit_Me_preview.wav,0.06534518198212516,0.18912588520010656,0.08672006429384982,0.25254928613452127,0.04947259193874381,0.0,0.002952585568519102,0.12169847091481101,0.026492833013217375,0.042464663624198144,0.024074756629453263,0.22594117893995888,0.24294243758221243,0.0,0.0,0.0,0.058404194154017555,0.003961141477252556,0.0057698645267189605,0.17174242411202167,0.32003173833288306,0.013210955700924744,0.020172852353085594,0.02063317705969246,0.03747308230539813,0.055844230707949805,0.0,0.016940584211650296,0.0,0.00797570509480884,0.03522921520246598,0.20319956892481253,0.006869236930737884,0.04997982732374823,0.0,0.0,0.0,0.0,0.021608501272037565,0.0,0.012910213326115869,0.02561986127047413,0.0,0.09411647958777042,0.0,0.03459450810818391,0.10222671556844125,0.0,0.04318204544555346,0.256115176623826,0.054302717590939145,0.0615689770177358,0.018639549100131683,0.01061306521159567,0.0,0.006816506828012597,0.05312650235879129,0.0,0.0062048605752222236,0.0,0.0,0.028265763761892403,0.04781043391026543,0.0,0.02306300540545594,0.02801590991452486,0.010500245105500895,0.048476655692864114,0.0,0.0,0.0,0.0,0.006608369099041941,0.0681382265130205,0.020399324692392876,0.04153350776490111,0.0,0.0,0.014113199548631916,0.04200586596266896,0.3191658106479003,0.0121572177803097,0.0,0.0,0.017168094883057598,0.04569632896909861,0.0,0.010500245105500895,0.0,0.05906258963499455,0.0,0.0,0.22550715579029632,0.14870166581084593,0.019186327803108333,0.0,0.02609536874018436,0.004781127942759882,0.0046003390461327644,0.02190472940262787,0.0071916966585285685,0.08725453521638928,0.0,0.029211033254191065,0.031272014750056726,0.04738463491473193,0.010980403744979186,0.0,0.0,0.01782463646421875,0.032961860241254054,0.0,0.018500952492617635,0.0,0.37521216798612195,0.020917064835741125,0.0914791547429116,0.04269976878412356,0.02498635800799888,0.0061065183497286185,0.3256596225342525,0.04914681428383307,0.0,0.0,0.0,0.006608369099041941,0.012600117694365762,0.0
Nick_Nolan_-_Big_Loud_preview.wav,0.005095512398773316,0.0,0.0,0.0,0.0,0.031185539732724074,0.0013046813377816852,0.0,0.003602027288670978,0.030491796392497404,0.0007598639264558097,0.0,0.004771147293156727,0.0,0.0,0.008450692798846146,0.0,0.06126188503646858,0.002549573719319654,0.0,0.003928190195142583,0.0038917500062839276,0.05475700464255228,0.022793345378325287,0.002365502081308325,0.0,0.0029200900826110666,0.007485664194702648,0.0,0.004933999266714937,0.009729375015709819,0.0,0.015176808631543774,0.0024538849636701085,0.054338723778747045,0.0,0.0,0.003325168170862441,0.011457974453705383,0.008791795512525964,0.0,0.001257871339484569,0.0,0.0415879613465233,0.0,0.0,0.005377582466433229,0.13047725848395827,0.0041480820286394875,0.0,0.08398303522678824,0.0,0.07906942725149298,0.0031264503143423623,0.0088287032578137,0.0,0.0,0.0,0.0027417887164198516,0.0,0.0,0.006812731101879622,0.005281589595492563,0.27753486717794507,0.0016985041329244388,0.0030949005522629435,0.0,0.0061202133841986245,0.0441435162890685,0.0,0.016113819189076516,0.0,0.87602702478332,0.0,0.0018028008070812944,0.0,0.0,0.0061132475056804615,0.0024945225315484145,0.0025311068180924145,0.0,0.0011937781904656486,0.0,0.0,0.0,0.004038436565346901,0.01681086268812653,0.10207610153677452,0.01784110602572026,0.0024467281515723927,0.0,0.11654426766273847,0.0,0.0,0.02119501979229037,0.003193304277154876,0.05271295150099532,0.0,0.003049179961938325,0.0,0.04448989226383463,0.005931664929019387,0.0,0.050017339076582894,0.19898498740533563,0.0020938207356292317,0.0,0.0,0.0,0.0015752614112567872,0.007842749774116739,0.0,0.0,0.010589098162963344,0.03470187374388442,0.0026407947977462815,0.005988531355762119,0.0,0.0022081822345638956,0.0,0.0,0.0,0.006134712409175271,0.0,0.18249969668696048,0.0,0.0,0.03547126331877331
Nickelback_-_Far_Away_preview.wav,0.048796214481049094,0.0,0.01349121034614112,0.020498915144772454,0.49970851103817887,0.0,0.0022048297105442195,0.19811354760738722,0.0,0.0,0.003852367269702374,0.08208026149092251,0.008062939969096763,0.0,0.0,0.0,0.007268843950657426,0.0,0.0,0.0,0.02323438352368648,0.0,0.008607991331633003,0.0,0.0,0.0034751185633187577,0.0,0.0,0.2987605059192209,0.03216143417232928,0.0,0.014684355938152734,0.0,0.012440735490300031,0.034831704207176344,0.0,0.0,0.06743191027601196,0.0,0.0,0.0,0.0021257237464997825,0.0,0.0,0.0,0.6429618849267645,0.0,0.0,0.00981399819797911,0.13500199882928599,0.0,0.0,0.0,0.013208762825800115,0.0,0.0,0.006611995266503021,0.0,0.0,0.0,0.0,0.028782721704505458,0.053553332856785964,0.0,0.0,0.0,0.0,0.0,0.0,0.0,0.0,0.0,0.014804307807192081,0.0,0.006093240803772513,0.0,0.0,0.0,0.001053896693374074,0.0,0.014666806338968488,0.001008705170342066,0.0,0.0,0.0,0.0,0.0,0.1725022155888833,0.04522552691068668,0.002756544844063394,0.0,0.03069389762771664,0.0,0.0,0.0,0.0,0.19764976690642577,0.024991997303496147,0.0,0.09269111768296366,0.0,0.0,0.0,0.11179267511882772,0.03269312671257083,0.24061295753156045,0.0,0.0,0.0,0.031945116964589765,0.007573574684413002,0.0,0.0,0.0,0.0,0.0,0.0,0.0021257237464997825,0.011195068840351003,0.0,0.028950574667255504,0.006672755965418496,0.0020734559150500055,0.0,0.026136699331648982,0.0,0.11290896011318832,0.0
NLE_Choppa_-_Camelot_feat_Yo_Gotti_BlocBoy_JB_Moneybagg_Yo_-_Remix_preview.wav,0.15327007331623718,0.0,0.033900970735029366,0.008585010840305524,0.020357929307344105,0.015765429310779188,0.0,0.024738935492950056,0.003186673611970195,0.14110394531431036,0.0026889727690188776,0.08593868623022975,0.05065177343573766,0.0,0.006107658184427968,0.026166819836087294,0.01522107479155964,0.01238804813083364,0.0,0.006885976177035371,0.0034752263196427846,0.013771952354070742,0.015772111859758475,0.4839604795271727,0.09208027261538944,0.021830860555354763,0.005166742650784253,0.010595974609012128,0.0,0.009977267326523966,0.09296067838997751,0.020499516522641387,0.005370701741452546,0.004341849649575078,0.08288425268013566,0.044352628658551885,0.0,0.0,0.06757828654452626,0.0,0.035328402648321815,0.015579547618516978,0.011331302090941799,0.02597111179723857,0.0,0.015026477776101685,0.007611980151676941,0.01710100506274561,0.001467904874849568,0.020613274192878617,0.3962605881076698,0.03610320353876833,0.09035446744556053,0.02765935934795962,0.0,0.0,0.03461405801117051,0.0,0.11643024399766594,0.0,0.0,0.008036196910959971,0.05139820142607712,0.08418240698612758,0.015026477776101685,0.005476048420059139,0.0027365331958705396,0.027072424676505613,0.0,0.0,0.37064864737260683,0.027830314438393337,0.14466879422195908,0.11796332963458721,0.009569507334328183,0.037885056547888936,0.0,0.01081664459959287,0.001103438215300613,0.0,0.0,0.0052806116573120435,0.10041229716520968,0.0,0.008948564740213483,0.021436560367350452,0.08923430317898488,0.07114986309263402,0.0,0.0,0.0,0.09641026439844569,0.21464118701907034,0.15778435454866785,0.07500399621036544,0.002825080894585781,0.12824505056789237,0.06728610814993875,0.007193535228281429,0.08563088559539841,0.17993012339463496,0.15218266800764663,0.04551032641440504,0.008564474596110266,0.15158983854771074,0.0037047599874722487,0.021462527100763806,0.1112072422285691,0.0,0.005574465231837907,0.045595159153733036,0.004548213774908319,0.0,0.02498148735786153,0.23195829832175896,0.007008845649010517,0.010595974609012128,0.00222564965978814,0.0,0.0,0.03637377816281826,0.005239821402735295,0.006512774474362615,0.01353347763691101,0.07114986309263402,0.005166742650784253,0.10508140332669033,0.0
Nova_y_Jory_-_Aprovecha_feat_Daddy_Yankee_preview.wav,0.12995928485791272,0.0,0.0956083186819533,0.008070550139732286,0.2602764067399483,0.0592827149988877,0.008680551435453083,0.13596074644173886,0.05092708255435164,0.12484538998947582,0.005055669692309742,0.08078877115769685,0.007936073791549083,0.0,0.0,0.042169304899189027,0.014308944924002625,0.0,0.008481651867061894,0.0,0.09800915379600006,0.006473330905635555,0.03812647074145114,0.015165297549132845,0.031477207334599286,0.0889314237639299,0.009714246469318063,0.04482452693238959,0.18095979344528987,0.10551796896744345,0.23303991260287996,0.07226652607684418,0.0605863198025703,0.004081662323774966,0.1745349220941754,0.02779651806900777,0.0,0.0110618173583214,0.2668202326417352,0.0,0.0379558079585918,0.08787561661723889,0.0,0.09765912418428455,0.022660620754349117,0.1864633217526574,0.017889571900228798,0.0,0.008279640023664277,0.033219453103402456,0.0,0.0,0.02739997892398076,0.0676048349347053,0.009790131699656968,0.030060621491331554,0.01301591790226846,0.0,0.11857420074714414,0.0,0.0,0.16620173099371796,0.21523535403158323,0.07254292627124831,0.011300807378948933,0.012869734285657651,0.01543527115606697,0.21378081687826314,0.019580263399313937,0.0,0.013401436833820895,0.022425060101770408,0.019428492938636126,0.20032522893603671,0.005997366820757014,0.0,0.0,0.006778968150304788,0.01037314175640969,0.05052130881346379,0.02165404762503514,0.003971334871118227,0.0755160354708354,0.0,0.008412317905933265,0.0,0.055924597835797264,0.04630581346820091,0.014837975568900132,0.14379811817159668,0.0,0.06042189014365198,0.0144127654093197,0.0,0.0,0.005311573260108517,0.02739997892398076,0.014056434966396343,0.06424336373083045,0.01073325541555554,0.03171519908761423,0.039465669526455575,0.0,0.4240322124063858,0.05516351541288622,0.13931002204071613,0.008070550139732286,0.04573760510480003,0.0,0.24629940411870613,0.04845365470236509,0.0,0.0,0.0,0.012826946542302953,0.10102883964747784,0.04482452693238959,0.02929187220574629,0.07345946826593251,0.0,0.07978614670250624,0.08538092695565562,0.06530659718039945,0.025444955601185683,0.17493307310209233,0.0,0.0,0.013111338071709753
Nu_Shooz_-_I_Cant_Wait_preview.wav,0.12740627450253394,0.018996045454792783,0.016331763775608445,0.0082716433196429,0.0980741510344223,0.007594982141872761,0.008896843963386105,0.03300358458939869,0.09518099249078207,0.08796985413297112,0.015544924092907803,0.018400395062669984,0.016267632472508897,0.0,0.05884718255997911,0.15847345696660084,0.0,0.07161517962242532,0.0,0.05971163684374681,0.006696749277511084,0.09951939473957801,0.07815292924270119,0.0,0.06452304421935964,0.1121813170940338,0.0,0.2501254853828739,0.0,0.07209810054252327,0.19240416316318415,0.054315935430962,0.14489053540172173,0.03346691792647608,0.1724950863213369,0.0,0.0,0.05668721838713728,0.22789047386941672,0.0,0.06807771153594629,0.08148756691665189,0.02183538052237538,0.07506936592068955,0.0,0.005791194295569725,0.08434249395068556,0.01647678924554568,0.042429715388065475,0.01134905975377388,0.0,0.0,0.06739848422747145,0.053299491225339085,0.020068143080659434,0.010269879774322904,0.040020703112399234,0.0,0.037393447249019926,0.0,0.011252536255255609,0.32520020541330796,0.085538137343472,0.10138700715278903,0.12740627450253394,0.09760902149413102,0.021093160579210662,0.015650541033957546,0.11037478694362687,0.0,0.0,0.015322548886326835,0.15930072775131005,0.2493131537408106,0.0,0.020858392825611104,0.0,0.0,0.004252643362721802,0.06904019169468349,0.022193599603458094,0.028492017881804218,0.02579922060302787,0.0,0.08621926882872132,0.0,0.0,0.042186321158421324,0.06083076834491416,0.21968129668195005,0.0,0.0825698893406565,0.0,0.0,0.043359733545397246,0.010887842517072298,0.09548118598891789,0.0,0.03465479468952678,0.0,0.021670295921355942,0.010112258025837921,0.0,0.17053837145580242,0.10365303633542422,0.3855092331622231,0.041358216598214495,0.013393498555022167,0.0,0.08325031019471915,0.04584089548279126,0.008764392448033145,0.0,0.0,0.0,0.07203211565766064,0.04594141568256867,0.09864284416226282,0.18069564312499067,0.0,0.0,0.05048558995239991,0.10876748326104727,0.03477195372857022,0.1687452846336853,0.0,0.03163929784183979,0.0
Nu_Shooz_-_Point_of_No_Return_preview.wav,0.07785803160041573,0.0,0.0,0.06255321125155443,0.023074265740766157,0.0,0.01495137969587709,0.11092677955280059,0.08771679469158591,0.10751683478245974,0.02176971064244251,0.0,0.13669091581824844,0.0,0.0,0.018158100143383246,0.04313001574205086,0.0,0.007304397563659399,0.016724495382618745,0.056270314275609336,0.005574831794206249,0.0072965582218533455,0.06530176208966974,0.25075054618682235,0.0117827279086204,0.0,0.030024460029753057,0.0,0.05856199559636316,0.3790885620060249,0.12862090862946668,0.0434807760812483,0.13708995691281675,0.0,0.0598458950107228,0.0,0.019052871546296507,0.0984795223412296,0.025188041920601093,0.008171884307587756,0.1837905710170925,0.0,0.07709535712456837,0.0,0.0,0.2465039545617791,0.0,0.06179701656717819,0.08105766883625103,0.13748975776971836,0.01948591182872569,0.05191308878905246,0.0,0.0,0.017258802398785706,0.08967445540492776,0.0,0.07069575279065533,0.0,0.0,0.1106027036926469,0.0,0.0,0.05839352370031179,0.06650048167586428,0.0044309512185410965,0.008767048270435054,0.0,0.0,0.21928499987535088,0.006437486350522639,0.0,0.25261866363201213,0.010329863163573672,0.061342883663417586,0.0,0.0,0.019653366541483763,0.050760435890665735,0.02486461759961584,0.022230735224255508,0.0,0.0,0.0,0.005784956517512363,0.14448677070800423,0.0,0.0,0.2196388427998103,0.014152251313419137,0.004336277041257851,0.0,0.08067850371016984,0.12144528299721488,0.01372297875052077,0.09910680587000925,0.0,0.06697403542096807,0.0,0.40969688436432666,0.008496957457565662,0.0,0.10631720598364826,0.07917802135327717,0.0,0.0,0.011254062855121868,0.0,0.08123477250011078,0.22148087914665987,0.02209318717404166,0.035132101894245274,0.10112407188803765,0.0994190833191067,0.04539444756732826,0.047181294332469086,0.0072074733732193155,0.025305314079827553,0.06957527996486104,0.0,0.008484235844251035,0.014060508401314538,0.029217590254637597,0.008861902437082193,0.016731815772545663,0.0106341340208073,0.0
Nuttin_Nyce_-_Down_4_Whateva_preview.wav,0.28257560363147805,0.0,0.004579840670938401,0.0,0.09570862594058502,0.0,0.003742350953608849,0.04936022377530878,0.07490745942731086,0.19510918696946117,0.004359190872799473,0.42569483022432303,0.0,0.0,0.0,0.0,0.006168858520067363,0.005020678060216483,0.007313203127450995,0.011163104679635551,0.03380288940380781,0.016744657019453324,0.06940086618437742,0.013076096873976293,0.006785211617113849,0.005898466084317099,0.0,0.07300444780581171,0.0,0.13950513503146061,0.22884364593252876,0.054002823242319926,0.04353319282666155,0.01759682320100356,0.01612399866349927,0.011983608031823991,0.0,0.03815168015293285,0.06573216061503184,0.0,0.016363471280026617,0.010824243140109237,0.0,0.14735947564281116,0.0,0.0146159794981799,0.1573357132837967,0.0,0.04283412495415604,0.009547692365267636,0.0917703358605477,0.019509402395627318,0.3874550006383511,0.14348667649599084,0.0,0.0,0.0,0.0,0.0,0.0,0.0,0.10096521016562708,0.1742218232139304,0.11941224781474775,0.0292319589963598,0.17754839741601106,0.0,0.03949927686984003,0.016882848503163163,0.0,0.0,0.0,0.23452780727912304,0.006168858520067363,0.0,0.0,0.0,0.0,0.01252176480394087,0.09196294658899125,0.031118240348983067,0.008560590276171573,0.01627820014998216,0.0,0.0,0.0,0.0,0.017745171193985984,0.0,0.051466804870068134,0.0,0.03907354041030621,0.11184511513421759,0.0,0.08511418100976356,0.004579840670938401,0.10395134163467955,0.03029998335473744,0.04081594917974793,0.05552772853901311,0.03646140269067137,0.0,0.024592811278410592,0.04628059696232241,0.2536751093689703,0.036035521317371144,0.006958735567931971,0.03943670430444245,0.0,0.04970331805378488,0.1639006052997729,0.0,0.0,0.0,0.022119763234590716,0.007574861878866539,0.03435503426155846,0.04329697256043695,0.08867537009027987,0.0,0.0,0.03114636697797532,0.0633485635236128,0.0,0.10647102716391589,0.0,0.19164516539750218,0.0
O-Zone_-_Dragostea_Din_Tei_-_Original_Romanian_Version_preview.wav,0.07573853691426354,0.05114828761265842,0.2052143701745178,0.06999779157858385,0.027161697759056556,0.0,0.0,0.08181189544932421,0.037792739329500225,0.01845705028987194,0.005979411800006928,0.028311116530370228,0.006257404216510413,0.0,0.0,0.06095739373898294,0.05641130277582267,0.009182346759079486,0.0,0.05614473111580393,0.046366723016571014,0.005104066465073085,0.04008241271349519,0.0,0.031023780630233925,0.010787738286197546,0.0,0.019635036949078193,0.0,0.03882591660091995,0.015312199395219253,0.1519478025241621,0.0,0.012873172153393375,0.03440415204440878,0.010958444562003374,0.0,0.00872197819706983,0.020036320617508544,0.0,0.0,0.03299420009442072,0.0,0.0,0.0,0.017820832215120836,0.0028210998430801453,0.0,0.0,0.17025283332356303,0.0,0.1516436439002031,0.0,0.1763158573059889,0.0,0.0,0.0615764382005653,0.0,0.04315057797401605,0.0,0.0,0.06254472308746009,0.07619539467441416,0.06239821187299191,0.03118645637646146,0.008117981934109363,0.036511025483837695,0.16856105677439384,0.007719284495925529,0.0,0.0,0.03536324619000985,0.007659450808290317,0.045129042220658146,0.014186340532314774,0.008023256945174882,0.0,0.06414064939639684,0.0016357947939984643,0.04647398309870047,0.28456163688418273,0.0015656512414345494,0.19351340553760604,0.0,0.03979746780424372,0.0,0.0,0.10141951523288249,0.0,0.03850688174962842,0.0,0.19453495733719955,0.011364120522655643,0.04924375125449961,0.0,0.004188048370908527,0.0043208455000453535,0.2992453874459163,0.0,0.00846291497008254,0.0,0.07001490537068238,0.0,0.25816068616757915,0.0,0.0,0.18453963234353923,0.09788530414609438,0.0,0.10536447239077283,0.011755245194914016,0.0,0.0,0.0,0.03034122091867285,0.031170843275896698,0.015708029559262558,0.09568318027382008,0.0,0.007077779132592557,0.4673274677353721,0.34178260997477344,0.10942196330384368,0.0,0.0324542448745224,0.007659450808290317,0.0048680685664008825,0.0
OMI_-_Cheerleader_-_Felix_Jaehn_Remix_Radio_Edit_preview.wav,0.003147775898353098,0.010325209446410761,0.053262311468068924,0.022480060374821042,0.0021323093864335646,0.03302572908375517,0.0024179184439364365,0.01793894019567628,0.07676832004354052,0.008693744093926765,0.002816456324551029,0.0,0.0,0.0,0.11514997435399105,0.12137555108485253,0.03188540461032198,0.035682246953011455,0.0,0.07573060592828182,0.06551974742159883,0.0,0.04483963060988474,0.0,0.004383898923004674,0.0,0.005411696683502822,0.008323745422277875,0.0,0.015675430774506,0.0036062193299181817,0.07514987793470367,0.0,0.036381565619966444,0.0312529590958477,0.061940501560090844,0.017668178202104253,0.0,0.0,0.02444027201446554,0.0,0.02564283895338793,0.3204499431130522,0.0,0.0,0.0,0.009966077886486823,0.0,0.010762485255968129,0.052434179718065334,0.0,0.08823464481852762,0.0030528435847142574,0.0,0.0,0.016746431763131148,0.0,0.0,0.0,0.0,0.06727888354809339,0.0021042977708797092,0.05872906675261031,0.05510842172327872,0.04092108667859027,0.014339166413212341,0.0028662715798589452,0.03969829059312293,0.0,0.0,0.0,0.18322695591434623,0.0,0.0,0.003341065129050508,0.0,0.0,0.49094322904179205,0.0011557519570451604,0.04065367067730622,0.29353846711447523,0.007743349869335168,0.20683987962056774,0.0,0.5061319588747348,0.0,0.0,0.0057325431597178905,0.0,0.0015114774143608616,0.0,0.03646537987569591,0.0,0.0,0.0,0.0,0.0,0.05873010536363832,0.047091118825661735,0.0,0.0,0.0,0.0,0.008970514287310003,0.0,0.003880401771962516,0.3057288210975661,0.09463963516453164,0.0,0.005838749294559878,0.012458299497052025,0.028583061009780083,0.02272607849502324,0.0,0.04287447983640988,0.026917488928279727,0.019422072651981707,0.09557785428080955,0.0,0.005000723265558287,0.06984679218293158,0.07317653442129031,0.018190782809983222,0.009450064382158205,0.09745323371520413,0.010823393367005643,0.0,0.0
OMI_-_Drop_In_the_Ocean_preview.wav,0.016907611729435678,0.006932459535808732,0.11522957807103561,0.07848547485095526,0.0028633120937637518,0.0,0.00974050271452951,0.06423681258562045,0.07395313921451592,0.005837075698912249,0.013236998943180653,0.1410167123934777,0.06530421004740479,0.0,0.12026460939145957,0.010515210849209122,0.016056159324747556,0.0,0.0,0.09685021775746948,0.019551413897502014,0.004842510887873473,0.009507101901275853,0.04537887499962835,0.13539631271644736,0.17399373379766186,0.0072669457163399296,0.022354618034939155,0.0846067294025613,0.0420986286485101,0.02421255443936737,0.02883226122335252,0.007553811105312914,0.15572202643635658,0.0699452717902863,0.03119065208228984,0.0,0.0,0.0902954500463471,0.0,0.014196818915707022,0.12521370894148065,0.00796865285885918,0.036527977563365004,0.0,0.02536141759415352,0.048177609439215334,0.0,0.03716254974145874,0.15324480112930586,0.019904805309190036,0.008463101997876678,0.012298277180735609,0.07391469739831533,0.0,0.0,0.058420981478820896,0.0,0.286575422873044,0.0,0.032852207034532455,0.005651394956636797,0.12157997532803035,0.0,0.01268070879707676,0.0019254949055077524,0.0038488927220586317,0.026653870277979518,0.0,0.0,0.130327934945759,0.016775536317709446,0.0,0.3639396113609446,0.022432279881446575,0.13701795790150845,0.0,0.13692102937162254,0.01862363075669913,0.01679712185033101,0.05399588090446315,0.01039794106248106,0.19771973696010178,0.0,0.3209435488350797,0.03517523248993703,0.09761632483971988,0.015395570888234527,0.0,0.0,0.0,0.03766655131541364,0.08625417045587529,0.11680069374166781,0.04219679638091199,0.023840602359524607,0.0,0.031545632547627364,0.007588199211629789,0.04817542032362852,0.007908406513414496,0.4428468214394038,0.0,0.044167949908378315,0.0,0.005210689120918869,0.06641078641234677,0.11730848338501207,0.0,0.023521204156302326,0.09479925026486033,0.0,0.16275775816932225,0.0,0.11514559510967796,0.06571890558271912,0.018628848362449296,0.04695514085305525,0.0,0.0,0.10231834224112915,0.09826306506986253,0.03358710374117495,0.0,0.015395570888234527,0.0,0.03694885275812855,0.0
Orchestral_Manoeuvres_In_The_Dark_-_If_You_Leave_-_From_Pretty_In_Pink_preview.wav,0.0,0.03966110215894829,0.012989886624795798,0.12335743830151752,0.0,0.0,0.0026536247705105606,0.0,0.016484074893283553,0.02862371317855387,0.007727533456134859,0.0,0.09704158612709202,0.0,0.007020842085511157,0.0,0.043742118196691306,0.0,0.02074257300969067,0.00791552995988185,0.13981881537413257,0.00791552995988185,0.0,0.0,0.05292380759549783,0.0,0.00593924596830217,0.03654068166173617,0.0,0.0014336267729227771,0.0,0.011782246483745522,0.12347399830349101,0.12976650551383034,0.0,0.0,0.0,0.0,0.011652333772906918,0.0,0.0,0.1816475868870261,0.0,0.014927085734632134,0.0,0.0,0.2340646963961221,0.0,0.4353435354453625,0.054160592153457095,0.0,0.0,0.0033504444193341765,0.0,0.6763775292636869,0.11639986987695657,0.0,0.0,0.04461275404318247,0.0,0.0,0.004618862727433951,0.0,0.0,0.024182417243159303,0.014163294279092017,0.02201979350328683,0.018672088003573478,0.0,0.0,0.0,0.0,0.0,0.056864753655698694,0.0,0.14309096645574426,0.0,0.0,0.02790520277819504,0.0017160276497652338,0.0,0.1092625209114664,0.0,0.0,0.015429758354812775,0.04106939753641719,0.022794695967018292,0.0,0.0,0.016588210065040045,0.0,0.0,0.0,0.009546074464823306,0.0,0.006494943312397899,0.0,0.017188080406761952,0.07442166214013496,0.0,0.06463509338576506,0.012064565139544048,0.0,0.0,0.0,0.0,0.0,0.015979293185615154,0.0,0.004805946762503521,0.03873952599285543,0.005228238012106209,0.0,0.021537437816336224,0.039211682953288425,0.1584498140986464,0.14007261303665533,0.0076752501501560315,0.0,0.22501659210653427,0.06968698007845896,0.0,0.0,0.0,0.0,0.0,0.0,0.07214591046733437
OutKast_-_The_Whole_World_feat_Killer_Mike_preview.wav,0.0728749255586536,0.049800299089639836,0.0028543720590766095,0.02168505609556256,0.0020569005548444633,0.03982222333020447,0.0023324090868539035,0.009613628896801072,0.011268998519273711,0.008386291015856242,0.005433705458994099,0.10130134070827511,0.05117694403538376,0.0,0.03702590372141093,0.01133062463422263,0.023068336208039834,0.0719698209292909,0.0136737962098607,0.059137659850150896,0.024578808512480853,0.013914743494153153,0.025041721834557475,0.00814963843517493,0.06766180693650521,0.0,0.06786406595730578,0.05352918197955527,0.0,0.02646187476809473,0.05565897397661261,0.07249221271727573,0.06511663868237917,0.024127768842002257,0.05694566017557272,0.022406244053435,0.005681115160588567,0.0,0.15704159783533464,0.0,0.04079393897485981,0.008994903068960215,0.05151954573937014,0.03498718260859427,0.0,0.0,0.04614541870464515,0.0,0.014831244897032556,0.008925856249436398,0.5576569881344418,0.060795884713551296,0.24442505546610752,0.0,0.0,0.016154196480306405,0.013989178182853904,0.05376928855652155,0.004901559278286576,0.011789022728366934,0.10619930450811234,0.020298795662668234,0.00708151516130287,0.13112681570491272,0.05161973893737963,0.012448857368023522,0.01658943765043676,0.01914718297140399,0.015783277576939675,0.0,0.007201762072496945,0.020084904491586668,0.5429125276584462,0.0,0.0,0.021873062026866202,0.011152647401182424,0.04371517739858094,0.013378547354340027,0.010558142845434881,0.058183051875624274,0.006402434874705022,0.08116271812686508,0.024758642503058176,0.031644710154280414,0.025268623487783907,0.0,0.0,0.0,0.00583209688427753,0.008830981550675545,0.07576323283507351,0.0,0.03356216910992131,0.045468994147159505,0.0028543720590766095,0.0736220046584661,0.00755374975614842,0.021804358948737695,0.0,0.10226007289059422,0.010604174965927565,0.0,0.0432663663448705,0.3606707725311195,0.0,0.06505516828668768,0.014045033435703343,0.0,0.0014080656798665873,0.02203247461964367,0.013786112471348342,0.007307457939462351,0.02524050183664231,0.08271645937054256,0.025965555591443857,0.016058754593866582,0.01798980613792043,0.019738092974040878,0.01929549346824288,0.03675091083939467,0.021176596868688488,0.008773734124364458,0.03646345655962853,0.0746524694269654,0.010440625531893196,0.0,0.014091733358952526
Papa_Roach_-_Getting_Away_With_Murder_preview.wav,0.2037712658916994,0.0,0.0,0.007726973411530429,0.14047814157912447,0.0,0.0,0.07536312564855548,0.0009560594517177119,0.0,0.0008067402389674322,0.12032138057898199,0.0,0.0,0.0,0.0,0.0,0.0,0.002706857951768605,0.0,0.03753469651293985,0.008263667271889076,0.01757569355487882,0.0,0.0,0.0,0.0,0.0,0.11550402292271131,0.006735059581098764,0.0,0.03382623199759908,0.009667843251316645,0.0013026330590684644,0.18699809482388946,0.0,0.0,0.08825747845671912,0.0,0.0,0.0,0.0,0.0,0.012986335140660953,0.0,0.0504919950882087,0.0011418655401296285,0.0,0.000880795776856962,0.02473741339423338,0.0,0.0,0.0034978021730270228,0.0,0.0062488996849757086,0.0,0.0,0.0,0.0,0.0,0.0,0.001205501872505514,0.008411119486095318,0.0,0.00540985661659379,0.0024643696629592336,0.0016420184464600739,0.0,0.0,0.0,0.0,0.0,0.012400926476612156,0.0,0.0,0.0,0.0,0.0021634587377606074,0.001324205316995033,0.022393765166219777,0.0,0.0006337114245851583,0.0,0.0,0.0,0.0,0.0,0.006568073785840295,0.4546015454877335,0.0017317785329403078,0.0,0.0,0.0,0.0,0.02250254912337411,0.00508545076155316,0.033229120643756715,0.0,0.00107909503509064,0.0,0.0,0.0,0.12743656076173848,0.003425995414507918,0.12616943639792974,0.7802692732392379,0.0,0.0,0.0,0.0025086598858842803,0.0023790206214735128,0.0,0.0,0.0,0.0,0.0,0.0,0.0026709398608754198,0.021099652995954978,0.0,0.0,0.004192108668700975,0.0,0.0,0.07060679319778317,0.0,0.019703945454451935,0.0
Party_Favor_-_Booty_Loose_feat_Fly_Boi_Keno_preview.wav,0.0016781968810609742,0.002752377368784995,0.020508314129518524,0.009587967739844536,0.009094510098109765,0.0,0.0,0.004250630633334069,0.00800766356665051,0.0,0.0015015580435630475,0.10664289273832647,0.0,0.0,0.0,0.0,0.0,0.0,0.0,0.0,0.0,0.0,0.0050327750645383475,0.036033326390077405,0.007011660680789423,0.004063547319689755,0.0,0.0,0.1433224610236979,0.02437504278044198,0.0,0.0028618004501916984,0.0,0.04849092813713866,0.11108079730415095,0.0,0.0,0.0,0.0,0.0,0.0,0.0012428322768131311,0.0,0.004834204380786343,0.0,0.13929034112806085,0.007438603608334621,0.0,0.004098487715106168,0.0049331681108492976,0.0,0.0,0.0,0.05869234123585291,0.0,0.0,0.0,0.0,0.010836031972443042,0.0,0.0,0.0,0.05087982030202792,0.0,0.0,0.0,0.0,0.0,0.0,0.0,0.003980290742438203,0.0,0.0,0.016999299917254507,0.005343739764251657,0.0030222168345019665,0.0,0.0,0.004929396226988292,0.0016672299997846883,0.0,0.002359010846171653,0.003738103864251891,0.0,0.0,0.0,0.0,0.08251828648853977,0.0,0.0,0.0,0.001495465828040046,0.07277122270776526,0.0,0.0,0.001577562625347579,0.02115860395395183,0.02922379821174466,0.002008482720265936,0.8160839983284461,0.0,0.00293037308253107,0.0,0.003188344105934795,0.005461275842804717,0.047582103144857106,0.014381951609766803,0.01552489960057307,0.0,0.0,0.1062717552172118,0.0,0.0,0.0,0.0,0.0,0.0,0.0,0.0,0.0,0.0,0.01170394295511106,0.0012122732034284664,0.0,0.015281164164544402,0.0,0.48043307410395664,0.0
Paul_McCartney_-_Let_Me_Roll_It_-_Remastered_2010_preview.wav,0.015355950288502365,0.011193328460574557,0.00481170664483685,0.11210259938227103,0.0011557944400931225,0.0,0.030143929569158054,0.014045202566971848,0.0027137875278243034,0.0,0.001526628631563552,0.0,0.0047928121138170595,0.05020671209115818,0.013870167766039939,0.0,0.015122735895081714,0.001758287512578489,0.028172659031102762,0.0,0.08483958731743642,0.11141851732880396,0.001279201050981674,0.0,0.0,0.0,0.005866699249234703,0.00902358610905931,0.0,0.0014161153044134909,0.0,0.008728746498637769,0.6281238068969891,0.006162568904894473,0.0,0.0,0.009576838268635009,0.0033402670910300295,0.0,0.0,0.0,0.0012635830803530163,0.00321659824975458,0.014744754324034583,0.0,0.0,0.05293960967550928,0.019417737701245892,0.006667068216312847,0.041796118120017475,0.07231233026202027,0.0,0.10259510143153942,0.0,0.06799407678685974,0.0,0.055024682787865854,0.0,0.0,0.06624378068004502,0.003315251445869253,0.018249776917793604,0.0,0.0,0.00341243339744497,0.029535061797943955,0.0,0.0,0.00886879262437301,0.20239611856403,0.0,0.0,0.0,0.0,0.10141526993408959,0.0,0.0,0.0,0.012529248284309994,0.001695066710197494,0.006538735935202402,0.009593591177838194,0.0,0.0,0.0,0.0,0.0,0.0,0.0,0.013927750095885864,0.004962223065571367,0.0,0.0,0.0,0.0,0.006415608859782468,0.0,0.0,0.0357352995432327,0.0,0.0,0.0,0.0,0.0,0.0,0.0,0.0,0.0,0.0,0.0015824143566326237,0.0,0.025821880575533782,0.036955249557289495,0.0,0.0,0.0026527861160138967,0.0015039310181765519,0.0012635830803530163,0.687644835308085,0.013552930413263624,0.051626825512405945,0.0009916130389838887,0.0,0.0,0.0,0.049866943618494974,0.0,0.00791829582095849
Pet_Shop_Boys_-_Always_on_My_Mind_preview.wav,0.007874764234611826,0.0,0.014805096922946891,0.0,0.06134537327618915,0.02065504650019734,0.003024443019352307,0.08975538870709393,0.022962578237660878,0.03806086510484959,0.007045904870332299,0.0,0.04977099172224733,0.0,0.0,0.03428240803484703,0.0,0.012172632844865035,0.0,0.0,0.004553060992880993,0.04510824137173058,0.0,0.0,0.0,0.02860165942971651,0.0,0.2741753359840138,0.0,0.06209056242181821,0.004510824137173058,0.050357628072632867,0.05629131539477779,0.0,0.0,0.0,0.0,0.0385411416999214,0.09296443849631242,0.0,0.0,0.049570819624867306,0.0,0.15878800713529556,0.0,0.0,0.14959231451182323,0.0,0.025001245259651843,0.01929031502056928,0.009270714956910885,0.0,0.12601500238351537,0.021742713461300772,0.0,0.0,0.0,0.0,0.0,0.0,0.0,0.25268658547795675,0.0,0.0,0.0,0.10044207838149181,0.0,0.0496564382333428,0.0,0.0,0.0,0.0,0.0,0.029912792230880336,0.004179157130836571,0.0,0.0,0.0,0.007228337141299987,0.04889564553383936,0.0,0.0027673532304430142,0.0,0.0,0.0,0.009361689268835344,0.0,0.003585263635757347,0.0,0.8129687956521495,0.0,0.0,0.0,0.0,0.0,0.0037012742307367228,0.015274545743456408,0.004897486862121004,0.0,0.0,0.0,0.0,0.0,0.0,0.0,0.0,0.0,0.004553060992880993,0.0,0.11320230884728422,0.09090323100345965,0.0,0.0,0.0,0.0,0.0,0.05205860809823048,0.002915930566168665,0.22011230597811277,0.0,0.0,0.045766278690226044,0.022753863441580174,0.0,0.0,0.0,0.02151128060439561,0.0
Petey_Pablo_-_Raise_Up_preview.wav,0.11890105755394685,0.0,0.04531259677805529,0.004589946849398508,0.041360331145318126,0.016857866330160766,0.0,0.02238345615472349,0.006814976836909121,0.1242553438631483,0.005750600584605596,0.17868210238683646,0.022567332006763988,0.0,0.0,0.00799428642047023,0.0,0.03311613901601864,0.019295007448504424,0.0,0.02601225106282208,0.014726254979401696,0.10600864644436983,0.034499709933351455,0.004475491327475361,0.06224957521250624,0.0,0.09064162862948416,0.012864609899746646,0.034673028291809516,0.2834804083534827,0.019179994387683086,0.05168569357968503,0.0069640654474420844,0.017725513527267703,0.0,0.0,0.08178513076479475,0.15897420473935484,0.033267867215305225,0.0431730521809737,0.026178592472902388,0.0,0.1990235879107863,0.0,0.009640626288157853,0.040697193008588164,0.03657197679508289,0.009417724190492983,0.01889282904768144,0.5750468771911058,0.0,0.23686360413172766,0.017745578891923266,0.01670376245931888,0.0,0.0,0.0,0.1141232289836077,0.0,0.0,0.07304093092467183,0.024981703267871778,0.0750130626717237,0.006427084192105235,0.03366913264223213,0.002926156333243118,0.05789671913568984,0.07238297065704848,0.0,0.022865312168737658,0.0,0.4309314963568611,0.06917211491752538,0.006821739402398149,0.01736152855009046,0.0,0.0,0.003539696935067389,0.01915525114570355,0.012315260540163409,0.005646522127982281,0.010737018638357805,0.0,0.0,0.015281312130381199,0.0,0.008778468999729352,0.24472434010172037,0.02160279205756585,0.0,0.031499978878725444,0.106560239199465,0.0,0.07218113669317895,0.006041679570407372,0.07479903288370347,0.00799428642047023,0.01153799743690684,0.0,0.10822390712641324,0.03366783968243206,0.0,0.03968438254109584,0.1359497924360742,0.027730322591344617,0.004589946849398508,0.00371603586611744,0.0,0.011921475513032834,0.019077884435779294,0.0,0.0,0.04674693540118884,0.02188512623671012,0.012490851633935889,0.02266040715737104,0.0,0.04177844745251671,0.005105202925338185,0.006482372264277243,0.011205810772413576,0.0046427102982947235,0.004823751862126106,0.07022775199783482,0.0,0.01053401529788906,0.007456783469737441
Pezet_-_Magenta_prod_Auer_preview.wav,0.020396101065320294,0.0,0.13147223675565395,0.0,0.14211110769674679,0.0,0.002238138498089193,0.05719542295628606,0.006179160928023755,0.0,0.001303521908270402,0.03703122836753724,0.012277122536708233,0.0,0.0,0.0,0.007378655777707893,0.009007952214299543,0.0,0.0,0.010108024215147011,0.0,0.08738033916365574,0.0,0.008115884120007523,0.324540842152515,0.010018639559744955,0.0,0.08165067574607442,0.04232057816951158,0.17691852748774523,0.007453097667282441,0.0,0.0,0.045000980790753514,0.0,0.0,0.06845061714593208,0.0032759638940600398,0.0,0.0,0.0,0.0,0.09652260927759784,0.0,0.0757569468140468,0.00553504093125349,0.0,0.0014231800229955406,0.042825468767188325,0.0,0.005833865545701954,0.011303419720757492,0.021453296244093572,0.03533915921104239,0.0,0.02684753581534637,0.0,0.004703449572046117,0.0,0.0,0.07791346088218946,0.02265098890905814,0.010202186970955363,0.002913728723617185,0.009291102568938931,0.002653155148780478,0.02362281178461411,0.0,0.0,0.20040982096240903,0.0,0.12022367471693944,0.014757311555415787,0.006185292567417844,0.0,0.0,0.0,0.005349090569600499,0.027499533543220767,0.007444190305101032,0.007167607116854667,0.019470577124864875,0.0,0.0,0.006927806880691686,0.3749003625825447,0.05040994782682908,0.1377262729966464,0.011192753994021105,0.0,0.012982331773830541,0.20066920054388462,0.05635991155172081,0.21088433831985004,0.01095601972963783,0.12998932678871117,0.010872666953745199,0.0017435897596317273,0.17157847225586648,0.05451497605911997,0.0,0.4559448511921636,0.07473175152781915,0.365057308894287,0.1867778394322796,0.0,0.006738682810098009,0.0,0.016213859002916543,0.02690796548094444,0.0,0.014024214731163633,0.0,0.019843312777579447,0.0,0.002568282803281012,0.0043156749299874215,0.003788064967938605,0.0,0.005877587316128535,0.02032068772903711,0.0,0.0,0.13265775743902392,0.0,0.11461469754331655,0.0
Piso_21_-_Te_Vi_preview.wav,0.02856353578175203,0.10930847117677525,0.044751172131625716,0.08839500634892979,0.032248322532017364,0.13111084965321973,0.0036567776858400626,0.006028943006252558,0.017667664973226888,0.01972218468873487,0.006389269249293217,0.08319216318505022,0.033431582970168884,0.0,0.04837469667794133,0.1302714094162544,0.012055600590603755,0.11283510972045058,0.035729890568774424,0.021815694253807645,0.1045948305045038,0.16361770690355734,0.028553235173568697,0.0,0.019890179255826715,0.011527181402917462,0.3355631124367274,0.04196183236195107,0.050820867746744616,0.011853494400502422,0.032723541380711464,0.052767985005374475,0.13612081611396393,0.02751112173957938,0.25733663885395264,0.0,0.0979760917315966,0.009319824248846616,0.010704852874515072,0.03696263683437472,0.20786091576092833,0.007051156037390347,0.008974770444963441,0.04113997927334849,0.15273656829376378,0.02380294648479336,0.07536178757815697,0.04063370482523511,0.0674325273920851,0.04664686560049629,0.0,0.09531648451571342,0.12465945608188057,0.0,0.08248401131413247,0.10130693720035348,0.010966196905728537,0.09835012432684627,0.05379304551238172,0.0,0.12950037815506413,0.03818962125317173,0.0222049611877648,0.05000646255002811,0.17138121469051218,0.09541869916309995,0.1040364415705125,0.04288453258243461,0.0,0.0,0.0,0.11336163605762374,0.024553398470980054,0.012055600590603755,0.03537039352606055,0.008573209304454448,0.3322197187905105,0.017134288978793075,0.04719383955739219,0.07094218844745029,0.10338272929521013,0.036805306051020996,0.0,0.0,0.05670050182106467,0.011318982107117587,0.0,0.02167425866052344,0.0,0.027430884918455915,0.12460782636514625,0.025453385220573107,0.10928764468191231,0.03946436490749651,0.0,0.01790046885265029,0.08310630405458706,0.017764283102216512,0.19941322184515295,0.036172014362796656,0.026720752290435443,0.04156336747561367,0.0,0.07235573845728281,0.0852068692900148,0.05281728994066028,0.0067996158729946,0.005504991079184411,0.027225955417694587,0.017660652026625805,0.015701257321347008,0.23775427568959878,0.011456716269822403,0.029679260946073083,0.054034921908055665,0.0222049611877648,0.058746565306731495,0.07403713839259865,0.043323851590809016,0.07562923925913657,0.29769557828476495,0.019367198179177023,0.02063334130468453,0.18579543095762702,0.030343962124732816,0.024553398470980054,0.010403498482817335,0.01104659049569493
Pitchback_-_Cosmic_Dark_preview.wav,0.004141260873522452,0.0,0.038929272540138386,0.0,0.014026490000292014,0.0,0.0,0.041956865796326716,0.005488997048482929,0.0,0.004631714881986363,0.023026591135130493,0.005816460856336788,0.0,0.0,0.0,0.0,0.0,0.0,0.0,0.0,0.0,0.0,0.32233097810049377,0.0028837613714519862,0.07520665354874471,0.0,0.0018251405834659297,0.5001180644792219,0.018904261098987053,0.04269956294579188,0.0,0.0,0.007478770283204374,0.11878203611006836,0.0,0.0,0.008107362576837161,0.03259272111128718,0.0,0.0,0.0015334591365296557,0.0,0.0029823231235098957,0.0,0.7350738050502352,0.0,0.0,0.0010113775687898524,0.00811566918856906,0.0,0.0,0.0,0.005717139323723087,0.0,0.0,0.0,0.0,0.0,0.0,0.0,0.006921113753161408,0.0740454671422578,0.0,0.0,0.0,0.011312728793148413,0.027979104967591945,0.0,0.0,0.04911051409677857,0.0,0.0,0.02621807087232698,0.0,0.0,0.0,0.0,0.0,0.007199846618464519,0.0,0.0014553237804984945,0.004612230975069661,0.0,0.0,0.012308050223491511,0.0,0.11312728793148413,0.0,0.028833572005051593,0.0,0.007380676476334224,0.04753493933721254,0.0,0.0051677299146878726,0.003892927254013839,0.012049099521642322,0.0,0.0,0.027532942067956992,0.0038740864162258213,0.0,0.0,0.009834785213703685,0.0,0.0076576715833788465,0.0,0.00718322966230701,0.0,0.03840772784447329,0.12429329371660723,0.0,0.0,0.0,0.0,0.0016096840683099522,0.0054754217503977885,0.0,0.0,0.0,0.0,0.0,0.0059830162265635,0.0,0.0018854547988580688,0.0,0.1855261543910959,0.0
PJ_Harvey_-_This_Is_Love_preview.wav,0.08468346705569144,0.004553694169133512,0.005220023831004978,0.0,0.24168424007648545,0.0,0.0,0.12746391817954236,0.0,0.0,0.0012421327440660815,0.0,0.0,0.0,0.0,0.0,0.0,0.005722482724876956,0.0,0.0,0.009631988366122994,0.03498966683929264,0.05099991999494663,0.0,0.0,0.0,0.0,0.0,0.003705016652553792,0.000576107100514536,0.0,0.020122603000224077,0.0,0.0,0.0,0.0,0.0,0.8778459793937239,0.0,0.0,0.0,0.0,0.0,0.0,0.0,0.03887109963212067,0.0,0.023698698539769816,0.0,0.009522008973980466,0.0,0.0,0.0,0.008943793490689975,0.043296257483849805,0.0,0.0,0.0,0.0,0.0,0.0,0.018561034600042093,0.0,0.0016202860902331225,0.0,0.0006323956799615173,0.0,0.0,0.05772834331179974,0.0,0.0,0.0,0.009546813267348263,0.0,0.002946998581639687,0.0,0.0,0.0,0.004587458373187405,0.0034479535831125094,0.00709360730522309,0.0,0.0,0.0,0.0,0.0,0.0,0.0,0.2478979200266326,0.0013332041203182852,0.0,0.0,0.0,0.0,0.0,0.0,0.0,0.0,0.0,0.0,0.0,0.0,0.0,0.0,0.002258863577670281,0.06503172594749587,0.0,0.0,0.0,0.0,0.0,0.0,0.0,0.0,0.0,0.0,0.0,0.0,0.26350566396583963,0.0,0.0,0.0008068203358031209,0.0,0.0,0.005056410428514434,0.0023867033168370657,0.0,0.0
Pnk_-_Beautiful_Trauma_-_MOTi_Remix_preview.wav,0.00437947901310565,0.035913482675287114,0.07822034903248783,0.11259487361695245,0.03560000905612039,0.0,0.006728066687441712,0.06655553181357927,0.08358827246058373,0.03628663955199317,0.001959258181491465,0.0,0.006151041682435893,0.0,0.01780081881894252,0.0,0.06654291704263968,0.0,0.0,0.040138465715543754,0.025321437530878906,0.0,0.0032834247610585192,0.035262667586556315,0.03049644248645585,0.04241747891723416,0.0,0.027021796442011428,0.07012858382896268,0.0745144909432862,0.030103849286657814,0.026138877407432242,0.007826476674310632,0.10439843424324066,0.1835907831556154,0.0,0.03277548683454448,0.017147446317090358,0.009847872937132606,0.0,0.0,0.02594669521574762,0.024768878195143826,0.025231004621260482,0.0,0.11824593335385253,0.01663888295339482,0.0,0.01283466163214253,0.08582507592286714,0.07218154160927476,0.008768589716534846,0.05096880403669917,0.2378096034722909,0.0,0.0,0.10088295000138756,0.0,0.028278073415709017,0.0,0.0,0.06440929116132914,0.04085467384080692,0.0,0.09634853828832428,0.0059849951584814405,0.0,0.01578055981864283,0.007588073113086869,0.0,0.21812911187897913,0.005793691063541851,0.0,0.2439906958230122,0.0139452029813348,0.03154751471445514,0.0,0.0,0.016079897691837795,0.01740343788378639,0.22937425039033088,0.013851346567527357,0.0,0.0,0.058681493519325424,0.0,0.014448560728176185,0.1794520793678305,0.0,0.0147203571032738,0.0,0.01561047164997105,0.011170954696300896,0.024203356222914054,0.0,0.0041168604753940964,0.02123700168195799,0.027236930898004018,0.03931053034148033,0.0582334441795786,0.4342752005577144,0.22176880391687437,0.0,0.06656327993970666,0.0,0.021595105460486014,0.03753162453898415,0.010128575012351563,0.0,0.1462214130969106,0.34377407471359545,0.07953483339658537,0.03161863710539836,0.03640437274459598,0.03976731311349447,0.027236449227204616,0.007720513269146124,0.01297334760787381,0.01138729964316847,0.027829887894268386,0.17668611418790944,0.06617650671904085,0.0727625450786223,0.0,0.01993911992975894,0.0,0.37325509860760636,0.0
Pnk_-_Get_the_Party_Started_preview.wav,0.006290184179495158,0.0,0.05912988863291569,0.04042960878441168,0.04260982738749241,0.0,0.0,0.059745484568321024,0.028346711721496564,0.008686331766630636,0.00281405500057976,0.3047840371415629,0.0,0.0,0.0,0.0,0.019911386852299425,0.0,0.0,0.0036031446502765695,0.0036368824986299135,0.0,0.004715936855677935,0.38829576772851443,0.052561934280805536,0.08757771675692867,0.016221247936013677,0.0,0.1259058746517789,0.04307068102742505,0.08287232695636111,0.0026816358854879047,0.016861587740441924,0.04543818315650056,0.024287132080741465,0.015471922698941359,0.0,0.0061571590604573056,0.007072180773724339,0.0,0.0,0.03260851458801099,0.005929198629209102,0.1449557498748021,0.0,0.13209386776939833,0.017923645370496306,0.0,0.012289496125921784,0.12326935079685615,0.007405238152814935,0.05667390999219152,0.07015553646450269,0.04341897362223448,0.0,0.0,0.021734514568304678,0.0,0.0,0.0,0.0,0.002102503636656553,0.01955966469092572,0.0,0.003145092089747579,0.012894246694952784,0.0,0.014165872729632815,0.0,0.0,0.35805231875364674,0.0,0.005407082645337893,0.11150376637287679,0.006676433042267045,0.0,0.0,0.0,0.015011965247047118,0.00624907833316628,0.0642823440723987,0.007736747852645944,0.0,0.0,0.0,0.0,0.19714651547600323,0.1288722502424521,0.0,0.0015101887215750024,0.0,0.02242110112030734,0.2968266778696006,0.04345367563940503,0.0,0.002956494431645785,0.265370942278771,0.0704160381579366,0.02823058122913522,0.28676529516716726,0.04707497127967857,0.07688496283267718,0.0,0.02688859795331741,0.03582222965875425,0.06978767981535337,0.00449217875382352,0.018184412493149567,0.0,0.002916885574660378,0.1472975169890224,0.0,0.007568900711035993,0.0,0.02855861656820078,0.00488991617273143,0.0,0.0,0.004088854624504466,0.009992919250543046,0.10150871342234259,0.03290136469301358,0.0,0.0,0.005727655566331204,0.0,0.3745834289607301,0.0
Pnk_-_Try_preview.wav,0.0,0.0,0.0,0.0033543401695301307,0.22749187503543755,0.0,0.0,0.05799606310512046,0.0,0.0,0.003151910769248962,0.0,0.0,0.0,0.0,0.0,0.008920780103802515,0.0,0.0,0.0,0.0,0.0,0.0,0.0,0.0,0.005686510582874721,0.0,0.0,0.2789104715113202,0.045805299850748736,0.0,0.004004791199855696,0.0,0.013571599114357506,0.031089197675317946,0.0,0.0,0.0,0.0,0.0,0.0,0.0,0.0,0.0,0.0,0.4790861405068987,0.013383706870412414,0.0,0.00344124361286079,0.011505756941936462,0.0,0.0,0.0,0.06051964876467832,0.0,0.0,0.0,0.0,0.0,0.0,0.0,0.0,0.05111866735448579,0.0,0.0,0.0,0.0,0.0,0.0,0.0,0.0,0.0,0.0,0.0,0.0049853375767366925,0.0,0.0,0.0,0.0017245439517911017,0.0,0.0,0.003301189597786086,0.0,0.0,0.0,0.0027919015624757685,0.0,0.7163772387233404,0.0,0.0,0.0,0.0020927484260541336,0.0,0.0,0.0,0.0022076343299163408,0.14804629531444471,0.0,0.0,0.11598685570856203,0.0,0.0,0.0,0.011154387456246409,0.03056994338481396,0.24897444881603234,0.0,0.0,0.0,0.08712232517175268,0.013942147090651875,0.0,0.0,0.0,0.0,0.0,0.0,0.0,0.0,0.0,0.0,0.00682435302618411,0.0,0.0,0.0021384395185771355,0.0,0.08981320217738192,0.0
PNL_-_Bene_preview.wav,0.0,0.0,0.15319332134062613,0.02053818842266725,0.03571546542890271,0.006286021139481382,0.0036817564665611105,0.03945581649860303,0.03811789192910111,0.026475871108648342,0.021443043936628506,0.0,0.02692795840762567,0.0,0.009741027079748624,0.053656883030106475,0.0,0.004939385467548956,0.0,0.0604029615149595,0.0,0.005491178319541773,0.0035935346387271677,0.0,0.020026045438793615,0.2147095472774949,0.0,0.012674539793239462,0.012792003953874462,0.007956308971035157,0.02196471327816709,0.036781223176120585,0.0,0.003462380648653563,0.005287642009177344,0.023579149529711983,0.0,0.0,0.0485008909650865,0.024810081238658622,0.07244334544342386,0.10648981795332788,0.04518037731634048,0.0,0.03844497097632097,0.06710351218567383,0.0030350628075848487,0.0,0.021070286899117743,0.018786200729069506,0.0,0.00959675740186489,0.0,0.24262460038636557,0.0,0.15299841958777002,0.03312331498378189,0.02829198173412931,0.27853969363608694,0.0,0.0,0.0064084145972213525,0.0894265568939125,0.0,0.07189662019893625,0.015283941093850143,0.10911155782084168,0.23747607947078853,0.0,0.0,0.0,0.06340888260893096,0.0,0.09103462647853723,0.015262286668433527,0.2675849112896729,0.0,0.24726906589104986,0.0035197194117632044,0.03809428351156203,0.024491510080825226,0.026950339183111578,0.09074957426092761,0.0781640687756581,0.13558355491711901,0.13105745008374903,0.0,0.04364462312833667,0.0,0.10126695437844152,0.1254589996762704,0.07261054916865456,0.0,0.0,0.0,0.0,0.0,0.11923751784468106,0.03155041641005641,0.0,0.0,0.025108367550144145,0.0,0.06374373888403842,0.0,0.0,0.164305507381338,0.3214704907527222,0.0,0.2689419918318437,0.0,0.007253888840542097,0.0,0.05976398911757003,0.010880804918793185,0.2384708183837667,0.07604723875943677,0.09939049675643935,0.0,0.04568750927052151,0.0,0.11978259355392465,0.1488823678921032,0.04316874591326512,0.008728924625667335,0.0,0.010474562881492792,0.2669291457238856
Poison_-_Talk_Dirty_To_Me_preview.wav,0.005427307439980041,0.0,0.0010203710268094916,0.0,0.004044115231876399,0.0,0.0008337815132841553,0.0013746586900052094,0.00028774303700332567,0.00074947555871016,0.00024280277342189592,0.006897686102405333,0.009909551442729618,0.0,0.0,0.0,0.0,0.0,0.000814676876400437,0.0,0.000627596231839797,0.0031088714113518693,0.002034506339792991,0.0,0.0,0.004599545081636732,0.0,0.0,0.00217268642931736,0.00022522617242193022,0.0,0.00046275472950599875,0.0746825252873168,0.0,0.0005987275633462353,0.0,0.0,0.022312628015718653,0.0,0.0,0.0,0.0,0.0,0.05159177400723549,0.0,0.0010854614879960084,0.001030994017503907,0.0,0.0,0.002658986786436919,0.0,0.0,0.0010527255583273071,0.0,0.005642151343371498,0.0,0.0,0.0,0.0,0.0,0.0,0.002176902927645663,0.0,0.0,0.0,0.0007416957280687224,0.0,0.0,0.00658250990060008,0.0,0.0,0.0,0.0037322786147078544,0.0054975925623839475,0.000576057134240109,0.0,0.0,0.0,0.00019927153005156752,0.0,0.0,0.0,0.0,0.0,0.0,0.0012904199873365711,0.0,0.0,0.9862469950907529,0.00026060472159452025,0.0,0.0,0.004153110816616528,0.0,0.005418032791532298,0.0010203710268094916,0.001579088337490961,0.0,0.0,0.0,0.0,0.003790743699316953,0.016437553552147165,0.000515557020831089,0.06358257726049094,0.11641436147820526,0.0,0.0,0.0,0.0,0.0,0.0,0.0,0.0,0.00492819884929262,0.0,0.0,0.0,0.014817400582167689,0.0,0.0,0.0,0.0,0.0,0.0014825836628183126,0.0009330696536769636,0.005337226452019139,0.0
Polo_G_-_Heartless_feat_Mustard_preview.wav,0.014694254645397177,0.25304742913814166,0.006906551667901826,0.047223018415623895,0.002488479018107558,0.11562651424625689,0.0028217946952317488,0.004652303436102868,0.013633457536024766,0.005072950460232686,0.0115041577914471,0.03501610507615281,0.025797866751298228,0.03603245965806511,0.15678135003692048,0.26959094259184485,0.0651199031001755,0.13628428336269244,0.005514276465785033,0.24830639984195302,0.06796783817486937,0.15992615583041042,0.0027541791731171125,0.0,0.030696972653620154,0.0,0.025262550988031512,0.019428199272763163,0.014706190873676316,0.0030489619088062427,0.0,0.12842153879515147,0.026259799598178216,0.002653659316138671,0.0,0.1355375885096848,0.027492502431934875,0.0,0.0,0.0,0.037014986322190614,0.0054411059164480025,0.1662116440750661,0.0,0.0,0.0036735636613492943,0.0,0.041807289577178865,0.0,0.03239603287050445,0.017299088869605496,0.37511553196738384,0.021376646150300254,0.006761958385115759,0.0063649739077366084,0.01954366675673789,0.13539507802303966,0.19515344980048274,0.011860006932565491,0.014262593120722158,0.13561991142689864,0.0,0.008567357256921588,0.01715025059082651,0.13592185546992389,0.01840773505092742,0.08028092056873809,0.023164641075128743,0.044554817354156256,0.0,0.0,0.21383221320766582,0.012631275494015756,0.0,0.0,0.05954054294054561,0.040478080948779055,0.08373852137167949,0.002697605247664408,0.023722121924046356,0.3284913715530667,0.0,0.1718364609860635,0.0,0.07656879382676489,0.01746884629545098,0.0,0.0,0.0,0.012347626001825316,0.0534194816720558,0.0032735664001498892,0.0,0.040604176723814556,0.018336429803435937,0.0,0.007125548716766752,0.018277352040125077,0.01978450888866227,0.04186882838408234,0.1168431353357232,0.0,0.0,0.0,0.011954702518603491,0.027171380812163297,0.2571031002628412,0.10195175726230406,0.0,0.001703505739357591,0.004846422552774617,0.050036135503131456,0.08840707303630731,0.045804688330014484,0.016678668390242648,0.01999050026615037,0.035618365333399134,0.20132091890857606,0.014327721417841053,0.11672035025384273,0.03705164967130636,0.09393950936583186,0.021229274529109367,0.08822842345256053,0.006690076714061508,0.012631275494015756,0.012041969468505507,0.02557268705329171
Pop_Evil_-_Trenches_preview.wav,0.008325816051942152,0.0,0.0039132763197483435,0.008918909107311492,0.28199618223400047,0.0,0.0,0.025042108214040498,0.0,0.005748702930739362,0.0018623702920536303,0.12565490114659877,0.014617161488425933,0.0,0.0,0.0,0.0,0.0,0.0,0.0023845978679395237,0.0024069259199776443,0.0,0.006242110191453922,0.07821072554654489,0.00869650600976882,0.03275990160114839,0.0,0.001834680937879017,0.09999094992735776,0.006910209905760906,0.007153793603818571,0.0070989358860557945,0.014878894254345942,0.009021435872943927,0.045924204707174544,0.0,0.0,0.20374353229204975,0.004680441345426274,0.0,0.010486410325693108,0.0030829496339013327,0.0,0.05995824579067616,0.0,0.07076943644150828,0.013180056954758155,0.0,0.006099985381729267,0.048948547941850114,0.06371120749276864,0.0,0.008074721626460403,0.0,0.0036064164675291043,0.0,0.0047947077835932056,0.0,0.003359960694781806,0.0,0.0,0.026437708541484185,0.0,0.0,0.0,0.0009481715483387406,0.0018953104270622281,0.005625071406332606,0.0,0.0,0.0,0.0,0.07872617338047436,0.013177558839350999,0.00662779719243673,0.01124529325958986,0.0,0.0,0.003056945127848727,0.0,0.005317838842850467,0.0014629310326617136,0.0,0.0,0.0,0.0,0.0,0.020848414697684507,0.3990109876662454,0.007995666353006718,0.0,0.001854814166433669,0.0,0.0,0.0,0.0,0.31087678261872553,0.0,0.0,0.007907674844090551,0.0038943369973440905,0.0,0.0,0.041522012669784156,0.1964337109501524,0.7210178698861672,0.0,0.0,0.0,0.004826061536153422,0.00961099986378598,0.0,0.0,0.0,0.03307567135989438,0.003236196381681021,0.003669361875758034,0.0015414748169506663,0.0,0.0,0.0,0.0,0.0015035726454906545,0.0,0.03222027726005788,0.003578462426385198,0.022743406661842398,0.0
PRETTYMUCH_-_Summer_on_You_preview.wav,0.08195171480766261,0.134407379560335,0.06162993809497611,0.011705277352560222,0.027757123817189793,0.021495455986900697,0.003147501111012044,0.04151437454650488,0.12165682447155993,0.03395098283373891,0.023830909728848975,0.006509641412298297,0.10934725149030584,0.06028727408725013,0.09993021700713825,0.08154808136802066,0.005188313251824845,0.01689054818049741,0.04305534322631636,0.2628841535380846,0.028429891603646402,0.0,0.0215045673428069,0.0,0.0,0.014882699765839804,0.03522310970930562,0.0072235681425627,0.021871542576251513,0.02210577955069259,0.004694359884608654,0.15372594400277179,0.0,0.03551950392383012,0.0813664528042953,0.0,0.007666457989948625,0.0,0.0,0.021209919496906773,0.027524967418798993,0.006069147038263808,0.10042319518842845,0.0,0.0,0.012292757221149392,0.0,0.0,0.008005689920213502,0.07227070745054409,0.04823960220120443,0.04922509925708814,0.011922025656486599,0.033941066671434414,0.0,0.014532999851483916,0.03775577287950783,0.08465297925701148,0.033072378599991153,0.0,0.12738852747648952,0.0,0.08600622106614608,0.07173683588671938,0.06146378610574696,0.020532452847088163,0.0,0.06644166694847518,0.0,0.0,0.0,0.05420769414606522,0.0,0.01037662650364969,0.013047594180053976,0.19185985349756476,0.0,0.3687002480762197,0.0015044885314376704,0.030531062610206168,0.16226621264786045,0.005759901781351781,0.2829425076138407,0.0,0.15861256832630372,0.05358427965855821,0.013518552373847444,0.014924561255888978,0.0,0.0,0.0,0.05111986161996866,0.0,0.04529092480253585,0.2761143818236506,0.030814969047488056,0.0,0.08154808136802066,0.02452015686373034,0.0,0.007666457989948625,0.0,0.04136752633905823,0.05449395982047972,0.0,0.010102548263407184,0.3277477658716862,0.018953261069097605,0.0,0.011400800099958492,0.00810873327978197,0.06201285552732295,0.17750067002817324,0.05960699134509996,0.2697552188929153,0.022297909165297138,0.00361178407128135,0.15172867595659523,0.0,0.006509641412298297,0.2397044088549434,0.13574096932643895,0.12431826373340543,0.0,0.048504824081639177,0.014089243883722248,0.0,0.0
Proleter_-_April_Showers_preview.wav,0.0,0.0007191970887718061,0.00041221761971034976,0.0006263347609904763,0.0,0.001725292474807356,0.0003368377009284274,0.0,0.001394936704613628,0.0,0.0,0.0,0.0006158983954466286,0.0,0.0,0.0,0.0005552403147140577,0.0031632724271677517,0.0026329572596580676,0.0,0.0,0.01406660248323345,0.00032876643442039433,0.0,0.0018321491835640122,0.0005309031086274059,0.02940201538600747,0.0015460964109768281,0.0,0.0,0.0,0.0,0.020375113930098814,0.0,0.0,0.0,0.004922671019045342,0.0042923968077065704,0.0,0.00113491628251053,0.0022092399056763933,0.0006495049446727687,0.0016533906639978901,0.0006315895771814565,0.25851902696036755,0.0,0.0005553455735409597,0.022457417249950647,0.00021418723075553847,0.0,0.0,0.0,0.0,0.005246638382452804,0.023553399762357895,0.004665855945632694,0.0,0.007765157338829379,0.0,0.9534146077815822,0.0017041002213515316,0.0,0.0,0.0005118064568200243,0.003069593680914625,0.0009987871716618457,0.0003992973094759846,0.0007900467899042688,0.0007597870891083193,0.0,0.0,0.004640937537377628,0.0,0.0,0.0,0.0,0.017716854835450633,0.0052609838519930745,0.0003220132035725987,0.0008712954667894838,0.0,0.0004623077177358611,0.0014651516070360163,0.001787774765979836,0.0019585754504079177,0.002085256604236591,0.0,0.0003992973094759846,0.0011515373451155926,0.00042112468973907265,0.017854717489017072,0.0,0.0,0.0,0.0,0.002473305718262098,0.0,0.000545441988626817,0.0013120429466230807,0.0,0.0,0.0015314148516647245,0.0,0.0,0.002854066256807508,0.005946322037067397,0.0025053390439619054,0.00557790920819896,0.01253935707383499,0.0,0.0002892587885934436,0.005972814703599075,0.0,0.001822568917445417,0.0,0.0006817904284651107,0.0007730482054884141,0.00227326730635469,0.0,0.015326202132015791,0.0,0.0,0.00031676737666488605,0.02172189739217906,0.0023957838568559073,0.0015077956608208958,0.0,0.14042016447717967
Psalm_Trees_-_You_Dont_Know_preview.wav,0.0,0.15697617494676286,0.0,0.017928852277248712,0.0,0.0,0.001205248725897732,0.0,0.0,0.0,0.004913671268890576,0.0,0.050686569080642854,0.0,0.0,0.0,0.043707871656575956,0.0,0.1554474993971531,0.0719030249112227,0.023587292612685933,0.025166058718927947,0.001176368693619947,0.0,0.0,0.0,0.02158034916055497,0.015213363859950686,0.0,0.0,0.0557248443061976,0.0,0.0,0.0,0.0,0.0,0.06458448933617282,0.0030717498482363188,0.005292368608252439,0.7796883447055541,0.00790494524270808,0.0,0.0414123148920513,0.0,0.0062926150476304244,0.0,0.0,0.0,0.0015327790580456952,0.0,0.02586083494692359,0.0,0.0,0.0,0.035342010236695705,0.24207799576425829,0.0,0.09261578066848836,0.0,0.006091857857623606,0.3567031836789843,0.009440276996356755,0.0,0.0,0.05648606735060341,0.0035737892841877115,0.035718431471139074,0.0,0.010874464688214066,0.0,0.0,0.006227202342342465,0.010790174580277485,0.0,0.0,0.045210731321445645,0.0,0.0,0.0005761023814412447,0.0,0.0,0.0,0.0,0.019190665887015613,0.0,0.09140113329537926,0.0,0.0,0.0,0.007534192199286256,0.059323161271658154,0.0,0.0,0.0,0.08223474454119986,0.0,0.0,0.0,0.001877863535325083,0.0,0.002935658606189674,0.0,0.0,0.0,0.02808359694579927,0.0,0.0,0.0,0.0,0.0,0.0,0.20184195527137047,0.049088711525552005,0.12390634519707266,0.0,0.0,0.03180976079807871,0.023240124394432526,0.0,0.08724406630933082,0.0,0.0,0.0,0.014131590854286646,0.004286211776536688,0.056648416546456797,0.0,0.1674804847754971
Queen_-_In_Only_Seven_Days_-_Remastered_2011_preview.wav,0.0,0.0,0.029765087876312577,0.005025099017135241,0.09294627312164265,0.0,0.0027024570649612596,0.03341663280062045,0.020517953683049265,0.00485840831532514,0.01731342002596847,0.0,0.0,0.0,0.0,0.0,0.0,0.0,0.00528107002904635,0.0,0.10170841183549391,0.0,0.09495723951034495,0.0,0.01469937744954993,0.09796731664420316,0.0,0.012404369099536723,0.00469474852208922,0.04380025590721344,0.040305962057475615,0.005999532338738833,0.0,0.01524859419223674,0.0,0.0,0.0,0.2548412293073679,0.011866761298667063,0.0,0.0,0.04168795171372246,0.0,0.04053806828167608,0.0,0.024627424741005505,0.03787218384070317,0.0,0.024058011046212992,0.024131301826728322,0.0,0.0,0.006824199330975936,0.0032379928705850284,0.060957902905987925,0.0,0.008104314467461057,0.0,0.011358430710625752,0.0,0.0,0.16463508413073333,0.05196520126436221,0.0,0.0035182035344293585,0.03525849256317229,0.0032035720230814816,0.00950784690880144,0.0,0.0,0.0,0.0,0.0,0.049001772005505664,0.0,0.0,0.0,0.0,0.0077505592866264714,0.061166216266123875,0.0,0.05316385353650893,0.0,0.0,0.0,0.0041825161100165235,0.0,0.006407144046162963,0.018477624240379263,0.8953538108047213,0.0,0.0,0.0,0.0,0.0,0.006614463972513907,0.08189039197171123,0.0,0.006315931478325011,0.0,0.013164903094508284,0.012286578592184717,0.0,0.023394366121004827,0.0,0.03903339787511697,0.0,0.0,0.0,0.11746527174290537,0.011603651471938231,0.0,0.0,0.0,0.007986652129852327,0.04102515889291754,0.10543713734606212,0.0026054969821076536,0.0,0.0,0.0,0.0,0.005082864730745581,0.0,0.038442864276977774,0.0,0.0038442325991092704,0.0
Queen_-_Let_Me_Entertain_You_-_Remastered_2011_preview.wav,0.00812251245395891,0.0,0.011453160427027624,0.01740224618173404,0.061899810753902204,0.0,0.0031195951217184792,0.024430618521109736,0.0,0.03364997078321109,0.0018168940794169987,0.029033668916913342,0.008556139757873175,0.0,0.0,0.0,0.0,0.016740795268564094,0.0,0.0069791089879428034,0.011740762490311358,0.01861095730118081,0.03501570300777148,0.0,0.0,0.05654453627656187,0.0,0.019688689422625208,0.01896792430852211,0.0016853683071078728,0.04652739325295203,0.0034627954055562807,0.12338238397158734,0.001466857718479251,0.011200701599249536,0.0,0.0,0.325980223888604,0.0,0.0,0.0,0.0,0.0,0.08481652884417297,0.0,0.010153140567448636,0.007714932164560969,0.01733229611428123,0.000991838856454707,0.05770190396169438,0.02868714368500342,0.00406572214201019,0.04135713417891956,0.0,0.0,0.0,0.05613154089741611,0.0,0.0,0.0,0.0,0.07873390239323866,0.0,0.014220162305694738,0.0,0.010175205262770411,0.0,0.0,0.23221132009985673,0.0,0.028897051493796403,0.0,0.7051985414386656,0.02314040968618163,0.002155318866123775,0.0,0.0,0.0,0.002982299238550703,0.01412150685772415,0.038909890597862325,0.0,0.0,0.0,0.0,0.0,0.12058826254752666,0.018490298670891282,0.3572731442837982,0.021451167380263116,0.0,0.0036190449254815144,0.0,0.0,0.0,0.0038177201423425415,0.06498978228115931,0.0,0.002430275924867572,0.007714581610051329,0.02659470302304257,0.0,0.06150113795673553,0.07330038790505258,0.26102294986328606,0.09762653828765144,0.0,0.0,0.0,0.006591503170499165,0.004018420310388783,0.0,0.0,0.0,0.20743723565092312,0.0,0.0,0.0,0.0633592371776253,0.0,0.0,0.003540459982904868,0.0,0.0,0.06101798561394124,0.0,0.006656414315561574,0.0
Queen_-_Nevermore_-_Remastered_2011_preview.wav,0.0051643347548248975,0.016939845693222218,0.0,0.0,0.0,0.054182993331864035,0.035702180179972676,0.0,0.0,0.0,0.0,0.0,0.0,0.2954864145731097,0.0,0.008564831779025006,0.008718690514514961,0.062089316496626704,0.010336037782453776,0.0,0.0,0.061136863723538014,0.01677803526015855,0.0,0.0,0.0,0.023676241399358765,0.2761583934396201,0.0,0.0,0.0,0.0029355505886680977,0.0,0.0,0.0,0.0,0.08374004489165891,0.0,0.01161273117604653,0.013365812376469286,0.03758159912820318,0.0012748607337629396,0.09735920499403326,0.0,0.11736385822456118,0.0,0.0,0.039182087381085653,0.0,0.0,0.008106414199020976,0.0,0.03839915916273376,0.0,0.008947947822742885,0.09158231331831249,0.0,0.23878505745343975,0.0,0.04678451089656859,0.02341388365849372,0.01496028519040218,0.0,0.034155839235538374,0.0,0.017251859437618706,0.01724246479216712,0.0015507189568693045,0.20282015064883874,0.5445400849595071,0.0,0.28011162085120783,0.20420758206946935,0.0,0.0,0.0031001009895747964,0.0,0.02065271954856626,0.0,0.003420390829126617,0.0,0.0006049509564590493,0.0,0.40705310831552083,0.010251544991065375,0.002046490782222165,0.0,0.0,0.0,0.0024797747978820904,0.23029953320386856,0.009204028725780475,0.0,0.0,0.0,0.0016182172636074836,0.0,0.006423623834268754,0.0010301212006957761,0.0,0.0,0.0,0.0,0.0,0.0,0.0,0.0,0.005971869233373162,0.03937998401072992,0.000798268811596493,0.0,0.007815703327192483,0.0,0.0,0.0,0.05888217716204395,0.0,0.0,0.013428041813840611,0.11759547281654979,0.0,0.0,0.007461084819619652,0.04909617946665543,0.0015674967992879204,0.11542167682187399,0.0,0.07589519318948916
Queen_-_Who_Needs_You_-_Remastered_2011_preview.wav,0.0,0.059405348760901096,0.0,0.0702117357649341,0.0,0.0033930563077645476,0.019873313699273934,0.0,0.03429200304900516,0.0142910943942788,0.02083407245543154,0.0,0.07630938630174694,0.0,0.06835390533494959,0.028962808329866346,0.24569247123425544,0.0,0.0038835903339902397,0.08299249254515129,0.02692593907110413,0.0059280351817965204,0.001939711162681451,0.0,0.09368337328634295,0.0,0.05782364162784764,0.01596335655864944,0.0,0.0021473205181522645,0.0,0.0022059663733899992,0.0,0.020558088277192212,0.0,0.006363753817260741,0.004840599549385548,0.0,0.014544287181006183,0.1473113132338582,0.15641331440552877,0.030656462691993482,0.004877475300792231,0.03353721981158911,0.0,0.0,0.011467822240271508,0.0,0.03791092875397624,0.0,0.0,0.025900595554766363,0.0,0.0,0.026896313194554593,0.19269877759918158,0.08343644757383675,0.0,0.03758740399864068,0.0,0.02513533831024243,0.006918243222346617,0.0,0.0030196412817398597,0.018110501877308404,0.014142747603277862,0.25443082891581426,0.002330625053192617,0.0,0.0,0.0,0.027381379009779855,0.0,0.0,0.03295299007251614,0.7734339728590197,0.0,0.034143595086364054,0.03704741278936909,0.015421843892654401,0.019829969766840254,0.031822004051137276,0.0,0.0,0.14251821339353615,0.18454418192464458,0.025606831191791104,0.0,0.0,0.031057772937181944,0.0,0.0,0.0,0.0,0.012913966498844461,0.0024320704144137604,0.0,0.0,0.04180145552702948,0.0,0.01936239819754219,0.0,0.0,0.0,0.0,0.0,0.011086063541831701,0.0,0.0,0.0,0.003413234700358519,0.1252956819079606,0.18678979360057904,0.0,0.005873219791035048,0.09452971656097998,0.09349965984351816,0.05364880971098859,0.0,0.004110185867886533,0.0,0.001503628283686488,0.005606751348325149,0.0,0.0,0.0,0.0,0.01801031211810711
R3HAB_-_This_Is_How_We_Party_with_Icona_Pop_preview.wav,0.046808175944677025,0.02791605802376204,0.0,0.012155776075212267,0.025942866136863536,0.04464549480396457,0.00653727674271226,0.018861556949011548,0.06091344975890637,0.0,0.024748085295828125,0.0,0.04781291696659059,0.250430154507794,0.04324008822754248,0.03175747741645883,0.021551979401306452,0.11839912700722274,0.03193743272107671,0.05362533876004998,0.02952406728755512,0.11700073911283633,0.2807477756268516,0.0,0.059263290173473634,0.0,0.1682621793958945,0.011252370297636321,0.0,0.07240145962700201,0.009750061592736363,0.08344941774239095,0.08364992641858911,0.04610817016504362,0.13144131400884845,0.0,0.06369212368672608,0.0,0.014352920469100255,0.011013110762441077,0.007146078865599279,0.01260545822923815,0.05615516473664686,0.0,0.0,0.0,0.03233409762687694,0.0605345735930396,0.012470705016196917,0.025017392016312444,0.0,0.008519936005878916,0.0,0.015665488832657594,0.19169528794893223,0.0,0.07841774386823666,0.3014091494788883,0.0,0.016521137851810887,0.24804619658636332,0.011378693861086085,0.05954421712907163,0.029799102989814467,0.127658661667301,0.08141387423959778,0.011624219946891801,0.0,0.022118687071030645,0.0,0.0,0.05066457757228065,0.02926298772102513,0.0,0.05871560234887703,0.0,0.04688796417812123,0.035736431965952734,0.02031108933907112,0.14796182637668362,0.04348679243166451,0.014953954989800886,0.009478453568611702,0.0,0.012670543019687557,0.0,0.1684660590958927,0.0038747399822972673,0.01117439984277227,0.020432753165879475,0.07425443156426238,0.015167800499154746,0.0,0.09406805555418737,0.18054071909588906,0.016000469370507156,0.03714259898629967,0.021171651610972553,0.02801024528558746,0.048498942623710836,0.2468069792860636,0.007430346028397208,0.0,0.012126698186959474,0.0,0.0524568153236207,0.06685676841366746,0.01476203364377756,0.02433612601600197,0.03157221457619794,0.01964856253114595,0.04507967252794954,0.051203362121641754,0.04421505283986105,0.28979713996695117,0.013232048250904809,0.0037507900992121077,0.09138957216197657,0.04978973850889256,0.3380088354784651,0.008583788469255045,0.06182684451478236,0.05225592618704943,0.13413721742852217,0.26348231879621414,0.03657873465128141,0.018598491490996984,0.05924447040907523
Radiohead_-_Fake_Plastic_Trees_preview.wav,0.005791697138312997,0.06174250829364228,0.05716613645358872,0.0,0.0,0.0075956416054411375,0.002224404116529964,0.0201706084877663,0.06908897681632913,0.0,0.0,0.0,0.0,0.0,0.011770458438638307,0.20531298570403297,0.0,0.011936899647690818,0.0,0.0729872263224267,0.13394661497104868,0.24550248853907164,0.0,0.0,0.0,0.0,0.07965727982518626,0.002552522484604405,0.0,0.00360521803688556,0.0,0.1753075575047664,0.0,0.0,0.0,0.0,0.02167217752823916,0.0,0.0,0.0,0.0,0.004289191704653221,0.010918638231682364,0.0,0.0,0.0,0.0,0.0,0.0,0.01418755647448213,0.0,0.0,0.0,0.0,0.030104828361679933,0.0,0.0,0.0,0.0,0.0,0.0675210798002581,0.0,0.0,0.0,0.6602534737676816,0.06727692345184029,0.3717992353059346,0.0,0.0,0.0,0.0,0.02681678881985637,0.0,0.0,0.0,0.0,0.0,0.0,0.0010632531537140635,0.03740001761987913,0.029594035530931272,0.00814128337456091,0.0,0.0,0.008622675514871819,0.0,0.0,0.0,0.0,0.02085763019206337,0.0,0.0,0.0,0.0,0.0,0.0,0.0,0.03601982205333912,0.0017328901862755691,0.0,0.0,0.0,0.0,0.0,0.0,0.0,0.02068090384230867,0.0,0.0,0.024171543500356704,0.0019102031581270198,0.05259092070092448,0.0,0.0,0.0,0.02026079159722224,0.007657567453813214,0.4439313414316083,0.0112944582949975,0.13341444742169964,0.011683038768532538,0.11780993830232317,0.020918639887804315,0.03042810132017206,0.0,0.009957159978148283,0.0,0.0
Red_Flag_-_Russian_Radio_preview.wav,0.0,0.000983276517283264,0.0,0.0,0.0,0.0,0.0009210398835852172,0.0,0.0022249949939772235,0.0,0.0005364259931497347,0.0,0.0,0.0,0.20347666206957618,0.0,0.01670057480971202,0.0,0.0,0.0006868452987196616,0.0,0.0,0.0,0.0,0.004174815908099887,0.0,0.0,0.0,0.0,0.0,0.0,0.0,0.0,0.0,0.0,0.9673761214140634,0.0022434030443607427,0.0,0.0,0.0015516421674908894,0.0,0.00044399718097213676,0.012432713251376723,0.0,0.0,0.0,0.0,0.0,0.0,0.0,0.0,0.012003776458991517,0.0,0.0,0.0,0.0,0.015191428284783611,0.0,0.0,0.0,0.0034947341074759775,0.0,0.0,0.0,0.001199059113942433,0.0,0.0,0.0,0.0,0.0,0.0,0.0007931283666753235,0.0,0.0,0.003181718396280413,0.0010796756568361681,0.0,0.009350569612005696,0.0008805041796506892,0.0,0.0,0.0008427477988169373,0.0,0.0,0.07229892125545757,0.001425467290862635,0.0,0.0,0.0,0.0,0.0,0.0,0.0,0.0,0.0,0.0,0.0,0.042506091192272034,0.0,0.0,0.0,0.0,0.0,0.0,0.0,0.0,0.027402124821918113,0.11647045824984836,0.0,0.0,0.0,0.0018146558562232662,0.02164219469839465,0.0,0.0,0.000466067319017573,0.0,0.0,0.0,0.0,0.0,0.0003484324859755623,0.0,0.0,0.0,0.0010307189011837029,0.0,0.0
Reda_Rwena_-_Guardia_Civil_preview.wav,0.012940652541722978,0.0,0.03953513594883219,0.01386248544153262,0.0,0.26729778247668584,0.00248504368382573,0.0,0.010291243045484821,0.013402644268413066,0.0014473228031426024,0.06167461502334784,0.0,0.0,0.0,0.016096145591712466,0.0,0.06001010600584468,0.0,0.0037063336816744266,0.0,0.0,0.004850994701949388,0.060780698133356174,0.045056028901484226,0.06266839671124887,0.0,0.0313676944497521,0.025902328617683865,0.013425504602633618,0.10377734308688394,0.0027584341926455125,0.0,0.0023369734636396423,0.01784477259234774,0.0636600678409598,0.01815867477083559,0.0,0.2509777763674804,0.008372924205782542,0.29337879297193514,0.026354724716328052,0.024396010393963767,0.0,0.0,0.006470326270861489,0.002048550393950378,0.0,0.0015801812667587134,0.0,0.16758090432445427,0.0,0.01882557210379136,0.07145989183530285,0.0,0.0688453567719783,0.0,0.0,0.5483437036735718,0.0,0.0,0.0,0.010059913087401512,0.3020710328698218,0.0,0.0044211733049772115,0.01178337524744886,0.2826883327451073,0.0,0.0,0.06905745697180828,0.08559710271817655,0.0,0.1228897270064283,0.003433818380855044,0.05243501606122545,0.011882484997358363,0.1591344320718372,0.0011878374591694067,0.004821032407870081,0.0,0.0022738050021851195,0.07206172264122768,0.05275773321164208,0.033715563679895845,0.0,0.0,0.08837531435586646,0.0,0.0062137536710091725,0.05645332557185948,0.1931543849882282,0.14028555271509233,0.01787925129261966,0.0,0.003041164303756323,0.0031375953506318933,0.05633650957099363,0.005807813130941516,0.006145371933026838,0.07263469908334236,0.12992838132579532,0.0,0.12292733267466219,0.015792054983343472,0.0,0.01386248544153262,0.18705188674467504,0.0,0.022503158283121244,0.008536107729080564,0.0,0.023356990374845708,0.04033838876246106,0.0,0.07544934815551134,0.014258042931705501,0.011979420325603658,0.0,0.0,0.0,0.0,0.10750077932742357,0.014568619671718405,0.020620906683035505,0.0,0.007069926152340486,0.030027813881531834
Redlight_Blue_-_Moved_On_preview.wav,0.0,0.0,0.02762630157991733,0.0,0.0,0.3083384305993927,0.002821804389351862,0.0023261597094174236,0.1558114785487604,0.0,0.0032869135180991385,0.0,0.0,0.0,0.0,0.08224836673932182,0.0,0.12492768892984853,0.0055142954097778365,0.004208597506523744,0.0,0.1052149376630936,0.013770943174739137,0.0,0.0,0.0,0.0,0.08095110840529465,0.0,0.0015244861916733974,0.0,0.05638038145475193,0.0,0.0026536684326389586,0.0,0.0,0.020619447660683514,0.0,0.0,0.028522743196869108,0.006169185580855923,0.046249559177073046,0.04155305377150157,0.0,0.0,0.0,0.0,0.06271114980572615,0.0017943195379353418,0.007199143147842096,0.0,0.0,0.0,0.016904954038627528,0.0,0.05863120169378284,0.0,0.0,0.0,0.0,0.01427582919385556,0.0,0.0,0.030013041641742153,0.02938861025339787,0.07865150178320549,0.23415348941079353,0.06287567035193518,0.006364995774253576,0.0,0.0,0.3936470175711848,0.0,0.0,0.0,0.0,0.0674637000149911,0.43632326821181966,0.0067440362878463025,0.13320929612818902,0.014078250002874182,0.0064548492421453,0.0368222252830183,0.0,0.038284528437317465,0.0,0.0,0.0,0.0,0.01940347894793587,0.0,0.0,0.0,0.0,0.0,0.003453287697489666,0.0,0.12337255010898271,0.046164012666921016,0.0,0.0,0.0,0.0,0.0,0.0,0.0,0.06821126093556712,0.05522405823563723,0.0,0.008517557958288232,0.0,0.01111917942211479,0.0,0.0,0.0,0.41980194779065166,0.0,0.26933566814883714,0.014327770639938115,0.011672075124017137,0.0,0.07472486643509804,0.318440211916675,0.06065724950755619,0.0,0.01263131888806637,0.0,0.017048516604565533
Rex_Orange_County_-_Corduroy_Dreams_preview.wav,0.0,0.013561522892308745,0.0,0.003936822201698386,0.0,0.0,0.0010585953566484532,0.0,0.0,0.0038062314106582515,0.0036992408840543175,0.0,0.23420908275583455,0.0,0.0,0.0,0.013959834480766035,0.0,0.34960675301344796,0.0015788485535071423,0.0,0.0,0.0,0.0,0.02111259195322136,0.0,0.12557340002139283,0.0012147471000720012,0.0,0.0,0.0,0.0,0.06649664778406371,0.0009955194241941816,0.0,0.0,0.13923634444230243,0.0,0.0,0.04993455141614074,0.025457960014253017,0.0,0.0,0.0,0.12711953751258193,0.0,0.0026179651677885442,0.0,0.004038816450288892,0.0,0.03244873764657305,0.0,0.0,0.0,0.2435574236499322,0.058654401514121005,0.012698354805050185,0.004067319602225927,0.0,0.12841457142329185,0.0,0.0,0.0,0.0,0.0,0.0,0.015058680542056549,0.0,0.0,0.0,0.0,0.0,0.0,0.0,0.0,0.012409230668319787,0.0,0.0,0.003542020041095616,0.0,0.0,0.0019372210097583083,0.0,0.48319290040084595,0.0,0.1343453554275852,0.009093357725273296,0.0,0.0,0.0,0.004008060214172392,0.0,0.0,0.0,0.06191015077108602,0.011659457693012173,0.0,0.0,0.0,0.0,0.15212859855733044,0.0,0.0,0.0,0.0,0.0,0.0,0.0,0.0,0.0,0.0,0.0312850664376545,0.026532707618809787,0.20620336608110595,0.025027987957912223,0.0,0.030368677501800032,0.0,0.0,0.013136280362340599,0.0,0.0,0.0,0.002068679011913893,0.0,0.0,0.0,0.5980001429410234
Reykon_-_Latina_feat_Maluma_preview.wav,0.0,0.04647323957949738,0.05707879512575917,0.005781805821859702,0.00274211870851922,0.0,0.006218815564922578,0.012816230513717082,0.09443063601555235,0.08944022280709611,0.007243843345074802,0.09003199851673455,0.051169193141259506,0.0,0.049360394723598905,0.0,0.010251041085659194,0.0,0.018228967032571732,0.05565054426627157,0.018723875033779824,0.0,0.003034900508408466,0.03259361659676878,0.157853638513391,0.019603438132356977,0.02087808853876212,0.010704214966457218,0.010803418696675665,0.035277156055593624,0.1205761792435884,0.031063385813537646,0.0,0.07310337764424797,0.0357251988034117,0.07965457978266087,0.007573672985994243,0.0,0.14108847004527184,0.02095322175370218,0.013595920205487659,0.21584497836571456,0.00763136932699863,0.029151569750007687,0.0,0.01214398140722463,0.02306921492469075,0.0,0.019771998216928117,0.023798678408138717,0.0,0.008104890267123912,0.0,0.12294438714398385,0.0,0.014357111005493122,0.0,0.0,0.35939324103138565,0.0,0.023596271182350612,0.01353048090145037,0.1510494431069038,0.004724574997287109,0.06881589464093957,0.007375983379598571,0.01474393345137213,0.0692840720843458,0.0,0.0,0.07680716101432064,0.0053551633534724905,0.006959362846254042,0.30240571202694616,0.0,0.13121849573545832,0.0,0.058278075480391774,0.0014862801261321453,0.006032310734051694,0.020684174181862077,0.018493121711088044,0.19836770751536215,0.0,0.07231981136612774,0.09143450155641566,0.02670988220578323,0.01842991681421516,0.010630042815361855,0.023324854386288042,0.0,0.0324650392617401,0.536921782841967,0.033557086023694595,0.050513453042582396,0.007610506016767889,0.0,0.05035070479470348,0.01937871699234815,0.007689388898490228,0.03786836492997121,0.1413675857784963,0.0,0.03460785082423794,0.052692770471456846,0.024950699844891074,0.08672708732789552,0.26213425047291755,0.0,0.05819123353788826,0.06408476433026539,0.0,0.009741801605489977,0.11777116908973018,0.03675730298972184,0.14790257970884327,0.08920179138714349,0.047965550747936576,0.005262694288951852,0.032154285184548055,0.1306501148769392,0.07998836075908806,0.0614068372211683,0.0,0.011057950088529096,0.006959362846254042,0.026538708606124936,0.0
Ricky_Martin_-_La_Mordidita_preview.wav,0.016516628893593475,0.01354429748034293,0.1358542292722329,0.07077279197240594,0.07831877100378323,0.0,0.0,0.12288807587776503,0.02627018099558927,0.1425523821541592,0.014778168907120042,0.5379033982724022,0.06959353325392974,0.0,0.0,0.010272050134195488,0.04705459811835597,0.0,0.0,0.028383176711686248,0.019099294025535618,0.0,0.04334051571123694,0.0997413834926022,0.10926265442429792,0.16497106405794149,0.0,0.01091883750495391,0.3030508331958194,0.06682830702797662,0.10407164794284958,0.04928966853611432,0.0073791317635682864,0.044741472628982856,0.14576599658694278,0.010156459580381048,0.0,0.0,0.15320232306273093,0.021373339777915595,0.0,0.06115909201346114,0.0,0.02378885357680833,0.0,0.27252437674429236,0.010458559649171492,0.0,0.014117902662527547,0.08901144502545383,0.009722256689830372,0.008267395610002221,0.008009255770922877,0.05700429858611289,0.02146306454225385,0.0,0.02853500796346322,0.0,0.14663967087720828,0.0,0.0,0.035884604266020304,0.04814938349245684,0.0,0.0,0.005642905449870627,0.037598883721005,0.011158932210217073,0.0,0.0,0.10772735369387174,0.0,0.01419780008050628,0.21958812455232787,0.017530832761863638,0.022308243949846557,0.0,0.014861641845428174,0.009096482778942417,0.024613041083684197,0.09494503976763716,0.0029021406205291555,0.009197501644223494,0.0,0.006147487003718577,0.05890597211439374,0.0,0.0864774325583115,0.0,0.02775794503505716,0.0,0.06623194496778902,0.25277871530445817,0.1255096886720831,0.0,0.0038815494077780828,0.03604165096915295,0.04108820053678195,0.0074127246564900245,0.04706137992824673,0.03090210908837907,0.15862225045572884,0.020843129469338847,0.07844832894324714,0.0,0.08653329268169578,0.023590930657468645,0.02864894103830342,0.0,0.0823352684531868,0.016342420496461327,0.0,0.019874254967629682,0.0,0.2249657838838956,0.016049794497485614,0.04367535001981564,0.01834772760403834,0.010736425596716623,0.0,0.1332696866435415,0.11758868679711178,0.005965529683864382,0.0,0.037598883721005,0.00709890004025314,0.04962983157360498,0.0
Robin_Schulz_-_Headlights_feat_Ilsey_preview.wav,0.014266144964134303,0.0,0.05699532859825543,0.0,0.012079892199108355,0.03274185664224727,0.0027395831331813157,0.011291902317987509,0.09454466887370584,0.0,0.0,0.0,0.0,0.0,0.0,0.008872425313747254,0.0,0.2977058467295089,0.0053536208083780025,0.0,0.024745361087570642,0.2083843735317715,0.04278300088198995,0.0,0.0,0.0,0.012263269667508557,0.0,0.0,0.06068270486880109,0.0,0.0030409766384984875,0.0,0.02833980922703695,0.015738069580874356,0.0,0.0,0.0,0.0,0.0,0.0,0.005282582046008766,0.0,0.0,0.0,0.014266144964134303,0.002258380463597502,0.0,0.006968147842160575,0.0,0.0,0.0,0.01037692418521933,0.33153008335696504,0.006179533610379221,0.0,0.0,0.0,0.0,0.0,0.0,0.0,0.11367593899763441,0.20396968718745856,0.0,0.1705909704085814,0.0,0.623287383941178,0.012359067220758442,0.0,0.04229495163219919,0.0,0.0,0.0,0.0,0.0,0.0,0.01711554565909118,0.0026190118823920553,0.10629687642985995,0.0,0.010026830309139149,0.15888580243544886,0.0,0.0,0.0,0.08236578076872769,0.18186461190180556,0.0,0.0,0.0,0.3940958945326224,0.0,0.0,0.008901103595017326,0.006705332776265346,0.0,0.022181063284368134,0.02134233024789508,0.0,0.0,0.0,0.03600627082335733,0.0033879650626907234,0.0,0.0,0.0,0.04124226847928441,0.0,0.016538749607502325,0.05175746929681039,0.005397595332013645,0.0,0.0,0.0,0.0,0.0,0.005282582046008766,0.051004398488572265,0.0,0.0,0.11814886061432482,0.07729038880100987,0.0,0.019485494132336308,0.0,0.015588177033549283,0.0
Rocco_Hunt_-_Ti_volevo_dedicare_feat_J-AX_Boomdabash_preview.wav,0.05262373120739162,0.019917031437934156,0.01522095759140171,0.005781785141641658,0.016452653403466806,0.0,0.0031093966608095234,0.06151768643013715,0.11159944339631686,0.0,0.0018109543588694038,0.012861668070362922,0.0,0.0,0.02468010908628856,0.010070104940313095,0.005125502209996278,0.004171516725437627,0.0,0.023187643840333616,0.0,0.0,0.042488455145534294,0.0,0.0,0.0,0.0,0.0,0.21606760110557285,0.20494274500056633,0.013912586304200168,0.04141769960906454,0.0,0.017544747880780892,0.2858005681793334,0.009956786859519725,0.0,0.0,0.0,0.0,0.0,0.0,0.0,0.0,0.0,0.13763129700394733,0.012816184672945239,0.0,0.0,0.06742934764259767,0.0,0.008104861277755691,0.17273952046311805,0.1937298565084348,0.0,0.0,0.0,0.0,0.0,0.0,0.0,0.024354778510738175,0.09755241641559112,0.023622790492728807,0.012143937970936528,0.020283881742757113,0.0,0.19326540454490376,0.0,0.0,0.0,0.0,0.0,0.0,0.01718618224178597,0.0,0.0,0.04370840027462485,0.007431374050213346,0.12868883536712455,0.025855125249033332,0.009957799150575312,0.03606672690885844,0.0,0.018079888173610094,0.0,0.0,0.3907128389644804,0.0,0.011662385479266955,0.0,0.6420840354672389,0.0,0.0,0.0,0.0038052393978504277,0.15311002950140012,0.04028041976125238,0.0,0.09996169813859945,0.0,0.0,0.0,0.07306075708390641,0.032932863750798166,0.009980244240741475,0.028908925708208286,0.07957618426644623,0.0,0.020648428368076795,0.08544604681798361,0.0,0.0487088338062917,0.0,0.0,0.0,0.0,0.020984853393856508,0.015788026396436755,0.0,0.016331205946360658,0.06587253207189164,0.06725486687632677,0.0,0.040545671968012106,0.0,0.0884620456104588,0.0
Roddy_Ricch_-_High_Fashion_feat_Mustard_preview.wav,0.08903903739000604,0.014132047407529191,0.021599935205202585,0.0,0.04864130116520097,0.08663736189041628,0.002206259560131062,0.04183088618161499,0.01979623105036134,0.19435149836511453,0.0,0.0,0.03630675982380643,0.11268992564197026,0.0058372231611137845,0.18934783643624029,0.02909423141487035,0.17759294795178612,0.0,0.019743236317619765,0.00996405051686647,0.046067551407779454,0.034454294729642315,0.038544305564914984,0.016000570960170223,0.03129634984788294,0.029627817036879854,0.0708876406868935,0.003832746852323813,0.003575810124216052,0.019743236317619765,0.09061225296790561,0.015398693075148137,0.018673205109179174,0.0,0.014129593997366428,0.021495396679594814,0.03936079023662289,0.025834421475113247,0.1338049691113629,0.168820654297349,0.02765232983812477,0.07580702113556831,0.0951477889635983,0.057594510613227644,0.02297781610064672,0.005456202545428042,0.07354712873141799,0.001402908950541776,0.03095802157668259,0.013525534038538354,0.05175693764859274,0.05849770185023296,0.023791191864208815,0.009953087343780233,0.11715041246425967,0.0,0.26278260499160905,0.004636455962301025,0.022302814926986356,0.005580858963256535,0.032641572532003116,0.006698507827334729,0.05363665101304875,0.01148890805032336,0.01700913444025952,0.020922919351078005,0.04139793801876161,0.04976543671890116,0.0,0.0,0.05699580678017401,0.05431766456761307,0.07273557853717587,0.0,0.015517534792065408,0.09494505736357445,0.04135081988920658,0.0,0.047082044471384206,0.007338158939710802,0.004037437294640775,0.0031988746421543987,0.7025867635242266,0.025657019981968347,0.027316522501743185,0.0,0.0026153649188847506,0.007542476004041641,0.009654163698543862,0.27566066355339947,0.010237934288073871,0.007326332136543156,0.09524082658764409,0.0,0.0,0.025070443650099836,0.035726006874762316,0.0017187549293389698,0.0,0.005373849169898704,0.11033707071593214,0.0,0.002728418867242579,0.0046734754950033125,0.0672736903232666,0.02871709239577921,0.026570801378310593,0.0,0.0026638194688980727,0.015156972415550784,0.04781510651972729,0.006912230375907594,0.0716260695348841,0.11084382184553476,0.013397015654669457,0.04050722324965344,0.017016818361922936,0.02613876750671637,0.027377830397569438,0.02896934934496819,0.021700520727222092,0.014523603973806025,0.09485110812237364,0.007846094756654251,0.014813908518439927,0.0,0.0599830867053186
Ruben_Blades_-_Pedro_Navaja_preview.wav,0.6685325191311229,0.03469768686206072,0.023864942910977672,0.012087016339170222,0.09171953442920841,0.016647358275202796,0.0032501491601169023,0.17415232378805243,0.06954205875164528,0.0,0.005678791512200053,0.020165812327901562,0.0,0.0,0.01719819942979137,0.04210378627669418,0.010715034793058338,0.030522436158548636,0.0,0.1308812836117536,0.1810352216555441,0.02423727474291734,0.09199581426029416,0.0,0.0,0.005122687537210866,0.021823095160388096,0.003729573573374909,0.10163173245175959,0.08428322021198935,0.0,0.35355580186216995,0.0,0.021395433298216294,0.02800667353945641,0.0,0.0,0.01656694585077973,0.0,0.0,0.0,0.0,0.0,0.0,0.0,0.025387310853080616,0.013396332599080955,0.0,0.0062000819346745015,0.0829195997561499,0.0,0.00847174257526333,0.024621666717609497,0.0233653143546552,0.0073311905488209666,0.0,0.0,0.0,0.0,0.0,0.0,0.025457241888495703,0.10525760423343918,0.01481527146032978,0.08885558798578216,0.08866319583323268,0.0,0.11053591567081543,0.021993571646462897,0.0,0.0,0.0,0.029097460213850797,0.0,0.004491036515442058,0.0,0.0,0.010152653459404259,0.006214214978034294,0.12820881802232906,0.16755812822675006,0.011895493775375958,0.02827451471095202,0.0,0.006299435739747631,0.0,0.0,0.015411289311775309,0.0,0.01625373944647329,0.0,0.03016400620218833,0.0,0.0,0.0,0.0,0.03693250007641424,0.16315217182218994,0.015191893078181582,0.008037434334347037,0.0,0.0,0.0,0.004019367643800166,0.0,0.046944081726656005,0.0,0.034249906799697534,0.0,0.017658913958711706,0.03628377904479671,0.006403525311029136,0.020365491129662038,0.0,0.0,0.016446500661474874,0.0,0.2412824807530622,0.09351530083456688,0.0,0.05974663697861713,0.3049265051543696,0.03667788565408507,0.0,0.05779233491915741,0.014548730106925398,0.023116610279002008,0.0
Ruel_-_Golden_Years_-_M-Phazes_Remix_preview.wav,0.04958544918382199,0.002804279663340673,0.00964386679983805,0.007326577902401217,0.0034747528634809597,0.13678696388562875,0.0013133911820654275,0.005413482348304195,0.015410813852682927,0.014167086810638066,0.0030597466267848774,0.008149041408825546,0.0024014993553222513,0.7547013143213427,0.010424735465530847,0.11059240756969603,0.0021649825160979523,0.1832505542366505,0.0025665942663621625,0.013712057477663473,0.015817656662578696,0.09990213305154816,0.035893755873011565,0.0,0.0023812937954874325,0.0,0.0029395841377320565,0.0015071274587159765,0.0,0.02767293949442943,0.0,0.06123108944818969,0.0,0.002470266707859171,0.028293869183825503,0.0,0.012796257051596049,0.0,0.0,0.0,0.0,0.00886388081385904,0.04512808687486812,0.0,0.0,0.0,0.0032480894089825176,0.019459007974431314,0.0008351547923820778,0.0016753980475192206,0.0,0.0,0.01492449039792638,0.02045759298322647,0.02666292681307241,0.018193017108508437,0.0,0.22203686548673734,0.0,0.0,0.006644595298892673,0.0022860706022936484,0.00531684864428496,0.04989065100631373,0.032487018430779925,0.035828958562910844,0.009341595026495718,0.006161070951495694,0.0029625474236747128,0.4597395891485203,0.0,0.09726522451176925,0.0029395841377320565,0.0,0.0018148360174039784,0.006158415123825074,0.07536133606728007,0.043078409989193836,0.0012555877828258788,0.04501473880056882,0.008736844402331537,0.0024034953260931285,0.013330079907289304,0.0,0.056003495467280215,0.004065396523012693,0.0,0.0,0.0,0.0008210207060088893,0.12929201289701645,0.0030473324307595823,0.0,0.0,0.0,0.003214622266612683,0.004974830132642127,0.029774878961072004,0.0245562864038484,0.0,0.0,0.0,0.0,0.0,0.0,0.0,0.0,0.003954414165644674,0.009778644708802376,0.0015857776049057002,0.0,0.02070140972197334,0.012344597963236734,0.0,0.0,0.00531684864428496,0.004521382376147929,0.030390448504659565,0.0111146185328323,0.05161059558922846,0.013796414045714134,0.012918367849550952,0.032113467202169226,0.1642620330471784,0.017126257548575483,0.00881875241319617,0.0,0.03967562645417007
Rune_RK_-_Calabria_-_Firebeatz_Remix_preview.wav,0.0,0.0,0.0,0.0,0.0,0.0,0.0,0.0,0.00056088557097739,0.0,0.0,0.1949579159231671,0.0,0.0,0.0,0.0,0.0,0.0,0.0,0.0,0.0,0.0,0.0,0.04826966099067072,0.0,0.0,0.0,0.0009324973298666899,0.04235127567825072,0.0013170721171939222,0.018179982405251642,0.0,0.11910726808906656,0.002292623390094468,0.03501224440299558,0.0,0.0,0.026924287999357217,0.0,0.0,0.0,0.0,0.0,0.018284673792250333,0.01697095122996599,0.008463380282756547,0.004019347777824897,0.012039773327115397,0.0,0.0,0.13700052188763684,0.0,0.04924882272857187,0.0,0.0,0.0,0.0,0.0,0.0017077380113640604,0.2875165383284585,0.0,0.0,0.003289666799863805,0.0,0.0,0.00048191890961901115,0.0,0.0,0.0,0.0,0.007527434929422465,0.0,0.005456381960598725,0.0,0.0,0.0,0.0,0.0,0.0,0.0005255045484471549,0.0,0.0,0.0,0.0,0.0,0.0,0.06980491493116041,0.04142245698891346,0.0,0.0,0.0,0.0,0.09714584050977731,0.0,0.01848200666513769,0.001988966933626313,0.13030417680267972,0.0,0.0,0.89225466217175,0.06927692831091935,0.0,0.021360694378762514,0.0030148617705411792,0.006885493413839913,0.0260829526199622,0.0,0.0,0.0,0.0,0.0027913710538497805,0.0,0.0,0.02858040194692296,0.0,0.0,0.0,0.0,0.0,0.0,0.0,0.0,0.0,0.0,0.0019266259064610915,0.0,0.016183431006952756,0.004909659832065217
RY_X_-_Howling_preview.wav,0.0,0.0071120789339165135,0.0,0.0008078832079184943,0.0,0.0,0.00043447296768841815,0.0,0.0,0.0,0.0,0.0,0.0,0.20065026620964857,0.0003831697345284278,0.0,0.0007161814329249529,0.0,0.0,0.002375990389815767,0.0023982378462020803,0.00043199825269377585,0.0,0.0,0.0,0.0,0.009400074652643756,0.0,0.0,0.0,0.0,0.0,0.0,0.0,0.0,0.0,0.003174774499266715,0.0,0.0,0.0,0.0,0.0,0.0,0.0,0.0,0.0,0.0,0.0,0.0,0.0011084514220970239,0.0,0.0,0.0,0.0,0.0,0.0,0.0,0.014467489263789185,0.0,0.0,0.0018317067793786196,0.0,0.0,0.0,0.0013197804882179472,8.588627408490918e-05,0.00034335801596210337,0.0,0.0,0.957228066576891,0.0,0.0,0.0,0.0,0.0,0.0,0.0,0.0,0.0,0.0,0.00024084743166816782,0.0,0.0,0.0,0.0,0.0,0.0,0.0,0.0,0.0,0.024675063115315348,0.0,0.0,0.0,0.0,0.0,0.0,0.0,0.0005641165771950536,0.0,0.0,0.0,0.0,0.0,0.0,0.0,0.0,0.0,0.20594888441518988,0.0,0.0,0.004850720653557247,0.000453735861219067,0.0,0.0,0.0,0.0,0.00097739771034997,0.0,0.0014976236296859585,0.0,0.0,0.0,0.0011320474234795513,0.0,0.004862107578953667,0.0,0.0
Sabino_-_No_Te_Quiero_Perder_preview.wav,0.0022445050563559975,0.002454112105262291,0.0,0.0032058577743652337,0.0010136213322491168,0.022567621568052112,0.0011493893569130625,0.0,0.0,0.0010331714204778104,0.0003347098960024452,0.0011885798118448304,0.0010508132829475142,0.0,0.003041003106140443,0.006514230004082285,0.004736608361403418,0.006168009359287793,0.0,0.0034285276469077455,0.006921260956953518,0.01971403396971954,0.0011218478204533023,0.0,0.0,0.0,0.006431303117831071,0.007913603886857586,0.0,0.0,0.0017142638234538727,0.0019137580498529592,0.009359253685550276,0.0010809035044246852,0.000825361414275113,0.0036805290845087404,0.0013998001760886973,0.020505689446156737,0.002523542245047893,0.0038726683281279095,0.006282147226624385,0.0016622265009490005,0.001410463872349015,0.0,0.7531220803137719,0.0,0.0,0.057473487156505514,0.0003654349301437139,0.001466192792145294,0.001761590652273233,0.0029959642683490546,0.0014512093794521437,0.0006885797727306648,0.031111405570124796,0.010614182339680714,0.0,0.011040417456494759,0.004830885026554478,0.5054282405271178,0.0029074457107027213,0.0035010697473756933,0.0,0.024450079361830246,0.0014963367042373317,0.0,0.004087559763862987,0.0006739680336229996,0.02203724561217173,0.0,0.0,0.006928356998415247,0.012862606235662141,0.0028419650168420504,0.0,0.0,0.3352511324411139,0.0071808100218059626,0.0010988038095250763,0.0007432791322750606,0.002867206312798593,0.0013146083136372627,0.004166273694892149,0.012200827181228073,0.00334161789372919,0.0044471932267676284,0.0,0.0,0.04518791927545474,0.0010777510244219714,0.1827766505590152,0.0013334075600321003,0.0,0.002067390331915015,0.003734449089344864,0.0,0.0014512093794521437,0.002791812858892408,0.0013431229887611589,0.0,0.004199400528266092,0.002612819061925677,0.0,0.0007107086726964983,0.002434728483819788,0.0018446000560627485,0.008548954064973956,0.0008651576196191898,0.004278797629681277,0.0027755263266552085,0.0004935180534816595,0.0011322778550501302,0.0,0.05441748790013752,0.0,0.003489704358937718,0.001318933981142931,0.003324453001898001,0.012644771602627258,0.03328023473165525,0.0,0.0030437250186920064,0.0070258727787604535,0.05952181543410177,0.0006812599606438312,0.001286260623566214,0.0,0.11631659355055916
Sabrina_Carpenter_-_Stand_Out_-_From_How_to_Build_a_Better_Boy_preview.wav,0.0,0.0,0.07073692567797563,0.020802508183239022,0.00493296978754608,0.0,0.0018645697334191693,0.0645565845163185,0.0,0.026816606901326312,0.013031405334843208,0.30079070161557253,0.0886421653514252,0.0,0.0,0.0,0.0061470808210387804,0.0,0.0,0.0,0.0,0.0,0.0,0.04560477180065961,0.12846390255001303,0.16457400237501438,0.0,0.0,0.36926403641077876,0.014102732109391858,0.0,0.0,0.0,0.01402776141592147,0.02945630726831935,0.0,0.0,0.0,0.03002088317071798,0.0,0.0,0.07909755849926615,0.0,0.0034961728046166204,0.0,0.46606019943139343,0.0015370615361028216,0.0,0.010670727296433279,0.0023784966227055806,0.011430795293683038,0.0,0.0,0.04691535536966444,0.0,0.0,0.05032440180403029,0.0,0.007836789119339872,0.0,0.0,0.0,0.005661090462618904,0.0,0.0,0.0,0.015472210298394667,0.0,0.0,0.0,0.13817323209739343,0.0,0.0,0.09835329313662049,0.002576451216802727,0.052457156416981676,0.0,0.0,0.0008912542620494727,0.0,0.003100838474597082,0.0,0.0,0.0,0.0,0.046171866628410975,0.00800834779937949,0.10830547208876266,0.0,0.0011655707605156987,0.0,0.0,0.049533454379096065,0.02683020104104699,0.0,0.004563672624385525,0.016479330947812183,0.0,0.0,0.18904997841353482,0.004541585539263394,0.08901026406915936,0.0,0.004611721423791239,0.0,0.002992358867873223,0.0,0.0,0.0,0.002251266010017886,0.04643468425492992,0.0,0.0,0.0,0.34164595678370185,0.0,0.04279218990198411,0.0,0.0,0.0,0.0,0.0,0.0,0.0,0.0,0.0,0.5145543032001102,0.0
Safire_-_Boy_Ive_Been_Told_preview.wav,0.0,0.0,0.0106033129539099,0.1396283599937528,0.0,0.0,0.002888114907306528,0.14046855160295343,0.20133459205237544,0.005192179244288448,0.010092461369545782,0.0,0.04224670415152946,0.0,0.02292373689868953,0.0,0.08569337951653927,0.0,0.0,0.1076874184060306,0.06956527595077795,0.0,0.0,0.0,0.16232860118404305,0.02276035577573295,0.0,0.0,0.0,0.028085590776542612,0.0,0.006411698083583657,0.0,0.5866620194749061,0.0,0.13872310786346906,0.02110399090523956,0.0,0.0042273345310446,0.0,0.006314157320487731,0.05847436772379519,0.014176507591436134,0.04332301920193391,0.0,0.011279708610138016,0.06428221853016514,0.0,0.3434226666368245,0.33894263730131763,0.0,0.015056149620900086,0.0,0.0,0.0,0.0,0.03464431199362611,0.0,0.012138750873896592,0.0,0.0,0.0,0.0,0.0,0.011279708610138016,0.023978651774745657,0.027389250283239984,0.0,0.0,0.0,0.017835221546413066,0.0,0.0,0.004760743306474405,0.007981559534972014,0.040626610184478475,0.0,0.0,0.022088053232144973,0.014941328832059704,0.004803026490841459,0.10834715574632146,0.0,0.0,0.06157515458036177,0.013409560452234154,0.44656148650194527,0.0,0.0,0.007221617360039441,0.0,0.0,0.0,0.02077924526067025,0.046918470319235704,0.0,0.0,0.004676730467171647,0.14399645294712138,0.0,0.0,0.0,0.0,0.0,0.0,0.0,0.010740643076442525,0.008695659493847244,0.0,0.0,0.07192474564456859,0.017070709065025846,0.009048489104432397,0.0,0.008535332299915224,0.05553519216962656,0.02319895350384837,0.05012088662039586,0.0,0.0,0.0,0.04807367769224581,0.00814808360381814,0.0,0.0,0.012928146443186381,0.028758310111247787,0.0
Sam_Feldt_-_Been_A_While_preview.wav,0.0,0.24395701038711975,0.031960522867495116,0.127474450198657,0.0,0.07245730273371394,0.009793530645343967,0.0026911050822787637,0.07886215370113858,0.0,0.01901294575294372,0.0,0.0716287968193489,0.0,0.008637095553810458,0.03700359719537843,0.03228714020250358,0.030657302087078075,0.031897097053056794,0.185017205629666,0.039315706134832436,0.277525808444499,0.0350491503371909,0.0,0.10062035321545237,0.0,0.23380823813905605,0.03371447704596894,0.0,0.024691226188527527,0.009737747664719262,0.028989225930224957,0.030379738178675703,0.015349979145554731,0.004688403893523063,0.0,0.039757301966269094,0.016640148282048853,0.052560908836516325,0.0,0.10705580491496079,0.012589538052346853,0.008012034723724706,0.0,0.017044038845569192,0.0,0.013455525411393816,0.012091624181729141,0.0020758258378480846,0.037478694113948045,0.17011193110209796,0.05105505405624055,0.008243486534824523,0.11734277971936755,0.08099942427931205,0.21856237998738182,0.06852886728890609,0.0,0.027441481726586718,0.03300054466421597,0.008257764147017618,0.017046484555937484,0.01982300507476163,0.029761467944568798,0.13599726294603562,0.058079322753275514,0.15479385378290833,0.011485275292606194,0.0,0.0,0.0,0.08995660495674467,0.0,0.0,0.004510880534660199,0.2678742355784567,0.0,0.14276519327061635,0.010922927758634966,0.05066569942516753,0.09772170839072987,0.0089610412546768,0.014199724005588795,0.0,0.23410900190242911,0.2020955928300942,0.0,0.08900646592517229,0.022320574067892916,0.012244168461851975,0.0,0.06059457675615344,0.010840467971795277,0.023487312864256246,0.010606629621779285,0.007990130716873779,0.004121743267412261,0.05814850987845181,0.03560437935635004,0.0,0.007951460393253819,0.014841923612048594,0.0,0.0,0.0,0.0,0.11533402637021345,0.03440124286797838,0.0,0.015766170081860122,0.014016962287360369,0.03215909910708217,0.04091095549978841,0.3356100039119135,0.0,0.07598818611991959,0.02247631803064596,0.24234860750767692,0.03867644364161469,0.06076474995210853,0.0943024224601038,0.032109355067504175,0.07674989572777367,0.29983271229873387,0.11222554399260853,0.0073065074418455014,0.0,0.039446431381403704
Sango_-_Conte_a_Todos_preview.wav,0.0,0.9097814224825013,0.0,0.005783291617634088,0.0027428233721685214,0.0,0.0015551034156254763,0.0038458572001544185,0.02254037448247003,0.04473160347965727,0.0045285655325275525,0.041811312558867636,0.0511823424882439,0.0,0.0,0.0,0.005126837687852917,0.0,0.0030389419120873404,0.17859137841748943,0.07257366078465462,0.06030358232278863,0.0,0.0,0.014097696731702988,0.009804237890438411,0.1218201468408559,0.001784494285355575,0.07294181581468458,0.010081777571930305,0.002319368550876486,0.010357122804756206,0.0,0.010237102902577698,0.01563379098164469,0.0,0.0037878096259304894,0.0,0.025038257954164506,0.0,0.0,0.0524758027827335,0.0,0.0,0.0,0.012147102140921854,0.008973666800360311,0.0,0.005933123754494597,0.00595119853507499,0.0,0.14592551479275637,0.0,0.011179634647531175,0.045600944977741927,0.003590200116094684,0.0,0.0,0.003268050882890275,0.0,0.035403502350520595,0.0013533957934745537,0.10072550630758641,0.0,0.13564264057362738,0.008300113699076999,0.0055303958681404385,0.0,0.03858541498116625,0.0,0.0,0.0,0.02436402936817118,0.030761026127117497,0.0021488325245391134,0.00364589488823859,0.0,0.0,0.008919972402827693,0.005028217420023992,0.043965165305566496,0.0021343700807227,0.10822837288014865,0.0,0.0,0.007220368278474591,0.0,0.022121583472561754,0.0,0.017498136267143815,0.0,0.0,0.015492108456452167,0.0,0.0,0.003806230873953029,0.0,0.04532727942751357,0.009691848446261243,0.0,0.0037878096259304894,0.007070195705525931,0.0,0.0019231524596561409,0.0,0.0,0.060724561985157924,0.0,0.0,0.007510475792697665,0.017360750520857303,0.012255614856602362,0.0341050676130231,0.0,0.02297921800049741,0.017312196396616415,0.06424179427280069,0.06447027199021545,0.002632023342291741,0.03216254812220587,0.08984503622655284,0.049417271642448385,0.0,0.0,0.0,0.006961151248048908,0.013272764232617314,0.0
Satchmode_-_Hall_Oates_preview.wav,0.012757926531740672,0.0,0.0,0.0,0.017284487443526952,0.14640191958119633,0.002449954099624843,0.00807849691916929,0.02536481878932769,0.0,0.0028537723164534937,0.0,0.0,0.0,0.0,0.011901647284082443,0.0,0.5226042455375,0.0,0.007307998211135416,0.0,0.010961997316703123,0.20325612924744127,0.0,0.0,0.0,0.01096679543424869,0.03654745890277166,0.0,0.025148271430473577,0.0,0.0,0.0,0.0,0.23574350516420184,0.0,0.017902268675645015,0.0,0.0,0.0,0.0,0.0,0.0,0.0,0.0,0.025515853063481343,0.0,0.0,0.0,0.0,0.0,0.0,0.0,0.020548166361235666,0.0,0.01696830976870178,0.0,0.0,0.0,0.0,0.012394596305473836,0.023453959995546725,0.2578644642103646,0.3648119783419895,0.01594740816467584,0.04068161974469502,0.008712742762673018,0.05459007255310339,0.016578697889270532,0.0,0.0,0.025316533558584133,0.0,0.0,0.0,0.0,0.0,0.2678565446951703,0.0011710648274399214,0.20754583011342506,0.0,0.007845943606899382,0.4724438559506808,0.0,0.0,0.0,0.0,0.0,0.0,0.02450405420143177,0.0,0.05684387624651542,0.0,0.0,0.0,0.0,0.0,0.0,0.005725805016071097,0.0,0.0,0.0,0.0,0.006059578038857438,0.0,0.0,0.0,0.011064639380515993,0.0,0.053244976173969796,0.0,0.019307843812611965,0.0,0.0,0.0,0.004958932004045473,0.005622685985041795,0.011810267211342925,0.0,0.010133958402333882,0.0,0.014829214025094024,0.18892592348711154,0.0,0.12488264626497994,0.0,0.0,0.0
SAYMYNAME_-_Ooh_preview.wav,0.0,0.0,0.0,0.0,0.015205560836321956,0.001401830021941299,0.0,0.0,0.0011334102361129175,0.0,0.000478196017563062,0.117169571669124,0.0,0.0,0.0,0.0,0.0,0.0011015201324827161,0.0,0.0,0.0012360403238965262,0.017144037276849947,0.00240415580683332,0.048770489643004185,0.0,0.00388231175035447,0.005512995418573321,0.0,0.0399379841391012,0.001774316778762561,0.0012245740912035677,0.0,0.0744980985609078,0.0,0.07546777358096489,0.0,0.0,0.018833292508112085,0.0,0.0,0.0,0.0,0.0,0.03233018074169329,0.0,0.014964588230344746,0.013536836952161159,0.0,0.0010441850113202696,0.0,0.007550290366860465,0.0,0.032136544482198916,0.0,0.00740808205459326,0.0018955443897625383,0.0,0.0,0.0,0.0,0.0020769164233624734,0.00214368702620357,0.009971397600412053,0.0024951096712126706,0.0,0.002921514762022189,0.0009733079421788848,0.0,0.0,0.0,0.03549250548003894,0.0,0.003675330279048881,0.0,0.0011345349297297962,0.0,0.0,0.0012823921537411945,0.0031396956712279236,0.0005309569947538476,0.0,0.002253798173563554,0.00119046106061986,0.0,0.0,0.0,0.017632296409430624,0.07786463537431078,0.0,0.0,0.0,0.0066675819094070094,0.05180338960614064,0.0,0.03467985731432889,0.0010048018698064615,0.05701644988777227,0.0,0.001279269146194772,0.9624253742004591,0.027998288327235988,0.0,0.005395581316430638,0.009138428677820184,0.013913869637143556,0.0013176789980529338,0.0,0.0,0.0,0.0009913403008842163,0.008460999949712144,0.0016176718033334239,0.0,0.0,0.0,0.0,0.0,0.0,0.0,0.0,0.0,0.0,0.0007721369421089152,0.0,0.015572927074862157,0.0,0.15767367881871294,0.0
Seven_Lions_-_Where_I_Wont_Be_Found_preview.wav,0.052954557450799765,0.0,0.049779100187213154,0.0,0.1841404592444813,0.07870813583436112,0.002711751731707251,0.008941750383610687,0.0,0.0048751180299002154,0.001579360613781701,0.07851798315548181,0.0,0.0,0.0,0.048302597317358885,0.0,0.1346075784814563,0.010598466841314273,0.0,0.004082328862872035,0.03235567034891726,0.13498542537215602,0.13265132077176223,0.0,0.10257835772332664,0.01820803082473482,0.028005821850307668,0.6453926636498316,0.024905509913861305,0.012133376380843972,0.009030250148992787,0.0,0.0,0.15967641334124713,0.0,0.0,0.0,0.003969191705657224,0.0,0.0,0.0,0.0,0.0050846865565502405,0.0,0.07766668426117299,0.011177187979513357,0.0,0.001724339622049396,0.010377556097600328,0.008312233749390054,0.0,0.01711917516953663,0.09097562394662337,0.0122335115632207,0.0062605041466515824,0.0,0.0,0.011397496207569812,0.0,0.0,0.13688109374996132,0.1674094505563038,0.2431011447458428,0.0,0.008040854200392794,0.0032145901941885774,0.012720730160237517,0.01835026734483105,0.0,0.1674611103301748,0.0,0.04855474886595952,0.022350138965879243,0.0,0.0,0.0,0.004235417244507765,0.0038886080448257447,0.019289784685776714,0.004509728948465542,0.0012406209782895134,0.007863584146791227,0.0,0.0,0.0,0.10482303537091309,0.23145049398157755,0.0,0.006780628198785044,0.0,0.1541493678132624,0.018009842737772144,0.0,0.07929609624175882,0.013274426716590175,0.01027150510172198,0.0,0.0021125513698571573,0.21459225802537574,0.10568145330309697,0.01232883630459889,0.0,0.04694965456684338,0.04020974615579522,0.04787156852353886,0.0,0.0,0.0,0.07039415014803631,0.011643560366279847,0.0,0.0,0.0,0.0,0.005488834444468978,0.0,0.0,0.004589658658477585,0.0168252821047461,0.0071213455272672544,0.004103459205476946,0.1836124713751567,0.047693100785914225,0.2860985272827834,0.0,0.03471708797372705,0.0
Sevyn_Streeter_-_It_Wont_Stop_feat_Chris_Brown_-_Julian_Calor_Remix_preview.wav,0.055843922151115596,0.12211800990894353,0.0,0.03545006681435518,0.1134863375506395,0.13020030674864613,0.004766188844693591,0.08250934986726652,0.1052697959839647,0.06854826096058983,0.019431246584254727,0.32529422967704363,0.026144532400185338,0.0,0.06305084954019385,0.007717899494192944,0.05499580749939953,0.2237984897999486,0.11176752024741839,0.11373698652162664,0.11480195658968606,0.15638835646723662,0.051171801693149464,0.11657432314023104,0.02592455944345955,0.007512177131534211,0.010667509662478307,0.09844635416191004,0.016559787997922647,0.07209843992933125,0.04265136994560999,0.06877699523912882,0.06653168147928307,0.10757274256616554,0.08214090395527021,0.015262101184118342,0.0,0.10932586437296021,0.013952543670392378,0.0,0.06252064163045769,0.03216629625095499,0.058487901717552436,0.15192681285712964,0.0,0.062048802390128444,0.11787049981038075,0.07061514345686995,0.05758345623038119,0.1155177591241701,0.16070587450302753,0.08696384712730677,0.1865502541291264,0.02284274662354493,0.05375420771589568,0.0,0.0,0.0,0.04006459636167105,0.0,0.07233807358432857,0.11199549589402578,0.03858881503599563,0.1086294475832477,0.18614640717038533,0.19785705601680756,0.050849822903003584,0.08384257878012483,0.19351514777722445,0.0,0.14716525606737343,0.06566837577444769,0.22401770291204445,0.03142617571394259,0.039515346071516806,0.0,0.0,0.08188610338511827,0.03189497535866738,0.08630064585877724,0.04755793730402304,0.023985740205807828,0.006910538048435147,0.0,0.09237822287999038,0.007376495221617057,0.0,0.016949940967667863,0.032588065014160734,0.08640308670152587,0.0,0.05529259688921755,0.03165419258252444,0.0,0.015485692018686333,0.08165920326994262,0.1384082530635454,0.04630739696515766,0.04826940553466948,0.0,0.04643656699235442,0.02166922634397574,0.0,0.029471055454442077,0.11105734742199355,0.25241794800797884,0.044312583517943975,0.07175122286855379,0.0,0.002877328412842182,0.08595208362988004,0.046952323417431024,0.04479753321632637,0.01289450025794382,0.014085660335290526,0.05788322255399344,0.027346209489419456,0.11028444428898852,0.16940296285512768,0.05914440539582612,0.012516513666942865,0.06491034977504255,0.08516175453154774,0.0651977201443274,0.07909972451578336,0.03200252898743492,0.09491834033175506,0.05759183731223653
Shai_-_Come_With_Me_preview.wav,0.037844388984431536,0.10344638438210058,0.011858341198364169,0.0,0.02563586114804619,0.005514645623782575,0.003229957668871209,0.010650486505448772,0.0668806741976618,0.0,0.001881170708494658,0.0,0.0,0.0,0.059819745774257235,0.06276332593056956,0.0,0.0346660755328499,0.0,0.12525084584523016,0.014587341381564888,0.0048173402248165445,0.00945768537663692,0.0,0.03513718499833922,0.015272588808308788,0.0,0.06671526600371508,0.0,0.0034899838447091996,0.0,0.25814155813328776,0.03757273750216565,0.048600033294936444,0.013916341300330643,0.0,0.03146919909394594,0.0,0.014183069606637101,0.06529669701671427,0.01412302592820908,0.08719400648224591,0.15854465934485137,0.006056351746771478,0.0,0.0,0.007987864879086579,0.0,0.006161564040898186,0.00412022316419586,0.0,0.016838224063962837,0.004078117511796154,0.0,0.0218569369914106,0.13422354877650902,0.0,0.12410096132060171,0.0,0.0,0.11438506124213027,0.13211746606476882,0.0065377308327246725,0.14723231861758537,0.058869049531337946,0.005746459394160593,0.5781618978676075,0.06818227035472299,0.0,0.0,0.0,0.30039011162035667,0.0,0.010648467838570146,0.0,0.007572542144683109,0.0,0.20179160576996472,0.003087804641494401,0.058484345040259525,0.07520130550239838,0.02807628394832898,0.09366286604619141,0.0,0.12520601224608038,0.0,0.0,0.0038288867408450824,0.0,0.08480200780944575,0.0,0.05995322574864999,0.0,0.023238716165088612,0.0,0.0,0.0,0.047072494447927174,0.027678775162151337,0.0,0.0,0.02202724842286333,0.0,0.06790475574937899,0.0,0.010367209442554088,0.04804770389931303,0.009724894254376592,0.0,0.01754920828397493,0.022189764148860796,0.019091230587176048,0.0,0.00873836336568509,0.0,0.2974667528889725,0.15566895400866854,0.28026644940721906,0.005466725809784124,0.040081065187285395,0.05937546210691679,0.048876154017558356,0.16098761028947697,0.012623795479547189,0.01531554696338033,0.0,0.0,0.0
Sisqo_-_Got_To_Get_It_preview.wav,0.17106523347960534,0.0,0.0,0.0,0.01755756285475966,0.0,0.003981856978841315,0.03610696346839196,0.09619140281057635,0.30781467510151267,0.00927634784344289,0.05764675569974932,0.0,0.0,0.0,0.019343487824971212,0.019690974460260878,0.016025986515222485,0.0077812394592879,0.011877530147534333,0.0,0.005938765073767166,0.03109155341453386,0.0,0.0649751140630448,0.0,0.0,0.2695836535335939,0.006917341040847912,0.05593138777215581,0.08314271103274032,0.16353698285044763,0.009263853113558351,0.05242439727952186,0.17727779315105424,0.01275054474172242,0.0,0.0,0.30306874425637786,0.0,0.034821428092739824,0.0767798791408667,0.0,0.02986482046079271,0.0,0.01036758990785487,0.03610696346839196,0.0,0.030383638786699436,0.03555556675926756,0.0,0.010378990512252691,0.23629058642929704,0.2957974540773913,0.008981665398085386,0.0,0.0,0.0,0.06694300113802402,0.0,0.0,0.15247683914410223,0.2135805676072416,0.13310470395187016,0.0,0.04250503899067472,0.04720210279274372,0.18678748342721493,0.008981665398085386,0.0,0.0,0.0,0.10694456098277527,0.13127316306840586,0.01100421193629214,0.009335348285513004,0.0,0.012438325762757363,0.001903306129911287,0.028324555995784026,0.01986586250817093,0.010930149488402364,0.040413299885173254,0.0,0.007717631077022416,0.012325214100690452,0.0,0.12744567754040803,0.0,0.11449947688187362,0.0,0.37416780614523293,0.06611281662949665,0.028648438656971215,0.0,0.004872945045405653,0.03519221500010808,0.05158263419992323,0.03102008682015516,0.0,0.0,0.009051651430043042,0.0,0.019697000124657676,0.042173439951275135,0.006390291994812766,0.029616345584436408,0.1318761922836519,0.0,0.13461450926259172,0.044452365627140465,0.0,0.024950385039946572,0.03231768033987681,0.011767700931554383,0.11283501684910877,0.07310743146673734,0.02303396374226001,0.013478641238482941,0.0,0.0,0.08736829353263328,0.22842058814648813,0.0077812394592879,0.03776168223419498,0.008912046748564606,0.005664173022956784,0.0
SITD_-_Lebensborn_-_Update_preview.wav,0.0,0.0,0.033054919202772225,0.0031390344457157423,0.014887399102439561,0.0,0.001688146996915773,0.005566508497354002,0.008156256171262212,0.0,0.004915997371787538,0.006982829370717176,0.0,0.0,0.004466424045399287,0.00546723987578683,0.005565453435096757,0.0,0.0,0.0025177972182179316,0.0,0.0,0.0,0.0,0.0061215181349162035,0.06385811227274996,0.0,0.0,0.21995055134076552,0.011856327939780989,0.057909336019012436,0.0,0.0,0.026988511680207643,0.004848944822738866,0.027028587326411745,0.0,0.0,0.014825647155839863,0.0,0.0,0.008137894146120685,0.0,0.0,0.0,0.12966549725553575,0.004174881373015501,0.0,0.009661079399453803,0.0,0.0,0.0,0.014920081857016959,0.19417735404308858,0.0,0.0,0.010125063082548224,0.0,0.0,0.0,0.0,0.005876730824293299,0.008542411235194957,0.0025650469965249325,0.0,0.003003404119701932,0.0,0.0178178333498795,0.0,0.0,0.0,0.0,0.0,0.0,0.004665342686186067,0.0,0.0,0.0,0.0008069251468585124,0.00327503755139229,0.0,0.0038616193258436677,0.0,0.0,0.0,0.002612697201454874,0.0,0.8364928472685257,0.0,0.002110572475558968,0.0,0.18409155064109786,0.0,0.0,0.0,0.0,0.027708723448745778,0.013668099689467073,0.001315126753365955,0.06262037509355867,0.0,0.0,0.0,0.3695200145316897,0.010727904048035884,0.0027092264483083504,0.009417103337147226,0.02541372475105325,0.0,0.056052003238988846,0.01449693291307895,0.0,0.0,0.0,0.0,0.0,0.0,0.003255157658448274,0.0,0.0,0.0,0.002554526748778389,0.017463154616604946,0.0,0.010005895302255092,0.0,0.07444281866860182,0.0
Skrizzly_Adams_-_Rattle_Your_Cage_preview.wav,0.11453639252964024,0.0,0.025635270770164052,0.007790186747494683,0.022167762959869955,0.03576455544726647,0.008378997166561897,0.017268104840761023,0.24578961578487762,0.03765886795753189,0.00488004043774497,0.0,0.030641527929404003,0.0,0.0,0.08819282883151523,0.0,0.1461346679959762,0.0,0.0,0.0,0.2749319505418148,0.2289901766237426,0.0,0.06836336658049828,0.0,0.009376782598080592,0.03365239471327515,0.0,0.3440346822695729,0.0,0.01860161447845603,0.0,0.02363921506605609,0.0,0.0,0.0,0.0,0.2023616150015419,0.0,0.0,0.016156742775766217,0.0,0.0,0.06562023570913195,0.010908227859965737,0.017268104840761023,0.046553239880556506,0.026640043478917692,0.0053442400423880584,0.0,0.0,0.06347551004565616,0.06525630595888682,0.0,0.038688458012354376,0.21358386970948162,0.0,0.1144550434929604,0.0,0.0,0.014584367065001897,0.08903926216067554,0.08911999422249953,0.054541139299828685,0.13913369912691226,0.0,0.280052224232428,0.0,0.0,0.051743533619224506,0.021646034408055674,0.0,0.006905932754746146,0.005789023885362469,0.049110790046471925,0.0,0.24210850517979102,0.0,0.30343441717725045,0.0,0.003833374397928586,0.18830608679547003,0.0,0.024360245459804825,0.04538777648406641,0.0,0.0,0.0,0.039283784583425234,0.0,0.058322889977271246,0.0,0.0,0.0,0.025635270770164052,0.0052896258371380135,0.03392031878135201,0.06853914693606816,0.0,0.051022404369136645,0.06666567064266396,0.0,0.0,0.0,0.0,0.015580373494989365,0.18920881422343652,0.0,0.027821011865534755,0.0647590429162895,0.0165085101617892,0.0,0.022668632034131834,0.0866694525951983,0.07631936756629332,0.043267364631353764,0.09290127096065576,0.014181510956631185,0.008664693835714535,0.0,0.30747087274028084,0.09455686026422436,0.13917912212553266,0.054629902131539766,0.0,0.0,0.0
Solange_-_Where_Do_We_Go_preview.wav,0.0,0.0,0.011892127305344781,0.04969036737539697,0.0,0.07880759631927062,0.0024293702095359126,0.02202921447782332,0.03185883272353554,0.0,0.005659591297201877,0.19092749385404545,0.004442036060318962,0.0,0.11569534862763313,0.027537189577751617,0.10011381415899558,0.04562885792193781,0.0,0.09782907667560053,0.0,0.0,0.0426808425260783,0.0,0.0396419578364393,0.12252882075320727,0.0,0.052966733295701035,0.09284743564345052,0.010499781920747159,0.03260969222520018,0.0,0.0,0.0,0.020933986415105296,0.03889616542670112,0.0,0.0,0.06756152618448177,0.016370684157081167,0.45145405419372264,0.023422080711053946,0.13713437405271253,0.022776026840654065,0.0,0.025301475367562706,0.0,0.01799659344669266,0.016992577845321703,0.009296915103443423,0.007446659961291474,0.031661622315299405,0.0,0.023286315317950727,0.0,0.08973731388589117,0.007285362787527963,0.0,0.03063193886027668,0.0,0.012290460065497912,0.008457056654475619,0.11309717138068097,0.0664433120305498,0.05692831957701608,0.012966371724023531,0.11519387357354241,0.008547066422090022,0.01095960526260665,0.0,0.0,0.3347177399247786,0.0054373276066922915,0.020022762831799115,0.010070667329151578,0.5638632168249341,0.0,0.1783355123727876,0.0011612258391508238,0.010997057866603514,0.024240717243506082,0.00889145598615505,0.11976039927675389,0.0,0.2825161696113345,0.030078938667538333,0.0,0.0028798468393385606,0.0,0.012149088690871248,0.0,0.014091572120573286,0.0,0.0,0.0,0.0029730318263361953,0.0,0.0,0.030281057393490383,0.0,0.0,0.0055225017995620095,0.0,0.04806933606539813,0.010292172641629432,0.003898780163357704,0.022586530625180443,0.007314451399830867,0.0,0.014666007069762736,0.0,0.00957281211429929,0.060889903835908,0.0,0.0,0.16718712291057186,0.06132990171081173,0.07963507441758341,0.0,0.0,0.019139345766947844,0.04227579039873536,0.03198464175898304,0.0,0.03743800891140128,0.021749310426769166,0.0,0.0
Sorriso_Maroto_-_50_Vezes_-_Ao_Vivo_preview.wav,0.0,0.013501289930856733,0.018056379721424133,0.0,0.0,0.028789727114136555,0.002107787295433497,0.0,0.011638562056501016,0.011367978558302372,0.0,0.0,0.0,0.0,0.01673006890296475,0.01023943303426009,0.006948916217163372,0.011311094615090535,0.0,0.018862033929746714,0.006346215851792492,0.006287344643248906,0.004114561474123837,0.0,0.015286415433153058,0.0,0.0,0.03386185178370689,0.0,0.0011387368447644383,0.0,0.0,0.0,0.0,0.006054297589190893,0.0,0.0,0.0,0.16968428429034074,0.0,0.050689779006386014,0.0345467721365425,0.06725040834598701,0.0,0.07703344245229383,0.0,0.0,0.0,0.0,0.0,0.0,0.016482287880302232,0.0,0.14142685859232593,0.0,0.048661575280024544,0.006320977785065082,0.20246273824547006,0.062013230037322634,0.0,0.0053317677724462696,0.003668785536081447,0.07466121217385582,0.0768640192780774,0.002744030537530753,0.0,0.039978128039442534,0.15325709693724066,0.0,0.0,0.0,0.14157495470952253,0.0,0.0,0.008737583333162664,0.014824938680025367,0.0,0.5069834444596437,0.0010075109430763873,0.021808788154125305,0.028042535818542293,0.0019286169201342014,0.6326124643799813,0.07830994719147275,0.036767800398877594,0.0065243251661170325,0.0,0.012493165012325792,0.0,0.0,0.15162982585218399,0.26164130219321735,0.0,0.0,0.0,0.0,0.0,0.023892010413273546,0.0,0.0,0.0,0.038331775326574336,0.0,0.015639845997050306,0.0,0.0,0.0391933696336628,0.0349041871848587,0.15693194354600795,0.04835357261283716,0.0,0.004152815342200655,0.006603715914813774,0.0,0.0,0.07039485719249264,0.014512222193017238,0.012192978401132648,0.0,0.017437248131433766,0.01107054267045013,0.04943774746496553,0.16650444123488675,0.04530880325029653,0.02748496302711674,0.0047175724825757204,0.0,0.00636731710402932
St_Lucia_-_Dancing_On_Glass_preview.wav,0.02283796165380438,0.0,0.0,0.0,0.04359862180305995,0.0,0.0,0.013146650608392233,0.0022014815459194836,0.0,0.0018576499037236324,0.3166393631373632,0.0,0.0,0.0,0.005164881539184203,0.0,0.0021395397419702615,0.0,0.0,0.0,0.0023785538347010277,0.009339433284827734,0.022289283316858657,0.0,0.027649657472496033,0.0,0.0073201229254067045,0.08311459295462609,0.014646977292567608,0.085627938049237,0.0,0.018551477515664692,0.0014997616704126257,0.25652370582503836,0.0,0.0,0.0,0.004668578236999095,0.0,0.0,0.0,0.0,0.029903137414651164,0.0,0.04359974497544473,0.03023729639930214,0.0,0.006084524278246285,0.0,0.0,0.0,0.0664476064759672,0.02292982963090787,0.0,0.0,0.0,0.0,0.0,0.0,0.0,0.10825865977669212,0.0032279938756064512,0.0,0.0,0.0066203781014992635,0.0,0.039275698182571685,0.0035972755967371497,0.0,0.004924209720815854,0.0,0.057110278532399805,0.010515327059793097,0.0022036660967233155,0.0,0.0,0.0,0.0022868977157765,0.006187832022602333,0.0,0.003648057670880319,0.0,0.0,0.0,0.0,0.0,0.1096493797974066,0.010904099976685032,0.009969250539382994,0.0,0.029601806879350823,0.015887433656360223,0.0,0.0,0.0019516788389618337,0.20739707475832186,0.007747322308776304,0.0037271863194970143,0.09465158336436512,0.0,0.0,0.0,0.09072244950956808,0.8209035530333539,0.17915774303622453,0.0,0.009603301175054674,0.0,0.0038510634694946316,0.009586639696642958,0.0,0.0,0.0,0.0,0.004841990813409677,0.0,0.0,0.0053983738043398375,0.0,0.0,0.001206626044025453,0.0,0.0,0.09830634050801972,0.0,0.006805728276914918,0.0
Steady_Rollin_-_I_Feel_Alive_preview.wav,0.8791160005748735,0.0,0.0,0.0,0.23175208545306103,0.0,0.0016632517663559966,0.030164303281445246,0.0,0.0,0.0038748006314452558,0.0,0.006082419463729189,0.0,0.004400557354529894,0.10234566749521845,0.0,0.02454531103850059,0.009750847665200898,0.0,0.0,0.044652007323536594,0.2110416252810777,0.0,0.0,0.00524303265789153,0.0,0.0019085954299547729,0.0,0.0008985755216251915,0.002480667073529811,0.025847267001454597,0.0,0.0,0.10032617845393532,0.0,0.0,0.012717109550339419,0.0,0.0,0.0,0.0,0.020410459805947734,0.0,0.0,0.006495931038730592,0.0,0.0,0.0010576229706565586,0.008486759466447872,0.0,0.0,0.0,0.0,0.018758547729822155,0.0038398775442623763,0.0,0.006390521619284988,0.0,0.0,0.01262186965145938,0.03618791395892375,0.018516158441201,0.012636100279036002,0.03247965519365296,0.01874104705923756,0.02563167779300095,0.0,0.10129615774103962,0.0,0.0,0.014322638794802254,0.18613146548411003,0.0,0.0,0.0,0.0,0.0,0.003975126805549314,0.02796508283083435,0.0,0.0,0.0,0.0,0.0064474257057202155,0.007722502678758137,0.0,0.0,0.0,0.011436962376055576,0.006297414010948908,0.0,0.0,0.0,0.0,0.0020354659891589372,0.0,0.0,0.0012957324803552562,0.0,0.0,0.0,0.0,0.022625861165826436,0.0,0.008007819847157666,0.0,0.0,0.0,0.02309425823918137,0.0,0.0,0.0,0.0,0.0,0.0016832871310182727,0.0019085954299547729,0.0016035768019825676,0.10415741157745398,0.006879853061508804,0.0,0.0050337099018886965,0.003128295302512928,0.013001130220267863,0.20111008729893054,0.0,0.0,0.0
Steve_Miller_Band_-_Jet_Airliner_-_Remastered_2017_preview.wav,0.016858788418764134,0.0,0.0022639770456892106,0.0,0.172934084196302,0.0,0.0,0.0015250314042923414,0.0,0.0,0.0021549020550913093,0.0,0.003382630346436339,0.0,0.0,0.0,0.0,0.027300883957991896,0.01446069870165952,0.0,0.0,0.0,0.04333553688135113,0.0,0.0,0.008747460520455632,0.0,0.027597224152703805,0.04499328776101937,0.0039978154695048404,0.01655495107964682,0.016428002095066237,0.0,0.0,0.12487370759822308,0.0,0.0,0.11315834020446647,0.0,0.0,0.0,0.003567203863905746,0.0,0.0,0.0,0.009633593382150933,0.0,0.0890791621096783,0.0011763567366455837,0.0,0.0,0.0,0.01868611661321399,0.008866316682437,0.012518682708620783,0.0,0.0,0.0,0.0,0.0,0.0,0.2334531357587311,0.04680652300537954,0.17708907849714367,0.0,0.0,0.0,0.002169543114897088,0.39225205820345116,0.0,0.0,0.0,0.5838174533881599,0.0,0.0,0.0,0.0,0.0,0.0,0.0059816491414490195,0.0,0.0,0.0,0.0,0.0,0.01145262322770368,0.0,0.006579048782734938,0.15811151634102139,0.03931923806994736,0.0,0.08799252110103828,0.0,0.0,0.0,0.0022639770456892106,0.01635035203656224,0.005991340898401606,0.0,0.0,0.0,0.0,0.0,0.09837597677752805,0.0431064454893478,0.029689385488038594,0.0,0.0,0.0,0.05025703518771115,0.0,0.0,0.0,0.0,0.0,0.0,0.014860043774532816,0.0,0.046966465997460925,0.0,0.0,0.0013997045066377473,0.01565771650146268,0.0,0.539482000184265,0.0,0.0,0.01676552330863387
Sting_-_If_I_Ever_Lose_My_Faith_In_You_preview.wav,0.012380781332494845,0.0,0.007758906050958242,0.0,0.04752500079267934,0.005412344346925959,0.006340078519110472,0.010452911095715695,0.030631991551836296,0.011398031293978088,0.003692546845010177,0.0,0.017388986637315994,0.0,0.0,0.056465762718666684,0.0,0.021264369319940312,0.018584420313198312,0.0,0.0,0.0330958218138134,0.015470395704875286,0.0,0.0,0.024982115908195237,0.0,0.6183999537600904,0.0,0.04624076339424873,0.028367847268982917,0.0035187891233058283,0.05900117100293934,0.005962307766655722,0.0,0.0,0.0,0.0,0.04639987277785488,0.0,0.145540836160168,0.1650403637768161,0.0,0.0,0.0,0.0,0.052264555478578466,0.0,0.050393849064326264,0.0,0.0,0.0,0.10006162574563607,0.041780574872029665,0.0071504908587662645,0.0439111966573709,0.00950653217278822,0.0,0.019985518963353634,0.0,0.0,0.30347496709961286,0.003208225235872021,0.024083506046701144,0.0,0.07331815112017828,0.052610007766311494,0.03717635131072042,0.035752454293831316,0.0,0.0,0.0,0.0,0.04702918444556273,0.0043803411378003955,0.014864130341170267,0.0,0.0,0.006061046578851889,0.10044897038716642,0.0,0.0072514330154582005,0.018385068348753586,0.0,0.0,0.034343258625887864,0.0,0.0037578576975936784,0.0,0.5627856235406522,0.0,0.014710260848915208,0.0,0.0,0.0,0.007758906050958242,0.004002465029825443,0.005133251156242426,0.017287015958650245,0.0,0.0,0.02161862458861754,0.0,0.08624655584651189,0.0,0.0,0.0,0.02863346805919968,0.0,0.12439306988379327,0.029944922579440973,0.0,0.0,0.017152518870726732,0.0,0.09624675707616064,0.04365176144188873,0.0,0.010730626970907566,0.0,0.0,0.031180149380972945,0.24147346454955673,0.006194806771066104,0.0037578576975936784,0.007095066002135098,0.0,0.0
Stormzy_-_Own_It_feat_Ed_Sheeran_Burna_Boy_preview.wav,0.042640055985453146,0.03885172712005876,0.07571255065592152,0.04736929923605722,0.016046919502646,0.03106732655067536,0.007278520252393018,0.07200074088417266,0.08289142315488192,0.17010679247699453,0.010597769772608163,0.3236478515681563,0.093160007107964,0.0,0.17331465883389685,0.25929470512128394,0.11997849006961543,0.01464711917523053,0.0,0.2062562818737252,0.005478619771478104,0.005427796891413821,0.02841645272652352,0.0,0.08577788537123207,0.06883176706560047,0.0,0.029232571821312777,0.1327657107785683,0.029491777484096683,0.010855593782827641,0.19390228928439285,0.0,0.023956915036507122,0.05226609880466765,0.06992096799921381,0.026592748235449857,0.009275178226809564,0.04261428784569179,0.1226185656215887,0.20686517133722288,0.0421042675519982,0.04465888690553401,0.0,0.0,0.06159119197898788,0.0,0.0,0.0023141205580034206,0.06499276948363603,0.10039762283939513,0.14228981548856773,0.032164295574397116,0.06540658034282734,0.0,0.02520540819913446,0.06548198424461109,0.0,0.07647907624008586,0.0,0.11967429952715618,0.01583611513120176,0.23571829057343946,0.022118626572989245,0.028426703990302102,0.010791091134890182,0.017256343608428426,0.04694700666884369,0.0,0.0,0.011236916241029092,0.06894469046047107,0.008145258995286215,0.10198171655917311,0.04022966162046034,0.14504637819052912,0.0,0.12504952726363242,0.0017395466847096868,0.07766257887369367,0.25419259997464055,0.001664954208462674,0.12136167217951796,0.0,0.1833938655030161,0.06758855548327106,0.0,0.025884515412642636,0.03732430127940901,0.02729947901853063,0.0,0.0379971786097264,0.20544331739533178,0.15710125356502452,0.03547265750049466,0.0,0.0,0.12964735256064197,0.028351135079842712,0.017999367320643136,0.07091399529453296,0.14063848679414523,0.0,0.013501710547413982,0.0,0.0,0.08797155572410627,0.005478619771478104,0.0,0.013182037351902733,0.015626041452285418,0.0,0.06841100161931209,0.059074168689154015,0.2151042842813168,0.06261267093356986,0.05011298026510762,0.13333018058132765,0.0,0.007526694222515263,0.028671240644070953,0.1266604799035134,0.09240524371224175,0.0071117457626048665,0.017256343608428426,0.0,0.02070732237733248,0.04397469004153422
Stromae_-_Papaoutai_preview.wav,0.1563222139995115,0.0,0.0,0.0,0.08663969894491567,0.0,0.007277372334526293,0.014997788630285187,0.14315351379700728,0.0065415370927061345,0.029669075423868305,0.0,0.0798388410480478,0.0,0.0,0.0,0.005997978394604257,0.03417122131012865,0.035553120736285235,0.0,0.005477755721464833,0.13024658056400729,0.010654489155061403,0.0,0.07256984060319233,0.0,0.0,0.012526269198126291,0.0,0.4521359357559683,0.0,0.004038993924095858,0.0,0.01710938336970285,0.047032070181392556,0.0,0.0,0.0,0.0,0.08581945894872312,0.1511468605335958,0.0,0.0,0.01364548120084733,0.0,0.04263333109077586,0.026996019534513336,0.0,0.013882533545498439,0.04177447667588927,0.0,0.0,0.004594174692026887,0.0,0.04103796522158029,0.008400477658835294,0.04364777125267502,0.0,0.05352691014244534,0.0,0.0,0.05700102324719736,0.11784055735758851,0.055287845440516604,0.014211110363591954,0.15968296073189076,0.0,0.07254302206353165,0.0,0.0,0.0,0.0,0.0,0.0,0.0,0.29857779922164707,0.0,0.0,0.01043563401263692,0.13177025776551918,0.0,0.004994074870205554,0.015827286763835626,0.05793726141601214,0.0,0.2027336876514854,0.0,0.40114671283178954,0.0,0.031844369122460615,0.0,0.1561859867143837,0.0,0.06544853193417662,0.047289417331103464,0.00890595409366543,0.04134757222824197,0.0,0.03118133010842338,0.0,0.07090281122972628,0.008271547427343665,0.0,0.008999720767347605,0.0,0.06423508913263432,0.0,0.005477755721464833,0.0,0.09006304887639446,0.1968570704660754,0.028676122630781755,0.011400035384892333,0.04922070993325023,0.021507035952153416,0.011047552252273923,0.029227961462294682,0.007016271193027741,0.01847550490458927,0.0,0.0,0.013765272161822566,0.023953136717583992,0.007110624147257046,0.13371557094392986,0.008143974381380426,0.36749700396991314,0.23083071195242952
Stunna_4_Vegas_-_UP_THE_SMOKE_with_Offset_preview.wav,0.031231415197229842,0.005122202368153487,0.04697376228773679,0.008921652899015557,0.002115622011449395,0.053246815277944386,0.0,0.011865700472145349,0.011590711693968542,0.19839126495100287,0.008383244522229652,0.0,0.02631898489816851,0.045950396341238105,0.06981872020547678,0.04273168952430511,0.03163587060430967,0.03540299899820197,0.046880542626009616,0.003577997189821449,0.0,0.007155994379642898,0.004683022874392754,0.24308665682833716,0.18268280902031847,0.0983099393349863,0.010738689887826907,0.013764340160260066,0.0,0.020737007238250126,0.025045980328750144,0.023966279276346102,0.005581301835569119,0.002256052801433773,0.003445374953912832,0.06145575746862971,0.017529907688068398,0.0,0.11587656032177863,0.08083001114282708,0.13636527241602808,0.04163262387881078,0.07654161994591988,0.004498251840068822,0.0,0.009369424559168952,0.0,0.0,0.003050930983265864,0.009180676191595814,0.1397175394208046,0.06253151694796195,0.024231617143086803,0.1063526499822758,0.005411288905200089,0.04984612440867207,0.035971371119557255,0.03686954793616746,0.3529044062242406,0.0,0.024273585990966764,0.002087829613770597,0.026706833648029928,0.0036451430158549666,0.012492566078891936,0.004268084586969913,0.011375360974766966,0.03094741039359294,0.0,0.0,0.1259251486614126,0.07023821555039017,0.0,0.40731183403048693,0.0033149180759963304,0.21372630195565523,0.0,0.07493863466971416,0.0,0.0325786864385158,0.011968818322447354,0.0021950716278586187,0.07652314377864473,0.02546546498308336,0.05579677652710766,0.014851431524380617,0.010303714157635903,0.008531520731075224,0.0,0.00149964864760027,0.009083092961062208,0.016698462992945168,0.1991588058908238,0.12082111720859046,0.007794511069064004,0.0058717202859670985,0.024231617143086803,0.10100217523926665,0.0018689034183352168,0.10085387116206637,0.2571053127583365,0.4199159739910842,0.0,0.0,0.015245235104245048,0.0,0.06245157029310889,0.15890598113723564,0.0,0.005793055456912874,0.014420934852933743,0.05199218020986229,0.022548225038963362,0.025961080685141462,0.09925754003916709,0.007283681904008162,0.057810228673092275,0.013877541292936927,0.0,0.0049615877888515006,0.044100110568999436,0.016335867948551165,0.009024211205735091,0.023440271313004808,0.0,0.0,0.027300484066390122,0.00724701571095887
Super_Whatevr_-_melancholyism_preview.wav,0.27234721012122337,0.0,0.027677374941770982,0.0,0.03241014516719084,0.15928092610801572,0.0028270211222627332,0.04893966279129334,0.01951244133941839,0.05082346397313795,0.001646495054331439,0.005846826775227492,0.0,0.0,0.022438819262294254,0.3845352986308095,0.0,0.39443936777364197,0.0,0.004216378034899041,0.008511715721185309,0.0927603167677789,0.07725985022281869,0.0,0.02050255232434112,0.0,0.01265467068991335,0.0259522446498044,0.0,0.018327654520865516,0.008432756069798082,0.2573187931360539,0.0,0.0,0.04466102894349597,0.0,0.013771711529948194,0.014410140441016765,0.020689557710982937,0.0,0.043264134845899006,0.0027255918689371417,0.06244481074760252,0.0,0.029519808271390766,0.022082206226045138,0.0,0.031413542655749235,0.0,0.021637357094568797,0.06932451848876754,0.0,0.017846866006987552,0.047421378495113055,0.0,0.006526621612021566,0.0,0.010861939223775033,0.011881973612467742,0.042867029354035864,0.00715111061934992,0.004920674029122639,0.014305375681781063,0.33934480949209356,0.05520551556511284,0.018441829198248605,0.013404935668898233,0.026522909478114677,0.03188381442177308,0.0,0.0,0.32621122257473156,0.13920137758904685,0.0,0.003906360743625459,0.006627869088985729,0.05407073733333673,0.10597088698187854,0.0027026016554502555,0.14076819673083057,0.0,0.0012933564932725704,0.049187065806367294,0.015004487357984972,0.021917317658076682,0.02187650183332399,0.0,0.006702467834449117,0.0,0.003534427380656142,0.053518423322014876,0.006559259165091928,0.0,0.0,0.0,0.0,0.024985612409782577,0.29755707632145967,0.004404700677145906,0.0,0.006885855764974097,0.012852902512604854,0.0,0.013984388614033656,0.017965266885415953,0.009073902223388768,0.03679704248760996,0.05958201004829716,0.0,0.01023996546991351,0.0,0.0,0.0,0.04588952613257976,0.0,0.008583225409068636,0.02270821406857885,0.13900518531579423,0.023923764516826544,0.005846826775227492,0.0,0.05133463677778505,0.06380578389227297,0.24860204149865092,0.0804296140133894,0.006327335344956675,0.012064273172897195,0.07686015560398485
Syn_Cole_-_Its_You_-_Radio_Edit_preview.wav,0.0,0.0,0.11854613813517918,0.029407715055416266,0.020920655616809128,0.01350100953632583,0.0,0.004888992297271957,0.025925171130737227,0.00355402666874707,0.0011513751475395143,0.27393747619110503,0.0,0.0,0.04707362850092569,0.0032012039686715016,0.0032587104331733992,0.0,0.0,0.029484649038229147,0.0,0.0,0.0019295331796551772,0.03453735660316887,0.0,0.024927001202775106,0.0,0.0,0.5357517559974988,0.017088425397939845,0.008845394711468743,0.0021943913055464674,0.0045992972343947445,0.027886659016063083,0.17035061672526491,0.006330362155872389,0.02407600064292972,0.0,0.002893594183516451,0.0,0.008644032669851818,0.013341826398944052,0.14070458921919954,0.0037068049457192613,0.051607160183077094,0.0952246435269815,0.003259328198181305,0.0732237695154379,0.0025141335923168336,0.02773971966161796,0.006059730295965033,0.0,0.0,0.002368659089227235,0.00891839460736132,0.0547679015618584,0.0,0.02278688935646519,0.020772320398300077,0.0,0.015002069437315134,0.0,0.03201147357062785,0.003003796728023678,0.0,0.0,0.007030438571436722,0.0,0.01783678921472264,0.0,0.14039361420735927,0.07490368714761662,0.0,0.026069683465387194,0.0,0.0,0.18905523891785964,0.04322746659076046,0.0018898984066782307,0.0012784102454203926,0.013150612439219467,0.002713288180268894,0.017197976088922335,0.020984932569469,0.157096926319328,0.0,0.09339904912491469,0.1734174847621058,0.0,0.009886338464643782,0.45658281518285615,0.048161556073579616,0.039388253369914646,0.0,0.0,0.002419308941534269,0.0024960218286543168,0.012804815874686007,0.0,0.03911016119257159,0.0,0.013481831440517466,0.0,0.4033888199552912,0.03768871656741467,0.009517913962507077,0.15071453965900836,0.01785643616452922,0.0,0.019095175087557623,0.01188363714067468,0.019474724201231034,0.0,0.0,0.0,0.0,0.006805540373635503,0.0190597519984915,0.003345922944353638,0.016354476190513736,0.031149340507501753,0.019444600488865496,0.0,0.09271709994508606,0.023434795238122405,0.004424633191072422,0.01687281631105994,0.017915809052618446
SZA_-_Drew_Barrymore_preview.wav,0.0,0.029045501679572965,0.0,0.0,0.0014995820711064302,0.004354855075292136,0.0025506620927011575,0.0028035240688636413,0.004694660780902278,0.0,0.0,0.0,0.0,0.0,0.0,0.06195438635535518,0.0,0.005703212306291647,0.03821401174171623,0.00507226754806694,0.006399701810652102,0.05452687614171961,0.0008298478063443814,0.0,0.0,0.0,0.08372904710476717,0.001951270842639361,0.0,0.0,0.0,0.014156357846313491,0.0,0.0,0.0,0.010890172200832505,0.0,0.0,0.0,0.0,0.0,0.0,0.0,0.0,0.013317031016976755,0.0011068628996954218,0.0014017620344318206,0.0,0.0,0.002169129983687235,0.0,0.0,0.0,0.0,0.5273944824435752,0.0,0.0,0.029400349802620244,0.0,0.0,0.0,0.0,0.005162774227051119,0.0,0.028778435392080963,0.008067405979515788,0.0171339022118986,0.0009970887032116195,0.0,0.0,0.0,0.005857154854576017,0.0,0.0,0.0011748298342162584,0.0,0.02845790729687141,0.0026558769093849095,0.002438405408414812,0.004398518559644083,0.01413943926934914,0.0003889742638473591,0.0012327422751294513,0.0,0.0016478968764419444,0.003947587339036589,0.0,0.0,0.0,0.004251886608723085,0.022533775638137892,0.0,0.0,0.0,0.732043550802665,0.007283423614680942,0.0,0.0,0.013909397547283226,0.0,0.0,0.0,0.1005698593077784,0.0,0.0,0.0,0.0015809476668793925,0.0,0.0,0.0015398241131505893,0.00073012554217491,0.006700504485936445,0.0,0.01380117913241308,0.0,0.007744161340576679,0.010731989634516484,0.0229520497217257,0.01582904885663558,0.3886110277539577,0.0,0.002573130797576415,0.0,0.051505841912747964,0.0,0.0019029328887447084,0.0,0.015410354170594926
Tabitha_-_Suave_preview.wav,0.00592745935199706,0.009721508339662394,0.025074067882783806,0.033865090376200446,0.004015272250028824,0.0,0.0022765460051294797,0.013136724606515379,0.025140792918319305,0.06139074428754992,0.003977672867972998,0.30604195071112283,0.008325202480927794,0.625004849894169,0.0,0.03317774106443908,0.0,0.0030541776339829897,0.0,0.0,0.09938766566134256,0.006790737073646118,0.0044439913396715994,0.03977224005732333,0.024765469501468632,0.06458676169280832,0.010190564116582484,0.06530889353857945,0.18192307735602675,0.011069182067909569,0.020372211220938352,0.022742988963521477,0.04237136172362361,0.11346764838807676,0.04250370311681235,0.014579730939226014,0.005545047863350457,0.0,0.026657447775775993,0.015340854791398423,0.024885556989699405,0.043897339372376845,0.0,0.034149211322859155,0.24960323471359638,0.04445594513997795,0.11260049662727467,0.016864483130726356,0.034742459042959146,0.07550464811113818,0.041869280984574805,0.011867954832883651,0.3248013157548622,0.02182144487619826,0.0308105106588297,0.0,0.0,0.14869750020717548,0.043057466767315984,0.01150666611098033,0.0,0.03962524621880925,0.02764762861128006,0.0,0.0,0.027001549284466703,0.018890791754268565,0.002669798924622309,0.0,0.04687543564224195,0.2249367697074197,0.0,0.0,0.10132123914679654,0.018874305272350938,0.021349184522505088,0.010885532486938843,0.007111360597874661,0.004352706779386983,0.005888723883163234,0.018929840261192352,0.007290606618913021,0.03300783561057513,0.036248479523028385,0.0,0.007046691298153375,0.09777790480881034,0.0269868453632408,0.0,0.021346550447983878,0.017238944817935215,0.039615344039984825,0.06803759273472532,0.0,0.02218998750399214,0.0027860075425315345,0.025869131343307608,0.04055057241209221,0.030149679829676736,0.0,0.17744153162721463,0.041400785638233226,0.0,0.04504544204887305,0.0048223618655224235,0.0,0.0,0.01713580442436941,0.23729524601615481,0.013743413694138945,0.12120875467315052,0.013455923941390318,0.0,0.05543093571447692,0.0,0.050687319120680106,0.015674134449259067,0.0021948669686188424,0.011559209821859597,0.01412501310974413,0.08369829262156069,0.0034449000445770975,0.04709977857618279,0.01334629774509314,0.0026986845363240804,0.005095282058291242,0.01943025659077292,0.02063133744278881
Tame_Impala_-_Let_It_Happen_preview.wav,0.0,0.0,0.0,0.0,0.005392184346457795,0.0,0.0006114432580636139,0.0,0.0,0.0,0.0,0.0,0.0,0.0,0.0,0.0,0.0,0.03937451881620357,0.0047794648899163825,0.0,0.0009204797147230418,0.009119408067326532,0.09548670793079772,0.0,0.0,0.0,0.005474039804958792,0.020347452572760782,0.0,0.0006606672010485283,0.0,0.0,0.0014225323913128437,0.0005750106840843119,0.0,0.0,0.001489309736788231,0.0,0.0,0.0,0.0,0.0,0.0,0.0,0.0,0.0,0.0,0.031706682586001976,0.0,0.0,0.0,0.0,0.0,0.0,0.00965440282791982,0.0,0.0,0.0,0.0,0.0,0.0,0.0250103382704649,0.0018564259274492882,0.001858109152232486,0.0,0.000725217730283494,0.005073759647995461,0.000717064601008558,0.9861282888518103,0.0,0.0,0.0,0.001368509951239698,0.0,0.0,0.0,0.0,0.0,0.0,0.0015816155302135245,0.0,0.000559468128381968,0.0,0.0,0.0,0.0018926267583449776,0.0,0.0,0.0,0.010702228173672302,0.0,0.0,0.0,0.0,0.0,0.0007482763471315824,0.0,0.0,0.0,0.0,0.0,0.0,0.0,0.0,0.0,0.0,0.0,0.0,0.0,0.0,0.0,0.0012046808273647482,0.0,0.0,0.0,0.0006188086424830961,0.0021049088868373223,0.0005895055963220843,0.009313847686179448,0.002529165972355563,0.0,0.0,0.0,0.0,0.11959576313132157,0.0,0.0,0.003694161288139996
TENDER_-_Lower_preview.wav,0.0,0.005175387800796605,0.0,0.0018028578434768788,0.0,0.18126358322128336,0.004847810858662914,0.0,0.0,0.0,0.001129372050355827,0.0,0.05850297896858683,0.05880818403102769,0.0012826121792852445,0.0,0.0007991088941110443,0.006503745351487435,0.0028420390796333158,0.0,0.0014595995613215346,0.0,0.0,0.0,0.006152655396158177,0.0,0.0010850193070765432,0.0,0.0,0.0,0.0,0.0005381139703519094,0.002255701696751281,0.0004558956209573751,0.0,0.0,0.01889272129493525,0.0,0.0,0.013067087117298553,0.007418987465107225,0.002804327230765311,0.008328532754370612,0.0,0.0050620933093401795,0.0,0.0,0.0035912221524476884,0.00030826097559200153,0.0,0.004457945381821663,0.0,0.0,0.0,0.0,0.003357579489446953,0.0,0.016763569203793714,0.010187677808145156,0.0,0.007357687872718137,0.0,0.0004906207104097152,0.03241032676893159,0.0012622280308040626,0.0,0.0005746737456576672,0.0011370453474753722,0.0,0.0,0.0,0.01669824022523546,0.0,0.0,0.0,0.007955886441897136,0.9689362320799935,0.053758889661097285,0.0004634454814913297,0.00031349486810439744,0.0008062062876321565,0.00044357274891462583,0.01546354151303752,0.036021833242719514,0.0009396021991033605,0.030011277185580502,0.0,0.0,0.0,0.000606087987817587,0.06791280116024685,0.009560714075205073,0.0,0.015695439523404884,0.0,0.0,0.0,0.0,0.0,0.0,0.007084770485600719,0.020938300701576217,0.0,0.0,0.0,0.0,0.0,0.0,0.07940592675606226,0.0,0.0,0.002865383526159146,0.0,0.007869192816867137,0.03295182471882778,0.0009812414208194304,0.006675484616788041,0.0014021636153826555,0.0,0.003007863305985729,0.0,0.0,0.0,0.0028420390796333158,0.01781488611538768,0.008680154456612346,0.0,0.004393358247913019
The_Allman_Brothers_Band_-_Whipping_Post_preview.wav,0.0,0.0,0.0,0.0,0.008055467795937233,0.0058483619354535235,0.0022836114076895332,0.0,0.0,0.004105418286173298,0.0013300059412949216,0.0,0.027140880865262604,0.0,0.0,0.0,0.0,0.018381938788916592,0.00892514587521147,0.0,0.017188986462498976,0.1685923606082074,0.0022288917720268875,0.0,0.0,0.0035992894854041005,0.03322212129634137,0.017033011778713296,0.0,0.0,0.0,0.0,0.10891358871369572,0.0,0.0,0.0,0.0,0.21534415696786363,0.0,0.0,0.0024962790868420597,0.0,0.0,0.0021409497206725235,0.0,0.0,0.000941249660780618,0.16070981950978766,0.001452095184673845,0.00582607549978978,0.0,0.0,0.13551362632231204,0.0,0.13135106525390747,0.005272075064991449,0.0,0.0,0.0,0.005771188883576884,0.0,0.019874112821329247,0.0,0.0,0.007432319489885856,0.010157006353984099,0.0,0.0,0.8009839469404946,0.0,0.0,0.0,0.16611060648170684,0.0,0.0,0.0,0.0,0.0,0.004911992635996232,0.0,0.0,0.0026118690969335486,0.0,0.0,0.0,0.01767140286059624,0.024520341159180857,0.0,0.1014899149818987,0.0114201604261894,0.0,0.0,0.0,0.0,0.07048637579635535,0.005589308181516185,0.007208171612888939,0.0,0.0026685221684169796,0.0,0.06396595855150787,0.0,0.03001344613517727,0.0,0.004837328366438019,0.0,0.0,0.0,0.0,0.0,0.0,0.006748842620427071,0.0,0.0710482382711748,0.006748825041274109,0.0,0.0013102316752856384,0.0,0.3865028183572646,0.007084425484593123,0.0,0.0,0.0,0.0022312864688028675,0.0,0.0025555477920262593,0.0,0.05518764822860393
The_Bellamy_Brothers_-_Let_Your_Love_Flow_preview.wav,0.08389983697967988,0.0,0.08350806099727003,0.0,0.2574241774295777,0.0,0.0,0.09375272876175002,0.03401542858273529,0.0,0.0066237307412321785,0.11760681013845865,0.020795035727009727,0.0,0.0,0.0,0.0,0.0,0.007408207896933842,0.0,0.0,0.0,0.07400257142149723,0.0,0.0,0.1852278584619066,0.0,0.004350166946009246,0.13830021767701248,0.1351731902460494,0.11308122966194661,0.0,0.0,0.007130168399633133,0.22866848493925004,0.0,0.0,0.0676327804948221,0.038841878632048375,0.0,0.0,0.021929718650338846,0.0,0.014216552512985068,0.0,0.14312325131827747,0.050001455339600015,0.0,0.01928470084788704,0.01934345012580662,0.0,0.0,0.0,0.04996430012168704,0.0,0.0,0.0,0.0,0.0,0.0,0.0,0.40580808599762075,0.180321746759124,0.01728050216329708,0.0,0.01573730402109357,0.004493924039873825,0.026674937527893423,0.0,0.0,0.0,0.0,0.11878726213785314,0.018746991820269333,0.0,0.0,0.0,0.0,0.0018120618926668727,0.09315762399496338,0.0,0.0017343599345217087,0.0054965559685837126,0.0,0.0,0.005867172505734156,0.0,0.16627518947533154,0.12960070692233613,0.35072907288555605,0.0,0.1319371305040753,0.0,0.0,0.012317126726801542,0.004639336722070558,0.3111188320960898,0.0,0.0,0.05624908127020599,0.0,0.0,0.0,0.3469254793799739,0.04818198116470668,0.14601461435764862,0.0,0.0,0.0,0.18079870590053343,0.06836521772642652,0.0,0.0,0.020512250090499003,0.0,0.011509898729305787,0.02610100167605547,0.0,0.0,0.0,0.0,0.04589234174476577,0.032085757798349095,0.0,0.16627518947533154,0.0,0.005392633337890899,0.0
The_Black_Crowes_-_Hard_To_Handle_preview.wav,0.07506815930224313,0.0,0.028868172691987673,0.0,0.4253018991579925,0.0,0.0026210235819955057,0.3543458909511758,0.007236248571356316,0.0,0.006106077285460912,0.03794548797645255,0.0,0.0,0.0,0.0,0.0,0.007032646460239103,0.0,0.0,0.00789148954451824,0.019545708684399414,0.17395888617643812,0.0,0.0,0.0330487843523864,0.0,0.0,0.0,0.058056570196395124,0.0,0.04364060749935879,0.0,0.0024648510601903645,0.18821226397069035,0.0,0.0,0.5076842438483742,0.0,0.0,0.0,0.0,0.0,0.0,0.0,0.14331194048610055,0.030249039471441842,0.04854086836396389,0.0033332954192788872,0.023404150235042807,0.0,0.0,0.009927847294948026,0.003140422018974182,0.005912105065316814,0.0,0.0,0.0,0.0,0.0,0.0,0.1231771737883767,0.026525961702926797,0.0,0.0,0.007771828162657307,0.0031070383792528382,0.006147563831220112,0.283781043135207,0.0,0.0,0.0,0.07626162933712598,0.0,0.0036217145843710054,0.0,0.0,0.0,0.005011340464273256,0.030509016109862938,0.0043588451642268666,0.005995565158850221,0.0,0.0,0.0,0.0040564838193226085,0.0,0.05592669082655108,0.1612875207198975,0.12452155477110632,0.0,0.0,0.0,0.0,0.0,0.0,0.07942277835958421,0.0,0.0,0.0,0.0,0.0,0.0,0.06806826212042266,0.0,0.21031777513911615,0.0,0.0,0.0,0.066456644185901,0.004501598865644579,0.0,0.0,0.0,0.0,0.0,0.003007646666361393,0.0050539704193377655,0.33270754757496007,0.0,0.0,0.03767859741206232,0.0024648510601903645,0.0,0.09631818975683797,0.0,0.04101233233392473,0.0
The_Black_Keys_-_Shes_Long_Gone_preview.wav,0.006288483366989922,0.0,0.0,0.0,0.053957854331521324,0.010996216309138985,0.0,0.0,0.0,0.0,0.0018755294026341113,0.1065623173317117,0.0,0.0,0.0,0.0,0.0,0.06912423592627888,0.006292969449241658,0.0,0.0,0.0024014469269951176,0.15715539021034736,0.0,0.0,0.015226788953802774,0.0,0.009238222006994229,0.01958006256423419,0.01130843345540981,0.02161302234295606,0.0,0.00749201267110471,0.0,0.07631034728746741,0.0,0.0,0.16414651244845685,0.002356756171988634,0.0,0.0,0.0031047330973294493,0.0,0.0,0.0,0.004192322244659949,0.0026546368842452826,0.10734989346630353,0.002047695525049761,0.0,0.0,0.0,0.040658879421375325,0.0038584207555250813,0.05084658090067871,0.0,0.0,0.0,0.0,0.008138335403799078,0.0,0.09668901632443747,0.014665781942492143,0.06605585745209185,0.004192322244659949,0.00668409788142951,0.0,0.0018882723196899395,0.3486622690332254,0.0,0.0,0.002773049014698876,0.7315606566993368,0.0,0.0,0.0,0.0,0.002514830845210577,0.0038481810612413085,0.010412314392222668,0.0,0.0007366338953885964,0.00233454968243132,0.0,0.0,0.0,0.0,0.03435664114077989,0.2587126679530489,0.003019560758681116,0.0,0.022415038644539004,0.010693564628862165,0.0,0.0,0.00197046334706795,0.06708715104526929,0.0,0.003763059722555911,0.011945323177546839,0.0,0.0,0.0,0.1115077289065544,0.1910002327006786,0.2609870293193505,0.0,0.0,0.0,0.003888129164687787,0.0,0.0,0.0,0.0,0.0,0.0,0.0,0.0,0.02180132817524787,0.0,0.0,0.0,0.012113572548473067,0.003146484724620829,0.2099572514158771,0.0,0.0,0.0
The_Blaze_-_Heaven_preview.wav,0.0,0.0,0.0,0.0,0.0,0.1465166497151459,0.0010726948943097913,0.0017685560721764641,0.005923095808654003,0.0,0.0,0.0,0.0,0.0,0.0,0.07816576815132695,0.0,0.021586654169782803,0.0,0.0,0.0,0.0,0.0,0.0,0.0019448902437839753,0.0,0.0048017330084101995,0.0,0.0,0.0,0.0,0.0,0.0,0.0,0.0,0.006869882226706299,0.018289554275740645,0.0,0.0,0.0036142596222528433,0.0,0.0010342082196545515,0.4870490861861258,0.0,0.0,0.0,0.0,0.0,0.0,0.0,0.0,0.0,0.0,0.0,0.0,0.029717812683495687,0.0,0.028850448477811957,0.0,0.0,0.005426885416322175,0.0,0.0,0.0,0.002792983479705447,0.007633781348755373,0.011444436463179148,0.0,0.0,0.0,0.0,0.6743170172954854,0.0,0.0,0.0,0.0,0.010258395915806262,0.21445316370320172,0.0,0.0041620973368667255,0.0,0.0,0.0,0.07970698059330111,0.3097853240273168,0.0,0.0,0.0,0.0,0.0,0.3167926296525635,0.0,0.0,0.0,0.0,0.0,0.0,0.02084420484035385,0.0,0.0,0.0,0.0,0.0,0.0,0.0,0.0,0.06781737123043596,0.01453371984317098,0.02395973658641303,0.0,0.0,0.00422690071644429,0.0,0.0,0.0,0.0032568494096176454,0.0,0.0010342082196545515,0.0,0.0,0.0,0.012174122599211159,0.001008778847188874,0.1509287007616832,0.0,0.0048017330084101995,0.0,0.00648090873565962
The_Blue_Stones_-_Shakin_Off_The_Rust_preview.wav,0.027319508271706355,0.0,0.0,0.0,0.10872443562835844,0.0358287370201145,0.0,0.0021623866822825296,0.0036210396989999755,0.0,0.000763874680291412,0.04068863968248926,0.0,0.0,0.0,0.023362068650486335,0.0,0.03519156614154889,0.005126062027469988,0.0,0.0,0.03716677064018073,0.07168784775036187,0.0,0.0,0.01653770720610417,0.01174201222411298,0.0030100701688356274,0.15037935036704833,0.020548746098712465,0.00586843746950222,0.0,0.0,0.0012334185943253995,0.10360015693928423,0.0,0.0,0.06685438497600377,0.0019197420897526026,0.0,0.0,0.0,0.0,0.0,0.0,0.04439420094152282,0.003243580023423794,0.0,0.0016679906615536973,0.0,0.0,0.0,0.016559744931425726,0.007857381273034232,0.0,0.0,0.0,0.0,0.0,0.0,0.0,0.013697380836678789,0.015928401480400936,0.03786425400398342,0.0,0.017111799207342435,0.0,0.0015381293542830875,0.07396086153988507,0.0,0.0,0.013553049671589249,0.06458106723262139,0.0,0.0,0.0,0.006271392538496683,0.0020485049236489876,0.0006269223129705592,0.019507577569777126,0.0,0.0018001188801673677,0.0,0.0,0.0,0.0,0.0,0.04042404560496461,0.5425420957361411,0.0024596426010901717,0.0049658659340953175,0.012172407040038415,0.0,0.0,0.0,0.0016050796720685865,0.023183642903996018,0.0,0.004087032405816014,0.012973730560784017,0.0,0.0,0.0,0.0,0.03889574897756993,0.78722229653165,0.0,0.0039489241757193795,0.0,0.004750728117249907,0.0011263065413476409,0.005168167388281494,0.0,0.0,0.0,0.003982100370100234,0.0,0.0,0.004439675156893414,0.02170060783066094,0.0,0.0009923410022132562,0.011100767348928595,0.03331940317855492,0.051307442498608934,0.0,0.0,0.011886163203606255
The_Brothers_Johnson_-_Get_The_Funk_Out_Ma_Face_preview.wav,0.010549110254230816,0.08073980217126216,0.0,0.06026976330553278,0.0,0.17985304908741997,0.0027010487271524816,0.008906458216571803,0.027964446973050623,0.004855876441568599,0.011011889281689042,0.0,0.014816378087943198,0.15520775929241917,0.08575577130278231,0.08310246245016238,0.20926209754981798,0.043484204187464966,0.02639158946298236,0.1369688548765561,0.0203310816583056,0.044313453048297556,0.005272653012260968,0.0,0.09304754181316204,0.0,0.19949782164370253,0.037193714344446245,0.0,0.010214733707919173,0.0,0.06596046367168566,0.0,0.0228609714847012,0.0,0.06054433893455977,0.09210629706308388,0.0,0.007907051430287073,0.12741002092670967,0.07086219409233693,0.02864553090668485,0.1988742086842393,0.0,0.12691980957691898,0.0,0.0022266145541429507,0.0,0.024045473638311245,0.006891064635608481,0.0,0.1619308938035556,0.006820643019922169,0.0032363054477418224,0.18887102088892463,0.37414767492745415,0.016200182093988557,0.19718066865193806,0.0,0.01365228982098445,0.11615175685395952,0.016454928746197625,0.0,0.06566553209129705,0.05626192135589769,0.012814588444357965,0.09605707614166568,0.09186128993432142,0.006092613577062086,0.08342429858055592,0.0,0.15351167156616857,0.006045388534657651,0.0,0.01866146423752714,0.037995182757338625,0.07749200833712351,0.050624405870820566,0.025821734064764724,0.005240086334736454,0.0718708722107784,0.02718593625380043,0.003916273695375268,0.11468708503294811,0.12040890651870279,0.016721345862220873,0.0,0.0,0.0,0.03039239591207492,0.286348361922967,0.04073535571283704,0.0,0.0,0.0,0.0,0.0,0.02624288287899865,0.023146346821008332,0.0,0.0,0.0,0.0,0.0,0.0,0.0,0.02008992110184426,0.0203310816583056,0.060330683359204794,0.029351014197365535,0.0023195208867489684,0.13304184699343022,0.20309781927041246,0.007307447238009213,0.015964980054072774,0.1476136056792133,0.021696333367593645,0.031249670080019835,0.013714631246578545,0.2904871571445447,0.021279714931641214,0.020436316374909537,0.035561511198424094,0.24808094095203415,0.012807610152222091,0.05440849681191886,0.0,0.1550299890947358
The_Chainsmokers_-_Call_You_Mine_preview.wav,0.1174711943325188,0.0,0.004089887095716592,0.0,0.2976702325745031,0.01141185479328406,0.0033419924343506447,0.019284843859162577,0.02998688621887933,0.07810593276880173,0.00973210629987651,0.09676641950584725,0.006110740490859412,0.0,0.0,0.01623508586785529,0.03856237731507962,0.0179342539495108,0.006530833111534317,0.004984435164642982,0.0,0.0,0.065238239868812,0.023354419382566778,0.18177979166808544,0.01053489064624054,0.0,0.015339858020700476,0.13353245372325542,0.1173587322262825,0.05981322197571578,0.0037096596178475523,0.0,0.03457147435336824,0.023998409116302716,0.06420957501053012,0.0,0.0,0.024458375919322185,0.0,0.007306449594849899,0.19976938080502915,0.0,0.03133211607158628,0.0,0.08266491453029101,0.04407964310665732,0.0,0.0658779441408797,0.0,0.0,0.0,0.008439143337490634,0.26828559228222865,0.0,0.0,0.0,0.0,0.0772551930472697,0.0,0.0,0.14833416305846883,0.11499649120887163,0.015233923950583324,0.0,0.003963854594684609,0.03961696044258589,0.015677166702928586,0.01507671318571814,0.0,0.010319045014844682,0.0,0.02243977593862428,0.03856237731507962,0.018471779992349634,0.10969286167532756,0.0,0.0,0.004792363000642734,0.012967058839027608,0.005557839182149357,0.00611581934269468,0.009691166937657193,0.0,0.0064774462788524485,0.015516920558098064,0.0,0.6021777987273055,0.0,0.004178260103150664,0.0,0.1899753635143886,0.0,0.0,0.0,0.012269661287149776,0.2742721584684456,0.010823390578570194,0.02082825094255905,0.2644658411776942,0.0,0.03798548109378062,0.0,0.14465316692079982,0.007079275724700488,0.0321804237773054,0.012428573326747435,0.085528813073247,0.0,0.0968422538026791,0.014349650890981018,0.0,0.0,0.0,0.009876690120196069,0.12176099069174642,0.04601957406210142,0.0,0.0,0.0,0.0,0.02022859166497021,0.07228581001158815,0.006530833111534317,0.07527222484091318,0.0,0.019015874744032563,0.0
The_Cure_-_In_Between_Days_-_2006_Remaster_preview.wav,0.0035514636547105804,0.0,0.0,0.0,0.0669605493786903,0.0,0.0,0.004122866535027683,0.0,0.0,0.0007944134680105412,0.0009403404974597968,0.0,0.0,0.0,0.0,0.0,0.0,0.0017769986000522424,0.0,0.0027378649319345864,0.0,0.0022188643266662,0.0,0.0,0.004299716194786093,0.0,0.0,0.00078985522871928,0.000245635174314296,0.0,0.0010093750422044908,0.003173373747205558,0.0,0.0019589448394187535,0.0,0.0,0.07300349972360629,0.0,0.0,0.0,0.0,0.0,0.0025575814958837327,0.0,0.005919106091184301,0.0014992241945555214,0.0,0.0017346749149331204,0.002319945948598809,0.0,0.0,0.0,0.0,0.004102278800708187,0.0,0.0,0.0,0.0,0.0,0.0,0.005144022574076898,0.00046014443738781326,0.0,0.0,0.0,0.0,0.0,0.0071789879012393275,0.0,0.0,0.0,0.0,0.0,0.0,0.0,0.0,0.0,0.00043465727356406633,0.0,0.0,0.0006240284867492761,0.0,0.0,0.0,0.0,0.0,0.0,0.9683655829845325,0.0002842195714984568,0.0,0.0,0.0,0.0,0.0,0.0005564162733407131,0.0,0.0,0.0,0.0,0.0,0.0,0.0,0.003935921661470769,0.0009631131922479297,0.2283880361401104,0.0,0.0,0.0,0.0002744809162908416,0.0,0.0,0.0,0.0,0.0,0.0,0.0,0.0,0.006925752016448123,0.0,0.0,0.0,0.0,0.0,0.0005389762840552894,0.0,0.0,0.0
The_Jackson_5_-_Santa_Claus_Is_Coming_To_Town_preview.wav,0.02848664418020923,0.009344075851776051,0.02677842253637248,0.0,0.12735958621277327,0.04483128200262632,0.0,0.01803814018482936,0.06041178688397029,0.09441164908609644,0.022939450768304556,0.04525538949077794,0.024005942517933893,0.0,0.0,0.0850390202192211,0.014427777024270817,0.06458321718725933,0.02565626940044755,0.006527090250669954,0.0,0.05874381225602958,0.11105784807290547,0.0,0.015869308715016798,0.1310561192387024,0.0,0.18580899709664683,0.08362869986975421,0.02837180493557257,0.16970434651741878,0.03886222984174954,0.0,0.02469335686533032,0.08799219482280463,0.014013680494290977,0.010659528547742778,0.022307365801842168,0.08327308040254636,0.0,0.02870326587203511,0.14345636347240157,0.0,0.04923507902224464,0.0,0.022789315344167383,0.050506792517522214,0.016209728374308757,0.005565600200299559,0.0,0.013414576000277277,0.0,0.06630606885153875,0.041948477333842916,0.009871436220566887,0.010103422402127613,0.0,0.0,0.02759052206042745,0.0,0.0,0.2856511253530803,0.1505872685344562,0.07979495626916995,0.011394657672083692,0.03892984233734992,0.14007111394900704,0.05132290749344217,0.04935718110283443,0.0,0.05405092925303716,0.015074196298078548,0.1469238117441775,0.20920276685192682,0.006047173406719467,0.0,0.0,0.013670531467790716,0.006275572815361736,0.014150243128926163,0.014555919273632242,0.0020021578919173478,0.11421476502811567,0.0,0.04241090019170154,0.0406386431159192,0.0,0.15044675201930385,0.08976720679407783,0.15593514142956108,0.0,0.13200130313706193,0.07266229855982281,0.0,0.0,0.0,0.10498460901493636,0.049606095127878974,0.01704654955565837,0.0,0.0,0.11938026522544945,0.0,0.4275536906599706,0.092702723655162,0.02809339117488851,0.06510059183129957,0.07247026934541506,0.0,0.25627075689797074,0.026307103748403872,0.0,0.0,0.011839746347404123,0.0,0.2170228281820104,0.025109323931979295,0.04219304808011811,0.02962781208793415,0.0,0.04597071433741678,0.09602345434634024,0.2181246523104179,0.042760449000745916,0.2905178659683109,0.009794920782945166,0.04980236538341094,0.0264404487113709
The_Offspring_-_Why_Dont_You_Get_A_Job_preview.wav,0.0963457280873543,0.0,0.025472331217512224,0.004300373212307186,0.08362049890614803,0.0,0.0,0.047662076591682784,0.09577543529434926,0.0,0.0026939014241479362,0.019132489873074345,0.0,0.0,0.0,0.0,0.007624486854325021,0.0,0.0,0.006898597577368817,0.017407980548531102,0.0,0.0022572886828944637,0.0,0.0,0.007290291546525306,0.0,0.0,0.008035332523425929,0.058723884431629,0.0,0.056476998512261706,0.005380545774456388,0.017399231541781978,0.18267957920415523,0.0,0.0,0.08841394122496209,0.0,0.0,0.0,0.0,0.0,0.0,0.0,0.015054020013649107,0.028597245955009672,0.0,0.0073529770893027355,0.0029501509351898517,0.0,0.0,0.19272016902433567,0.05542011313537765,0.0,0.0,0.0,0.0,0.0,0.0,0.0,0.06038194925008646,0.037449025378597914,0.010542088259547293,0.0,0.009600649702765513,0.0,0.029834250705173513,0.06781642538662062,0.0,0.0,0.0,0.4192732403938767,0.0,0.0063913649438572,0.0,0.0,0.03250941172823095,0.012160067946007455,0.053840315544914155,0.0,0.0031741743377778115,0.0,0.0,0.004482483343729963,0.0,0.0,0.26867180446561656,0.1660339707564407,0.004337121570415169,0.0,0.06439131739768804,0.0,0.0,0.0,0.0028302590241680256,0.5577204891461836,0.022469812593977907,0.0018016800894562765,0.09722621823825657,0.0,0.0,0.0,0.02860057513085002,0.4800978575883817,0.103923413802565,0.004300373212307186,0.020889576658237322,0.0,0.008377024118613826,0.043692699358311535,0.0,0.0,0.0,0.0,0.0023405640861623696,0.0,0.02898647808712789,0.07828540162731089,0.0,0.0,0.003499617028912191,0.0065247118281682405,0.0,0.03838168635223094,0.005176212844368849,0.11185363400409368,0.0
The_Rolling_Stones_-_Beast_Of_Burden_-_Remastered_preview.wav,0.03233733432987439,0.03788272834493935,0.039083404299751066,0.0329913315473989,0.05319876018395027,0.018175486847509442,0.003548493540872568,0.09360663252269359,0.02694134425305534,0.04465573764173744,0.0,0.4109823960826322,0.025953288150966525,0.0,0.0,0.017238248879755395,0.005849305659563137,0.061887826809476694,0.020803116315820526,0.06880149262543585,0.05341977819075263,0.2804983930113923,0.08658662360098782,0.0,0.01930119320335013,0.23490263220903623,0.047652651249827066,0.04071926266563675,0.22192184320536615,0.05176120445036059,0.06880149262543585,0.1221052432020519,0.008255626234626764,0.033370581349898766,0.09173255927046112,0.0,0.02592949997398697,0.018087693040328943,0.005193930906478037,0.0,0.0,0.05131768418254878,0.0,0.05322899494761846,0.0,0.17092591002933602,0.01755124359800505,0.013143487837429671,0.0406152756951287,0.0588452321026105,0.0,0.0,0.04032268413327767,0.021258426147886107,0.16808715587616035,0.016384507672472532,0.0,0.0,0.0,0.0,0.026928348334218873,0.09882334374696372,0.057459813434631045,0.11322657744407674,0.12934933731949755,0.044192194738992115,0.10936870163614577,0.02080731998849275,0.024012450839451478,0.0,0.0,0.0,0.16678427937439474,0.046794445276505094,0.0,0.0,0.0,0.005542303360335273,0.0,0.05048373386247054,0.10032136997618822,0.025974858843643447,0.02057996477091139,0.0,0.0,0.005491902755243903,0.0,0.033651908195737164,0.20622925503649658,0.0776375956525583,0.0,0.04939932410892279,0.011783492175900707,0.0,0.0,0.0,0.10304685945170962,0.04022258071942925,0.011057612395777969,0.02632566914522042,0.008643166657995657,0.024199558249641775,0.0,0.10970804276798235,0.37583514440296234,0.31321442466687227,0.0065982663094797805,0.0,0.0,0.027848740590921323,0.015236313217542102,0.027965323541253823,0.0,0.0,0.0,0.02154743003798664,0.052935041465327785,0.0786871157465748,0.10810529977792373,0.16879634124822393,0.0,0.09128367887274444,0.016685290674949383,0.06934372105273509,0.1219881672095472,0.023826325624913533,0.0,0.0
The_Smiths_-_Cemetry_Gates_-_2011_Remaster_preview.wav,0.0,0.0,0.0,0.0,0.0,0.0,0.004976421531971232,0.0,0.0,0.010735780293407333,0.029563014027935437,0.0,0.6187489165103006,0.0,0.0,0.0,0.001640617929611529,0.0,0.031119331746077894,0.0,0.0,0.0,0.0,0.0,0.05774521713685914,0.0,0.0,0.0,0.0,0.0,0.0,0.0,0.01389326789434173,0.0,0.0,0.0,0.0,0.0,0.0,0.0,0.02175945864649351,0.0019191500137201935,0.0,0.0,0.0,0.0,0.0,0.0,0.003797268336889531,0.0,0.00915242612933452,0.0,0.0,0.0,0.0,0.006893309724215298,0.03880145309454714,0.0,0.01045795322534968,0.0,0.0,0.0,0.0,0.0,0.0,0.0,0.0011798392656507837,0.0,0.0,0.0,0.0,0.0,0.0,0.0,0.004125833563068418,0.04200147380180037,0.0,0.0,0.0,0.0,0.0,0.0,0.0,0.0,0.0,0.3388821209753617,0.0,0.0,0.0,0.0,0.0,0.0,0.0,0.1539575236665067,0.0711425141398416,0.008526112386180175,0.0,0.0,0.0,0.0,0.22060604902285852,0.0,0.0,0.0,0.0,0.0,0.0,0.0,0.0,0.0,0.0,0.0,0.0,0.6246955473191953,0.03823811492547061,0.0,0.13705165631189345,0.0,0.0,0.0,0.0,0.0,0.0,0.0,0.0,0.0,0.0,0.06915199101338723
The_Smiths_-_Girlfriend_in_a_Coma_-_2011_Remaster_preview.wav,0.0,0.0,0.0,0.0,0.0,0.0,0.0032533911088184026,0.0,0.0,0.30998976409813334,0.013263730609594931,0.0,0.30041113891648696,0.0,0.0,0.0,0.002681430698180785,0.0,0.022251917616413874,0.0,0.0,0.0,0.0,0.0,0.08258158143985639,0.0,0.0,0.03173299676324928,0.0,0.0,0.007278435259361438,0.0,0.011353598652538962,0.0,0.0,0.0,0.0,0.0,0.07857282511557293,0.06028955763941203,0.17426223909497354,0.07998494076055755,0.0,0.012200581521372744,0.0,0.0,0.0,0.0,0.0,0.0,0.03490375416919566,0.0,0.0,0.0,0.003669251621013257,0.06759867232813568,0.09756493441972268,0.0,0.2187841159111074,0.0,0.0,0.0014157019388422358,0.0,0.0,0.0,0.0,0.015426661716828546,0.0,0.0,0.0,0.02511367841360451,0.0,0.0,0.0697171981527004,0.015734306772146277,0.25933435962686563,0.0,0.0,0.0,0.0,0.0,0.0,0.0,0.008633728516993672,0.0,0.19637206272340524,0.006986675547674316,0.0,0.0,0.026438672286119277,0.0,0.0,0.0,0.058518284372961867,0.05813776563002134,0.011944373820098903,0.0,0.0,0.0,0.0,0.30508852488552113,0.1257266550418166,0.0,0.0,0.0,0.0,0.0,0.0,0.0,0.002946088052904184,0.0,0.00961486901938669,0.0,0.5369073877238335,0.18268203552322942,0.011524033966153617,0.3565295518694479,0.0,0.0,0.0,0.0,0.0,0.0030595392498069846,0.0,0.0,0.0,0.0,0.13267825179756326
The_Strokes_-_Reptilia_preview.wav,0.030181231130561172,0.0,0.0,0.0,0.07806205309002921,0.0,0.0,0.00608082881111602,0.0,0.0,0.0018412160185476121,0.01525602270821929,0.0,0.0,0.0,0.0,0.0,0.026861086476137157,0.006177837648346847,0.0,0.00158639076887819,0.02200344272876256,0.06582621195843003,0.0,0.0,0.0016609122436109243,0.0,0.002418454909252119,0.00732260545931343,0.003415859140446109,0.0015716744806258973,0.0,0.0024516480025721333,0.0,0.05145623613856723,0.0,0.0,0.010742893453064653,0.0,0.0,0.0,0.0,0.0,0.0,0.0,0.005487496569192941,0.00608082881111602,0.23809405756125118,0.0,0.0026884750918322055,0.0,0.0,0.018627005966842955,0.0012626099225444996,0.019015743676470444,0.0,0.0,0.0,0.0,0.0,0.0,0.03026436733806565,0.0,0.0,0.0027437482845964704,0.0006249343110699018,0.0,0.0,0.8675933052389638,0.0,0.0,0.0,0.11321009351309301,0.0,0.0,0.0,0.005038779570524571,0.0,0.0015111109646754588,0.0054516362216630865,0.0,0.0004821046353062532,0.0,0.0,0.0,0.0,0.0,0.001249187995648003,0.01441018102472625,0.002634948418677882,0.0,0.0,0.0,0.0,0.0,0.0012896087449538224,0.08515202727699635,0.0,0.0008209363097623184,0.0,0.0,0.0,0.0,0.03518603386055698,0.04464424405296924,0.07610263122482666,0.0,0.0,0.0,0.006361657753939512,0.0,0.0,0.0,0.0,0.0,0.0,0.0,0.0,0.36919254208701374,0.0,0.0,0.0,0.0,0.0,0.08619397169971219,0.0,0.0014990046050742032,0.006366662157259763
The_The_-_Uncertain_Smile_-_Original_7_Version_1982_preview.wav,0.0,0.0,0.0,0.0,0.0026633047066079757,0.12374974326081291,0.0015100185772527388,0.0,0.002084466131366796,0.01085869138442769,0.0008794550913737985,0.0031230106415001584,0.0,0.0,0.0,0.019561409744099364,0.0,0.13572972037254413,0.0029508383148899226,0.0,0.0,0.0157648854403514,0.020633699584607854,0.0,0.0,0.0,0.0033796683866815815,0.15421555572341003,0.01573936010114452,0.0,0.1126063245739386,0.0016761423157807096,0.0035130820551179842,0.0,0.015180543350343518,0.0,0.0,0.011545499038935389,0.05525536447658598,0.0,0.006602573069036766,0.0,0.0,0.0,0.0,0.0,0.0,0.15660547106053055,0.0,0.0,0.0,0.0,0.0019065368138970035,0.0,0.02043641699515326,0.006972229392445172,0.0,0.0,0.0031733050644652486,0.0,0.0,0.1340441944495581,0.006112832440892223,0.3831632316974491,0.0,0.0017909956988473488,0.0,0.005312582260088936,0.8174566798061306,0.0,0.0,0.013003112994021085,0.02027801032008949,0.0024891013914028464,0.0,0.014160779165253807,0.0,0.002358460270106234,0.0007217807243296253,0.0,0.0,0.0,0.013136333249027788,0.0,0.0,0.021033116110900776,0.0,0.008950101985227141,0.005162257012003295,0.016046902933640972,0.0,0.12262416753829479,0.0,0.0,0.0,0.0018479411951745712,0.0019065368138970035,0.0,0.0,0.0,0.0,0.0,0.0,0.1680657582390977,0.0,0.0,0.0,0.0045464283100214884,0.0,0.032817309997924246,0.0,0.0,0.0,0.008170442073676227,0.0,0.015282081102230557,0.0034655181061440453,0.0,0.01533430163945013,0.0,0.0,0.0,0.13774434496191776,0.01180335325955969,0.030430346749772283,0.0,0.0,0.004561545244709318
The_Weeknd_-_Secrets_preview.wav,0.0,0.0,0.032219476298126895,0.010878923613538295,0.06191415115972826,0.009988974061708974,0.0,0.2507933835046639,0.016152608051764872,0.05784928619528621,0.001703732813923847,0.0,0.0,0.0,0.0,0.033158587624553496,0.0,0.03924532881876328,0.0,0.0,0.0,0.0,0.03997283249566346,0.0,0.0,0.03227473794580575,0.013094590018407456,0.033568041009698915,0.22360232672297395,0.1659418777869956,0.04799249019651844,0.0,0.0,0.0055019908020889925,0.16384821101505895,0.0,0.007125231495758556,0.0,0.10704398499419084,0.0,0.012790898028091127,0.0141017134921119,0.007179511603557601,0.0,0.0,0.4874636523887766,0.021703273572518993,0.0,0.0018601286943582505,0.0,0.0,0.0,0.018467283677419403,0.3049344199262315,0.0,0.0,0.0,0.0,0.04303260978263605,0.0,0.007399707509679038,0.007637600053505695,0.5861860932150947,0.08000694398423867,0.0,0.0017348118008823719,0.0,0.010291850956305575,0.006598440817727266,0.0,0.0,0.045342729736933055,0.0,0.19288142211295992,0.004042159109090725,0.0,0.0,0.054827397445464186,0.004194829900559748,0.0567513418046331,0.0,0.006691589786112971,0.139966681946494,0.0,0.0,0.0,0.0,0.09016108891377086,0.0,0.009143240198343484,0.0,0.09841557868964612,0.0,0.0,0.0,0.0035799418109029885,0.0036934567354838807,0.004736941089221928,0.002278911515532384,0.02170228740954795,0.0,0.013299713052451787,0.0,0.021705800179946427,0.006196600190823946,0.01408401281952348,0.005439461806769148,0.0220190296636866,0.0,0.11655535589072927,0.01256047269624775,0.01729048611201615,0.0,0.0,0.0,0.005921071648637321,0.013427216403879567,0.0,0.0,0.012100164659563433,0.0,0.13501130784057008,0.03576294021357845,0.0,0.02427413932293831,0.0,0.01248366827870747,0.0
The_White_Stripes_-_Icky_Thump_preview.wav,0.0,0.0,0.0,0.0010336713554616995,0.0024511801758851297,0.0,0.0005558999828441332,0.0013747715618815874,0.0,0.0,0.0009712908388776447,0.0,0.0,0.0,0.0,0.0,0.0,0.0007457865075024103,0.0010863250249593204,0.0,0.029290228947031153,0.04477142415936075,0.0,0.0,0.0,0.004380878805496036,0.0012441950228144075,0.0006378999188395626,0.0,0.0,0.0,0.0006170569677904484,0.04655916305217548,0.0,0.0,0.0,0.0,0.9733354969848766,0.0,0.0,0.0,0.0,0.0,0.09589561483759314,0.0,0.0,0.0,0.0,0.0007069676439083402,0.04963849544702083,0.0,0.0,0.0,0.0,0.04263308820133722,0.0,0.0,0.0,0.0,0.0,0.0,0.0,0.0,0.0,0.0014474008188984757,0.0009890088373030494,0.0,0.0,0.003761743076588578,0.0,0.0,0.0,0.0012441950228144075,0.0,0.0007681392449683199,0.0,0.0,0.0,0.0007971515681655902,0.0,0.0009244792640015641,0.0,0.0,0.0,0.0,0.0008603506283038124,0.0,0.0,0.0817188880908456,0.0003475014927900464,0.0,0.0,0.0,0.0,0.0018061592202964184,0.0006803032056489542,0.0,0.0,0.0008661318486715535,0.0,0.0,0.0,0.0,0.002062397410849055,0.0,0.016058471744443276,0.0,0.0,0.0,0.0,0.0,0.0,0.0,0.0,0.0,0.0,0.0,0.0,0.1646513024932483,0.0,0.0,0.0,0.0,0.0,0.0,0.0,0.0,0.0
The_White_Stripes_-_The_Air_Near_My_Fingers_preview.wav,0.001877865752387493,0.006159700636816941,0.0,0.0,0.0,0.11575000560092157,0.0007212276833795373,0.0,0.0034846004253165142,0.0,0.0,0.0,0.0,0.0,0.011449152259154988,0.024525595194985466,0.0,0.059022837549541955,0.005637616156345937,0.0010756794628858752,0.0,0.023664948183489253,0.011967077036445012,0.0,0.003922947780564382,0.0,0.004842676317702224,0.05627780977261194,0.0,0.0015585795365741012,0.019362230331945753,0.000800573090712776,0.001677947589720868,0.0,0.0,0.0,0.008783573922296914,0.0,0.008445289162096428,0.0,0.02838218479954256,0.0,0.0,0.0,0.015062146346004274,0.0,0.0,0.9643755667845975,0.0,0.0009200179421416983,0.0,0.0,0.009106160349804701,0.0,0.0,0.018315739360101013,0.0,0.0,0.0,0.010936207031105656,0.0,0.014436628181351708,0.0,0.03397184611277318,0.0009389328761937465,0.002138575806750138,0.02051914778180286,0.005920693113203781,0.09272961546717,0.0,0.0,0.02484262168075436,0.025827607027745194,0.0,0.0,0.0033817948024144734,0.15863662696472022,0.04055282964906265,0.0,0.017256744973042894,0.0,0.0,0.005228570992448208,0.0,0.006989413748957032,0.0,0.0,0.0,0.0,0.0009017006812398795,0.00819214999846222,0.007530271580859156,0.0,0.0,0.0,0.0008826291062207871,0.006374312244863291,0.0,0.0,0.0,0.0,0.0,0.0,0.0,0.007638810875888155,0.0,0.005364363519215716,0.0010857515288499394,0.0,0.0008708043147835863,0.0012387060321299923,0.004262942558645208,0.0,0.0,0.0,0.027736789760827982,0.0008276148495972345,0.0006953511220666947,0.004882731472873604,0.0029832768471454462,0.0,0.0,0.03730395093449631,0.06483258579797826,0.019664183290894408,0.0016142254392340746,0.0,0.017429786674323797
The_Who_-_The_Kids_Are_Alright_-_MonoStereo_Version_preview.wav,0.09014922170408023,0.004480362054096587,0.007703941841036564,0.0,0.018505228609947286,0.0,0.0020983884350895925,0.06573279591300574,0.004344999150295813,0.0,0.007332777572618803,0.0,0.026857915448396868,0.0,0.0,0.0033979247506797945,0.0,0.0,0.0,0.012518617334300434,0.02527166944944474,0.025037234668600868,0.0,0.0,0.0,0.009922056885790034,0.0,0.08909298181085781,0.0,0.0,0.012518617334300434,0.11413282425470592,0.0,0.0,0.0,0.0,0.0,0.05348044945848161,0.03685694029177656,0.0,0.0,0.020231014234425627,0.0,0.01967297990735163,0.0,0.0,0.008649052093816546,0.0,0.004002948660934973,0.08565639081711775,0.0,0.0,0.002649407670621275,0.0,0.004733224447622186,0.0,0.0,0.0,0.0,0.0,0.0,0.22645041257141924,0.0,0.0,0.0,0.004977693279236327,0.009949965268820455,0.03445212723462107,0.4307234247336189,0.0,0.0,0.0,0.0,0.0,0.005799080978320216,0.0,0.0,0.0,0.0010030183385951637,0.002713942539712217,0.06979372750241464,0.0,0.0,0.0,0.0,0.02922854610259777,0.0,0.0,0.0,0.5679809821071384,0.0,0.004868684378193744,0.0,0.0,0.0,0.0025679806136788552,0.0,0.0033979247506797945,0.0,0.0,0.0,0.0,0.0,0.0,0.0,0.0,0.0,0.0,0.0,0.0481379586004074,0.0,0.0,0.0,0.0,0.0,0.00849466165041875,0.06742171596497347,0.06473924555016201,0.610864366536205,0.0,0.0,0.01905185767551154,0.003946713791093735,0.0,0.0,0.00469653629689321,0.0,0.0
The_Who_-_Who_Are_You_preview.wav,0.07955453209196468,0.040146402401894356,0.023010458046074777,0.052444081905195804,0.04559956203752444,0.07223084642159178,0.009401332469723222,0.011625008924306247,0.29849000973600026,0.02535221323489979,0.0027377311215728284,0.0,0.00859503785829657,0.0,0.07462087865265425,0.07611798596020716,0.04649122219543153,0.02522535393000647,0.0,0.14722758872426353,0.04245889891967854,0.0070108375582982625,0.03670423526051008,0.14782079777954962,0.09374993712340275,0.04445342626129944,0.0,0.026970270752381436,0.02449820144609876,0.129516822810759,0.16124926384086005,0.0834849129122404,0.07655321935697712,0.1060938991821972,0.08101168172415794,0.03010457455503472,0.011449546463463859,0.011980324461899448,0.24081282310291766,0.03167616115350153,0.09249171990574027,0.15862046974466903,0.046147077039584324,0.03525605110786855,0.0,0.006119579391689591,0.22475017253658744,0.0,0.032879483171080845,0.011992599218675654,0.02881756177394275,0.012252617437578626,0.14837554586433194,0.03379307805365601,0.0,0.0,0.07048340909431018,0.0,0.15805525250250452,0.0,0.01189060243145025,0.03272765962631894,0.0047572899908534284,0.035712025757907155,0.07955453209196468,0.06690412795056626,0.039006155267238656,0.07166463458122205,0.0,0.0,0.14514211934989704,0.06476560764998292,0.010520859352079545,0.12397659252115077,0.01299070452933287,0.08816460603093501,0.0,0.11746964944625735,0.0,0.06991526698973809,0.0,0.002150545374312336,0.03407768127481097,0.0,0.09110826433408087,0.0,0.0,0.08915692632511693,0.0,0.10578447387807643,0.0,0.12542467764489873,0.031219030364300494,0.15219039017815747,0.0,0.005752614511518694,0.1365055021951854,0.09895338174826931,0.06957774813016485,0.0,0.011449546463463859,0.04274266250448951,0.0,0.02325272452175966,0.05974396355479641,0.24140398790245884,0.14859156539805476,0.11322373045247612,0.0,0.08797095324691571,0.21798120256206963,0.03704548158344053,0.05890891266426227,0.012717234661277364,0.013892019408241953,0.266408239487792,0.032364324902857726,0.1812805368510503,0.007955910282341034,0.0,0.03703333318688383,0.05690489113079291,0.24313185229253528,0.0,0.027861539476599036,0.0,0.15379354442786106,0.0
The_xx_-_I_Dare_You_preview.wav,0.0,0.0,0.010344875453659882,0.0,0.0,0.2907108635348316,0.0,0.0,0.006667974244656533,0.0,0.0,0.0,0.0,0.0,0.0031950014676708815,0.08017391645279064,0.0,0.0777643360471679,0.0,0.0,0.0,0.0018010752507456574,0.04832501566676533,0.0,0.0,0.0,0.0,0.002771451299739678,0.0,0.0026096240808681057,0.0,0.016085375949010387,0.0,0.0,0.0,0.038669134546644265,0.014706869611605057,0.0030777301149546776,0.0,0.0,0.01584067012782262,0.001164268483078233,0.39121913790624935,0.0,0.0,0.0,0.0,0.0,0.0,0.0,0.0,0.0,0.0,0.010128298560619404,0.0,0.03903091986234893,0.0,0.004639804531073821,0.0,0.0,0.030546806394612065,0.006305770595628227,0.0024442834944890406,0.06055086833738085,0.003144224322898336,0.0,0.004294556430529193,0.007080982101730528,0.0,0.0,0.0,0.4471516847060097,0.0,0.0,0.0,0.0,0.09816203160081183,0.26405578078310227,0.0,0.027332174367052396,0.004016537989941206,0.0016574171133211938,0.063032493396504,0.032046712376016716,0.03510839582275313,0.0,0.0,0.0,0.0,0.0007548860216242449,0.6675418194636172,0.0014009321801426858,0.0,0.0,0.0,0.0,0.0,0.04302015029174132,0.0,0.0,0.0,0.0,0.0,0.0,0.0,0.0,0.020209226896662012,0.021815274247120476,0.0,0.0,0.0,0.004758468547949363,0.0,0.0,0.0,0.006110708736222601,0.0,0.022121101178486428,0.0,0.0,0.0,0.003654698536722498,0.04088308161825571,0.04247730924713312,0.0,0.005405590769444644,0.0,0.010943905162282403
Theory_of_a_Deadman_-_Drown_preview.wav,0.0,0.0,0.0,0.0,0.2618109047021381,0.0,0.0,0.0012746488445392777,0.0010672360559234432,0.0,0.0009005530662799763,0.025583448995305947,0.0,0.0,0.0,0.0,0.0,0.0,0.0030216284135889753,0.0,0.0023277481677979875,0.0,0.04678497514851163,0.0,0.0,0.0,0.003460746044327552,0.0,0.1128186123154997,0.0025060848851421835,0.0,0.0,0.0,0.005816445685581469,0.09326833169338512,0.0,0.0,0.07487566585315067,0.0,0.0,0.0,0.0,0.0,0.052187284229517,0.01614590568302222,0.0946101972099786,0.0025492976890785553,0.0,0.009832202477345524,0.0,0.0,0.0,0.0,0.0,0.0,0.0,0.0,0.0,0.0,0.023446189301045885,0.0,0.01480253730728326,0.037556869377163585,0.0,0.0020129829193612473,0.0009169806873093062,0.0,0.0,0.01743890257471101,0.0,0.0,0.0,0.19034103243801534,0.0,0.01709272134848204,0.0,0.0,0.0,0.0036954805927694226,0.0009999141191620697,0.0,0.0028296134938168354,0.0,0.008206728020619052,0.0,0.0,0.0,0.07881739504632136,0.3435964129771364,0.007732642516770218,0.01170879441109051,0.0035875971434649106,0.0,0.0,0.0,0.0018922729835129416,0.0898046178437995,0.0,0.0,0.022942636676634792,0.0,0.0,0.0,0.022946350212146506,0.6321477643402099,0.5111874683356988,0.0,0.0,0.0,0.007467687014524027,0.003983502145907754,0.006092896005912297,0.0,0.0,0.0,0.0,0.0,0.0,0.005234056290885479,0.0031979311244132434,0.0,0.0,0.0,0.0,0.22545440908598902,0.06921492088655104,0.008798097647655049,0.0
Timmy_Trumpet_-_Rockstar_feat_DV8_preview.wav,0.0,0.039748214273436465,0.028477788862288644,0.017307973485589438,0.008208597687932013,0.0,0.0,0.0038365691403532613,0.10921741136452214,0.016733839874015694,0.0013552886028736352,0.024063654702746233,0.0,0.0,0.006156729902938628,0.0,0.0,0.0,0.0,0.04164780754905392,0.010509443630707042,0.0,0.002271261745436833,0.37401744346724125,0.0,0.11736671824516375,0.0,0.0,0.11723355586018212,0.2640075179231915,0.0867662657271957,0.0,0.0,0.06346264379635362,0.013368029226247361,0.0,0.0,0.0,0.0,0.0,0.0,0.006730594640423314,0.0,0.004363295930735318,0.0,0.08482436126774552,0.011509707421059783,0.0,0.00591879477518741,0.029684129518469233,0.014265868816362718,0.0,0.0,0.005576317457577474,0.0,0.0,0.0,0.0,0.019560949635723808,0.0,0.0,0.0,0.037680842238236326,0.0,0.03635329768617666,0.0207001706134744,0.0,0.0,0.0,0.0,0.043110762470822336,0.0,0.0,0.007671683933048841,0.006430928754533426,0.0,0.0,0.0,0.003336911227370588,0.015048221590658252,0.030959284118247363,0.010646077011732546,0.11808889805184655,0.0,0.0,0.0,0.0,0.2951616137651751,0.0,0.007273282015160436,0.0,0.051292013954366444,0.47136815928309356,0.0,0.0,0.002847778886228865,0.03525693543892905,0.007536301723180003,0.0018128328448668218,0.41433063976327933,0.0,0.03173904271990497,0.0,0.23597647036131267,0.01971713298365495,0.003734525723170803,0.012980980114192077,0.0,0.0,0.012643319327334908,0.08992465730264354,0.004584756203994748,0.0,0.0,0.0,0.0,0.0,0.06506241485742537,0.0,0.0,0.006111003621345514,0.0686649668085339,0.0,0.0,0.0,0.0,0.3806703958547878,0.0
TINI_-_22_preview.wav,0.053478962222256406,0.021927445907536845,0.09426010998356772,0.11935116435783365,0.0067925157797271195,0.0,0.005134886237749124,0.09100849044001512,0.058478648574962995,0.03692546952058473,0.004485940020979492,0.005309969229835228,0.0375559883696351,0.0163922787794501,0.0,0.0041574659742222245,0.02116075370133909,0.0,0.0,0.061267661211449984,0.03865083600911044,0.0,0.0,0.02691260281865315,0.09775500666312907,0.12544608102835103,0.0,0.0029461626330261744,0.2720722177584324,0.009709468587477506,0.0,0.15389453246839777,0.0059731969422947805,0.2076438321969533,0.0,0.024664094064395622,0.0,0.0,0.030063737216143555,0.0,0.016839260504800717,0.027228598460128692,0.0,0.03851279852386791,0.0,0.2239431543056987,0.08677553739629347,0.0,0.058772777181953,0.0687771276307847,0.007869889818015355,0.04015332732412963,0.032416321874837485,0.08305804033042985,0.0,0.0,0.12319080547820942,0.0,0.053954834560207214,0.0,0.0,0.011172140328919666,0.018188591975849856,0.0,0.006684870277782051,0.004567771203820687,0.0030435225236769923,0.0,0.0,0.0,0.6024880918864007,0.0,0.0,0.1015716177664276,0.01773838711724137,0.03611577589847881,0.0,0.004010025229384845,0.014726687329009409,0.0,0.29461200192954434,0.01879360123773869,0.0,0.0,0.0,0.003973558857038812,0.3638974953439364,0.021304657665738944,0.0,0.012839580413696122,0.0,0.008935478767232082,0.0,0.09236047036242884,0.016683616495243154,0.006284007332237849,0.0032416321874837485,0.03741719376800002,0.044002855835430565,0.0,0.0687895366197858,0.08170921362270692,0.016871919516166112,0.009525253110780882,0.0,0.0,0.0,0.007730167201822089,0.0,0.027899185481359,0.1344920255136995,0.00505844076268472,0.03217528641760617,0.006945989140871409,0.1896910344987125,0.00519674056452853,0.01473081316513087,0.004950654265477944,0.0,0.0,0.033711879589359624,0.09518469203825687,0.021730168485727668,0.0,0.0,0.011492714691299049,0.03652175889084053,0.0
TINI_-_Oye_preview.wav,0.11002749236743548,0.0,0.03324523385583712,0.011225271208175886,0.007985660657721797,0.01030698871665745,0.0150921471294387,0.03234722302343068,0.15625173432379963,0.1899259375563051,0.010547842920101328,0.0,0.05519114502471221,0.019271677826668436,0.05590218182557287,0.1075304788301778,0.0398044209363178,0.008098953082020518,0.011797069698182854,0.10354266790318438,0.04998408801197528,0.013505565378676221,0.005892204329642841,0.0,0.17512570176217562,0.0,0.020267215241805844,0.03117305901595876,0.0,0.021199273050151006,0.022509275631127035,0.25128750222726454,0.0,0.04257866481028448,0.0,0.09665495182027459,0.04411244648949937,0.015385803663018253,0.030926531477355357,0.0,0.03299529081690698,0.13677623837420871,0.022224247845224417,0.022638897719511338,0.6146106995838215,0.007859106597673964,0.012441239624396416,0.0,0.030709580937285763,0.07315744606746129,0.0,0.07080973898785908,0.015244174892404053,0.0036165802921012064,0.04085107517691039,0.0418111061927819,0.04525937078223823,0.03479209622849055,0.02537292594459867,0.0,0.09925875444160712,0.00788075502924647,0.0,0.004586338362264146,0.11395704566627246,0.017900422552663692,0.05725015912544597,0.0,0.0,0.0,0.0,0.020793905177354487,0.0,0.024877763085198623,0.012512542750923221,0.03538310154738743,0.043298766861288675,0.06600173256701598,0.0028855859261266003,0.031230991879484332,0.17569102807540837,0.009666477857910617,0.02625868014105656,0.0,0.02340126716234677,0.05138691323110737,0.02592837609357053,0.003578134945340373,0.0,0.0,0.14856914740621827,0.0,0.0,0.1194425362063295,0.0,0.025857404110095544,0.08003191818512129,0.04887749037735355,0.03056903508936006,0.0,0.007352074414916562,0.09606191192778503,0.0,0.0,0.0,0.004844133151856835,0.17960433933081418,0.01817603200435465,0.0,0.005466639929050515,0.05443349118103873,0.035681911708074464,0.009456765623676268,0.04083046253405098,0.16056818444276558,0.08247930638283037,0.1177648896158442,0.2007991584642639,0.020434851151815932,0.22473706280709327,0.13475412844082107,0.14159336857296012,0.05961013073439828,0.12976776668001136,0.0,0.013511476827870563,0.004293701812159842,0.018236467552868212
Tiro_De_Gracia_-_Melaza_preview.wav,0.28586994422923334,0.009016338788190395,0.062014050475933655,0.05496507899785928,0.10427245471677765,0.05767847397025739,0.004222824140448486,0.08702732383341036,0.08452468298417523,0.41754269850435605,0.007378288412286225,0.0,0.00772131683949519,0.0,0.011172559803648856,0.05470422320159386,0.041765197867021625,0.0963096441802635,0.0,0.03778894217127894,0.01907138843480973,0.00629815702854649,0.1813520416763648,0.029509823224367467,0.007656351787950099,0.2063285201517483,0.0,0.17929187372754704,0.036679763851673645,0.031939463850789586,0.1322612975994763,0.13593446853926908,0.10806913720486058,0.015884836185498713,0.1394883116467962,0.05408864097864395,0.010285652881399522,0.032287425326808325,0.23487605356935173,0.0,0.09232172823903227,0.1384247297332357,0.020728018242251334,0.10293441671861688,0.0,0.05497498927485257,0.020886557720018486,0.0,0.03759273408422528,0.032320506258303704,0.1164966203756734,0.0,0.04265361925295297,0.0708350356159445,0.03810080941229841,0.009749051778133861,0.0,0.0,0.01774853559167626,0.0,0.01068187369263026,0.09922755876728077,0.16667398247350115,0.1989068572470853,0.005497498927485257,0.025042936512383467,0.0350410188383491,0.07923646663769326,0.03810080941229841,0.0,0.0,0.02909095836531082,0.07561096513636252,0.15313905884574597,0.01750521881804548,0.009900288812239061,0.0,0.05935971120906073,0.0020184871316979735,0.03823101250745435,0.028090760740062535,0.007727734298109185,0.15919043159602075,0.0,0.024554020141081885,0.0,0.0,0.050058598340498715,0.014436447245005209,0.06335403077745988,0.0,0.14696705515046715,0.014022743636428763,0.0,0.0,0.0,0.015995107219857363,0.06838027900199233,0.019738384199988527,0.0,0.0,0.028798271037474725,0.0,0.19322315055034486,0.00894512390868555,0.0,0.05496507899785928,0.12078546008712832,0.0,0.11471856288015464,0.010879028611783801,0.008319913928631545,0.06615072365735138,0.0,0.062399191929045854,0.11538968017396231,0.17444614741058628,0.0529271025450607,0.10006022901709291,0.0,0.0,0.04473024013495126,0.08339538997386825,0.024756393315401966,0.2452871318684437,0.02835411192613594,0.006006947689009951,0.0
Tom_Misch_-_It_Runs_Through_Me_preview.wav,0.022201524386906195,0.2075499910639643,0.008348077747917943,0.009513223776035048,0.007519677444017236,0.08734995199689634,0.0,0.004217494416061965,0.021187304059906913,0.0,0.003972939992767025,0.0,0.0,0.10888276419918042,0.20755259185987324,0.17121436496126669,0.05341147053957737,0.011439538459250902,0.0,0.29504558145303766,0.025673122815340135,0.0,0.0033290277079564487,0.0,0.00927600076928052,0.0,0.01908457269086216,0.0,0.0,0.014741348382839095,0.0,0.0416458679685687,0.0,0.008018818707520916,0.0,0.0,0.00830767504619057,0.0,0.0,0.0,0.0,0.0,0.4813303739145073,0.0,0.01780758869449581,0.004440304877381239,0.001405831472020655,0.0,0.001084410011521872,0.028280553046718494,0.0,0.2533756937144257,0.006459587672448799,0.0020433262879028394,0.003846731306753296,0.003937132387954077,0.0,0.07862853756095238,0.0,0.0,0.5737421027438782,0.0,0.024162890320097406,0.0,0.08880609754762478,0.00707947306808531,0.014151235762723724,0.009999833387835522,0.0,0.0,0.0,0.20265847468666037,0.0,0.0,0.002356480935623965,0.0,0.0081544351676341,0.06658967879914886,0.0024454843122387712,0.02315926117629897,0.14180487296214164,0.004681241881209878,0.012363210335981025,0.0,0.13221446919758456,0.0026393650198586706,0.0,0.0,0.0,0.0010660575517065084,0.032284561652115795,0.0019784103656554004,0.0,0.0,0.0,0.0,0.0,0.02485369813953871,0.002657100522465083,0.0,0.0,0.0,0.0,0.0,0.0,0.0,0.025368596736093468,0.0,0.0,0.0,0.0,0.03695976149553619,0.14426002421931777,0.0,0.0,0.005177762211449444,0.0,0.11673759916887741,0.0028863639941218975,0.014108206316790033,0.05822052554198087,0.024515707799209575,0.00481129122451255,0.053321670058682,0.0,0.015267658152689727,0.0,0.0
Tom_Misch_-_Watch_Me_Dance_preview.wav,0.0,0.1386044429799468,0.0008926182781625633,0.020344030525727762,0.0,0.003735957718817286,0.003646950958018696,0.0,0.0,0.0,0.002548839837869042,0.0,0.0,0.0,0.0,0.002362206103988183,0.008416242804573176,0.0,0.009977484975473126,0.023932776691219165,0.009882355884565328,0.0010878534859645075,0.0,0.0,0.0026448972118481135,0.0,0.964804229874289,0.002510944189884185,0.0,0.0,0.0,0.0008096335921156028,0.0118785645576286,0.0,0.0,0.0,0.0053297893137956515,0.0,0.002135217221289369,0.027033092872923315,0.01275706698831259,0.0,0.02685195859649711,0.0,0.0,0.0,0.0,0.0,0.0023190109784215042,0.0,0.0,0.036122930696314795,0.0,0.0,0.023033459394995882,0.047149526056814044,0.0,0.044839237283243155,0.001532813982460046,0.022119955530433073,0.11439210483169145,0.0,0.0,0.0,0.03988148921982487,0.0,0.01729281136065173,0.0,0.0,0.0,0.0,0.0025123778531015175,0.0,0.0,0.004031467878083294,0.0017100341651747016,0.0,0.0,0.007670180587443334,0.0,0.0036389969148075186,0.006340196444664061,0.0,0.0,0.002827406629574319,0.01693284751730779,0.0,0.0,0.0,0.0,0.05523243209436,0.0,0.0,0.0052477751642493,0.018958731576406533,0.0026778548344876894,0.0,0.0,0.015910187666389807,0.0,0.0,0.0,0.0,0.0,0.0,0.0,0.002712537403430368,0.0,0.0,0.0,0.0,0.004311188493314816,0.0,0.0,0.0,0.0,0.0033479255865122475,0.0007032207718088977,0.0,0.141800886600276,0.011492732578449719,0.0011037230514596645,0.0,0.021380324947442415,0.0,0.006529977867169468,0.0,0.019830429699022815
Toni_Braxton_-_Youre_Makin_Me_High_preview.wav,0.0,0.0,0.05680880578088165,0.031387948403585816,0.0,0.0,0.0021100226738981665,0.0069576045008654976,0.07427452025659723,0.0,0.0036867165969243026,0.0,0.09259483073025873,0.0,0.033495623393891,0.0,0.142603858361081,0.0,0.0,0.06923413839275858,0.0,0.0,0.0,0.0,0.5929768034055418,0.06651378950510507,0.0,0.0,0.04398675246298575,0.006839667078158544,0.0031470062905799355,0.007026466450655177,0.0,0.015874383307376196,0.0,0.18242903841569819,0.0,0.0,0.037061288751736296,0.028437423512545235,0.0,0.11799045811214535,0.0,0.0,0.0,0.013734703365474247,0.0034788022504327488,0.0,0.0,0.0026916031692179945,0.0,0.2584963636769773,0.0026640969631401596,0.07078842323760763,0.0,0.0,0.15819203480101277,0.0,0.33256605604479544,0.0,0.0,0.0,0.01494807857404396,0.0,0.0,0.0012513228613046004,0.0,0.0,0.0,0.0,0.09121141694607164,0.0,0.0,0.10782242949252467,0.020409316271449398,0.24239746332831222,0.0,0.00988677501133661,0.0010085794419092396,0.0013644948186642709,0.1579065517101336,0.0057919868473870996,0.10095821855230355,0.0,0.05316536892756037,0.03592184436360807,0.0,0.010005131543156852,0.0,0.0013190071085252173,0.0,0.019582712634620445,0.0,0.21253499973224074,0.0,0.00516443688917106,0.0,0.12983703571425034,0.003287565921358799,0.0,0.0,0.1391000494990071,0.0,0.07567275743816405,0.0,0.0,0.16478672911882553,0.29223552633050975,0.0,0.014011931184637333,0.01993176122986267,0.0,0.03966431624982398,0.0,0.10600882216311551,0.02989615714808792,0.012106344072389297,0.004068636486625702,0.0,0.0,0.011082283348805741,0.07982286748205931,0.005952893740266073,0.0,0.0,0.00944515124989935,0.0,0.0
Tori_Kelly_-_All_In_My_Head_preview.wav,0.09425117815706917,0.0,0.0,0.03713662565811273,0.037426923031067295,0.09377133344660836,0.00748941483812313,0.010289855142154027,0.07581617422857134,0.05385711513900185,0.04652731463498495,0.0,0.059341478498360814,0.0,0.0,0.6791470000390613,0.02057580965690466,0.06698452608667291,0.13172054525701285,0.033510401428236546,0.0,0.014893511745882907,0.024366514451303743,0.0,0.0633685182326534,0.0,0.0,0.0,0.0,0.04315918158850614,0.0,0.09976029688418596,0.0,0.009390881857892875,0.0,0.15988205082911958,0.012161453843470758,0.0,0.010962258420681138,0.0,0.0,0.02166211779438038,0.006127049979871081,0.0,0.0,0.0,0.016463768227446444,0.0,0.009524688119741595,0.02547654482674484,0.022957030340471588,0.0,0.0409763140535407,0.011964752207719316,0.0,0.0,0.15721841308291878,0.0,0.026231683938326634,0.0,0.0,0.002172662052708759,0.05558396492929103,0.08724479654144639,0.04225052813937583,0.0177660195232379,0.002959390814596411,0.011710858839556963,0.0,0.0,0.038541683525412,0.07309212618203552,0.0,0.012345485794142793,0.010348828272267586,0.14632263359383943,0.0,0.15206788771070476,0.011932999474528487,0.029059216854480645,0.008303422595225858,0.0079949152894453,0.09049138960189469,0.0,0.0,0.06568321060615125,0.3431159493797776,0.005918781629192822,0.0,0.009363493134344779,0.0,0.0434423822758841,0.0,0.0808266253810862,0.3163374510983178,0.07332359172586767,0.006304048315929338,0.016170166667596696,0.01750356427254262,0.0,0.08513017690429531,0.039725268070432376,0.09843318704360149,0.0,0.0,0.0,0.004642078207264091,0.030065932661117522,0.0,0.03767773863542555,0.03644529098675413,0.004918610922972085,0.0,0.020261946118552383,0.022133691500146428,0.007579631581266959,0.025782500080059032,0.08424156920036815,0.0,0.0,0.0,0.03966579154583686,0.24651064876968795,0.048785387132226986,0.029593908145964104,0.0,0.010653657755476068,0.03770737785960574
Trellion_-_Compound_preview.wav,0.0,0.22971680852463053,0.0,0.00952647152730229,0.0,0.004373579609815903,0.003842443730261149,0.0,0.0,0.0,0.0,0.0,0.0,0.04906547557587254,0.01355488836875532,0.0,0.03378053640560603,0.0,0.0,0.032474739186231234,0.0077126622670240725,0.005730836326981982,0.0,0.0,0.00464445908643469,0.0,0.14333361852179935,0.0,0.0,0.0,0.0,0.0,0.0,0.002408995622248533,0.0,0.0,0.04991546397866797,0.0,0.0,0.43154828394446737,0.019601316072556718,0.00493944352735778,0.21061333019516648,0.0,0.11368146623787267,0.0,0.0,0.0,0.0008144400895447781,0.004901527291555475,0.0,0.15023400099060147,0.0,0.0,0.031779726969535,0.30456701553296184,0.0,0.2903464954060335,0.0,0.0,0.1814340233789965,0.0,0.0,0.0,0.010004598620954958,0.0,0.13513005628316088,0.0,0.0,0.0,0.0,0.022058770556609267,0.0,0.0,0.0,0.0,0.04287040128997128,0.0,0.0012244449000398058,0.0,0.02343038692499703,0.0005859700999321448,0.0,0.006797956327062051,0.007447420462852131,0.003964560747826873,0.0,0.0,0.0,0.0,0.3879542387619539,0.0,0.0,0.004607566021088083,0.0,0.0,0.0,0.0,0.0009978002621023802,0.0,0.0,0.0,0.0,0.0,0.0,0.0,0.0023816178818255726,0.0,0.05721660471741658,0.0,0.0,0.2674902549495125,0.03611522880170412,0.0,0.0,0.00907370198857845,0.004409236588097587,0.001234860881839445,0.0,0.11655478613500439,0.09081595574215653,0.0,0.0,0.4079782300954123,0.0,0.020066706593051906,0.0,0.06964476274612966
Trinere_-_Ill_Be_All_Youll_Ever_Need_preview.wav,0.01639803408052975,0.004482348327259554,0.10790300107568712,0.06245744009947625,0.08145910304053401,0.0,0.002099318710943145,0.22843620272848564,0.0,0.0037741015811143096,0.0,0.08683594722528364,0.0038385460476578373,0.0,0.0,0.0,0.003460498568112655,0.005632824673094963,0.0,0.006262083598433487,0.047405387074215974,0.0,0.020490150758256408,0.022005601698449975,0.02283749741607699,0.7279400786931723,0.0,0.0,0.2370528954260485,0.01474410174738004,0.06888291958276835,0.03262383503237055,0.0,0.001974231741328359,0.006029972871618642,0.0,0.0,0.11235873364284756,0.03380050669585672,0.0,0.0,0.038455968125634274,0.0,0.19681701504301552,0.0,0.10385421584335508,0.02249750481416904,0.0,0.013349077610102253,0.11515180263952657,0.0,0.0218880879939729,0.018554075603880484,0.01760732991867891,0.0,0.0,0.08813814254478439,0.0,0.0,0.0,0.0,0.021924271407327195,0.008498427577873047,0.0031897999191370023,0.0,0.002489950016806731,0.0,0.0,0.009470645643891511,0.0,0.07778460797001957,0.0,0.009397236812611945,0.09343346133904167,0.020305781571083682,0.0,0.0,0.0,0.0020069260108575,0.008145437125132401,0.03840356798636128,0.0028813022989446703,0.0,0.0,0.0,0.0,0.06311618093094279,0.009954376374161336,0.014353760806986537,0.04330642467617965,0.0,0.004870842805794594,0.34856066835389604,0.12838450272510613,0.0,0.0,0.03975873343688674,0.0033994311483013626,0.0,0.015574487927930694,0.0,0.12407774416257597,0.0,0.05711569908707954,0.0,0.1954075845050197,0.0,0.0,0.0,0.021544949794144477,0.005408358852276995,0.0,0.0,0.0,0.07445015192158069,0.004249213788936524,0.012044929633542442,0.0,0.01776555756547476,0.0,0.06064335134905002,0.011118510614831122,0.0,0.0,0.002488594093540334,0.004698618406305972,0.05972542194407352,0.0
Tritonal_-_Getaway_preview.wav,0.0,0.0,0.003720725772390939,0.0,0.021449657570235096,0.0,0.0015201687834667835,0.007518923825389784,0.0,0.0,0.0026561001232177743,0.29553630383168406,0.0,0.0,0.0,0.0,0.0025058329023862212,0.0,0.008912020737217557,0.0,0.0,0.0,0.0,0.010623201577734224,0.0,0.057503943095895564,0.013609544828912317,0.0,0.5862708694738258,0.03285098468417022,0.015870855552620803,0.0,0.0,0.005718360816492376,0.037114850666947176,0.0,0.0,0.0,0.0,0.0,0.0,0.0,0.0,0.0,0.0,0.1306164582273995,0.02255677147616935,0.0,0.011599678104237544,0.0,0.01863887186862274,0.0,0.0,0.025499809212438652,0.0,0.0,0.009117573799463222,0.0,0.0,0.0,0.0,0.010583939389459956,0.010769364093651907,0.0,0.0,0.0,0.0,0.0,0.0,0.0,0.07040720654625017,0.0,0.0,0.0,0.0,0.0,0.0,0.0,0.006539692212708869,0.0,0.0,0.005563793355440815,0.0,0.0,0.0,0.0,0.006529141878452232,0.6163020404247818,0.0,0.0019005610284238963,0.0,0.008817745423723846,0.06562437211062803,0.01093722410744735,0.0,0.0018603628861954696,0.03838704758572451,0.0,0.0023685314613259255,0.3232990336193419,0.0,0.017278418104783297,0.0,0.16167568168468444,0.025761145011891425,0.009758584961109104,0.0,0.0022884944918156224,0.0,0.01009491539899842,0.03263605733200013,0.002995074626549074,0.0,0.0,0.0,0.0,0.0,0.0,0.0,0.0,0.0,0.0034505097842059116,0.0,0.0,0.0018020527497800637,0.0,0.13839571330715816,0.0
Tritonal_-_Untouchable_preview.wav,0.006086602344446758,0.0,0.007628819941461354,0.008693578742519617,0.032984608128787486,0.01596480233658133,0.0,0.0025694142991804256,0.0010756576583575747,0.0,0.0027229780997136974,0.10314131606129051,0.00284957370599467,0.0,0.0,0.0,0.0,0.008363140042945869,0.003045472204343312,0.0,0.0,0.0,0.0,0.0,0.0,0.12281632408527565,0.0,0.0,0.0785132663458747,0.0008419535004261902,0.8274695160775716,0.001729896486525797,0.0,0.007327929364116919,0.020143781963979687,0.0,0.0,0.0,0.006843289615910203,0.0,0.0,0.003005060941766049,0.0,0.02045520406930125,0.0,0.012173204688893517,0.003854121448770638,0.0,0.009909788780634763,0.0,0.0,0.0,0.003935359551204132,0.02054004009431809,0.0,0.0,0.0,0.0,0.0,0.0,0.0,0.1573312716101961,0.0031544360113881413,0.004735944216432106,0.0,0.003696866474462526,0.0,0.0036553051212028826,0.007030605461172736,0.0,0.0,0.0,0.05929693380799441,0.0,0.00215345008709882,0.0,0.0,0.0,0.0029797134224328462,0.0,0.0,0.001425971043576862,0.0,0.0,0.0,0.0,0.0,0.16442097250270332,0.06393373772762143,0.004871038192733912,0.0,0.01807953508059988,0.1035026599294012,0.0,0.0,0.0019072049853653386,0.10625470788251155,0.0,0.004856337486148735,0.21967494043897323,0.0,0.0,0.0,0.32763846105160965,0.19807338890697115,0.010004296487552572,0.0,0.004692233043519529,0.0,0.01693488337122335,0.012044808362350376,0.0,0.0,0.0,0.0,0.004731654017082212,0.0,0.0,0.0,0.0,0.0,0.0,0.008793515236940302,0.0,0.042490813118676134,0.0,0.031036333259198603,0.0
Twenty_One_Pilots_-_Morph_preview.wav,0.021214182063635453,0.0,0.08375664663669226,0.00606010223081612,0.02011873824590061,0.3505544286508719,0.0,0.05641908635177331,0.06748355322086995,0.005859078790193137,0.00759251219561893,0.0,0.029795625859083814,0.0,0.0,0.031664545076479464,0.0,0.35415796207349387,0.01910638426525872,0.0,0.0,0.12637988810601833,0.09224841326934566,0.0,0.00590898671978867,0.03082051944093593,0.0,0.13089349388177973,0.1924981578320823,0.05810381654000455,0.05832917912585462,0.0,0.02274685649897186,0.006129765759578639,0.056167146641203314,0.0,0.0,0.0,0.04770306440622272,0.0,0.04987617038178276,0.015710713380785023,0.01599738203170958,0.0,0.0,0.22062749346180868,0.0053732463192165065,0.4345734991925946,0.004144737273918292,0.008314727760103627,0.009989918636118781,0.0,0.02057439338417127,0.11324243856551584,0.007351320284969182,0.05266857291580134,0.0,0.0,0.0,0.04941837546129599,0.0,0.03403618870141321,0.10884494880067783,0.16836744165013962,0.042428364127270905,0.08697389111493779,0.02318040766654255,0.2063906468677712,0.0367566014248459,0.0,0.0,0.17400064788133532,0.007294338760079225,0.04835005098655193,0.0,0.0,0.07791792548007456,0.18833981005801417,0.0,0.08640975128830493,0.010839884109232647,0.001491019502703923,0.22681719937093625,0.0,0.0,0.015131925832091523,0.0,0.01545360511102837,0.0,0.01629836841693866,0.0,0.09074048854414729,0.010822413626953199,0.0,0.0,0.01196523523381318,0.0,0.047496817614719196,0.0914016387998646,0.0,0.0,0.0,0.0,0.004030403888133685,0.0,0.0,0.0303005111540806,0.0981255686871498,0.0,0.04918722558343558,0.02238978819909311,0.0,0.0,0.05290279887209567,0.009631636754585329,0.04617664494574211,0.022438884665447956,0.031421426761570045,0.005516004235216991,0.0067403943121182785,0.0,0.0517825726110904,0.15630902686925527,0.29296455873396704,0.02318040766654255,0.0,0.00927203323564327,0.009845183751003659
Twin_Shadow_-_Forget_preview.wav,0.0,0.0,0.0,0.0,0.006505576478608851,0.0008996424909199529,0.0,0.0,0.0,0.0,0.0003068884598381424,0.0,0.0,0.0,0.0,0.0,0.0,0.02191435716778253,0.002059407545809627,0.0,0.000793244814608729,0.007072975907454869,0.04062964698442152,0.0,0.0,0.0,0.0,0.001209302810987658,0.0,0.0,0.0,0.0,0.006129501959537435,0.0004955288380599883,0.006810808602784275,0.0,0.001283447323343803,0.0026858907315641146,0.0,0.0,0.0,0.0,0.0,0.0,0.0,0.0,0.0,0.8782705145382769,0.0006701191940978299,0.0,0.0,0.0,0.0,0.0,0.014262696521446223,0.0,0.0,0.0,0.0,0.0,0.0,0.019718922634533915,0.0,0.02161712882590845,0.0,0.0003124866277921099,0.0,0.0006179471067004028,0.4671033110773638,0.0,0.0,0.0,0.06486399133612417,0.0,0.0,0.0,0.005039093576044278,0.0,0.0,0.0006814969944362143,0.0,0.0007232020184899641,0.001527987469459556,0.0,0.0,0.0016310151522443976,0.0,0.000624632921130756,0.03242492782900016,0.001976334467095785,0.0,0.006112866654408649,0.0,0.0,0.0,0.0006448445552491985,0.0,0.0,0.0,0.0,0.0,0.0,0.0,0.004561436778346458,0.0,0.0042281874317387416,0.0,0.0,0.0,0.0034991298090546017,0.0,0.0,0.0,0.0,0.0,0.0,0.0,0.0,0.0062427749889067815,0.0,0.0,0.0,0.0009910576761199767,0.0030891113187144405,0.03997650695236838,0.0,0.0,0.006367058913464615
Tyga_-_Feel_Me_feat_Kanye_West_preview.wav,0.049558065744417575,0.0,0.13259172425122434,0.010889919114261775,0.012911818494742102,0.05499488541964262,0.0029282546221318924,0.05310606746012898,0.11116141952460286,0.021057365595199645,0.0,0.0,0.010708464748804485,0.0,0.02324233650132903,0.018966915162987243,0.024134546303367633,0.003928499469534715,0.0,0.00873472672143767,0.0,0.026204180164313008,0.0,0.030694722316522392,0.042473466601621844,0.0,0.013107824928324638,0.0,0.0,0.08542779319339637,0.004367363360718835,0.01625202350975518,0.0,0.027537758757492575,0.0,0.30943245287577464,0.0,0.0,0.01285826112580842,0.0,0.012803825991694696,0.016939159581246043,0.12936182489748269,0.0,0.0,0.04574590684100084,0.004827824314557181,0.0,0.009310043779731244,0.026147537005621196,0.00897587216863989,0.015265403605435822,0.03327470793732943,0.10174754066105493,0.0,0.05408268018036234,0.04390725870587218,0.10125807387208142,0.012307458149767678,0.0,0.04444311906886788,0.0,0.017781168509125336,0.008898645363564172,0.06480670135808451,0.008682826013487998,0.010413717248886515,0.15796788076513998,0.006605109966566115,0.0,0.14466479792173284,0.025215865751877092,0.0,0.014480727782020577,0.012138733750330368,0.027460832381999922,0.0,0.07317708315475477,0.0055987595756053395,0.007574493504843738,0.02921868064137041,0.009377694314929163,0.03821131322534599,0.0,0.20999498293173355,0.009063953163283693,0.0,0.02082743449777303,0.0,0.0018304962832594643,0.12195673116875311,0.08832383692392971,0.0,0.18961236182996766,0.0,0.0,0.03697189770814382,0.4220138623764662,0.045624296951260176,0.10137970386042662,0.0,0.11316181990953221,0.0,0.0,0.006202863192964758,0.10808656611987234,0.27769293741367523,0.4760917483615207,0.0,0.010606650930766725,0.11315850988780825,0.005769320626898607,0.045871235899119414,0.0,0.12115541758258717,0.029635280848542226,0.006720393752281339,0.042347898953115116,0.004956091305686512,0.04239338070796795,0.07689904909875367,0.2259847889016489,0.07435194864522995,0.022889270542514786,0.0,0.013107824928324638,0.1457900000704957,0.0
Tyler_Shaw_-_With_You_-_Frank_Walker_Remix_preview.wav,0.028940242157209056,0.11075007134484892,0.009068273397270248,0.0,0.14049658846848162,0.04427999585898218,0.0,0.04886763932480036,0.03068686733529742,0.0,0.0021578444243853484,0.007662666537674217,0.020323494561348066,0.16558663986531616,0.019605071960811526,0.1259899548357245,0.006107297134158663,0.06958804725465156,0.0072402218913773875,0.07183607477413743,0.0,0.022103407622811516,0.1554977056419661,0.0,0.006717499409178696,0.18686729751636977,0.016584811790856042,0.008503048076358198,0.12229139093149298,0.1481211457420036,0.033155111434217274,0.0699143419181024,0.0,0.013936974246523931,0.34054594446927927,0.011864019048509514,0.009024385120673451,0.0,0.0054230161982201045,0.0,0.0,0.021432447800181952,0.07274506404729797,0.0,0.0,0.37139977435084953,0.0,0.013723199004166698,0.0,0.03308344308868473,0.0,0.009657355323709206,0.018711631209396052,0.128737133832146,0.0,0.0,0.0,0.29894160540470355,0.0,0.0,0.2436725136682624,0.04836659996348217,0.34121676000108014,0.005629551788923252,0.0,0.019774864621779412,0.021960106725101635,0.043450109510856,0.008357184067716092,0.0,0.0,0.0957139090410081,0.016584811790856042,0.0,0.0,0.0,0.0,0.10416157355868935,0.0017709721927819432,0.18688228005624935,0.14171541811695101,0.0,0.053719179327286405,0.0,0.028724144406960975,0.02293652198075365,0.0,0.07466436286534556,0.0,0.06253347032849017,0.02805582223001506,0.008596357930294118,0.0,0.0,0.0,0.009068273397270248,0.004677907802349013,0.053995694929596216,0.0,0.0,0.0,0.0,0.0,0.11912873772623805,0.0,0.041621893998568506,0.06889291698480192,0.02788796459271898,0.0,0.23932646098363386,0.02227166375809189,0.04379815748902284,0.0,0.0,0.0,0.01874817362643298,0.05526981249632828,0.08572979120072781,0.031353730299484,0.0,0.0,0.09811309942414663,0.031358192054678845,0.0,0.22838510994105699,0.033169623581712084,0.07905527724457273,0.0
UGK_-_Hi_Life_preview.wav,0.010967863008634825,0.05396452276174344,0.0034367224643741304,0.020887401609148894,0.002476550427733798,0.0,0.008424805041877712,0.0,0.0,0.10602129588218644,0.008177865932165152,0.005808042407490753,0.030809044788877065,0.0,0.4012195229092251,0.009094869533446176,0.01388737480977735,0.0,0.05487843634851206,0.1633479546413242,0.05495915143423628,0.0,0.0,0.0,0.1374742165436109,0.044262218609382134,0.0,0.13534548777893535,0.09269274359115262,0.0,0.008376818186734575,0.10598541924164086,0.0,0.0,0.0,0.17985051396464924,0.04788125368276318,0.0,0.0657674096105593,0.2838592115030341,0.06139592333425606,0.051442726389645144,0.0137845753447917,0.0052656606228750485,0.0,0.014623817344846435,0.0,0.0,0.0017857122847802496,0.0,0.025824247840357764,0.26351816871937556,0.024819872733017327,0.026918179030839245,0.019003389707951606,0.23988313193275762,0.025264885896496996,0.0,0.13573629024898837,0.0,0.021311023227411643,0.10020468074943936,0.011368385869326678,0.004267010102093758,0.0,0.0033308176515025214,0.3595324132813326,0.00658674307196893,0.03167231617991934,0.0,0.008671069147739144,0.029019164018880477,0.0,0.07406599898547922,0.0,0.14484588253426162,0.0,0.048247805471572376,0.0,0.0,0.07005358701958782,0.005139108545344816,0.012215197024214225,0.044714869566720584,0.19594738099700607,0.0695404356640554,0.0,0.07323808418693813,0.0,0.03510982093744109,0.0,0.1433464767910913,0.046627121787030996,0.06061430928375741,0.045621334098432866,0.01718361232187065,0.0,0.2273717383361544,0.0,0.0,0.013680358195075194,0.07022204205341263,0.0,0.020837436759013117,0.0,0.0,0.2297614177006378,0.05495915143423628,0.0,0.049164858239061734,0.01688116884068852,0.0,0.0,0.04558512233797249,0.03319743749923013,0.2444202961905236,0.10312037164109362,0.013537559576222406,0.028518082208134808,0.0,0.0,0.014873283063646416,0.08715098467719744,0.0,0.0,0.0,0.003994748655836118,0.0424168394959953
Van_Halen_-_Panama_-_2015_Remaster_preview.wav,0.06590350375777411,0.0,0.04259169325539297,0.0,0.3180825072752085,0.0,0.0031639263404068707,0.08085384590658772,0.03494048297454058,0.06825631196414658,0.005528139528981636,0.04580528375745697,0.0,0.0,0.0,0.005123352493570732,0.00521538845603535,0.0,0.0061828610663505765,0.014156572181943076,0.0,0.0,0.009264338096690885,0.02211006281460032,0.0,0.42886379982580075,0.0,0.04356758592653078,0.2583317304281948,0.022221138525086993,0.051907431333791276,0.0,0.007360924572478356,0.02677864679767891,0.12723054323006833,0.020262799280455813,0.007706465388417887,0.01612744331878324,0.009262079592918351,0.010660301713538583,0.0,0.015252047180366927,0.0,0.32035712237495234,0.0,0.26361401503109644,0.05216377155263723,0.0,0.012071201399933208,0.0,0.0,0.0,0.0439422160021409,0.07202728593039433,0.0,0.0,0.0,0.0,0.0,0.0,0.0,0.18448740149065734,0.02881834812999103,0.009614825926313192,0.0,0.0018763274016959646,0.018753056317961012,0.003710466259926089,0.0,0.0,0.009769231669925967,0.0,0.0849766114791779,0.05736927301638883,0.004371894342973826,0.0,0.0,0.004941657462895747,0.0015123397023758766,0.0,0.005261709632674393,0.0028949799096839174,0.0,0.0,0.0,0.0,0.0,0.34130562498689043,0.010816423838932387,0.05340109251323745,0.0,0.051386630534140644,0.0,0.0,0.0,0.0038719721141266344,0.27963228364998755,0.0,0.012324057631090042,0.07824210196807238,0.0,0.035961560819329476,0.0,0.1956369159306682,0.1608499651129929,0.13709612333223267,0.005883180661630523,0.03810433726191401,0.0,0.16044413219261133,0.03532121099488431,0.024934587804946715,0.0,0.0,0.03740178428428597,0.03522242549221126,0.010891896481632695,0.0061008188721467715,0.021419869309188447,0.0,0.0,0.0263323274891056,0.06843431959406833,0.0,0.08626405906262066,0.0070813842899314925,0.1980295018239135,0.0
Van_Halen_-_You_Really_Got_Me_-_2004_Remaster_preview.wav,0.0,0.0,0.0,0.007345241632833793,0.2752047516855621,0.006744364677407463,0.0019751053737261147,0.039076363134618125,0.0027264831833413634,0.00710158802947856,0.002300655770849431,0.004084900141727455,0.01083427621518893,0.0,0.0,0.009594876700173132,0.0,0.021198157712963312,0.0,0.0,0.0,0.0029457830536916293,0.059761121856536495,0.0,0.0,0.08093906672881052,0.0,0.0022664500746220327,0.030880641320988646,0.007469385959194321,0.13550602046981497,0.002192395341950889,0.0,0.00928709800220494,0.062405079019596,0.0,0.0,0.04530456287956165,0.026018660181813164,0.019964326221239517,0.008636170273348329,0.0,0.0,0.03333089995561415,0.0,0.010285192385564502,0.0032563635945515104,0.0,0.007535540397338165,0.022675490430988345,0.018162655549317338,0.0,0.03241876962296259,0.0,0.0,0.00455984050372538,0.005923082095396062,0.0,0.029054796979322173,0.0,0.0,0.06531898300088364,0.013992281070577399,0.015005322747226364,0.0,0.0046852472974863064,0.0,0.0,0.02673084797424911,0.0,0.0,0.0,0.1414594769628146,0.006511492782894494,0.024562698283784885,0.0,0.0,0.0,0.0009440897011141619,0.014049721788841965,0.003284662742541984,0.0036144269880256093,0.0,0.0,0.0,0.006113629076070522,0.0,0.0351202192993818,0.08777906599379148,0.004938673048888444,0.0,0.027495856870569196,0.006558737799522152,0.0,0.0,0.0,0.26683141151207673,0.0,0.0,0.0,0.0,0.0,0.0,0.23692803049710148,0.6359415832599143,0.4786325875040012,0.0,0.0,0.0,0.04530979065742443,0.0,0.0,0.0,0.0,0.0,0.0,0.004532900149244065,0.0038084831446983758,0.0033428795763027074,0.0,0.0,0.00597751205085493,0.0,0.0,0.28330310234834644,0.0,0.042143673045529066,0.0
VNV_Nation_-_Control_preview.wav,0.0,0.0,0.06164150481156364,0.011707474200876164,0.02406068884145698,0.0,0.0020987278896809026,0.06747351970275325,0.0028971346915174626,0.0,0.0024446545966952406,0.008681150857112399,0.0038374657473636375,0.0,0.0,0.0,0.006919049327041939,0.0,0.0,0.0,0.0,0.0,0.0,0.021999408557168428,0.0,0.5623408449024379,0.0,0.0,0.18958894440063223,0.12132114539794873,0.03756192738254969,0.0,0.0,0.023684113486652007,0.10248068906983435,0.0,0.0,0.0,0.0,0.0,0.0,0.01416400089240641,0.0,0.007870464955727428,0.0,0.3032782534185868,0.0,0.0,0.02135251314499068,0.0026771952306821234,0.0,0.0,0.0026498362631463797,0.02766087437766696,0.0,0.0,0.0,0.0,0.0,0.0,0.0,0.005479525288804197,0.10195242989914091,0.0,0.0,0.0,0.0,0.0,0.0,0.0,0.0,0.0,0.0,0.04497382062577259,0.008700028636403784,0.0,0.0,0.0,0.0010031805960564188,0.0,0.0,0.002880491400317278,0.0,0.0,0.0,0.0,0.0,0.31347460829832235,0.0,0.0,0.0,0.0,0.034846257126507796,0.0,0.0,0.0,0.04769705273663483,0.0,0.0,0.020760139634165297,0.0,0.00954175572093466,0.0,0.15053537432479522,0.03111985315891271,0.003368148103757555,0.0,0.0,0.0,0.06208267226586954,0.16220510256268184,0.0,0.0,0.0,0.0,0.0,0.0,0.0,0.0,0.0,0.0,0.05398899575727989,0.0,0.0,0.0049757874333067045,0.0,0.5881298393713785,0.0
Volbeat_-_Die_To_Live_preview.wav,0.0133642079005871,0.0,0.0,0.0,0.0271588196258642,0.0,0.0,0.0007693093393808472,0.0,0.0,0.0010870505825432402,0.0019300988591858348,0.001706383953708864,0.0,0.0,0.0,0.0,0.028796126826205033,0.005471076136783573,0.0,0.0014049033291682132,0.0,0.1548474574723599,0.0,0.0,0.0,0.0,0.0,0.014590978608197233,0.008066868050467321,0.0013918706245129374,0.0,0.008684691082003291,0.0,0.012062515259048806,0.0,0.0,0.156978971832025,0.0,0.0,0.0,0.0,0.0,0.0,0.0,0.004859711963849855,0.005385165375665931,0.0,0.004153931223832553,0.0,0.0,0.0,0.016496025574934,0.008945311172620877,0.006315108985546714,0.0,0.0,0.0,0.0,0.0,0.0,0.0341116885445908,0.0066112964319143125,0.025523836353561737,0.0,0.003874080825168204,0.0,0.0,0.10104174376874743,0.0,0.0,0.0,0.2819771701923065,0.0,0.0,0.0,0.0,0.0,0.0013382357403128285,0.01991531081960891,0.0,0.002134752736956922,0.0,0.0,0.0,0.0014443325535271258,0.0,0.0022125549496028393,0.8709803555517852,0.005250382015561556,0.0,0.0,0.0,0.0,0.0,0.0022841479598261355,0.021209175739200854,0.0,0.0021810568566956404,0.0,0.0,0.0,0.0,0.0011540983488991577,0.29059563079648465,0.028456208047300657,0.0,0.0,0.0,0.002253546687959745,0.0032056362476293484,0.0,0.0,0.0,0.0,0.0,0.0,0.0,0.022112959842011122,0.0,0.0,0.001412175180522986,0.0,0.0,0.1084151925305391,0.0,0.003982543144013216,0.0
Waka_Flocka_Flame_-_No_Hands_feat_Roscoe_Dash_Wale_preview.wav,0.0,0.0,0.04279901079889422,0.1005008955550387,0.00841133664144539,0.016284604788124955,0.0031793269358417323,0.013104420435959569,0.10972049314720186,0.0,0.00370336537972258,0.09205648727917552,0.0,0.02029895543944037,0.06729377145650377,0.010296581419481875,0.052407746626044686,0.008530668123278462,0.0,0.03319278694713651,0.019144906169595282,0.0,0.009309432801070307,0.0,0.0057643995250828755,0.010022123704851409,0.007115853339724224,0.0,0.07732443515025297,0.10821122893568631,0.0,0.0,0.0,0.1405247434054531,0.0,0.08144571853670042,0.0077439770568041135,0.0,0.0,0.0,0.0,0.0061305149627514655,0.09363564931767593,0.0,0.0,0.028973128141303636,0.02882972495911105,0.0,0.012129958674651936,0.0,0.0,0.058009976235854306,0.0,0.2818928072120885,0.0,0.0,0.0,0.06107781734927971,0.0,0.0,0.08846517020217395,0.0,0.05148199664927151,0.009661626650583127,0.045529201364905715,0.024510986947545697,0.0037688675820046575,0.03728527170198885,0.0,0.0,0.0,0.010951162592158073,0.0,0.00524077466260447,0.017572699171603753,0.0,0.0,0.07945138028702585,0.016716712141967842,0.008223940310141264,0.0052873213102642425,0.021818035445465987,0.20282826821946984,0.0,0.0616216817792552,0.0,0.0,0.20728771701025614,0.0,0.023849344638293666,0.0120375870906315,0.265560469437835,0.0,0.0,0.0,0.0038908191635358383,0.020070957860745833,0.07722436064611406,0.08916512902716073,0.16510819489279102,0.0,0.0,0.0,0.0,0.0,0.0,0.04138272169913359,0.12922811664476813,0.0,0.09788666988221272,0.6852906076807396,0.012527979180479805,0.05976515352407839,0.0,0.0,0.022523373534056285,0.0,0.024522059851005862,0.0,0.08548102390209156,0.04174623618664119,0.028866001771969695,0.1494944078781416,0.012425913004212138,0.0,0.028463413358896895,0.23969662188091104,0.0
Warren_G_-_This_Is_The_Shack_preview.wav,0.052801913726322335,0.04329968492045691,0.1290525856125471,0.03770885370508256,0.05007536363909469,0.0,0.004055902491051285,0.05349585248707508,0.22675406503886783,0.0,0.011811060306159736,0.0,0.007416105232404672,0.0,0.02146185189432311,0.0,0.026742856507732313,0.06529600533021611,0.0,0.21777122549612782,0.03663505241415822,0.0060492007082257725,0.06729816212168023,0.0,0.0,0.05114133566055438,0.018155545415087695,0.013962546949321782,0.06341376603252927,0.11175173433403116,0.0,0.06753165056717304,0.0,0.08391313367912312,0.19222436343155588,0.012987650348823283,0.0098790770717074,0.031011153781726315,0.011873251034157116,0.0,0.008867239437138448,0.1016699535272808,0.009954336011536453,0.0,0.0,0.27985014274950837,0.01337396312176877,0.0,0.023211483404039113,0.062085854151231745,0.0,0.010571995352151737,0.0,0.03401751859099477,0.0,0.009363686972794848,0.0,0.0,0.0,0.0,0.020519271784987456,0.04941753610060416,0.22986653129328888,0.0,0.052801913726322335,0.07215908491966788,0.033655902038189286,0.04280870966861577,0.04574342983117903,0.0,0.0,0.09779363360118702,0.03631109083017539,0.0,0.0,0.009508945842917093,0.0,0.25339250863980084,0.001938699484828486,0.1914675297962831,0.13490188399018313,0.01670010529250884,0.28227301332912785,0.0,0.07075031410966638,0.0,0.0,0.014423958016366837,0.0,0.10902245941927673,0.0,0.018821023569752352,0.0,0.0,0.0,0.0,0.005120948529543538,0.21673513378053524,0.018958156670374232,0.0,0.0,0.0,0.0,0.010031640048393143,0.0,0.17574635067678937,0.39971384927387515,0.12211684138052742,0.0,0.061213287269408966,0.03134699275594216,0.023973122137796458,0.0,0.0,0.0,0.07799043026022301,0.013962546949321782,0.26981641513009136,0.02059392949030183,0.03355356505212079,0.1384659500489915,0.15650487859190904,0.019071166745255257,0.0,0.0721197900818342,0.027233318122631543,0.1096205459706335,0.0
Whethan_-_Good_Nights_feat_Mascolo_preview.wav,0.027439395861563715,0.0,0.0,0.052256094083384996,0.006195832999027495,0.3478643388889958,0.003512862387421972,0.011583338634221618,0.05091702128763416,0.025261337254789636,0.004091876429142344,0.0,0.0,0.06728540836422596,0.1301184451924851,0.15358640469679155,0.03474342947057101,0.19322479499239312,0.0,0.02619640103377423,0.01586501376338212,0.015717840620264538,0.06857375160434524,0.0,0.07006041516020801,0.0,0.007862360196344592,0.0443414313920795,0.0,0.06832194606789632,0.005239280206754846,0.019496638603562374,0.008172729793698083,0.029731950431414602,0.0,0.0,0.02566913653191539,0.0358121415889524,0.04113422062422277,0.11835981277378275,0.16128031463330506,0.020320957104534736,0.21553903628007792,0.013173627915480405,0.07336275158600618,0.0,0.011583338634221618,0.013011511372877243,0.01340248311955573,0.1254709185144538,0.010767849044686853,0.08240870785986984,0.03548248512788003,0.06734389094011649,0.01584755792134187,0.0729899435753407,0.0,0.06748534252747722,0.11811652304364824,0.0,0.07108788066755317,0.03057219944616774,0.18486925479869581,0.26688010974531573,0.05945202436672138,0.04374845182275831,0.008328500616117337,0.09475259128193818,0.01584755792134187,0.0,0.010846638889475945,0.16335030251858002,0.007862360196344592,0.017371714735285506,0.00485405206912645,0.13177286493180085,0.0671884118384026,0.19203281833495595,0.005037387744745632,0.027260081622511784,0.023368005286470504,0.01928552995787463,0.03565330494606081,0.0,0.1565984036378626,0.043494059441419104,0.015087783130666855,0.03331400246446935,0.0,0.010979717226735516,0.09310294740216832,0.2648928497353275,0.0,0.050548285963663404,0.04565417511411348,0.0,0.026611863845910022,0.034130312154842565,0.04104967738323798,0.0,0.17112757687943594,0.0,0.0,0.0,0.0,0.0,0.09144816464592373,0.11105509634367486,0.0,0.010603502176573602,0.09954992693529593,0.020763388482031762,0.0,0.27560837110425657,0.01038166719913606,0.04977249167657196,0.03627935295715595,0.04402874039315859,0.005945544012733408,0.07991807161607573,0.027675439338419663,0.12757705507648512,0.2015165529240323,0.2265365074102529,0.012492750924176005,0.015724720392689184,0.004997030399114204,0.18040133831524058
WILD_-_This_Is_Our_Time_preview.wav,0.0,0.006357833788359058,0.0,0.0033221482971095857,0.0021007796476636303,0.08947781914857698,0.001191082750244799,0.0,0.0008220997045803055,0.0,0.0,0.0,0.0,0.06463970436459231,0.0015756568134981878,0.04532498511854714,0.0,0.08309275146069933,0.004655164735815759,0.010658686147756159,0.0008965406811655479,0.021317372295512317,0.015113048098944053,0.0,0.0,0.0,0.0,0.0,0.0,0.001608712861830969,0.0,0.0,0.0,0.0005600563077498442,0.0,0.009535095044090062,0.008703462408978905,0.0015178229101948074,0.0,0.0,0.0,0.0,0.08623602742408408,0.0,0.055967889187542516,0.0,0.0,0.10808728994204371,0.0,0.0,0.0,0.0,0.0,0.0,0.0,0.001374900661023665,0.0,0.1441553629598134,0.0,0.9331398005767573,0.00903873455708319,0.0,0.0,0.0036195701401712833,0.014730846296278551,0.006710390551001562,0.004941805732517196,0.0,0.002686662725702188,0.030656377401271265,0.0,0.08410480991676969,0.0,0.0,0.0,0.0,0.09397214203575875,0.009301611871464574,0.0,0.008857772954889263,0.0009904041538889674,0.0,0.0,0.003160851174337483,0.0023085553543084505,0.0,0.0,0.0,0.0,0.0,0.19166160375169158,0.0,0.0,0.0,0.0,0.0007288158285587731,0.0,0.0019287227710020063,0.0009278959671056351,0.0,0.0,0.0,0.0,0.0,0.0,0.0,0.0044295310628127815,0.0035861627246621917,0.05320810064421555,0.0,0.0,0.0,0.0,0.004833552760093592,0.0,0.000602715207048153,0.0,0.002870871244764618,0.0010079579177004272,0.009853558518966984,0.0,0.0009011812215013749,0.0,0.0791378005088679,0.0007059722475024566,0.01199627044265597,0.0,0.021588520580929575
Will_To_Power_-_Say_Its_Gonna_Rain_preview.wav,0.0,0.0,0.09737993116182278,0.11467034782036734,0.005263000853389091,0.0,0.005967945793807614,0.022958540462383038,0.008238296580203438,0.0,0.009268831333110112,0.0,0.10184741830150053,0.0,0.0368426913269612,0.0,0.04262920806372319,0.0,0.0,0.03857069427652472,0.014973788026173872,0.0,0.0,0.0,0.1911605929461885,0.1912617054489183,0.0,0.0,0.0,0.008597856501224748,0.0,0.002208168524982804,0.0,0.3778981258633344,0.0,0.05096085252984045,0.0,0.0,0.0,0.006702653172792823,0.0,0.04794854084441211,0.0,0.014920310682418602,0.0,0.010359189177526124,0.12955176403773283,0.0,0.09107705789594561,0.21569816459616342,0.0,0.010370580544154708,0.0,0.0,0.0,0.0,0.08948543542998297,0.0,0.012541642134230523,0.0,0.0,0.001731287375460438,0.0,0.0,0.0,0.0011797388244840744,0.0,0.0,0.0,0.0,0.28869251079037006,0.0,0.0,0.10821260508483578,0.030237062237194145,0.0,0.0,0.0,0.009508819522055954,0.0,0.03308294240768998,0.02457290907670201,0.0,0.0,0.0,0.01539403391450582,0.6151774497853353,0.0,0.0,0.008704857560523895,0.0,0.0,0.0,0.09303198183565083,0.06463429066601926,0.00243449827904557,0.005023385597430561,0.0032213023391970247,0.020146718556969253,0.0,0.03391802244655783,0.33463972857245794,0.0,0.0,0.0,0.0,0.0,0.0,0.0,0.00240188272829946,0.1913319538226638,0.0,0.018697626037834092,0.0,0.14109798850222274,0.0,0.0022827560442506218,0.0,0.0,0.008228577892009058,0.01044830262022757,0.0015051293117437825,0.0,0.0,0.0,0.004452412713459621,0.014148958533408536,0.0
Wisin_Yandel_-_Pegao_preview.wav,0.040873740592245876,0.008379526253242888,0.009605679501041884,0.0,0.06229788681286543,0.013401179187992829,0.00784914289025243,0.05823410018177502,0.029796652898192017,0.06349944911715338,0.018285784775739406,0.0,0.16504731130675124,0.0,0.0,0.0,0.019407687544803987,0.08950741656979953,0.0,0.06438658833512856,0.005908133512928742,0.0760932407596974,0.18003497168825186,0.08227674588748678,0.007115593404190106,0.0,0.008783832360855984,0.10808349200592166,0.006817823761467966,0.031803878746383504,0.3921728562230558,0.01742532275979989,0.018261154830274264,0.014762910419825089,0.2423637598735455,0.0,0.0,0.0,0.30445300026698713,0.0,0.09438127826238124,0.07189151109539917,0.05779207407317361,0.0883054983268291,0.0,0.07663826361046101,0.012940911151505563,0.08721879827932191,0.009982173461188163,0.025031458358712348,0.02405969162784136,0.0,0.004955131050450473,0.028213734510381425,0.017704898864178333,0.027181465971342297,0.09415420227377971,0.0,0.14845481197720695,0.0,0.0,0.06831055004644611,0.2184515542435822,0.09541074530936262,0.0459829581662766,0.01396451146480905,0.041870720917203286,0.17029272160858522,0.05311469659253499,0.0,0.06058934932044552,0.10138612873279251,0.13175748541283977,0.1293845836320266,0.010845898326025803,0.06440730808369062,0.0,0.1409828708792174,0.005627771862582413,0.07106160948918108,0.039160119083462515,0.005386450693870379,0.176398362832768,0.0,0.015213200629679322,0.07896132212077342,0.2528411718754841,0.08839374415854027,0.0,0.08341250628936953,0.0,0.14113985770237975,0.0,0.042354425924151166,0.06375608131035186,0.014408519251562826,0.02477565525225237,0.01906520007384072,0.015286906034875015,0.0,0.057355141843818645,0.04460714300180605,0.0,0.06309428619048824,0.04156670595026801,0.0,0.07297566487652409,0.005908133512928742,0.0,0.13504710657283098,0.01685109444157566,0.0,0.0,0.11679337113262761,0.02319680656345542,0.04369031084871644,0.16212523800888246,0.10216162103030407,0.0,0.016233546488885878,0.0,0.10392750048823031,0.007381455209912544,0.015338587172710022,0.2977473487445567,0.0,0.027913423089117328,0.02371111254221491
Wu-Tang_Clan_-_Keep_Watch_preview.wav,0.10298097783668822,0.016085433916876328,0.004609792909858915,0.12607642478731362,0.01993128869907927,0.16721286409194647,0.007533651989956685,0.0,0.06499772028938913,0.12189426486213732,0.0021938500290704746,0.0,0.0,0.0,0.009966100244554578,0.10369369565649841,0.04346442074661037,0.1364448613532344,0.022083094815419008,0.03370833474452695,0.1474371638907089,0.09550694844282635,0.029412525926585047,0.0,0.01365917404198905,0.0,0.126461583901705,0.17289858396366725,0.0,0.008140144990135016,0.07865278107056288,0.06271846460842463,0.2015623431144024,0.0850171523313604,0.0,0.08443386728084172,0.018349930454297707,0.0,0.038594529229106035,0.02538333531728519,0.09882293202818877,0.02179006776305196,0.04622430116815451,0.21895330884499256,0.0,0.0,0.07452456076660148,0.13952183111072408,0.043114260888298735,0.02883040332617511,0.24247260313183322,0.0,0.30438162980638467,0.0,0.0849663131535941,0.0608741598276811,0.0,0.028945687530797425,0.007915987383791932,0.0,0.02858520139287752,0.1114602525944103,0.0,0.12019320602564772,0.313846789597526,0.07595156600587848,0.09377143086768525,0.11043778566272107,0.1104562070996723,0.0,0.0,0.025949595470875428,0.10960003938147768,0.0,0.005204977450990473,0.0,0.018011455357630848,0.07648304771613894,0.052215151949152445,0.06089762229263481,0.0250574033526167,0.06548598282770607,0.027307766444371637,0.0,0.06570772421900527,0.0,0.0,0.017861224927178142,0.11589785568635903,0.02825639928186172,0.014261979621734524,0.026219388036718014,0.0,0.0,0.0,0.00921958581971783,0.18072659269754088,0.03659777493758768,0.10270721552165457,0.0,0.0,0.0,0.0,0.013974981865290835,0.1675630353252573,0.01209039808786262,0.03502122910758712,0.0,0.0,0.022740172105539993,0.02587804206349807,0.0667934546123934,0.02360299715750663,0.0,0.011132213438516978,0.03812200804706685,0.0475471105900085,0.05810684736813858,0.20401213389187567,0.35836415580156106,0.12859706100299312,0.01995004121626331,0.0035423813471400166,0.05888825284111736,0.026791837390767213,0.0,0.026791462245257792,0.022758060680686556
Xzibit_-_Los_Angeles_Times_preview.wav,0.0,0.0,0.0054924961645412655,0.0,0.284973825613545,0.0,0.0,0.17943959017130434,0.0,0.0,0.0026139380023943665,0.0,0.0,0.0,0.0,0.0,0.0,0.0,0.0,0.0,0.006756502890990498,0.0,0.04380570586363477,0.0,0.0,0.028295571547164985,0.0,0.0,0.0,0.2279231033297385,0.0033469128099989083,0.0,0.0,0.010551729949135905,0.019337135760705896,0.0,0.0,0.12010535440267042,0.0,0.0,0.0,0.0,0.0,0.012623198879772283,0.0,0.05550724450013244,0.00739957072871358,0.0,0.005707774181245039,0.03435097471570387,0.0,0.0,0.0028333277501551616,0.01344376770090786,0.0,0.0,0.0,0.0,0.0,0.0,0.0,0.009764937350010317,0.013626532931792867,0.0,0.0,0.017300534429897787,0.0,0.0,0.005061801671320747,0.0,0.0,0.0,0.0652933665033948,0.0,0.009302473856780229,0.0,0.0,0.0,0.007508530328942755,0.01741405551594115,0.0,0.00513325818913778,0.0,0.0,0.0,0.0,0.0,0.06650428183872668,0.0076716934805184205,0.004208382234141457,0.0,0.0,0.0,0.0,0.0,0.0027462480822706328,0.7168319207892558,0.0,0.010489203528618247,0.01109885175560511,0.0,0.0,0.0,0.036077106764611226,0.3232408110768113,0.03961518069590157,0.0,0.0,0.0,0.02573983148210097,0.10598940838750842,0.0,0.0,0.0,0.0,0.0,0.0,0.0,0.0075961646002343204,0.0,0.0,0.04074884936931985,0.0,0.0,0.32454089537298614,0.0,0.24898854476013044,0.0
Yellow_Claw_-_Shotgun_-_Quintino_Remix_preview.wav,0.043504506667725956,0.0,0.005452763779007041,0.008285078887849764,0.1709262067277629,0.011410977921605286,0.0,0.018365106702400415,0.001537670875210137,0.0,0.0012975144663770967,0.6174144699933121,0.0,0.0,0.0,0.01082255892369563,0.0,0.10759725543235948,0.0,0.0,0.020122880271411,0.023258910114080475,0.1630830676240084,0.0,0.0,0.0035113603864384696,0.0,0.0,0.15867854852124766,0.13359813655102418,0.03322701444868639,0.0024729163817051644,0.010366134286549812,0.0020950798743914097,0.21756885700279535,0.0,0.0,0.08516894251621503,0.0,0.0,0.0,0.0,0.0,0.07101400605491652,0.0,0.22622343467217496,0.0018365106702400414,0.0,0.001416621121884931,0.028418734866035286,0.15023507345935994,0.0,0.03937964279661666,0.018685122816216787,0.0,0.0,0.0,0.0,0.0,0.0,0.0,0.0,0.10145969561655467,0.047390788343782755,0.0,0.03302958347826939,0.0,0.005225320696793375,0.0,0.0,0.0,0.007673718593781976,0.014958701130810267,0.0,0.00615678688181632,0.0,0.0,0.0034795822422930413,0.005324438624301367,0.09508445809534721,0.0,0.002038449803768559,0.012920563041779751,0.0,0.0,0.0,0.0,0.05545948285957014,0.015232393826426683,0.004177939051225506,0.0,0.015507001311119869,0.0,0.0,0.0,0.0,0.12376459164650949,0.0,0.0017355542106315207,0.2919919283065264,0.0,0.0,0.0,0.0,0.028314927050440166,0.4719432824557411,0.0,0.0,0.0,0.0,0.00765255908425296,0.0,0.0,0.0,0.0,0.0,0.0,0.008591571216888293,0.026394250415006735,0.013822712014775643,0.01170099945644998,0.0016855864439172749,0.0,0.004353554194027785,0.1241236044952284,0.004986233710270089,0.0031690689316029915,0.0
YG_-_My_Nigga_preview.wav,0.0,0.01791641088536976,0.0034230117465816824,0.013002544903765316,0.0,0.011938872667355249,0.07691928286312212,0.0,0.0028958519100818203,0.0,0.03258096216724249,0.0,0.005114355479991356,0.4375292759199477,0.08140384342415388,0.0067939393352243575,0.02766394295485099,0.0018762486744331008,0.2131720508097201,0.012515098622050093,0.0,0.006257549311025046,0.0,0.09773185666279892,0.0,0.0,0.09390432404481046,0.011233794196764688,0.0,0.0022666808844480422,0.0,0.0,0.0,0.0065760074255175344,0.004017071101567126,0.0,0.18394804012902943,0.0,0.0,0.03298478893751633,0.00611509858430362,0.0013483551822942323,0.07208030617367284,0.005244653402321325,0.021905253084672213,0.0,0.0034586484130249774,0.041440895600771,0.005335764691663432,0.0,0.0,0.0,0.0017657753196641496,0.0016756743520590688,0.0,0.006457462816598803,0.020970076891633375,0.3815128768334564,0.0,0.0,0.09905468270367088,0.002434266260904069,0.0014153789974958443,0.0,0.0,0.0024881470787220844,0.00331572284968109,0.0065604654262273,0.0,0.359957673256442,0.0604553329489668,0.016860312463309112,0.0,0.0,0.013527385625209052,0.0,0.10030833998585563,0.0021843328211689126,0.02139171011967743,0.013565898546164622,0.002325803666565015,0.009597386627099878,0.0040554882676868045,0.059381974293008614,0.0054212681625332,0.006493406798047345,0.13815438341364517,0.004973584274521634,0.0,0.00699395023805781,0.21710041143954545,0.0,0.1625438642028336,0.0,0.09087865786805817,0.25159136337375365,0.0,0.0,0.002179013318967883,0.08992077269303199,0.0034064451875746196,0.0,0.16542788088563695,0.0,0.0,0.0,0.0,0.0,0.0,0.0016885764232505366,0.007205923646735996,0.2039013469209221,0.37243720807449016,0.003783605136622988,0.004133124644710376,0.009907652982470911,0.0,0.005393420729176929,0.009468103345591212,0.0,0.0,0.0010581390339374588,0.03551044009779468,0.010931900041524108,0.0,0.02504115307861612,0.013925840973081085,0.016899047432868953
Young_Franco_-_Drop_Your_Love_feat_Dirty_Radio_preview.wav,0.04330621420335188,0.06392309550899306,0.13434077786316254,0.06185486777541104,0.03226928314481507,0.022717933933467976,0.006653008183595971,0.03564872805137638,0.04362387296870402,0.5083258508555878,0.005812201924025445,0.20639562653420496,0.024329681944009685,0.0,0.0,0.0323196899041489,0.0,0.02677670745145639,0.013001132405369943,0.0049613349809118626,0.015023370510978839,0.0,0.029221153027044665,0.1859694733935437,0.042218712626070014,0.14156190555539988,0.0,0.11451574504396313,0.1618078638113919,0.012580059417084965,0.13891737946553215,0.05907947736139197,0.0,0.015641479141430152,0.15287801190974862,0.0,0.0,0.0,0.14120114189395805,0.0112080792833271,0.15272435051117483,0.09942177843275092,0.008164185294534821,0.17464668769892241,0.0,0.05629807846435744,0.05758640685222338,0.0,0.004230492593645696,0.06365070669614191,0.09176950577893513,0.017341534159163965,0.03360012973684293,0.047828459543137455,0.0,0.030719025517049782,0.029927249080214283,0.0,0.013981301211104386,0.0,0.016829162363758768,0.01737020161969553,0.08753094552428801,0.06065329153337971,0.008661242840670377,0.025645647654487284,0.1459034211898593,0.019505639304066805,0.0,0.0,0.4108488710208359,0.022916225923216793,0.029781039482760934,0.1590180257090023,0.0,0.0701900319163128,0.0,0.09352050459951947,0.0015900509894598103,0.0516278539032561,0.03872457104827978,0.007609344750104158,0.09646253576477005,0.0,0.012894853578680214,0.04118668787562894,0.02857474434525581,0.02366001424700421,0.011372223714349443,0.06446288968114529,0.0,0.06946344352368983,0.0,0.03590001433593787,0.03242415662264543,0.004070932662520077,0.05880022703947514,0.026933074920124082,0.020731723170067613,0.01645251149015042,0.04051230321085004,0.17392341830207309,0.0,0.10284484076617555,0.0,0.005338547462022171,0.006185486777541105,0.010015580340652561,0.0,0.03815573741670481,0.05427596222945491,0.052431693684616525,0.01042196622936832,0.035998244524025225,0.0,0.1279298434585748,0.11069855354249768,0.03527869557291162,0.0,0.0,0.19218649874494562,0.03523597523533599,0.015641479141430152,0.0,0.11830007123502106,0.0,0.04258742931721343,0.0
Yung_Joc_-_Its_Goin_Down_feat_Nitti_preview.wav,0.08177921744424475,0.024386267283835535,0.02446031292121519,0.13804391916950914,0.0025180635269087025,0.019500191760273636,0.008566025573192608,0.025891870224042917,0.029561871715888935,0.15399782077456742,0.021618862601357123,0.0,0.09397644131893307,0.0,0.030218144639072613,0.01849464399973497,0.02824032299234073,0.0,0.0,0.017034468679778588,0.12465628248476882,0.0,0.002786922482340984,0.0,0.020707944267198106,0.2295212295967257,0.038344330679554915,0.05570099068860611,0.004960342253146454,0.0015426048846772108,0.05110340603933576,0.12043987846418358,0.04650098531840668,0.04564852896053826,0.0,0.009143262629313326,0.034774186929829184,0.014554499382050102,0.07522856297945409,0.05772347853355997,0.06242507058107471,0.02202317199310647,0.0,0.17132563502596274,0.0,0.0,0.2848105724644721,0.0,0.043575485547993335,0.11291293972561531,0.32383788718540346,0.05209854684804687,0.1838616669699449,0.010263522812209526,0.006440644478081899,0.046144031299002485,0.06850236735209599,0.0,0.12001005702064839,0.0,0.00722274952949428,0.022364859200488793,0.0,0.013015607176872956,0.00743447431311316,0.010159951134982982,0.016924030746611037,0.12389733321831928,0.006440644478081899,0.0,0.10579701208121998,0.02458799737429868,0.05751649601933237,0.05177392548595801,0.02761845915611695,0.020082798697514694,0.0,0.022298435365217514,0.017742893822145063,0.024004144524894917,0.05698228646676601,0.016982071248301638,0.004139984627572431,0.0,0.011068441269409476,0.017676526261089842,0.12263725122741,0.013539224597288832,0.0,0.028558678571230414,0.01081091280625438,0.006624968983182297,0.06637219044302958,0.16434761266526138,0.08349490851480076,0.010482991251949365,0.0757077452229185,0.027741965999602453,0.028917371627936072,0.014122196584232388,0.18082577203511177,0.05841747559597428,0.0,0.0,0.012096827085177352,0.009164803413517351,0.021237526026078334,0.01719396999789915,0.0,0.006895032088183896,0.024520198437136393,0.039379662501009785,0.017891621710579942,0.05407411511487606,0.5991318760203524,0.05201526637035537,0.10812545251317657,0.04404634398621294,0.05799223134042887,0.0,0.11247642471994848,0.00648111257414748,0.010740830343656063,0.005579833442334517,0.0,0.019172165339777458,0.028431973537656585,0.0
Zara_Larsson_-_Aint_My_Fault_preview.wav,0.0,0.0,0.0034342976262885863,0.026090830183860953,0.04949606110773958,0.009582588690326344,0.00280628692571619,0.08096787507683492,0.04261252910156182,0.0,0.006537676719625541,0.017411833332658812,0.0,0.0,0.0,0.0,0.004625858778627894,0.026354086939708723,0.0,0.016741815559897247,0.0,0.033483631119794494,0.013695214995015095,0.0,0.010176090316148577,0.026538593188173035,0.0,0.0,0.521638192799965,0.11825602205921297,0.033483631119794494,0.01246007522628717,0.01958661248694491,0.02639075570157068,0.056424418839724697,0.0,0.0,0.007152226136356618,0.012322688680170259,0.0,0.018405781318366978,0.002705601584085301,0.027549698805623846,0.005261945346312494,0.0,0.20824236447460098,0.09484808223286376,0.0,0.02855123752087797,0.010739331206860664,0.02580602710233107,0.0,0.0389751381626498,0.094147152578584,0.006329993847528643,0.0,0.0,0.0,0.02948706939062807,0.0,0.014197324581267724,0.01953833748873522,0.20448656479791877,0.0042639994404199645,0.04018712296878264,0.03494890913180078,0.0,0.08885829172289461,0.0,0.0,0.04332475563587278,0.004833114842218805,0.0,0.009251717557255788,0.0,0.0,0.0,0.0,0.00536555997504438,0.01633275137501601,0.014000831903555229,0.01669031831920897,0.02848201622897339,0.0,0.005439142416222899,0.0,0.14463640371191905,0.49567159370570707,0.0,0.0,0.0,0.38415794719505514,0.0,0.0,0.018235658075567,0.0034342976262885863,0.08503666508214502,0.0,0.061213534467347515,0.24983237629835175,0.06151817603376417,0.0,0.0,0.04511592485942586,0.0,0.009007351580854738,0.0,0.0168985766364963,0.0,0.044047737845816656,0.15423321640604912,0.0,0.0,0.007592159829713606,0.0,0.0028400911777488724,0.0,0.013528007920426504,0.0,0.01160788888843921,0.0,0.02547906679780712,0.029029831271727743,0.0,0.006653309982626941,0.0,0.21955615510753096,0.0
Zedd_-_The_Middle_preview.wav,0.03668290345747487,0.00859470018404919,0.0344831873642621,0.0,0.20944214997239805,0.0,0.0,0.06304777005856221,0.06668026297132983,0.0361833454090963,0.014066502660282539,0.24143080184946555,0.022080715294915353,0.0,0.0,0.013036510945962646,0.026541397953731637,0.05940377598072712,0.07079606806577762,0.0,0.05453861136144061,0.01801089310552074,0.1453690680980943,0.3375579676707786,0.029193245580891536,0.012689019787954205,0.02702816483663012,0.01847648623087872,0.006992895465280806,0.28053677864180276,0.23414161037176967,0.00893638973162768,0.04682518618518838,0.01135650021264047,0.1560897033734485,0.0,0.009804656278956561,0.051295902346058055,0.1237299817398167,0.0,0.0,0.01940462619590466,0.04939674140100937,0.06792979040089842,0.0,0.010480829559278537,0.07300268112044045,0.029819482986234182,0.015357751528772135,0.005134845891302886,0.024677509182807134,0.0,0.08131794464597655,0.1302219980429813,0.02723930200725305,0.0,0.0,0.0,0.008459272976531498,0.02034588499777384,0.010182348284459875,0.06305819820619714,0.3177593348017308,0.018348891217596378,0.010480829559278537,0.031033382500471326,0.03817413293598555,0.08969314012496714,0.0,0.0,0.31072597424843895,0.020797915131360558,0.07207510623101367,0.1791544361876885,0.016686607605554828,0.01887462662519783,0.0,0.02514836591356195,0.009620474634908513,0.07288636728348859,0.0,0.0073663557852590884,0.07587303804118645,0.0,0.015603853284817927,0.018689753754594796,0.1556002571586272,0.16224006497793858,0.0,0.04780982125302585,0.0,0.1914622258938006,0.066834931641404,0.043442025394302225,0.052314595093990966,0.039409356987728114,0.20329486161494137,0.07821906567577587,0.0250871221385598,0.009954458726213927,0.09804656278956561,0.05490310672670695,0.026452527190321574,0.07964855977924742,0.08526815585614507,0.012920179487599425,0.014969914560567062,0.09089768560240102,0.0,0.09720345121718607,0.055308178575805715,0.00793084282362405,0.012611452389910332,0.021780446076278017,0.0,0.020369188128316076,0.013857364673159038,0.02716647667426652,0.027251722486471678,0.0,0.0,0.0913681766635795,0.030284000567041256,0.0,0.20518596453092233,0.0,0.057260397619408376,0.0
Zion_-_More_preview.wav,0.15265092561839969,0.0,0.017937138194123407,0.0,0.1938863018215805,0.0,0.003664268642124903,0.12384651416314786,0.06069893970153728,0.42160183122367545,0.012804715499624185,0.0,0.08710017679833768,0.0,0.0,0.0,0.0,0.0,0.014321233484297813,0.0,0.05516268124459076,0.005465095996261507,0.035764658555422255,0.02560654109176678,0.172734679387751,0.06352937240536902,0.0,0.02522867503026941,0.03182810934389511,0.06532777040221503,0.13116230391027617,0.12202172516237626,0.0,0.048243087598176006,0.03683768518284338,0.0,0.0,0.06537241220373247,0.13944816474924848,0.0,0.0,0.20136961201380837,0.0,0.15115560185679813,0.0,0.08109580423477482,0.06343358042502696,0.0,0.0512605035684317,0.1028333290747761,0.06739169471401395,0.0,0.023132374553065587,0.07024644879176309,0.0,0.0,0.0,0.0,0.2002120389671329,0.0,0.0,0.08291368190125539,0.12979428196782472,0.016702967144653084,0.00477034142557499,0.04563403358173991,0.00868746346364943,0.01718895284036381,0.0,0.0,0.192340292422774,0.0,0.024603696424640893,0.17516430133809516,0.005063264319099841,0.04295385817181431,0.0,0.011446259193937379,0.0017515006202526824,0.08056584969422925,0.012187589429465627,0.00670558221736111,0.02656427252067877,0.0,0.0,0.01134216918804997,0.0,0.030406122122773004,0.025053859305609102,0.10994830976096821,0.0,0.02125460567392164,0.0,0.0,0.0,0.008968569097061703,0.03238532437429183,0.04153490475265183,0.05994651672113569,0.009061528300266249,0.2766800643291351,0.08329702114063185,0.0,0.11328743768961871,0.015523893938447116,0.2822692631508184,0.006813544973868176,0.005516268124459076,0.0,0.08184783921358997,0.031466843099229216,0.0,0.0,0.019826706196779977,0.379019292000819,0.025958856393564947,0.1471672710099049,0.03886080231845424,0.0062018001514203645,0.0,0.0,0.10257918128291504,0.05858089208349943,0.0,0.02606239039094829,0.0,0.03127443055118955,0.0
Zotiyac_-_Fuoh_preview.wav,0.031067350951976578,0.025476472585940435,0.02920437541238289,0.12868439483316435,0.006313524804721765,0.0040743923210461545,0.0,0.03541010343571023,0.01647117657038934,0.0,0.001389867638314411,0.0,0.0,0.0,0.012627627254879037,0.0,0.01966855105125415,0.006403094667711798,0.0,0.021355207959560245,0.2155516628419716,0.010677603979780122,0.027950532674125835,0.0,0.0,0.003761288443432001,0.03738797165960742,0.0,0.0,0.01031403600342674,0.0,0.07681900253706264,0.03886387576728887,0.2827693701012072,0.0,0.0,0.0,0.05473860680255938,0.0,0.0,0.0,0.002300773345126648,0.011713774313832675,0.031322351994709334,0.0,0.024853880761581265,0.20655893670830966,0.0,0.010622163627899051,0.605785746995397,0.0,0.21149029395773267,0.036156486145317995,0.011437184904855653,0.0,0.0,0.0,0.0,0.0,0.0,0.018109554356135173,0.0041537237380580875,0.002415139804001512,0.0,0.040387556237569545,0.0594392899861382,0.0,0.02518759479001919,0.0,0.0,0.0,0.020549776930058206,0.0,0.0,0.02638003371763021,0.0,0.0,0.04472698112032663,0.01368819871137905,0.06635830588583341,0.023811887931155993,0.028386026779694786,0.05882089167416271,0.0,0.009250611002893953,0.0,0.0,0.0,0.0,0.011934165786707501,0.0,0.0,0.0,0.0,0.0,0.005840875082476579,0.009039121536329499,0.08501442453624322,0.08923611515049451,0.011802831485241406,0.0,0.0,0.0,0.0,0.0,0.026808662784130577,0.01774957170112612,0.032332749426295736,0.0,0.002881311746963978,0.16599421514474294,0.0,0.007476591718155151,0.0,0.0,0.002415139804001512,0.0,0.03451160017689972,0.00807797533338923,0.06416180777733446,0.5514890197239822,0.01986117551487352,0.0022442013500095807,0.0,0.0,0.016023416425546038,0.08486584284337602,0.0
Zotiyac_-_Laps_preview.wav,0.015515487692079534,0.030073305556078136,0.013259173241391316,0.0,0.0009554746274323966,0.012948796545968056,0.0032503628306671146,0.0071451804254203536,0.01495626463860186,0.0,0.0,0.0,0.0,0.0,0.04299832517454645,0.03157991569051478,0.0035719130727945862,0.00581417957284726,0.0,0.07271660443259022,0.0815527582121548,0.02100701905830384,0.0,0.0,0.0,0.0,0.021824529849234834,0.0,0.0018821928500273783,0.018145497189829073,0.0,0.09981993454208882,0.0,0.0,0.0,0.010408183146576093,0.0,0.0027613391651801593,0.0,0.0,0.0,0.0,0.03190925210579487,0.0,0.0,0.009873492167686976,0.0,0.0,0.0006889432821132364,0.044226693886502855,0.0,0.1976869888605145,0.0,0.0012981583573176414,0.0,0.0,0.0,0.024976993092761496,0.0,0.0,0.052072524381409024,0.0,0.001096505458899765,0.001646249493606734,0.031030975384159068,0.021845991594831356,0.0,0.002541222586144291,0.0,0.0,0.0,0.042917406151800966,0.0,0.0,0.001497110588040066,0.0,0.0,0.059227705324589854,0.0015536558778775423,0.023121142846932664,0.2414437125637548,0.000991356317180105,0.0314181928083583,0.0,0.03569914929612635,0.0,0.0,0.005137434159057704,0.0,0.0,0.0,0.0,0.0,0.0,0.0,0.009281421268973923,0.01231164269474835,0.06315983138102955,0.0033761981822407164,0.04018981364742908,0.0,0.0,0.9042280467836085,0.0,0.0,0.008693919983992465,0.14505373153184845,0.030990048120618823,0.0,0.0,0.0046520723595590155,0.0,0.010183414996521787,0.0,0.0,0.0,0.0,0.04596158915996151,0.00916876947997313,0.004481586236454613,0.08251268476265625,0.06230090838358458,0.0010188971367531595,0.0,0.0,0.0,0.007706043335272949,0.0
