filename,0,1,2,3,4,5,6,7,8,9,10,11,12,13,14,15,16,17,18,19,20,21,22,23,24,25,26,27,28,29,30,31,32,33,34,35,36,37,38,39,40,41,42,43,44,45,46,47,48,49,50,51,52,53,54,55,56,57,58,59,60,61,62,63,64,65,66,67,68,69,70,71,72,73,74,75,76,77,78,79,80,81,82,83,84,85,86,87,88,89,90,91,92,93,94,95,96,97,98,99,100,101,102,103,104,105,106,107,108,109,110,111,112,113,114,115,116,117,118,119,120,121,122,123,124,125,126,127
2_Chainz_-_We_Own_It_Fast_Furious_preview.wav,2.0,0.0,3.0,4.0,90.0,2.0,1.0,14.0,4.0,0.0,3.0,83.0,2.0,0.0,0.0,0.0,1.0,26.0,0.0,3.0,0.0,0.0,78.0,0.0,0.0,8.0,0.0,8.0,23.0,57.0,14.0,0.0,0.0,3.0,41.0,0.0,0.0,0.0,3.0,0.0,0.0,1.0,0.0,0.0,0.0,27.0,0.0,0.0,0.0,0.0,0.0,0.0,0.0,58.0,0.0,0.0,1.0,0.0,0.0,0.0,0.0,10.0,148.0,19.0,0.0,14.0,1.0,16.0,5.0,0.0,0.0,0.0,2.0,0.0,1.0,0.0,0.0,1.0,3.0,77.0,1.0,4.0,71.0,0.0,0.0,1.0,0.0,23.0,0.0,6.0,0.0,119.0,0.0,0.0,0.0,0.0,1.0,0.0,2.0,0.0,0.0,0.0,0.0,44.0,17.0,16.0,0.0,4.0,0.0,27.0,0.0,0.0,0.0,0.0,0.0,4.0,0.0,1.0,6.0,0.0,0.0,3.0,4.0,0.0,81.0,0.0,0.0,0.0
2Pac_-_Cant_C_Me_preview.wav,49.0,0.0,6.0,7.0,52.0,3.0,1.0,16.0,5.0,14.0,1.0,80.0,2.0,0.0,0.0,6.0,1.0,17.0,0.0,0.0,2.0,0.0,19.0,16.0,2.0,11.0,0.0,1.0,172.0,40.0,13.0,1.0,1.0,2.0,6.0,1.0,0.0,4.0,17.0,0.0,0.0,8.0,0.0,18.0,0.0,76.0,6.0,0.0,5.0,2.0,8.0,0.0,12.0,86.0,1.0,0.0,0.0,0.0,1.0,0.0,0.0,7.0,23.0,26.0,2.0,7.0,2.0,10.0,1.0,0.0,10.0,1.0,14.0,14.0,1.0,0.0,0.0,6.0,0.0,18.0,1.0,9.0,1.0,0.0,0.0,1.0,0.0,57.0,3.0,4.0,0.0,35.0,7.0,1.0,2.0,1.0,13.0,3.0,6.0,33.0,4.0,7.0,0.0,5.0,12.0,25.0,0.0,5.0,0.0,13.0,11.0,0.0,3.0,0.0,0.0,2.0,7.0,4.0,6.0,0.0,1.0,15.0,17.0,0.0,18.0,0.0,27.0,0.0
2Pac_-_Changes_preview.wav,63.0,2.0,33.0,4.0,16.0,0.0,0.0,60.0,87.0,0.0,7.0,3.0,12.0,0.0,10.0,2.0,11.0,2.0,1.0,40.0,7.0,0.0,11.0,0.0,4.0,2.0,0.0,0.0,35.0,5.0,0.0,69.0,0.0,29.0,3.0,6.0,1.0,0.0,0.0,4.0,0.0,6.0,1.0,0.0,0.0,20.0,0.0,0.0,6.0,26.0,0.0,54.0,2.0,13.0,0.0,0.0,1.0,0.0,0.0,0.0,0.0,6.0,29.0,0.0,4.0,12.0,3.0,19.0,0.0,0.0,0.0,2.0,0.0,0.0,0.0,0.0,0.0,16.0,5.0,21.0,35.0,3.0,45.0,0.0,13.0,3.0,0.0,1.0,0.0,8.0,0.0,21.0,0.0,6.0,1.0,2.0,0.0,46.0,3.0,0.0,0.0,1.0,0.0,2.0,0.0,4.0,28.0,33.0,0.0,28.0,14.0,1.0,4.0,0.0,0.0,13.0,4.0,46.0,1.0,0.0,28.0,83.0,35.0,0.0,4.0,0.0,1.0,0.0
50_Cent_-_In_Da_Club_preview.wav,4.0,2.0,5.0,0.0,2.0,43.0,1.0,1.0,4.0,13.0,1.0,73.0,10.0,1.0,0.0,1.0,3.0,73.0,4.0,1.0,0.0,20.0,22.0,19.0,13.0,21.0,6.0,11.0,10.0,5.0,16.0,2.0,31.0,2.0,51.0,0.0,1.0,2.0,9.0,1.0,20.0,5.0,2.0,7.0,4.0,16.0,3.0,7.0,3.0,0.0,63.0,0.0,46.0,2.0,24.0,3.0,2.0,1.0,9.0,4.0,2.0,5.0,19.0,60.0,5.0,9.0,2.0,5.0,26.0,0.0,1.0,4.0,86.0,14.0,0.0,0.0,3.0,3.0,1.0,4.0,0.0,8.0,5.0,0.0,1.0,6.0,0.0,20.0,12.0,1.0,4.0,11.0,25.0,1.0,0.0,2.0,10.0,2.0,5.0,4.0,18.0,18.0,0.0,1.0,32.0,3.0,0.0,2.0,0.0,3.0,5.0,0.0,1.0,22.0,23.0,1.0,6.0,2.0,23.0,1.0,0.0,2.0,2.0,13.0,33.0,0.0,4.0,6.0
Aaliyah_-_I_Dont_Wanna_preview.wav,1.0,1.0,11.0,0.0,0.0,0.0,3.0,1.0,24.0,33.0,25.0,8.0,20.0,0.0,0.0,4.0,4.0,3.0,1.0,7.0,0.0,0.0,7.0,9.0,77.0,4.0,0.0,3.0,0.0,5.0,3.0,15.0,0.0,4.0,1.0,0.0,3.0,0.0,19.0,0.0,5.0,76.0,1.0,0.0,0.0,2.0,0.0,0.0,4.0,1.0,5.0,1.0,0.0,14.0,0.0,0.0,11.0,0.0,105.0,0.0,4.0,0.0,25.0,3.0,3.0,5.0,5.0,6.0,0.0,0.0,51.0,5.0,0.0,46.0,1.0,71.0,0.0,27.0,0.0,6.0,30.0,2.0,38.0,0.0,13.0,27.0,2.0,0.0,0.0,6.0,0.0,7.0,8.0,15.0,0.0,3.0,0.0,14.0,2.0,0.0,21.0,39.0,0.0,7.0,0.0,0.0,13.0,6.0,0.0,22.0,2.0,1.0,0.0,0.0,22.0,54.0,26.0,20.0,0.0,0.0,8.0,37.0,60.0,0.0,8.0,0.0,0.0,0.0
ACDC_-_Back_In_Black_preview.wav,47.0,0.0,0.0,0.0,55.0,0.0,1.0,0.0,0.0,4.0,2.0,10.0,4.0,0.0,0.0,0.0,0.0,0.0,0.0,0.0,4.0,0.0,13.0,0.0,0.0,4.0,0.0,0.0,2.0,1.0,24.0,0.0,4.0,0.0,32.0,0.0,0.0,6.0,0.0,0.0,0.0,0.0,0.0,21.0,0.0,9.0,19.0,0.0,5.0,0.0,0.0,0.0,8.0,0.0,0.0,0.0,0.0,0.0,0.0,0.0,0.0,61.0,1.0,0.0,0.0,0.0,0.0,0.0,17.0,0.0,0.0,0.0,157.0,0.0,1.0,0.0,0.0,0.0,1.0,0.0,0.0,0.0,0.0,0.0,0.0,4.0,0.0,13.0,106.0,23.0,0.0,1.0,0.0,0.0,1.0,1.0,170.0,0.0,0.0,5.0,0.0,0.0,0.0,31.0,305.0,47.0,0.0,0.0,0.0,39.0,0.0,0.0,0.0,0.0,0.0,0.0,0.0,0.0,12.0,0.0,0.0,0.0,5.0,0.0,14.0,0.0,2.0,0.0
Aerosmith_-_Dream_On_preview.wav,5.0,0.0,0.0,3.0,6.0,9.0,2.0,3.0,0.0,2.0,0.0,0.0,0.0,0.0,0.0,2.0,0.0,27.0,10.0,0.0,7.0,158.0,9.0,0.0,0.0,0.0,12.0,34.0,0.0,3.0,1.0,1.0,187.0,3.0,0.0,0.0,0.0,0.0,0.0,0.0,4.0,3.0,0.0,2.0,2.0,0.0,37.0,104.0,12.0,0.0,0.0,0.0,7.0,0.0,222.0,8.0,0.0,0.0,0.0,25.0,0.0,14.0,1.0,5.0,10.0,15.0,2.0,0.0,72.0,0.0,0.0,0.0,22.0,1.0,0.0,0.0,2.0,0.0,5.0,0.0,0.0,2.0,0.0,0.0,0.0,0.0,0.0,0.0,2.0,13.0,0.0,0.0,0.0,0.0,0.0,3.0,0.0,0.0,16.0,0.0,3.0,0.0,0.0,1.0,0.0,0.0,0.0,0.0,0.0,4.0,2.0,0.0,0.0,9.0,0.0,1.0,1.0,0.0,85.0,30.0,0.0,0.0,3.0,23.0,15.0,0.0,0.0,20.0
Afrojack_-_Switch_preview.wav,2.0,5.0,32.0,5.0,0.0,18.0,1.0,4.0,25.0,10.0,1.0,0.0,2.0,12.0,11.0,6.0,8.0,25.0,0.0,15.0,3.0,0.0,16.0,10.0,13.0,1.0,0.0,2.0,6.0,21.0,1.0,7.0,0.0,2.0,33.0,1.0,1.0,0.0,0.0,0.0,0.0,7.0,20.0,3.0,0.0,21.0,1.0,1.0,4.0,5.0,0.0,8.0,0.0,31.0,0.0,0.0,10.0,16.0,10.0,0.0,43.0,10.0,53.0,25.0,10.0,4.0,4.0,8.0,0.0,1.0,14.0,28.0,0.0,13.0,12.0,9.0,5.0,45.0,1.0,14.0,12.0,6.0,33.0,0.0,12.0,0.0,17.0,9.0,0.0,9.0,2.0,29.0,0.0,7.0,8.0,1.0,2.0,16.0,8.0,0.0,12.0,25.0,0.0,10.0,0.0,0.0,14.0,18.0,0.0,27.0,9.0,10.0,38.0,0.0,6.0,6.0,0.0,8.0,0.0,4.0,16.0,64.0,32.0,1.0,76.0,5.0,5.0,0.0
AJR_-_Wow_Im_Not_Crazy_preview.wav,71.0,0.0,1.0,0.0,83.0,1.0,1.0,10.0,4.0,22.0,2.0,2.0,1.0,0.0,0.0,21.0,3.0,35.0,6.0,0.0,0.0,21.0,23.0,3.0,0.0,0.0,0.0,0.0,7.0,80.0,0.0,46.0,13.0,0.0,67.0,2.0,1.0,0.0,0.0,0.0,0.0,0.0,0.0,0.0,0.0,4.0,0.0,0.0,1.0,0.0,0.0,0.0,0.0,50.0,0.0,0.0,0.0,0.0,0.0,0.0,0.0,1.0,78.0,35.0,0.0,18.0,4.0,5.0,0.0,0.0,18.0,4.0,4.0,30.0,1.0,0.0,0.0,6.0,5.0,103.0,0.0,6.0,23.0,0.0,0.0,0.0,3.0,50.0,0.0,0.0,0.0,89.0,0.0,0.0,4.0,5.0,23.0,2.0,12.0,12.0,0.0,0.0,1.0,7.0,1.0,1.0,0.0,2.0,0.0,8.0,1.0,0.0,0.0,0.0,1.0,3.0,2.0,7.0,0.0,0.0,0.0,33.0,11.0,0.0,91.0,0.0,1.0,0.0
Aleman_-_Dejame_Volar_preview.wav,5.0,56.0,2.0,3.0,2.0,22.0,0.0,2.0,4.0,0.0,0.0,0.0,0.0,27.0,34.0,51.0,9.0,18.0,3.0,67.0,31.0,25.0,0.0,0.0,0.0,0.0,32.0,5.0,0.0,3.0,0.0,23.0,0.0,8.0,0.0,11.0,6.0,8.0,0.0,5.0,0.0,1.0,69.0,0.0,0.0,0.0,1.0,9.0,0.0,4.0,0.0,42.0,8.0,0.0,1.0,0.0,0.0,41.0,0.0,0.0,92.0,0.0,0.0,2.0,99.0,38.0,1.0,5.0,3.0,0.0,0.0,65.0,1.0,0.0,0.0,0.0,4.0,25.0,1.0,14.0,13.0,3.0,2.0,1.0,26.0,0.0,0.0,0.0,1.0,1.0,15.0,0.0,0.0,0.0,0.0,2.0,10.0,2.0,23.0,5.0,0.0,0.0,0.0,0.0,2.0,8.0,25.0,0.0,0.0,0.0,1.0,12.0,13.0,0.0,0.0,0.0,0.0,56.0,16.0,40.0,1.0,2.0,1.0,19.0,0.0,3.0,1.0,0.0
Alex_Adair_-_Make_Me_Feel_Better_-_Klingande_Remix_preview.wav,7.0,1.0,35.0,6.0,29.0,1.0,1.0,30.0,32.0,1.0,3.0,0.0,8.0,0.0,0.0,16.0,1.0,26.0,0.0,3.0,13.0,154.0,51.0,0.0,1.0,19.0,0.0,4.0,6.0,27.0,2.0,32.0,1.0,6.0,17.0,0.0,0.0,11.0,0.0,0.0,0.0,11.0,0.0,1.0,0.0,11.0,3.0,31.0,1.0,6.0,0.0,0.0,1.0,19.0,3.0,0.0,23.0,0.0,0.0,0.0,0.0,21.0,48.0,2.0,17.0,42.0,6.0,1.0,35.0,0.0,0.0,0.0,0.0,8.0,3.0,3.0,0.0,0.0,0.0,42.0,12.0,1.0,5.0,0.0,0.0,4.0,8.0,2.0,1.0,20.0,0.0,2.0,0.0,3.0,6.0,1.0,0.0,6.0,4.0,0.0,7.0,0.0,0.0,3.0,0.0,30.0,12.0,1.0,0.0,28.0,9.0,0.0,0.0,6.0,0.0,4.0,2.0,35.0,71.0,4.0,7.0,63.0,13.0,35.0,1.0,0.0,4.0,0.0
Alice_Cooper_-_Go_to_Hell_preview.wav,12.0,0.0,0.0,0.0,2.0,0.0,1.0,0.0,1.0,4.0,4.0,0.0,1.0,0.0,0.0,1.0,0.0,0.0,7.0,0.0,1.0,69.0,2.0,0.0,0.0,0.0,1.0,20.0,0.0,0.0,0.0,5.0,201.0,3.0,0.0,0.0,0.0,14.0,3.0,0.0,0.0,4.0,0.0,133.0,0.0,0.0,72.0,12.0,6.0,4.0,0.0,0.0,116.0,0.0,47.0,0.0,0.0,0.0,0.0,7.0,0.0,75.0,0.0,0.0,1.0,21.0,3.0,0.0,25.0,0.0,0.0,0.0,0.0,20.0,0.0,0.0,0.0,0.0,3.0,1.0,0.0,2.0,0.0,0.0,0.0,0.0,0.0,0.0,1.0,56.0,0.0,0.0,0.0,0.0,0.0,2.0,2.0,7.0,14.0,0.0,0.0,0.0,0.0,0.0,0.0,0.0,0.0,0.0,0.0,4.0,4.0,0.0,0.0,0.0,0.0,16.0,4.0,0.0,268.0,2.0,0.0,2.0,1.0,2.0,0.0,0.0,0.0,3.0
Alkilados_-_Chillax_preview.wav,24.0,1.0,25.0,4.0,28.0,1.0,2.0,25.0,16.0,14.0,2.0,5.0,0.0,0.0,1.0,4.0,1.0,8.0,0.0,1.0,4.0,2.0,10.0,0.0,3.0,27.0,0.0,28.0,28.0,23.0,12.0,29.0,16.0,12.0,67.0,0.0,0.0,1.0,24.0,0.0,0.0,12.0,0.0,16.0,0.0,54.0,28.0,0.0,7.0,18.0,15.0,0.0,114.0,19.0,7.0,0.0,6.0,0.0,16.0,0.0,1.0,18.0,46.0,9.0,1.0,47.0,0.0,12.0,0.0,0.0,0.0,1.0,2.0,8.0,3.0,2.0,0.0,2.0,2.0,12.0,1.0,7.0,0.0,0.0,0.0,0.0,0.0,14.0,2.0,31.0,0.0,9.0,1.0,1.0,2.0,0.0,50.0,9.0,18.0,2.0,13.0,10.0,0.0,10.0,1.0,20.0,1.0,8.0,0.0,20.0,23.0,0.0,4.0,1.0,7.0,5.0,8.0,10.0,3.0,0.0,7.0,8.0,12.0,0.0,17.0,1.0,25.0,5.0
Andrea_Bocelli_-_Return_To_Love_preview.wav,28.0,0.0,0.0,0.0,41.0,40.0,4.0,3.0,0.0,0.0,0.0,0.0,0.0,6.0,0.0,4.0,1.0,165.0,0.0,0.0,0.0,6.0,114.0,0.0,3.0,0.0,2.0,1.0,4.0,1.0,6.0,0.0,0.0,0.0,5.0,0.0,54.0,0.0,1.0,10.0,6.0,0.0,13.0,0.0,0.0,2.0,0.0,1.0,0.0,0.0,0.0,0.0,0.0,8.0,0.0,30.0,0.0,4.0,0.0,0.0,0.0,19.0,16.0,244.0,0.0,7.0,25.0,0.0,29.0,0.0,0.0,9.0,42.0,0.0,0.0,0.0,0.0,3.0,0.0,24.0,0.0,0.0,6.0,65.0,0.0,0.0,0.0,0.0,0.0,1.0,5.0,28.0,0.0,0.0,0.0,0.0,0.0,0.0,2.0,0.0,0.0,0.0,0.0,5.0,4.0,0.0,0.0,2.0,33.0,1.0,0.0,5.0,0.0,0.0,0.0,2.0,1.0,0.0,0.0,2.0,0.0,1.0,10.0,0.0,128.0,6.0,0.0,4.0
Anna_of_the_North_-_Sway_-_Chainsmokers_Remix_preview.wav,8.0,2.0,30.0,4.0,10.0,1.0,2.0,50.0,1.0,7.0,1.0,0.0,1.0,0.0,0.0,3.0,1.0,13.0,1.0,5.0,25.0,92.0,9.0,0.0,1.0,21.0,4.0,22.0,0.0,2.0,3.0,7.0,40.0,11.0,1.0,0.0,2.0,27.0,2.0,0.0,4.0,1.0,1.0,3.0,1.0,10.0,29.0,4.0,19.0,0.0,3.0,2.0,11.0,18.0,3.0,0.0,0.0,3.0,0.0,2.0,0.0,72.0,2.0,7.0,14.0,60.0,0.0,0.0,27.0,0.0,0.0,5.0,5.0,2.0,2.0,0.0,0.0,0.0,9.0,7.0,3.0,10.0,1.0,2.0,0.0,0.0,0.0,2.0,1.0,62.0,0.0,2.0,1.0,2.0,1.0,5.0,10.0,5.0,10.0,3.0,8.0,0.0,1.0,12.0,4.0,3.0,0.0,1.0,0.0,29.0,14.0,0.0,0.0,8.0,2.0,0.0,7.0,7.0,301.0,4.0,7.0,3.0,2.0,8.0,4.0,6.0,6.0,0.0
Anthony_Hamilton_-_Mama_Knew_Love_preview.wav,43.0,4.0,0.0,5.0,1.0,32.0,1.0,0.0,10.0,58.0,4.0,12.0,9.0,0.0,0.0,48.0,1.0,105.0,0.0,9.0,4.0,3.0,10.0,4.0,1.0,2.0,1.0,43.0,2.0,2.0,38.0,9.0,20.0,8.0,2.0,0.0,2.0,1.0,59.0,0.0,21.0,7.0,0.0,20.0,0.0,0.0,11.0,1.0,15.0,9.0,46.0,0.0,26.0,0.0,1.0,0.0,1.0,0.0,16.0,7.0,2.0,18.0,1.0,104.0,6.0,22.0,3.0,3.0,14.0,0.0,13.0,12.0,14.0,4.0,0.0,2.0,0.0,10.0,8.0,7.0,1.0,6.0,8.0,0.0,0.0,6.0,22.0,2.0,0.0,4.0,0.0,21.0,20.0,0.0,14.0,1.0,1.0,0.0,8.0,0.0,33.0,1.0,5.0,13.0,3.0,1.0,0.0,1.0,0.0,3.0,3.0,4.0,2.0,21.0,1.0,3.0,25.0,7.0,22.0,0.0,9.0,1.0,36.0,2.0,3.0,0.0,0.0,2.0
Anything_Box_-_Living_in_Oblivion_preview.wav,9.0,0.0,32.0,11.0,58.0,0.0,1.0,40.0,19.0,7.0,1.0,4.0,2.0,0.0,0.0,0.0,0.0,0.0,0.0,2.0,0.0,0.0,1.0,31.0,1.0,83.0,0.0,0.0,99.0,73.0,16.0,1.0,0.0,18.0,3.0,0.0,0.0,0.0,22.0,0.0,0.0,21.0,0.0,27.0,0.0,65.0,33.0,0.0,6.0,36.0,0.0,0.0,0.0,6.0,0.0,0.0,0.0,0.0,5.0,0.0,0.0,9.0,5.0,0.0,0.0,0.0,0.0,0.0,0.0,0.0,29.0,0.0,0.0,91.0,3.0,0.0,0.0,0.0,8.0,5.0,1.0,3.0,0.0,0.0,0.0,0.0,0.0,66.0,0.0,32.0,0.0,2.0,4.0,0.0,0.0,1.0,8.0,1.0,0.0,5.0,0.0,19.0,2.0,9.0,0.0,7.0,0.0,2.0,0.0,80.0,84.0,0.0,0.0,0.0,14.0,1.0,0.0,0.0,0.0,0.0,10.0,5.0,0.0,0.0,0.0,0.0,53.0,0.0
Arctic_Monkeys_-_Whyd_You_Only_Call_Me_When_Youre_High_preview.wav,8.0,0.0,1.0,0.0,30.0,5.0,0.0,3.0,3.0,21.0,1.0,0.0,1.0,0.0,0.0,1.0,0.0,55.0,1.0,0.0,0.0,9.0,94.0,0.0,0.0,0.0,4.0,30.0,0.0,7.0,1.0,0.0,23.0,0.0,44.0,0.0,1.0,16.0,18.0,0.0,37.0,2.0,2.0,0.0,1.0,3.0,3.0,10.0,3.0,1.0,35.0,0.0,27.0,8.0,8.0,1.0,0.0,0.0,15.0,0.0,0.0,62.0,12.0,66.0,17.0,10.0,8.0,6.0,112.0,0.0,0.0,2.0,86.0,2.0,1.0,2.0,0.0,3.0,9.0,12.0,0.0,9.0,0.0,0.0,0.0,10.0,0.0,9.0,2.0,8.0,0.0,4.0,0.0,0.0,0.0,0.0,6.0,0.0,9.0,0.0,22.0,0.0,0.0,21.0,13.0,5.0,0.0,0.0,0.0,23.0,1.0,2.0,0.0,16.0,0.0,3.0,21.0,0.0,46.0,8.0,0.0,2.0,1.0,5.0,98.0,1.0,4.0,0.0
Ariana_Grande_-_pete_davidson_preview.wav,2.0,5.0,26.0,7.0,7.0,0.0,2.0,10.0,60.0,9.0,5.0,0.0,3.0,0.0,0.0,8.0,8.0,1.0,2.0,18.0,17.0,1.0,1.0,0.0,18.0,13.0,6.0,8.0,11.0,21.0,5.0,24.0,6.0,18.0,2.0,4.0,3.0,0.0,20.0,0.0,1.0,44.0,0.0,10.0,0.0,2.0,23.0,0.0,31.0,34.0,0.0,3.0,0.0,13.0,8.0,10.0,9.0,0.0,5.0,0.0,1.0,2.0,17.0,3.0,6.0,2.0,35.0,11.0,0.0,0.0,0.0,0.0,0.0,30.0,7.0,0.0,0.0,7.0,3.0,6.0,29.0,8.0,25.0,0.0,28.0,0.0,3.0,5.0,0.0,10.0,0.0,10.0,1.0,4.0,0.0,5.0,0.0,25.0,2.0,0.0,2.0,40.0,0.0,4.0,0.0,2.0,16.0,33.0,0.0,22.0,9.0,9.0,3.0,11.0,14.0,80.0,29.0,15.0,1.0,12.0,7.0,30.0,115.0,0.0,0.0,0.0,9.0,0.0
Ariana_Grande_-_Side_To_Side_-_Slushii_Remix_preview.wav,3.0,0.0,4.0,0.0,8.0,0.0,0.0,7.0,5.0,8.0,2.0,11.0,2.0,0.0,0.0,1.0,0.0,1.0,1.0,0.0,0.0,17.0,1.0,43.0,1.0,72.0,0.0,13.0,135.0,3.0,7.0,5.0,1.0,0.0,54.0,0.0,1.0,0.0,8.0,0.0,2.0,12.0,0.0,11.0,0.0,230.0,10.0,0.0,3.0,18.0,0.0,0.0,0.0,3.0,0.0,0.0,7.0,0.0,1.0,0.0,0.0,14.0,3.0,0.0,0.0,0.0,0.0,0.0,1.0,0.0,62.0,0.0,0.0,71.0,0.0,0.0,0.0,0.0,1.0,0.0,0.0,0.0,0.0,0.0,0.0,2.0,24.0,33.0,1.0,20.0,0.0,2.0,35.0,0.0,5.0,1.0,0.0,0.0,0.0,49.0,15.0,21.0,0.0,13.0,0.0,1.0,0.0,4.0,0.0,23.0,19.0,0.0,0.0,0.0,5.0,4.0,17.0,0.0,0.0,0.0,0.0,4.0,7.0,3.0,1.0,1.0,119.0,0.0
Ariana_Grande_-_The_Way_preview.wav,0.0,0.0,0.0,4.0,0.0,0.0,2.0,0.0,103.0,5.0,10.0,0.0,33.0,0.0,0.0,0.0,3.0,0.0,3.0,17.0,2.0,0.0,0.0,0.0,71.0,0.0,0.0,2.0,0.0,1.0,0.0,18.0,7.0,107.0,0.0,8.0,0.0,0.0,4.0,0.0,3.0,74.0,0.0,1.0,0.0,0.0,47.0,0.0,124.0,13.0,0.0,0.0,1.0,0.0,0.0,34.0,0.0,0.0,12.0,0.0,0.0,0.0,0.0,0.0,8.0,47.0,9.0,0.0,0.0,0.0,1.0,1.0,0.0,4.0,1.0,76.0,0.0,0.0,4.0,7.0,3.0,35.0,0.0,0.0,5.0,47.0,0.0,0.0,0.0,15.0,0.0,0.0,0.0,1.0,6.0,2.0,0.0,0.0,38.0,0.0,1.0,0.0,0.0,0.0,0.0,0.0,9.0,0.0,0.0,13.0,7.0,0.0,0.0,10.0,4.0,58.0,49.0,72.0,0.0,0.0,0.0,8.0,41.0,0.0,0.0,0.0,1.0,0.0
Armin_van_Buuren_-_Save_My_Night_-_BlasterJaxx_Remix_preview.wav,0.0,1.0,0.0,6.0,6.0,0.0,2.0,38.0,0.0,6.0,2.0,8.0,30.0,0.0,3.0,0.0,3.0,0.0,0.0,2.0,6.0,0.0,0.0,51.0,30.0,1.0,0.0,0.0,107.0,69.0,9.0,0.0,0.0,4.0,46.0,0.0,2.0,0.0,3.0,3.0,3.0,10.0,0.0,8.0,9.0,218.0,1.0,0.0,2.0,4.0,0.0,1.0,0.0,1.0,0.0,10.0,2.0,0.0,2.0,0.0,0.0,0.0,39.0,0.0,0.0,0.0,6.0,0.0,0.0,0.0,15.0,0.0,0.0,30.0,2.0,17.0,0.0,0.0,6.0,0.0,3.0,8.0,0.0,13.0,1.0,9.0,25.0,29.0,0.0,2.0,0.0,0.0,29.0,6.0,39.0,0.0,16.0,0.0,0.0,81.0,0.0,11.0,0.0,5.0,0.0,16.0,0.0,0.0,5.0,2.0,11.0,3.0,0.0,7.0,4.0,1.0,13.0,0.0,0.0,0.0,5.0,0.0,0.0,0.0,0.0,3.0,117.0,4.0
Axwell_Ingrosso_-_Sun_Is_Shining_-_WW_Remix_preview.wav,1.0,0.0,20.0,2.0,8.0,0.0,0.0,1.0,2.0,1.0,2.0,59.0,0.0,0.0,0.0,0.0,0.0,0.0,0.0,0.0,0.0,0.0,2.0,16.0,4.0,91.0,6.0,4.0,290.0,42.0,9.0,0.0,10.0,8.0,33.0,0.0,0.0,0.0,0.0,0.0,0.0,8.0,0.0,5.0,0.0,62.0,11.0,0.0,5.0,11.0,0.0,0.0,0.0,0.0,0.0,0.0,4.0,0.0,0.0,0.0,0.0,0.0,18.0,0.0,1.0,0.0,0.0,0.0,0.0,0.0,0.0,0.0,0.0,20.0,0.0,0.0,0.0,0.0,1.0,4.0,0.0,2.0,0.0,0.0,0.0,0.0,0.0,27.0,0.0,11.0,0.0,0.0,49.0,0.0,0.0,1.0,9.0,0.0,0.0,58.0,0.0,1.0,0.0,101.0,0.0,11.0,0.0,0.0,0.0,3.0,90.0,0.0,0.0,0.0,0.0,0.0,8.0,0.0,0.0,0.0,1.0,0.0,0.0,0.0,2.0,0.0,157.0,0.0
Baauer_-_Harlem_Shake_preview.wav,10.0,9.0,126.0,15.0,8.0,0.0,1.0,85.0,17.0,0.0,1.0,5.0,0.0,0.0,0.0,0.0,10.0,0.0,0.0,97.0,39.0,0.0,0.0,0.0,0.0,14.0,1.0,0.0,68.0,20.0,0.0,49.0,0.0,6.0,0.0,6.0,0.0,61.0,0.0,0.0,0.0,0.0,0.0,0.0,0.0,35.0,16.0,0.0,4.0,79.0,0.0,16.0,2.0,26.0,3.0,0.0,0.0,0.0,0.0,0.0,0.0,0.0,18.0,0.0,4.0,8.0,0.0,0.0,0.0,0.0,0.0,0.0,0.0,1.0,5.0,0.0,0.0,0.0,11.0,8.0,115.0,21.0,27.0,0.0,0.0,0.0,0.0,0.0,1.0,3.0,0.0,0.0,0.0,0.0,0.0,1.0,0.0,36.0,1.0,2.0,0.0,6.0,0.0,0.0,0.0,4.0,8.0,2.0,0.0,3.0,28.0,2.0,4.0,0.0,0.0,0.0,1.0,17.0,17.0,1.0,2.0,85.0,0.0,0.0,0.0,1.0,20.0,0.0
Baby_Bash_-_Suga_Suga_preview.wav,5.0,1.0,15.0,0.0,0.0,38.0,2.0,5.0,3.0,10.0,6.0,31.0,5.0,0.0,3.0,10.0,2.0,25.0,0.0,1.0,0.0,2.0,23.0,0.0,16.0,14.0,0.0,145.0,2.0,2.0,5.0,7.0,0.0,0.0,22.0,0.0,7.0,1.0,21.0,12.0,81.0,26.0,10.0,0.0,4.0,5.0,0.0,1.0,1.0,0.0,0.0,6.0,10.0,5.0,0.0,74.0,0.0,5.0,4.0,0.0,2.0,14.0,9.0,72.0,2.0,7.0,67.0,18.0,14.0,0.0,0.0,10.0,3.0,28.0,0.0,17.0,5.0,7.0,0.0,41.0,1.0,0.0,4.0,0.0,1.0,10.0,0.0,4.0,0.0,29.0,5.0,5.0,0.0,0.0,0.0,0.0,2.0,6.0,0.0,0.0,0.0,30.0,0.0,9.0,7.0,0.0,0.0,0.0,0.0,12.0,0.0,1.0,0.0,2.0,0.0,49.0,62.0,3.0,1.0,2.0,1.0,6.0,16.0,7.0,21.0,3.0,0.0,4.0
Babyface_-_Tender_Lover_preview.wav,3.0,2.0,9.0,49.0,20.0,0.0,2.0,44.0,31.0,24.0,7.0,0.0,6.0,0.0,0.0,0.0,9.0,0.0,2.0,2.0,12.0,0.0,0.0,3.0,11.0,38.0,0.0,4.0,0.0,15.0,4.0,13.0,2.0,99.0,0.0,0.0,0.0,16.0,4.0,0.0,1.0,84.0,0.0,27.0,0.0,0.0,130.0,0.0,69.0,73.0,5.0,0.0,3.0,1.0,0.0,0.0,0.0,0.0,15.0,0.0,0.0,7.0,0.0,0.0,0.0,7.0,2.0,6.0,0.0,0.0,10.0,0.0,0.0,36.0,7.0,0.0,0.0,0.0,3.0,3.0,18.0,10.0,0.0,0.0,0.0,2.0,8.0,6.0,0.0,49.0,0.0,5.0,0.0,4.0,2.0,3.0,4.0,1.0,8.0,0.0,20.0,9.0,0.0,8.0,0.0,0.0,0.0,1.0,0.0,52.0,95.0,0.0,0.0,0.0,9.0,15.0,18.0,3.0,1.0,0.0,0.0,11.0,3.0,0.0,0.0,0.0,7.0,0.0
Bad_Company_-_Ready_for_Love_-_2015_Remaster_preview.wav,0.0,13.0,0.0,0.0,0.0,3.0,3.0,0.0,5.0,0.0,8.0,0.0,5.0,0.0,0.0,2.0,0.0,6.0,10.0,14.0,0.0,29.0,2.0,0.0,8.0,0.0,8.0,49.0,0.0,0.0,0.0,2.0,2.0,1.0,0.0,0.0,1.0,0.0,1.0,3.0,8.0,22.0,1.0,0.0,79.0,0.0,1.0,1.0,14.0,0.0,0.0,3.0,0.0,0.0,51.0,130.0,0.0,0.0,3.0,6.0,0.0,17.0,0.0,0.0,24.0,13.0,159.0,0.0,11.0,0.0,0.0,12.0,1.0,0.0,0.0,10.0,0.0,1.0,1.0,5.0,10.0,25.0,1.0,1.0,5.0,23.0,0.0,0.0,0.0,30.0,29.0,0.0,0.0,0.0,0.0,1.0,0.0,0.0,6.0,0.0,14.0,0.0,0.0,0.0,0.0,0.0,2.0,0.0,7.0,2.0,0.0,4.0,0.0,25.0,0.0,19.0,55.0,17.0,7.0,108.0,0.0,3.0,3.0,99.0,0.0,3.0,0.0,45.0
Bantu_-_Roll_With_Me_feat_Shungudzo_-_Friend_Within_Remix_preview.wav,1.0,0.0,10.0,0.0,14.0,0.0,0.0,11.0,12.0,2.0,4.0,42.0,2.0,0.0,0.0,0.0,0.0,0.0,0.0,0.0,1.0,3.0,18.0,5.0,0.0,55.0,0.0,54.0,92.0,42.0,4.0,3.0,7.0,8.0,55.0,0.0,0.0,2.0,4.0,0.0,0.0,1.0,0.0,0.0,0.0,11.0,6.0,5.0,4.0,3.0,0.0,0.0,11.0,45.0,1.0,0.0,0.0,0.0,0.0,0.0,0.0,39.0,32.0,1.0,0.0,11.0,3.0,20.0,57.0,0.0,0.0,0.0,4.0,7.0,1.0,0.0,0.0,2.0,5.0,13.0,1.0,1.0,9.0,0.0,2.0,3.0,0.0,76.0,0.0,73.0,0.0,54.0,13.0,0.0,0.0,1.0,26.0,2.0,5.0,41.0,0.0,0.0,1.0,12.0,35.0,1.0,10.0,24.0,0.0,14.0,38.0,0.0,0.0,1.0,0.0,0.0,6.0,0.0,24.0,0.0,0.0,15.0,0.0,0.0,25.0,0.0,46.0,0.0
Barbies_Cradle_-_Pangarap_preview.wav,0.0,78.0,0.0,2.0,0.0,1.0,1.0,0.0,1.0,0.0,1.0,0.0,3.0,4.0,1.0,0.0,11.0,12.0,0.0,8.0,63.0,57.0,3.0,0.0,0.0,0.0,47.0,16.0,0.0,0.0,0.0,2.0,8.0,9.0,0.0,0.0,9.0,7.0,0.0,6.0,0.0,0.0,5.0,0.0,0.0,0.0,10.0,0.0,3.0,1.0,0.0,3.0,11.0,0.0,15.0,29.0,0.0,7.0,0.0,0.0,44.0,6.0,0.0,0.0,180.0,155.0,105.0,0.0,26.0,0.0,0.0,1.0,16.0,0.0,2.0,0.0,0.0,0.0,5.0,14.0,0.0,10.0,0.0,0.0,1.0,1.0,0.0,0.0,0.0,48.0,0.0,0.0,0.0,0.0,0.0,0.0,0.0,0.0,92.0,0.0,0.0,0.0,0.0,0.0,0.0,0.0,0.0,0.0,0.0,0.0,0.0,30.0,1.0,0.0,0.0,2.0,18.0,30.0,6.0,50.0,0.0,1.0,0.0,8.0,0.0,6.0,0.0,0.0
Bastille_-_Million_Pieces_-_M-22_Remix_preview.wav,0.0,0.0,6.0,18.0,0.0,5.0,4.0,0.0,5.0,0.0,0.0,127.0,0.0,0.0,14.0,0.0,44.0,0.0,0.0,10.0,0.0,0.0,0.0,1.0,24.0,4.0,0.0,0.0,60.0,21.0,5.0,0.0,0.0,21.0,60.0,6.0,5.0,0.0,8.0,13.0,0.0,25.0,0.0,0.0,0.0,21.0,1.0,0.0,2.0,0.0,0.0,0.0,0.0,34.0,0.0,1.0,5.0,0.0,2.0,0.0,0.0,0.0,64.0,10.0,0.0,0.0,0.0,6.0,0.0,0.0,6.0,1.0,2.0,11.0,7.0,2.0,0.0,2.0,7.0,2.0,2.0,0.0,40.0,0.0,6.0,2.0,0.0,111.0,0.0,0.0,0.0,150.0,6.0,0.0,0.0,0.0,15.0,2.0,0.0,52.0,0.0,10.0,0.0,28.0,15.0,0.0,6.0,33.0,0.0,12.0,36.0,9.0,5.0,0.0,0.0,2.0,0.0,0.0,0.0,0.0,1.0,2.0,4.0,0.0,35.0,8.0,28.0,0.0
Beartooth_-_In_Between_preview.wav,1.0,0.0,0.0,0.0,141.0,0.0,0.0,0.0,1.0,7.0,3.0,65.0,3.0,0.0,0.0,0.0,0.0,0.0,1.0,0.0,0.0,0.0,3.0,0.0,0.0,2.0,0.0,0.0,128.0,1.0,2.0,0.0,0.0,1.0,112.0,0.0,0.0,0.0,2.0,0.0,0.0,0.0,0.0,7.0,0.0,29.0,0.0,0.0,9.0,1.0,0.0,0.0,0.0,0.0,0.0,0.0,0.0,0.0,0.0,0.0,0.0,8.0,13.0,0.0,0.0,0.0,0.0,0.0,0.0,0.0,0.0,0.0,0.0,23.0,1.0,0.0,0.0,0.0,4.0,0.0,0.0,2.0,0.0,0.0,0.0,0.0,0.0,10.0,7.0,5.0,0.0,0.0,0.0,0.0,0.0,0.0,7.0,0.0,0.0,28.0,0.0,0.0,0.0,41.0,240.0,310.0,0.0,0.0,0.0,2.0,0.0,0.0,0.0,0.0,2.0,2.0,3.0,0.0,0.0,0.0,0.0,0.0,0.0,0.0,65.0,0.0,0.0,0.0
Bebe_Rexha_-_Im_a_Mess_preview.wav,56.0,1.0,4.0,2.0,22.0,0.0,0.0,12.0,76.0,1.0,8.0,8.0,2.0,0.0,0.0,20.0,0.0,8.0,0.0,0.0,0.0,27.0,1.0,0.0,0.0,3.0,13.0,24.0,47.0,98.0,5.0,13.0,2.0,6.0,1.0,0.0,0.0,3.0,10.0,0.0,0.0,11.0,0.0,7.0,0.0,18.0,10.0,0.0,20.0,4.0,0.0,0.0,26.0,32.0,7.0,2.0,0.0,0.0,1.0,0.0,3.0,30.0,39.0,2.0,2.0,83.0,5.0,12.0,2.0,0.0,2.0,4.0,3.0,5.0,3.0,0.0,0.0,29.0,0.0,51.0,0.0,2.0,6.0,0.0,1.0,7.0,0.0,18.0,0.0,29.0,0.0,14.0,1.0,2.0,2.0,1.0,10.0,10.0,20.0,8.0,3.0,6.0,0.0,3.0,3.0,6.0,4.0,33.0,0.0,32.0,36.0,3.0,0.0,2.0,7.0,1.0,4.0,2.0,12.0,7.0,4.0,30.0,62.0,3.0,0.0,0.0,10.0,2.0
Bell_Biv_DeVoe_-_Poison_preview.wav,13.0,57.0,29.0,14.0,52.0,2.0,1.0,41.0,12.0,1.0,0.0,0.0,3.0,0.0,1.0,2.0,12.0,4.0,0.0,38.0,180.0,11.0,0.0,0.0,0.0,2.0,15.0,6.0,0.0,9.0,0.0,39.0,1.0,12.0,0.0,0.0,6.0,111.0,0.0,0.0,0.0,1.0,0.0,4.0,0.0,1.0,10.0,0.0,14.0,87.0,0.0,7.0,2.0,1.0,3.0,0.0,7.0,0.0,0.0,0.0,4.0,3.0,0.0,1.0,18.0,32.0,11.0,5.0,1.0,0.0,0.0,3.0,0.0,2.0,4.0,0.0,0.0,0.0,16.0,13.0,30.0,12.0,0.0,0.0,2.0,0.0,0.0,0.0,33.0,22.0,0.0,0.0,0.0,4.0,0.0,0.0,1.0,4.0,25.0,0.0,0.0,3.0,0.0,0.0,0.0,1.0,2.0,0.0,0.0,1.0,23.0,13.0,16.0,0.0,0.0,2.0,0.0,17.0,98.0,5.0,20.0,32.0,1.0,0.0,0.0,1.0,0.0,0.0
Benjamin_Francis_Leftwich_-_Shine_-_Kygo_Remix_preview.wav,0.0,40.0,0.0,20.0,0.0,7.0,1.0,4.0,2.0,0.0,4.0,0.0,1.0,1.0,2.0,4.0,0.0,12.0,34.0,4.0,5.0,10.0,12.0,0.0,1.0,0.0,18.0,23.0,0.0,1.0,1.0,13.0,1.0,5.0,1.0,0.0,4.0,0.0,0.0,8.0,15.0,4.0,8.0,0.0,76.0,0.0,0.0,5.0,0.0,0.0,1.0,0.0,0.0,0.0,0.0,31.0,0.0,43.0,0.0,22.0,1.0,0.0,3.0,7.0,16.0,11.0,26.0,9.0,4.0,0.0,0.0,24.0,1.0,0.0,0.0,0.0,6.0,17.0,3.0,15.0,33.0,6.0,18.0,122.0,9.0,15.0,3.0,0.0,0.0,2.0,27.0,6.0,0.0,0.0,24.0,4.0,0.0,0.0,5.0,0.0,3.0,0.0,11.0,0.0,0.0,0.0,9.0,5.0,12.0,2.0,0.0,9.0,0.0,36.0,0.0,27.0,3.0,34.0,1.0,29.0,11.0,29.0,23.0,22.0,8.0,2.0,0.0,155.0
Benny_Jamz_-_Sektion_feat_Branco_Gilli_preview.wav,6.0,0.0,3.0,0.0,0.0,34.0,0.0,3.0,10.0,20.0,6.0,15.0,3.0,0.0,1.0,11.0,0.0,7.0,1.0,2.0,0.0,3.0,1.0,12.0,51.0,7.0,0.0,4.0,2.0,15.0,1.0,6.0,0.0,4.0,15.0,5.0,0.0,0.0,19.0,2.0,51.0,9.0,12.0,1.0,3.0,3.0,2.0,0.0,6.0,0.0,8.0,0.0,1.0,52.0,0.0,2.0,0.0,0.0,85.0,6.0,0.0,0.0,27.0,17.0,4.0,4.0,0.0,60.0,1.0,0.0,25.0,25.0,0.0,51.0,1.0,30.0,3.0,49.0,2.0,6.0,0.0,5.0,19.0,1.0,10.0,5.0,4.0,19.0,0.0,3.0,3.0,28.0,8.0,6.0,0.0,3.0,5.0,20.0,4.0,32.0,17.0,15.0,0.0,6.0,6.0,2.0,16.0,74.0,0.0,16.0,0.0,2.0,1.0,34.0,10.0,2.0,6.0,6.0,0.0,0.0,0.0,38.0,26.0,9.0,6.0,0.0,8.0,2.0
Beyonce_-_711_preview.wav,56.0,0.0,3.0,0.0,3.0,20.0,1.0,0.0,26.0,2.0,0.0,52.0,0.0,0.0,0.0,9.0,1.0,37.0,1.0,0.0,1.0,12.0,7.0,12.0,4.0,8.0,0.0,0.0,29.0,14.0,10.0,2.0,18.0,0.0,22.0,6.0,3.0,9.0,1.0,0.0,0.0,4.0,0.0,15.0,0.0,9.0,25.0,8.0,1.0,1.0,74.0,0.0,191.0,25.0,7.0,0.0,0.0,0.0,1.0,0.0,0.0,3.0,17.0,9.0,1.0,36.0,0.0,9.0,4.0,0.0,30.0,3.0,12.0,7.0,0.0,0.0,0.0,1.0,0.0,26.0,0.0,2.0,16.0,0.0,2.0,0.0,11.0,11.0,1.0,0.0,0.0,7.0,9.0,0.0,9.0,2.0,35.0,14.0,11.0,37.0,43.0,1.0,3.0,2.0,9.0,8.0,3.0,31.0,0.0,1.0,24.0,0.0,1.0,1.0,1.0,3.0,1.0,1.0,56.0,0.0,0.0,9.0,3.0,2.0,3.0,0.0,31.0,0.0
Big_Big_Train_-_The_Second_Brightest_Star_preview.wav,0.0,51.0,0.0,1.0,0.0,0.0,5.0,0.0,0.0,0.0,144.0,0.0,0.0,27.0,12.0,0.0,11.0,0.0,8.0,0.0,0.0,0.0,0.0,0.0,0.0,0.0,138.0,0.0,0.0,0.0,0.0,0.0,0.0,0.0,0.0,0.0,57.0,0.0,0.0,129.0,0.0,0.0,73.0,0.0,0.0,0.0,0.0,0.0,0.0,0.0,0.0,4.0,0.0,0.0,0.0,30.0,1.0,23.0,0.0,0.0,102.0,0.0,0.0,0.0,39.0,0.0,7.0,0.0,0.0,2.0,0.0,6.0,0.0,0.0,59.0,0.0,0.0,0.0,3.0,0.0,0.0,0.0,0.0,9.0,1.0,2.0,0.0,0.0,0.0,0.0,9.0,0.0,0.0,0.0,0.0,0.0,0.0,0.0,0.0,0.0,0.0,0.0,0.0,0.0,0.0,0.0,0.0,0.0,0.0,0.0,0.0,53.0,2.0,0.0,0.0,0.0,0.0,4.0,0.0,168.0,0.0,0.0,0.0,5.0,0.0,107.0,0.0,0.0
Big_L_-_Da_Graveyard_preview.wav,0.0,16.0,5.0,10.0,0.0,8.0,1.0,6.0,4.0,15.0,6.0,3.0,10.0,0.0,9.0,1.0,11.0,18.0,1.0,23.0,31.0,40.0,15.0,2.0,15.0,3.0,3.0,39.0,0.0,3.0,33.0,9.0,18.0,2.0,0.0,1.0,2.0,56.0,22.0,3.0,4.0,21.0,10.0,46.0,0.0,0.0,3.0,8.0,0.0,31.0,6.0,12.0,4.0,2.0,3.0,2.0,7.0,0.0,6.0,1.0,10.0,18.0,1.0,4.0,12.0,5.0,5.0,14.0,57.0,0.0,1.0,31.0,10.0,14.0,3.0,3.0,4.0,18.0,5.0,29.0,26.0,1.0,28.0,0.0,14.0,28.0,0.0,0.0,11.0,14.0,0.0,1.0,0.0,9.0,0.0,4.0,2.0,2.0,1.0,0.0,3.0,17.0,0.0,2.0,78.0,0.0,24.0,0.0,0.0,0.0,2.0,2.0,2.0,3.0,9.0,5.0,30.0,13.0,55.0,2.0,20.0,13.0,2.0,6.0,1.0,7.0,1.0,0.0
Billie_Eilish_-_Bored_preview.wav,0.0,3.0,0.0,0.0,0.0,73.0,1.0,1.0,4.0,0.0,0.0,0.0,0.0,7.0,4.0,1.0,1.0,25.0,0.0,8.0,0.0,3.0,0.0,0.0,0.0,0.0,5.0,0.0,0.0,1.0,0.0,0.0,0.0,1.0,5.0,4.0,4.0,0.0,0.0,2.0,0.0,0.0,273.0,0.0,0.0,0.0,0.0,0.0,0.0,0.0,0.0,1.0,0.0,5.0,0.0,1.0,0.0,64.0,0.0,0.0,56.0,0.0,5.0,5.0,33.0,5.0,49.0,0.0,0.0,0.0,0.0,266.0,0.0,0.0,0.0,0.0,27.0,42.0,0.0,3.0,0.0,0.0,3.0,0.0,10.0,0.0,0.0,7.0,0.0,0.0,46.0,4.0,0.0,0.0,0.0,0.0,0.0,51.0,0.0,0.0,0.0,0.0,0.0,0.0,0.0,0.0,45.0,6.0,0.0,1.0,0.0,6.0,0.0,0.0,0.0,7.0,0.0,24.0,0.0,15.0,0.0,6.0,2.0,54.0,14.0,3.0,0.0,0.0
Bipo_Montana_-_Genere_preview.wav,0.0,0.0,0.0,0.0,0.0,14.0,1.0,0.0,1.0,5.0,6.0,0.0,4.0,0.0,1.0,4.0,0.0,8.0,5.0,0.0,0.0,12.0,0.0,0.0,23.0,0.0,4.0,103.0,0.0,0.0,0.0,0.0,16.0,0.0,0.0,1.0,1.0,0.0,3.0,11.0,167.0,28.0,12.0,0.0,47.0,0.0,0.0,3.0,1.0,0.0,2.0,0.0,5.0,0.0,2.0,163.0,0.0,14.0,6.0,8.0,0.0,1.0,0.0,0.0,9.0,14.0,62.0,0.0,21.0,0.0,1.0,14.0,4.0,3.0,0.0,23.0,9.0,3.0,0.0,8.0,0.0,3.0,0.0,11.0,1.0,7.0,0.0,0.0,0.0,8.0,27.0,0.0,0.0,0.0,8.0,2.0,0.0,0.0,12.0,0.0,17.0,7.0,0.0,0.0,0.0,0.0,1.0,0.0,54.0,0.0,0.0,0.0,0.0,19.0,1.0,61.0,100.0,4.0,7.0,9.0,0.0,0.0,1.0,20.0,0.0,0.0,0.0,59.0
Bishop_Briggs_-_CAN_YOU_HEAR_ME_NOW_preview.wav,37.0,0.0,3.0,0.0,69.0,8.0,0.0,3.0,16.0,0.0,3.0,17.0,0.0,0.0,0.0,3.0,0.0,22.0,0.0,2.0,0.0,7.0,65.0,0.0,0.0,0.0,2.0,2.0,13.0,105.0,0.0,2.0,1.0,5.0,22.0,0.0,3.0,10.0,0.0,0.0,3.0,0.0,0.0,0.0,0.0,11.0,0.0,0.0,3.0,0.0,0.0,0.0,53.0,20.0,1.0,4.0,0.0,1.0,2.0,1.0,2.0,9.0,60.0,69.0,1.0,19.0,2.0,22.0,2.0,0.0,0.0,1.0,53.0,0.0,4.0,0.0,0.0,2.0,2.0,55.0,0.0,5.0,30.0,1.0,0.0,0.0,0.0,46.0,21.0,0.0,0.0,138.0,0.0,0.0,0.0,1.0,80.0,3.0,11.0,7.0,0.0,0.0,0.0,3.0,8.0,29.0,0.0,11.0,0.0,0.0,7.0,0.0,0.0,0.0,0.0,2.0,0.0,0.0,0.0,0.0,0.0,6.0,6.0,2.0,42.0,1.0,7.0,3.0
bLAck_pARty_-_Bloom_preview.wav,0.0,1.0,1.0,1.0,2.0,26.0,1.0,0.0,9.0,0.0,7.0,23.0,0.0,13.0,54.0,0.0,17.0,1.0,11.0,32.0,1.0,1.0,2.0,0.0,29.0,4.0,1.0,0.0,24.0,4.0,1.0,3.0,0.0,10.0,8.0,18.0,4.0,0.0,1.0,12.0,1.0,2.0,73.0,2.0,0.0,5.0,2.0,0.0,5.0,2.0,0.0,54.0,0.0,2.0,0.0,10.0,8.0,18.0,5.0,0.0,28.0,0.0,9.0,0.0,4.0,0.0,7.0,3.0,0.0,0.0,1.0,59.0,0.0,2.0,8.0,33.0,9.0,43.0,4.0,10.0,6.0,2.0,8.0,1.0,119.0,7.0,14.0,2.0,0.0,0.0,6.0,8.0,0.0,10.0,16.0,8.0,0.0,42.0,3.0,0.0,0.0,10.0,0.0,6.0,0.0,0.0,144.0,20.0,0.0,5.0,1.0,8.0,26.0,0.0,0.0,8.0,3.0,12.0,0.0,2.0,11.0,11.0,0.0,33.0,2.0,4.0,1.0,2.0
Blanca_-_Not_Backing_Down_preview.wav,21.0,0.0,9.0,1.0,50.0,7.0,1.0,63.0,42.0,0.0,0.0,19.0,2.0,0.0,0.0,4.0,0.0,10.0,1.0,1.0,8.0,3.0,8.0,6.0,3.0,13.0,1.0,2.0,34.0,51.0,5.0,12.0,0.0,29.0,13.0,13.0,0.0,0.0,1.0,0.0,0.0,1.0,0.0,1.0,0.0,37.0,12.0,0.0,2.0,46.0,0.0,2.0,5.0,66.0,0.0,2.0,0.0,0.0,1.0,0.0,0.0,19.0,39.0,10.0,0.0,5.0,7.0,21.0,1.0,0.0,11.0,5.0,6.0,14.0,0.0,0.0,0.0,6.0,1.0,17.0,10.0,5.0,15.0,0.0,0.0,0.0,8.0,42.0,1.0,15.0,1.0,17.0,5.0,0.0,6.0,2.0,16.0,36.0,12.0,23.0,0.0,10.0,5.0,16.0,7.0,13.0,5.0,12.0,0.0,27.0,46.0,2.0,0.0,0.0,2.0,6.0,0.0,13.0,0.0,1.0,2.0,55.0,29.0,2.0,2.0,0.0,53.0,0.0
Blasterjaxx_-_Faith_-_Radio_Edit_preview.wav,2.0,0.0,0.0,0.0,9.0,0.0,1.0,8.0,99.0,2.0,5.0,0.0,0.0,0.0,0.0,1.0,0.0,0.0,2.0,0.0,0.0,0.0,0.0,0.0,0.0,0.0,0.0,24.0,2.0,203.0,0.0,0.0,0.0,0.0,0.0,0.0,0.0,4.0,21.0,0.0,0.0,7.0,0.0,0.0,0.0,11.0,9.0,0.0,8.0,0.0,0.0,0.0,1.0,1.0,0.0,0.0,0.0,0.0,0.0,0.0,0.0,5.0,65.0,0.0,0.0,5.0,0.0,19.0,0.0,0.0,0.0,0.0,0.0,0.0,0.0,3.0,0.0,6.0,6.0,14.0,0.0,4.0,17.0,0.0,0.0,4.0,0.0,73.0,0.0,31.0,0.0,8.0,0.0,0.0,0.0,2.0,4.0,0.0,1.0,0.0,0.0,0.0,0.0,0.0,0.0,0.0,0.0,10.0,0.0,141.0,118.0,0.0,0.0,0.0,0.0,35.0,2.0,0.0,0.0,0.0,0.0,19.0,205.0,0.0,0.0,0.0,75.0,0.0
Blasterjaxx_-_Hide_Away_feat_Envy_Monroe_preview.wav,6.0,0.0,3.0,2.0,4.0,26.0,1.0,5.0,23.0,12.0,0.0,19.0,0.0,0.0,1.0,9.0,0.0,0.0,0.0,0.0,0.0,0.0,1.0,5.0,0.0,0.0,0.0,2.0,266.0,15.0,12.0,4.0,1.0,20.0,15.0,6.0,1.0,0.0,5.0,4.0,11.0,1.0,11.0,0.0,1.0,71.0,3.0,1.0,5.0,6.0,0.0,0.0,2.0,2.0,0.0,8.0,0.0,0.0,0.0,5.0,2.0,0.0,5.0,0.0,9.0,35.0,2.0,14.0,0.0,0.0,0.0,20.0,0.0,0.0,2.0,1.0,2.0,23.0,2.0,4.0,0.0,7.0,2.0,0.0,30.0,0.0,0.0,40.0,0.0,1.0,0.0,0.0,15.0,0.0,0.0,1.0,2.0,4.0,35.0,91.0,0.0,0.0,0.0,11.0,0.0,20.0,2.0,2.0,0.0,0.0,112.0,2.0,0.0,3.0,0.0,5.0,0.0,15.0,0.0,0.0,5.0,10.0,0.0,18.0,1.0,0.0,142.0,0.0
Blondie_-_Heart_Of_Glass_-_Special_Mix_preview.wav,42.0,4.0,6.0,1.0,47.0,0.0,1.0,71.0,6.0,48.0,4.0,0.0,12.0,0.0,0.0,0.0,0.0,13.0,3.0,9.0,8.0,9.0,10.0,0.0,17.0,9.0,0.0,85.0,2.0,9.0,1.0,42.0,7.0,7.0,1.0,0.0,0.0,21.0,21.0,0.0,0.0,61.0,3.0,8.0,0.0,41.0,10.0,0.0,9.0,32.0,0.0,8.0,2.0,0.0,2.0,6.0,0.0,1.0,2.0,0.0,1.0,47.0,0.0,11.0,8.0,36.0,4.0,3.0,16.0,0.0,0.0,0.0,6.0,23.0,2.0,0.0,0.0,0.0,4.0,38.0,17.0,8.0,0.0,0.0,2.0,1.0,0.0,4.0,3.0,140.0,0.0,0.0,0.0,0.0,0.0,1.0,1.0,0.0,4.0,1.0,0.0,0.0,0.0,7.0,1.0,44.0,0.0,2.0,0.0,18.0,4.0,0.0,0.0,1.0,1.0,11.0,10.0,5.0,60.0,4.0,0.0,23.0,11.0,2.0,1.0,0.0,3.0,2.0
Blues_Saraceno_-_Dogs_of_War_preview.wav,0.0,0.0,0.0,0.0,0.0,64.0,1.0,0.0,0.0,0.0,0.0,0.0,0.0,0.0,0.0,0.0,0.0,5.0,4.0,0.0,0.0,1.0,0.0,0.0,0.0,0.0,0.0,46.0,0.0,0.0,0.0,0.0,8.0,0.0,0.0,0.0,3.0,0.0,0.0,0.0,16.0,0.0,0.0,0.0,6.0,0.0,0.0,612.0,0.0,0.0,0.0,0.0,0.0,0.0,0.0,1.0,0.0,0.0,0.0,19.0,0.0,0.0,0.0,0.0,0.0,0.0,0.0,0.0,56.0,0.0,0.0,0.0,0.0,0.0,0.0,0.0,370.0,0.0,0.0,0.0,0.0,0.0,0.0,3.0,0.0,0.0,0.0,0.0,0.0,3.0,15.0,0.0,0.0,0.0,0.0,0.0,0.0,0.0,0.0,0.0,0.0,0.0,0.0,0.0,0.0,0.0,0.0,0.0,9.0,0.0,0.0,0.0,0.0,9.0,0.0,0.0,0.0,0.0,2.0,1.0,0.0,0.0,0.0,30.0,0.0,1.0,0.0,7.0
Bobby_Brown_-_All_Day_All_Night_preview.wav,0.0,1.0,13.0,5.0,0.0,0.0,2.0,3.0,28.0,8.0,24.0,0.0,5.0,0.0,7.0,1.0,16.0,0.0,6.0,10.0,2.0,11.0,0.0,0.0,11.0,35.0,0.0,9.0,0.0,4.0,0.0,21.0,0.0,5.0,0.0,4.0,2.0,0.0,9.0,8.0,4.0,95.0,0.0,1.0,0.0,0.0,26.0,0.0,32.0,3.0,0.0,3.0,2.0,1.0,21.0,39.0,1.0,0.0,50.0,0.0,6.0,1.0,0.0,0.0,9.0,16.0,115.0,17.0,0.0,0.0,5.0,0.0,0.0,15.0,3.0,8.0,0.0,2.0,20.0,5.0,1.0,28.0,0.0,0.0,6.0,10.0,2.0,0.0,0.0,71.0,0.0,3.0,0.0,0.0,2.0,5.0,0.0,6.0,18.0,0.0,0.0,5.0,0.0,1.0,0.0,0.0,4.0,21.0,0.0,18.0,0.0,1.0,4.0,3.0,1.0,155.0,108.0,23.0,0.0,13.0,7.0,10.0,13.0,2.0,0.0,1.0,0.0,0.0
BONES_-_WhatWasThat_preview.wav,0.0,26.0,2.0,16.0,0.0,7.0,2.0,8.0,42.0,2.0,0.0,0.0,1.0,0.0,4.0,2.0,4.0,1.0,0.0,17.0,34.0,11.0,2.0,0.0,3.0,9.0,3.0,2.0,0.0,0.0,0.0,1.0,0.0,122.0,0.0,2.0,4.0,0.0,2.0,0.0,20.0,5.0,3.0,0.0,0.0,0.0,23.0,0.0,46.0,17.0,0.0,4.0,1.0,1.0,0.0,18.0,0.0,0.0,5.0,0.0,1.0,0.0,0.0,0.0,87.0,28.0,62.0,9.0,0.0,0.0,5.0,19.0,0.0,5.0,0.0,7.0,0.0,2.0,13.0,4.0,14.0,56.0,1.0,0.0,1.0,1.0,0.0,0.0,0.0,3.0,0.0,0.0,0.0,0.0,1.0,0.0,0.0,2.0,318.0,0.0,1.0,0.0,0.0,0.0,0.0,0.0,8.0,18.0,0.0,1.0,47.0,5.0,5.0,12.0,2.0,20.0,15.0,14.0,1.0,1.0,10.0,7.0,0.0,4.0,0.0,2.0,8.0,0.0
Bonez_MC_-_Ich_Binnezz_preview.wav,10.0,8.0,26.0,31.0,4.0,4.0,1.0,19.0,24.0,9.0,3.0,9.0,9.0,1.0,7.0,3.0,15.0,15.0,0.0,17.0,11.0,5.0,22.0,8.0,10.0,9.0,1.0,8.0,2.0,15.0,6.0,5.0,2.0,34.0,0.0,5.0,0.0,14.0,24.0,0.0,0.0,14.0,9.0,18.0,0.0,1.0,5.0,0.0,11.0,28.0,8.0,26.0,4.0,19.0,2.0,5.0,3.0,2.0,10.0,0.0,3.0,16.0,3.0,6.0,32.0,46.0,3.0,44.0,2.0,0.0,1.0,7.0,3.0,7.0,3.0,2.0,2.0,25.0,7.0,55.0,4.0,27.0,12.0,0.0,10.0,4.0,0.0,1.0,1.0,28.0,6.0,13.0,16.0,13.0,7.0,1.0,0.0,19.0,31.0,2.0,15.0,8.0,0.0,2.0,0.0,1.0,23.0,20.0,0.0,7.0,17.0,4.0,12.0,14.0,17.0,9.0,13.0,19.0,10.0,16.0,32.0,13.0,2.0,8.0,3.0,2.0,2.0,0.0
Boyz_II_Men_-_Motownphilly_preview.wav,7.0,6.0,45.0,75.0,11.0,0.0,2.0,117.0,8.0,0.0,4.0,0.0,6.0,0.0,2.0,0.0,13.0,0.0,0.0,13.0,14.0,2.0,0.0,0.0,13.0,63.0,0.0,1.0,31.0,2.0,0.0,31.0,2.0,24.0,0.0,0.0,0.0,0.0,1.0,0.0,0.0,36.0,0.0,14.0,0.0,32.0,25.0,0.0,3.0,180.0,0.0,17.0,1.0,0.0,0.0,0.0,10.0,0.0,1.0,0.0,0.0,3.0,0.0,0.0,3.0,1.0,1.0,1.0,0.0,0.0,0.0,0.0,0.0,16.0,14.0,0.0,0.0,0.0,2.0,3.0,124.0,0.0,0.0,0.0,0.0,0.0,0.0,1.0,0.0,18.0,0.0,0.0,0.0,12.0,0.0,2.0,3.0,6.0,2.0,1.0,1.0,14.0,0.0,4.0,0.0,8.0,6.0,3.0,0.0,20.0,38.0,0.0,7.0,0.0,3.0,2.0,2.0,5.0,1.0,3.0,99.0,34.0,0.0,0.0,0.0,1.0,16.0,0.0
Brent_Faiyaz_-_First_World_Problemz_Nobody_Carez_preview.wav,0.0,0.0,0.0,1.0,0.0,7.0,4.0,0.0,6.0,0.0,10.0,0.0,1.0,0.0,14.0,9.0,6.0,0.0,0.0,9.0,0.0,4.0,0.0,0.0,9.0,0.0,3.0,3.0,0.0,0.0,0.0,1.0,0.0,10.0,0.0,7.0,8.0,0.0,0.0,24.0,20.0,14.0,38.0,0.0,180.0,0.0,3.0,0.0,27.0,0.0,0.0,1.0,0.0,0.0,2.0,89.0,2.0,0.0,2.0,1.0,9.0,0.0,0.0,0.0,4.0,2.0,221.0,0.0,0.0,0.0,0.0,15.0,0.0,0.0,0.0,35.0,6.0,0.0,4.0,0.0,0.0,53.0,0.0,5.0,43.0,32.0,0.0,0.0,0.0,0.0,60.0,0.0,0.0,0.0,0.0,0.0,0.0,0.0,31.0,0.0,2.0,0.0,0.0,0.0,0.0,0.0,1.0,0.0,3.0,0.0,1.0,2.0,0.0,0.0,0.0,106.0,20.0,3.0,0.0,9.0,0.0,0.0,0.0,92.0,0.0,7.0,0.0,11.0
Cade_Thompson_-_Grateful_Neon_Feather_Remix_preview.wav,0.0,0.0,0.0,0.0,57.0,0.0,0.0,1.0,0.0,0.0,2.0,50.0,1.0,0.0,0.0,0.0,0.0,0.0,0.0,0.0,0.0,0.0,0.0,8.0,0.0,20.0,0.0,0.0,86.0,24.0,113.0,0.0,0.0,6.0,305.0,0.0,0.0,0.0,4.0,0.0,0.0,0.0,0.0,5.0,0.0,3.0,7.0,0.0,8.0,0.0,0.0,0.0,0.0,0.0,0.0,0.0,0.0,0.0,0.0,0.0,0.0,16.0,19.0,0.0,0.0,0.0,0.0,0.0,0.0,0.0,3.0,0.0,0.0,5.0,1.0,0.0,0.0,0.0,1.0,1.0,0.0,1.0,0.0,0.0,0.0,0.0,0.0,24.0,0.0,3.0,0.0,3.0,30.0,0.0,3.0,1.0,15.0,0.0,0.0,13.0,0.0,0.0,1.0,99.0,67.0,174.0,0.0,0.0,0.0,0.0,19.0,0.0,0.0,0.0,0.0,0.0,0.0,0.0,0.0,0.0,0.0,1.0,0.0,0.0,75.0,0.0,17.0,0.0
Calum_Scott_-_Dancing_On_My_Own_-_Tiesto_Remix_preview.wav,2.0,0.0,1.0,0.0,41.0,24.0,0.0,14.0,25.0,1.0,1.0,10.0,0.0,0.0,0.0,10.0,0.0,65.0,0.0,1.0,2.0,5.0,23.0,0.0,0.0,0.0,1.0,0.0,2.0,75.0,0.0,2.0,0.0,3.0,47.0,0.0,0.0,89.0,0.0,0.0,0.0,2.0,0.0,0.0,0.0,26.0,0.0,0.0,0.0,0.0,0.0,0.0,81.0,66.0,0.0,0.0,0.0,0.0,4.0,0.0,0.0,5.0,11.0,19.0,0.0,121.0,0.0,81.0,0.0,0.0,10.0,3.0,27.0,2.0,1.0,0.0,0.0,8.0,2.0,47.0,0.0,4.0,3.0,0.0,0.0,0.0,2.0,32.0,6.0,1.0,0.0,16.0,0.0,0.0,6.0,2.0,52.0,0.0,22.0,6.0,1.0,0.0,6.0,3.0,3.0,8.0,0.0,14.0,0.0,2.0,32.0,0.0,0.0,0.0,0.0,1.0,0.0,2.0,1.0,3.0,0.0,7.0,6.0,0.0,41.0,0.0,50.0,0.0
Calvin_Harris_-_Blame_preview.wav,22.0,0.0,1.0,0.0,66.0,3.0,0.0,8.0,4.0,0.0,2.0,56.0,0.0,0.0,0.0,9.0,0.0,4.0,3.0,0.0,0.0,2.0,50.0,0.0,0.0,7.0,1.0,0.0,15.0,44.0,13.0,0.0,0.0,0.0,203.0,0.0,0.0,0.0,3.0,0.0,0.0,0.0,0.0,15.0,0.0,6.0,2.0,0.0,0.0,0.0,0.0,0.0,34.0,10.0,5.0,4.0,0.0,0.0,0.0,0.0,0.0,82.0,16.0,48.0,0.0,6.0,2.0,5.0,23.0,0.0,0.0,3.0,75.0,0.0,0.0,0.0,0.0,2.0,1.0,6.0,0.0,4.0,1.0,0.0,0.0,1.0,0.0,16.0,7.0,5.0,0.0,15.0,1.0,0.0,0.0,3.0,106.0,0.0,5.0,29.0,0.0,0.0,0.0,5.0,28.0,74.0,1.0,4.0,0.0,8.0,5.0,0.0,0.0,0.0,0.0,2.0,0.0,2.0,0.0,0.0,0.0,0.0,20.0,2.0,74.0,0.0,13.0,0.0
Calvin_Harris_-_I_Need_Your_Love_feat_Ellie_Goulding_preview.wav,4.0,0.0,0.0,0.0,13.0,13.0,0.0,0.0,0.0,12.0,1.0,4.0,0.0,0.0,0.0,11.0,0.0,6.0,9.0,0.0,0.0,0.0,3.0,4.0,2.0,2.0,0.0,78.0,1.0,23.0,41.0,3.0,0.0,0.0,139.0,3.0,1.0,0.0,31.0,2.0,37.0,8.0,0.0,0.0,0.0,0.0,0.0,3.0,1.0,0.0,12.0,0.0,4.0,0.0,0.0,10.0,2.0,0.0,2.0,2.0,0.0,44.0,37.0,53.0,0.0,0.0,13.0,0.0,10.0,0.0,5.0,1.0,12.0,27.0,0.0,1.0,0.0,0.0,0.0,0.0,1.0,0.0,0.0,0.0,0.0,3.0,3.0,67.0,0.0,25.0,0.0,79.0,0.0,1.0,0.0,2.0,21.0,1.0,2.0,20.0,5.0,1.0,0.0,60.0,21.0,6.0,0.0,8.0,0.0,38.0,0.0,3.0,0.0,4.0,0.0,12.0,6.0,0.0,0.0,0.0,0.0,0.0,55.0,5.0,136.0,0.0,13.0,4.0
Camila_Cabello_-_Liar_preview.wav,0.0,1.0,4.0,2.0,26.0,0.0,1.0,20.0,44.0,5.0,4.0,0.0,4.0,0.0,0.0,0.0,3.0,30.0,0.0,4.0,5.0,9.0,25.0,2.0,2.0,19.0,0.0,15.0,4.0,100.0,20.0,1.0,2.0,11.0,31.0,0.0,2.0,40.0,59.0,1.0,2.0,4.0,2.0,2.0,0.0,24.0,7.0,0.0,2.0,16.0,2.0,3.0,15.0,2.0,1.0,0.0,2.0,0.0,35.0,0.0,0.0,23.0,34.0,7.0,10.0,33.0,2.0,25.0,1.0,0.0,30.0,9.0,7.0,29.0,1.0,3.0,0.0,9.0,8.0,77.0,2.0,6.0,26.0,0.0,1.0,0.0,7.0,27.0,0.0,10.0,0.0,27.0,3.0,0.0,3.0,1.0,28.0,1.0,22.0,0.0,5.0,3.0,3.0,6.0,7.0,7.0,6.0,8.0,0.0,22.0,17.0,1.0,0.0,0.0,3.0,25.0,2.0,13.0,0.0,0.0,0.0,20.0,19.0,4.0,21.0,1.0,12.0,0.0
Campsite_Dream_-_Genie_in_a_Bottle_preview.wav,15.0,0.0,4.0,0.0,24.0,7.0,1.0,11.0,5.0,20.0,5.0,78.0,0.0,0.0,1.0,27.0,0.0,3.0,0.0,3.0,0.0,6.0,13.0,13.0,0.0,3.0,0.0,7.0,32.0,29.0,20.0,12.0,0.0,4.0,27.0,8.0,0.0,3.0,40.0,3.0,5.0,8.0,0.0,0.0,0.0,7.0,12.0,0.0,6.0,4.0,3.0,3.0,2.0,23.0,1.0,2.0,0.0,27.0,7.0,1.0,3.0,7.0,50.0,41.0,0.0,1.0,6.0,4.0,1.0,0.0,0.0,7.0,4.0,73.0,4.0,6.0,1.0,5.0,12.0,15.0,5.0,7.0,23.0,0.0,0.0,5.0,5.0,51.0,3.0,1.0,32.0,81.0,8.0,0.0,3.0,0.0,6.0,15.0,12.0,1.0,4.0,2.0,0.0,24.0,4.0,8.0,1.0,2.0,13.0,46.0,5.0,6.0,0.0,7.0,0.0,23.0,2.0,2.0,2.0,2.0,5.0,16.0,49.0,12.0,17.0,1.0,3.0,3.0
Capital_Kings_-_Northern_Sky_feat_Kb_preview.wav,2.0,0.0,0.0,0.0,4.0,0.0,0.0,0.0,0.0,1.0,0.0,94.0,1.0,0.0,0.0,0.0,0.0,2.0,3.0,1.0,0.0,3.0,46.0,0.0,0.0,3.0,0.0,1.0,34.0,7.0,44.0,0.0,0.0,2.0,34.0,0.0,0.0,68.0,68.0,0.0,0.0,0.0,0.0,2.0,0.0,2.0,11.0,0.0,1.0,0.0,0.0,0.0,62.0,0.0,0.0,1.0,0.0,0.0,1.0,0.0,0.0,20.0,5.0,2.0,0.0,10.0,0.0,1.0,3.0,0.0,4.0,0.0,186.0,4.0,0.0,2.0,0.0,0.0,4.0,3.0,0.0,1.0,2.0,0.0,0.0,0.0,0.0,30.0,5.0,0.0,0.0,9.0,30.0,0.0,1.0,1.0,131.0,0.0,10.0,76.0,1.0,0.0,0.0,31.0,80.0,5.0,0.0,0.0,0.0,2.0,4.0,0.0,0.0,2.0,0.0,0.0,0.0,0.0,10.0,0.0,0.0,0.0,0.0,0.0,118.0,0.0,1.0,0.0
Carmada_-_On_Fire_preview.wav,1.0,3.0,14.0,4.0,39.0,0.0,1.0,5.0,0.0,54.0,5.0,5.0,2.0,0.0,1.0,0.0,4.0,0.0,1.0,6.0,1.0,0.0,20.0,13.0,2.0,22.0,0.0,13.0,79.0,7.0,108.0,0.0,0.0,6.0,36.0,0.0,0.0,0.0,110.0,0.0,10.0,2.0,0.0,2.0,0.0,51.0,1.0,0.0,0.0,1.0,11.0,2.0,6.0,3.0,0.0,0.0,4.0,0.0,35.0,0.0,2.0,42.0,18.0,14.0,3.0,0.0,0.0,0.0,14.0,0.0,0.0,0.0,17.0,45.0,1.0,3.0,0.0,0.0,7.0,4.0,0.0,2.0,3.0,0.0,0.0,1.0,1.0,48.0,0.0,1.0,0.0,29.0,2.0,0.0,2.0,1.0,37.0,0.0,0.0,1.0,9.0,12.0,0.0,71.0,5.0,22.0,1.0,0.0,0.0,20.0,27.0,0.0,2.0,8.0,2.0,0.0,2.0,3.0,0.0,0.0,2.0,5.0,13.0,0.0,63.0,0.0,37.0,0.0
CASS_-_Dont_Look_Down_feat_Blake_Young_preview.wav,33.0,5.0,4.0,11.0,5.0,2.0,1.0,5.0,18.0,14.0,18.0,2.0,10.0,0.0,0.0,10.0,2.0,1.0,12.0,8.0,21.0,0.0,4.0,76.0,20.0,0.0,0.0,0.0,1.0,21.0,11.0,64.0,0.0,16.0,0.0,0.0,0.0,1.0,12.0,0.0,1.0,2.0,0.0,11.0,0.0,1.0,8.0,0.0,8.0,23.0,3.0,1.0,0.0,4.0,0.0,0.0,10.0,0.0,29.0,0.0,0.0,2.0,0.0,2.0,6.0,15.0,0.0,15.0,0.0,0.0,88.0,3.0,0.0,7.0,4.0,14.0,0.0,5.0,6.0,21.0,8.0,3.0,4.0,0.0,0.0,1.0,125.0,2.0,0.0,4.0,0.0,16.0,38.0,13.0,69.0,9.0,8.0,11.0,10.0,24.0,35.0,5.0,18.0,2.0,0.0,0.0,2.0,2.0,0.0,4.0,40.0,0.0,0.0,2.0,30.0,4.0,4.0,18.0,5.0,1.0,33.0,7.0,21.0,1.0,0.0,0.0,14.0,2.0
CeeLo_Green_-_Baby_Its_Cold_Outside_feat_Christina_Aguilera_preview.wav,11.0,2.0,10.0,1.0,4.0,7.0,1.0,3.0,8.0,32.0,5.0,3.0,21.0,0.0,6.0,1.0,4.0,2.0,1.0,15.0,9.0,6.0,6.0,8.0,41.0,4.0,2.0,23.0,1.0,2.0,3.0,16.0,1.0,18.0,4.0,5.0,2.0,4.0,38.0,11.0,9.0,23.0,1.0,12.0,0.0,1.0,21.0,0.0,10.0,7.0,5.0,8.0,31.0,10.0,0.0,6.0,2.0,0.0,39.0,0.0,2.0,34.0,0.0,1.0,4.0,10.0,11.0,49.0,2.0,0.0,11.0,4.0,3.0,54.0,0.0,19.0,0.0,5.0,7.0,3.0,15.0,23.0,3.0,0.0,33.0,17.0,2.0,6.0,4.0,23.0,0.0,2.0,0.0,17.0,5.0,2.0,5.0,6.0,32.0,0.0,55.0,19.0,0.0,29.0,14.0,12.0,4.0,8.0,0.0,14.0,23.0,4.0,0.0,3.0,25.0,51.0,24.0,14.0,4.0,1.0,4.0,2.0,21.0,0.0,12.0,1.0,8.0,0.0
Charli_XCX_-_1999_preview.wav,1.0,0.0,19.0,1.0,18.0,0.0,0.0,26.0,19.0,8.0,3.0,57.0,1.0,0.0,0.0,2.0,0.0,2.0,4.0,0.0,0.0,0.0,7.0,11.0,9.0,26.0,0.0,0.0,23.0,126.0,30.0,6.0,0.0,4.0,17.0,0.0,0.0,0.0,36.0,0.0,1.0,21.0,0.0,5.0,0.0,51.0,13.0,0.0,4.0,0.0,5.0,0.0,3.0,75.0,0.0,0.0,2.0,0.0,45.0,0.0,0.0,8.0,56.0,2.0,0.0,3.0,1.0,3.0,0.0,0.0,12.0,3.0,0.0,54.0,1.0,3.0,0.0,14.0,1.0,10.0,0.0,5.0,9.0,0.0,1.0,4.0,0.0,61.0,0.0,8.0,0.0,21.0,14.0,0.0,2.0,2.0,22.0,15.0,2.0,40.0,8.0,7.0,0.0,4.0,0.0,2.0,11.0,25.0,0.0,21.0,25.0,0.0,0.0,1.0,2.0,6.0,19.0,7.0,0.0,0.0,0.0,59.0,6.0,0.0,2.0,0.0,29.0,0.0
Charli_XCX_-_Break_the_Rules_preview.wav,3.0,0.0,1.0,1.0,70.0,3.0,0.0,0.0,4.0,0.0,1.0,146.0,0.0,0.0,0.0,7.0,2.0,19.0,1.0,0.0,1.0,83.0,66.0,0.0,6.0,0.0,0.0,5.0,65.0,20.0,1.0,1.0,18.0,0.0,114.0,2.0,0.0,3.0,6.0,0.0,0.0,1.0,0.0,0.0,0.0,21.0,7.0,28.0,5.0,0.0,0.0,0.0,11.0,4.0,0.0,1.0,0.0,0.0,4.0,4.0,0.0,5.0,20.0,10.0,0.0,43.0,2.0,1.0,10.0,0.0,18.0,0.0,11.0,14.0,2.0,3.0,15.0,0.0,0.0,21.0,0.0,3.0,0.0,0.0,0.0,3.0,3.0,25.0,5.0,11.0,0.0,1.0,0.0,4.0,0.0,1.0,34.0,7.0,2.0,25.0,0.0,9.0,0.0,34.0,17.0,62.0,0.0,0.0,0.0,3.0,7.0,0.0,1.0,0.0,0.0,1.0,0.0,2.0,18.0,0.0,0.0,0.0,3.0,15.0,86.0,0.0,0.0,0.0
Charlie_Puth_-_We_Dont_Talk_Anymore_preview.wav,4.0,2.0,2.0,0.0,1.0,0.0,2.0,1.0,24.0,4.0,6.0,0.0,0.0,0.0,33.0,24.0,3.0,13.0,1.0,17.0,0.0,0.0,11.0,0.0,8.0,0.0,0.0,0.0,0.0,7.0,0.0,44.0,0.0,0.0,20.0,3.0,1.0,0.0,2.0,1.0,5.0,11.0,22.0,0.0,0.0,0.0,0.0,0.0,0.0,4.0,0.0,8.0,0.0,6.0,0.0,8.0,0.0,3.0,1.0,0.0,15.0,0.0,51.0,17.0,7.0,1.0,29.0,2.0,0.0,0.0,0.0,33.0,0.0,1.0,0.0,13.0,0.0,127.0,2.0,9.0,16.0,3.0,87.0,0.0,165.0,3.0,0.0,0.0,0.0,1.0,0.0,19.0,0.0,1.0,1.0,0.0,0.0,24.0,4.0,0.0,1.0,9.0,0.0,3.0,0.0,0.0,51.0,3.0,0.0,4.0,3.0,9.0,0.0,0.0,6.0,70.0,31.0,46.0,0.0,0.0,5.0,43.0,68.0,1.0,4.0,1.0,0.0,1.0
Charlotte_Lawrence_-_Sleep_Talking_preview.wav,11.0,0.0,9.0,0.0,26.0,2.0,1.0,20.0,8.0,51.0,3.0,33.0,7.0,0.0,0.0,10.0,1.0,18.0,1.0,0.0,0.0,0.0,21.0,24.0,3.0,53.0,0.0,16.0,38.0,25.0,34.0,1.0,0.0,2.0,31.0,0.0,0.0,0.0,52.0,0.0,21.0,12.0,0.0,13.0,0.0,30.0,3.0,1.0,5.0,3.0,8.0,1.0,0.0,37.0,0.0,0.0,3.0,0.0,30.0,0.0,0.0,12.0,36.0,16.0,0.0,4.0,2.0,3.0,9.0,0.0,13.0,0.0,0.0,53.0,1.0,6.0,0.0,4.0,7.0,11.0,0.0,0.0,10.0,0.0,0.0,14.0,5.0,45.0,0.0,18.0,0.0,17.0,13.0,9.0,10.0,3.0,4.0,6.0,2.0,0.0,25.0,17.0,0.0,54.0,5.0,5.0,0.0,13.0,0.0,52.0,1.0,0.0,0.0,2.0,6.0,27.0,18.0,3.0,3.0,0.0,2.0,11.0,37.0,0.0,10.0,0.0,0.0,0.0
Chavela_Vargas_-_Paloma_Negra_preview.wav,0.0,2.0,0.0,0.0,0.0,0.0,23.0,0.0,0.0,0.0,2.0,0.0,2.0,1.0,0.0,0.0,2.0,0.0,36.0,0.0,1.0,0.0,0.0,0.0,0.0,0.0,81.0,0.0,0.0,0.0,0.0,0.0,97.0,0.0,0.0,0.0,229.0,0.0,0.0,17.0,5.0,0.0,0.0,0.0,1.0,0.0,1.0,0.0,31.0,0.0,55.0,0.0,0.0,0.0,35.0,8.0,0.0,2.0,0.0,1.0,1.0,0.0,0.0,0.0,0.0,0.0,2.0,0.0,0.0,4.0,0.0,0.0,0.0,0.0,5.0,9.0,0.0,0.0,20.0,0.0,0.0,34.0,0.0,9.0,0.0,32.0,0.0,0.0,0.0,0.0,0.0,0.0,0.0,0.0,1.0,0.0,0.0,0.0,2.0,0.0,6.0,0.0,0.0,0.0,0.0,0.0,0.0,0.0,0.0,0.0,0.0,126.0,0.0,44.0,0.0,0.0,2.0,0.0,0.0,4.0,0.0,0.0,0.0,1.0,0.0,326.0,0.0,32.0
Cheap_Trick_-_I_Want_You_To_Want_Me_preview.wav,2.0,0.0,0.0,0.0,0.0,50.0,5.0,0.0,0.0,0.0,0.0,0.0,3.0,0.0,7.0,204.0,1.0,41.0,8.0,0.0,1.0,30.0,0.0,0.0,1.0,0.0,15.0,2.0,0.0,0.0,0.0,0.0,1.0,0.0,0.0,0.0,7.0,0.0,0.0,1.0,8.0,0.0,13.0,0.0,112.0,0.0,0.0,0.0,3.0,0.0,0.0,0.0,0.0,0.0,20.0,43.0,0.0,1.0,0.0,3.0,1.0,0.0,0.0,18.0,9.0,4.0,44.0,0.0,0.0,0.0,0.0,37.0,0.0,0.0,0.0,3.0,12.0,0.0,5.0,0.0,0.0,11.0,0.0,15.0,3.0,19.0,0.0,0.0,0.0,0.0,99.0,0.0,0.0,0.0,0.0,0.0,0.0,0.0,1.0,0.0,0.0,0.0,0.0,0.0,0.0,0.0,0.0,0.0,7.0,0.0,0.0,3.0,0.0,13.0,0.0,4.0,4.0,5.0,0.0,33.0,0.0,0.0,31.0,244.0,0.0,1.0,0.0,84.0
Chief_Keef_-_Love_Sosa_preview.wav,15.0,14.0,5.0,1.0,3.0,5.0,2.0,4.0,13.0,0.0,2.0,0.0,0.0,0.0,0.0,5.0,4.0,5.0,0.0,7.0,10.0,26.0,4.0,0.0,0.0,0.0,88.0,0.0,0.0,7.0,0.0,18.0,0.0,16.0,1.0,3.0,9.0,0.0,0.0,2.0,0.0,2.0,19.0,0.0,6.0,2.0,4.0,2.0,5.0,6.0,0.0,2.0,7.0,5.0,25.0,1.0,0.0,150.0,0.0,2.0,28.0,7.0,2.0,2.0,26.0,26.0,10.0,46.0,0.0,0.0,0.0,2.0,0.0,0.0,1.0,0.0,0.0,3.0,8.0,3.0,5.0,9.0,17.0,0.0,3.0,0.0,0.0,4.0,0.0,2.0,69.0,6.0,0.0,0.0,0.0,1.0,3.0,29.0,28.0,1.0,0.0,0.0,0.0,0.0,0.0,4.0,21.0,21.0,0.0,3.0,15.0,18.0,0.0,0.0,0.0,4.0,0.0,14.0,1.0,280.0,8.0,8.0,4.0,39.0,0.0,3.0,1.0,0.0
Childish_Gambino_-_Fire_Fly_preview.wav,19.0,0.0,4.0,0.0,7.0,26.0,0.0,3.0,9.0,0.0,0.0,2.0,0.0,0.0,0.0,25.0,0.0,151.0,0.0,0.0,2.0,14.0,102.0,0.0,0.0,0.0,5.0,0.0,2.0,14.0,0.0,7.0,2.0,4.0,37.0,0.0,2.0,22.0,0.0,0.0,1.0,0.0,0.0,0.0,0.0,3.0,1.0,0.0,3.0,5.0,0.0,1.0,1.0,20.0,0.0,1.0,0.0,0.0,0.0,0.0,0.0,1.0,32.0,159.0,6.0,11.0,1.0,3.0,29.0,0.0,0.0,9.0,135.0,0.0,0.0,0.0,0.0,11.0,1.0,24.0,1.0,6.0,32.0,0.0,4.0,0.0,0.0,0.0,33.0,0.0,0.0,43.0,0.0,0.0,0.0,0.0,0.0,12.0,3.0,0.0,0.0,0.0,0.0,0.0,55.0,5.0,13.0,12.0,0.0,4.0,0.0,4.0,0.0,0.0,0.0,1.0,0.0,4.0,1.0,1.0,0.0,7.0,12.0,2.0,118.0,2.0,0.0,0.0
Christopher_Wilde_-_Starstruck_preview.wav,8.0,0.0,4.0,0.0,117.0,0.0,1.0,4.0,2.0,0.0,1.0,10.0,0.0,0.0,0.0,0.0,1.0,2.0,0.0,0.0,3.0,0.0,18.0,0.0,0.0,3.0,0.0,1.0,45.0,36.0,13.0,0.0,0.0,3.0,58.0,0.0,0.0,1.0,4.0,0.0,0.0,0.0,0.0,1.0,0.0,7.0,13.0,0.0,11.0,0.0,0.0,0.0,4.0,42.0,0.0,0.0,2.0,0.0,0.0,0.0,0.0,70.0,19.0,12.0,0.0,6.0,0.0,4.0,2.0,0.0,0.0,0.0,5.0,0.0,4.0,0.0,0.0,0.0,8.0,11.0,0.0,10.0,1.0,0.0,0.0,0.0,0.0,146.0,3.0,6.0,0.0,80.0,1.0,0.0,0.0,1.0,78.0,0.0,3.0,25.0,0.0,0.0,0.0,114.0,26.0,21.0,0.0,2.0,0.0,66.0,13.0,0.0,0.0,0.0,0.0,1.0,0.0,0.0,1.0,0.0,0.0,2.0,50.0,0.0,77.0,0.0,9.0,0.0
Christopher_Williams_-_Im_Dreamin_preview.wav,1.0,4.0,1.0,0.0,3.0,27.0,2.0,1.0,40.0,8.0,3.0,0.0,1.0,0.0,25.0,37.0,4.0,20.0,2.0,20.0,8.0,12.0,3.0,2.0,2.0,0.0,0.0,23.0,0.0,3.0,41.0,16.0,3.0,8.0,0.0,0.0,1.0,0.0,30.0,3.0,35.0,2.0,11.0,0.0,0.0,0.0,7.0,2.0,5.0,1.0,34.0,1.0,19.0,1.0,0.0,13.0,1.0,0.0,12.0,0.0,6.0,16.0,10.0,5.0,9.0,27.0,36.0,43.0,14.0,0.0,5.0,24.0,19.0,0.0,0.0,26.0,0.0,34.0,4.0,34.0,0.0,15.0,8.0,0.0,22.0,23.0,6.0,2.0,0.0,12.0,2.0,7.0,9.0,0.0,1.0,2.0,4.0,0.0,41.0,0.0,32.0,0.0,0.0,4.0,25.0,0.0,14.0,4.0,0.0,16.0,2.0,1.0,12.0,1.0,0.0,30.0,15.0,47.0,14.0,2.0,1.0,32.0,51.0,13.0,10.0,1.0,0.0,1.0
Cienfue_-_On_the_Back_of_Your_Neck_preview.wav,4.0,0.0,4.0,0.0,20.0,50.0,0.0,9.0,3.0,0.0,1.0,4.0,0.0,0.0,0.0,0.0,0.0,88.0,0.0,0.0,1.0,6.0,74.0,0.0,0.0,0.0,2.0,1.0,0.0,8.0,0.0,0.0,0.0,1.0,28.0,0.0,2.0,0.0,0.0,0.0,1.0,0.0,8.0,0.0,0.0,2.0,0.0,276.0,0.0,3.0,0.0,0.0,7.0,0.0,2.0,0.0,0.0,0.0,0.0,0.0,0.0,3.0,3.0,62.0,34.0,10.0,0.0,2.0,168.0,0.0,0.0,18.0,67.0,0.0,1.0,0.0,82.0,0.0,6.0,20.0,0.0,2.0,1.0,0.0,0.0,0.0,0.0,0.0,0.0,0.0,0.0,5.0,0.0,0.0,0.0,0.0,20.0,0.0,5.0,0.0,0.0,0.0,0.0,0.0,42.0,2.0,0.0,0.0,0.0,2.0,0.0,1.0,2.0,0.0,0.0,1.0,0.0,10.0,4.0,13.0,0.0,4.0,0.0,4.0,93.0,0.0,0.0,0.0
Color_Me_Badd_-_I_Adore_Mi_Amor_preview.wav,0.0,16.0,0.0,0.0,2.0,6.0,3.0,16.0,16.0,1.0,2.0,0.0,0.0,0.0,5.0,6.0,1.0,1.0,2.0,22.0,29.0,1.0,0.0,0.0,0.0,23.0,2.0,12.0,0.0,10.0,0.0,26.0,0.0,1.0,0.0,0.0,5.0,0.0,12.0,6.0,29.0,23.0,37.0,0.0,0.0,0.0,5.0,0.0,2.0,0.0,0.0,4.0,0.0,8.0,0.0,12.0,0.0,6.0,32.0,0.0,15.0,1.0,10.0,0.0,23.0,38.0,69.0,49.0,0.0,0.0,0.0,71.0,0.0,18.0,5.0,12.0,0.0,53.0,11.0,15.0,4.0,15.0,9.0,0.0,65.0,0.0,0.0,1.0,0.0,35.0,14.0,0.0,0.0,0.0,0.0,0.0,0.0,2.0,17.0,0.0,2.0,0.0,0.0,3.0,0.0,0.0,14.0,22.0,0.0,51.0,0.0,7.0,1.0,0.0,0.0,107.0,33.0,50.0,3.0,3.0,2.0,12.0,31.0,4.0,0.0,10.0,1.0,0.0
Color_Me_Badd_-_I_Wanna_Sex_You_Up_preview.wav,0.0,6.0,66.0,20.0,4.0,0.0,1.0,25.0,60.0,0.0,0.0,0.0,4.0,0.0,3.0,0.0,13.0,0.0,0.0,20.0,17.0,0.0,1.0,2.0,32.0,2.0,0.0,0.0,0.0,52.0,1.0,5.0,0.0,85.0,0.0,4.0,0.0,0.0,8.0,0.0,0.0,38.0,0.0,7.0,0.0,12.0,30.0,0.0,21.0,33.0,0.0,9.0,3.0,26.0,0.0,0.0,5.0,0.0,19.0,0.0,3.0,1.0,6.0,0.0,1.0,8.0,0.0,13.0,0.0,0.0,16.0,0.0,0.0,18.0,13.0,4.0,0.0,1.0,2.0,8.0,24.0,27.0,4.0,0.0,4.0,0.0,0.0,19.0,0.0,9.0,0.0,9.0,0.0,2.0,0.0,0.0,13.0,9.0,8.0,0.0,3.0,6.0,0.0,1.0,0.0,0.0,40.0,49.0,0.0,19.0,167.0,0.0,0.0,0.0,0.0,21.0,2.0,3.0,0.0,0.0,16.0,39.0,1.0,0.0,0.0,1.0,68.0,0.0
Color_Me_Badd_-_Slow_Motion_preview.wav,0.0,3.0,60.0,183.0,0.0,0.0,1.0,9.0,29.0,0.0,2.0,2.0,3.0,0.0,1.0,0.0,59.0,0.0,0.0,19.0,34.0,0.0,0.0,0.0,9.0,19.0,0.0,0.0,51.0,2.0,0.0,4.0,0.0,113.0,0.0,0.0,0.0,0.0,0.0,0.0,0.0,21.0,0.0,0.0,0.0,18.0,2.0,0.0,27.0,61.0,0.0,23.0,0.0,12.0,0.0,0.0,1.0,0.0,0.0,0.0,0.0,0.0,0.0,0.0,0.0,4.0,0.0,0.0,0.0,0.0,0.0,0.0,0.0,7.0,14.0,0.0,0.0,0.0,17.0,9.0,124.0,28.0,0.0,0.0,2.0,0.0,0.0,5.0,0.0,4.0,0.0,0.0,0.0,4.0,0.0,0.0,1.0,28.0,3.0,1.0,0.0,4.0,0.0,1.0,0.0,0.0,17.0,9.0,0.0,9.0,27.0,0.0,9.0,0.0,0.0,2.0,0.0,3.0,0.0,0.0,74.0,75.0,0.0,0.0,0.0,0.0,43.0,0.0
Confetti_-_Hot_preview.wav,6.0,6.0,26.0,8.0,84.0,0.0,0.0,36.0,19.0,12.0,3.0,104.0,2.0,0.0,3.0,0.0,0.0,0.0,0.0,2.0,4.0,0.0,35.0,0.0,1.0,11.0,0.0,0.0,88.0,39.0,7.0,9.0,0.0,3.0,108.0,0.0,0.0,12.0,7.0,0.0,0.0,6.0,0.0,3.0,0.0,40.0,2.0,0.0,1.0,13.0,4.0,2.0,5.0,16.0,0.0,0.0,6.0,0.0,7.0,0.0,3.0,3.0,122.0,0.0,3.0,7.0,0.0,0.0,0.0,0.0,1.0,2.0,2.0,6.0,2.0,0.0,0.0,5.0,1.0,25.0,0.0,6.0,4.0,0.0,0.0,0.0,0.0,27.0,0.0,2.0,0.0,9.0,9.0,0.0,0.0,1.0,9.0,7.0,1.0,30.0,2.0,10.0,0.0,35.0,1.0,68.0,2.0,0.0,0.0,6.0,12.0,0.0,0.0,0.0,0.0,0.0,0.0,18.0,0.0,1.0,15.0,10.0,2.0,0.0,68.0,0.0,15.0,0.0
Creedence_Clearwater_Revival_-_Fortunate_Son_preview.wav,4.0,0.0,0.0,0.0,1.0,16.0,1.0,0.0,7.0,0.0,4.0,0.0,2.0,0.0,0.0,2.0,0.0,33.0,4.0,0.0,0.0,51.0,27.0,0.0,0.0,0.0,1.0,52.0,0.0,1.0,1.0,0.0,20.0,1.0,0.0,0.0,0.0,55.0,0.0,0.0,1.0,3.0,0.0,0.0,1.0,0.0,1.0,137.0,1.0,0.0,0.0,0.0,98.0,0.0,7.0,1.0,0.0,0.0,0.0,5.0,0.0,52.0,0.0,26.0,0.0,13.0,1.0,4.0,284.0,0.0,0.0,0.0,116.0,0.0,1.0,0.0,23.0,0.0,2.0,6.0,0.0,1.0,0.0,0.0,0.0,2.0,0.0,0.0,36.0,12.0,0.0,3.0,0.0,0.0,0.0,0.0,4.0,0.0,5.0,0.0,0.0,0.0,0.0,0.0,2.0,0.0,2.0,7.0,0.0,5.0,4.0,0.0,0.0,0.0,0.0,5.0,0.0,0.0,83.0,11.0,0.0,0.0,10.0,17.0,14.0,0.0,0.0,3.0
Creedence_Clearwater_Revival_-_I_Heard_It_Through_The_Grapevine_-_Single_Version_preview.wav,4.0,21.0,7.0,24.0,6.0,29.0,1.0,4.0,25.0,0.0,5.0,0.0,1.0,0.0,1.0,9.0,14.0,29.0,1.0,17.0,16.0,27.0,29.0,0.0,0.0,0.0,17.0,3.0,0.0,18.0,0.0,7.0,0.0,22.0,11.0,0.0,3.0,0.0,0.0,3.0,0.0,0.0,18.0,3.0,0.0,2.0,23.0,6.0,8.0,8.0,0.0,5.0,27.0,1.0,7.0,2.0,0.0,109.0,0.0,0.0,17.0,11.0,0.0,9.0,32.0,25.0,1.0,7.0,6.0,0.0,0.0,16.0,0.0,0.0,4.0,0.0,15.0,3.0,16.0,24.0,11.0,17.0,1.0,0.0,2.0,0.0,0.0,2.0,0.0,7.0,165.0,5.0,0.0,0.0,0.0,1.0,17.0,2.0,14.0,0.0,0.0,0.0,2.0,0.0,2.0,1.0,2.0,3.0,0.0,4.0,30.0,7.0,9.0,0.0,0.0,5.0,0.0,13.0,2.0,43.0,1.0,5.0,13.0,105.0,28.0,0.0,13.0,1.0
Cupid_-_Cupid_Shuffle_preview.wav,1.0,3.0,32.0,5.0,36.0,0.0,1.0,35.0,42.0,3.0,7.0,49.0,9.0,0.0,2.0,0.0,5.0,0.0,2.0,9.0,5.0,0.0,5.0,16.0,17.0,6.0,0.0,4.0,9.0,52.0,1.0,1.0,5.0,33.0,7.0,0.0,0.0,1.0,1.0,0.0,3.0,3.0,0.0,0.0,0.0,18.0,16.0,0.0,10.0,31.0,2.0,3.0,8.0,23.0,0.0,0.0,8.0,0.0,5.0,0.0,1.0,19.0,34.0,0.0,2.0,18.0,0.0,49.0,0.0,0.0,32.0,0.0,2.0,6.0,1.0,2.0,0.0,5.0,1.0,13.0,5.0,2.0,10.0,0.0,5.0,2.0,8.0,35.0,0.0,14.0,0.0,30.0,21.0,2.0,0.0,3.0,15.0,6.0,17.0,69.0,49.0,6.0,1.0,33.0,5.0,4.0,9.0,20.0,0.0,34.0,54.0,0.0,0.0,0.0,4.0,5.0,3.0,2.0,0.0,0.0,14.0,35.0,12.0,0.0,22.0,1.0,16.0,0.0
Cypress_Hill_-_Siempre_Peligroso_feat_Fermin_IV_Caballero_-_feat_Fermin_IV_Caballero_of_Control_Mach_preview.wav,4.0,36.0,0.0,2.0,15.0,25.0,1.0,4.0,4.0,0.0,0.0,41.0,0.0,1.0,5.0,24.0,5.0,43.0,0.0,11.0,33.0,45.0,20.0,0.0,2.0,1.0,2.0,3.0,0.0,0.0,0.0,26.0,0.0,0.0,18.0,0.0,4.0,8.0,0.0,7.0,5.0,8.0,81.0,0.0,2.0,0.0,0.0,19.0,0.0,9.0,0.0,20.0,0.0,0.0,1.0,11.0,0.0,10.0,0.0,0.0,38.0,0.0,5.0,16.0,45.0,12.0,43.0,6.0,8.0,0.0,0.0,45.0,3.0,2.0,0.0,1.0,11.0,37.0,1.0,16.0,50.0,2.0,108.0,0.0,15.0,0.0,0.0,0.0,0.0,15.0,15.0,3.0,0.0,0.0,0.0,0.0,0.0,8.0,2.0,0.0,0.0,1.0,0.0,10.0,1.0,12.0,44.0,7.0,0.0,3.0,0.0,2.0,0.0,0.0,0.0,2.0,11.0,24.0,4.0,23.0,9.0,15.0,1.0,44.0,13.0,2.0,0.0,1.0
Danny_Brown_-_Best_Life_preview.wav,87.0,0.0,6.0,0.0,8.0,7.0,1.0,11.0,19.0,0.0,1.0,0.0,1.0,0.0,0.0,4.0,0.0,70.0,1.0,10.0,13.0,65.0,44.0,0.0,0.0,0.0,5.0,6.0,0.0,6.0,1.0,35.0,21.0,5.0,9.0,0.0,0.0,22.0,0.0,0.0,0.0,0.0,6.0,1.0,0.0,2.0,1.0,8.0,6.0,12.0,0.0,0.0,78.0,0.0,12.0,0.0,0.0,0.0,0.0,2.0,0.0,8.0,2.0,48.0,51.0,78.0,1.0,45.0,12.0,0.0,0.0,21.0,34.0,0.0,3.0,0.0,0.0,43.0,6.0,82.0,5.0,4.0,24.0,0.0,11.0,1.0,0.0,0.0,8.0,3.0,0.0,0.0,0.0,0.0,0.0,3.0,2.0,2.0,13.0,0.0,0.0,0.0,0.0,3.0,2.0,25.0,12.0,0.0,0.0,0.0,1.0,1.0,0.0,0.0,0.0,3.0,0.0,53.0,40.0,1.0,0.0,34.0,6.0,2.0,9.0,0.0,4.0,0.0
Dave_-_Funky_Friday_preview.wav,4.0,20.0,0.0,8.0,1.0,0.0,48.0,1.0,4.0,20.0,13.0,4.0,21.0,4.0,14.0,3.0,10.0,3.0,5.0,24.0,7.0,0.0,3.0,8.0,43.0,3.0,117.0,3.0,0.0,7.0,0.0,11.0,0.0,0.0,1.0,3.0,4.0,0.0,14.0,7.0,10.0,12.0,7.0,2.0,0.0,1.0,1.0,0.0,0.0,4.0,5.0,34.0,0.0,1.0,0.0,3.0,28.0,1.0,37.0,0.0,146.0,0.0,11.0,6.0,40.0,4.0,2.0,2.0,0.0,3.0,4.0,6.0,0.0,10.0,8.0,15.0,0.0,13.0,20.0,13.0,17.0,9.0,16.0,2.0,12.0,9.0,5.0,0.0,0.0,0.0,0.0,0.0,19.0,47.0,2.0,34.0,0.0,12.0,2.0,3.0,5.0,18.0,2.0,0.0,0.0,0.0,20.0,1.0,0.0,0.0,1.0,8.0,23.0,3.0,29.0,4.0,17.0,18.0,0.0,17.0,18.0,25.0,2.0,0.0,0.0,4.0,0.0,1.0
David_Guetta_-_Bad_feat_Vassy_-_Radio_Edit_preview.wav,0.0,0.0,18.0,3.0,0.0,0.0,1.0,3.0,0.0,0.0,2.0,44.0,6.0,0.0,0.0,0.0,3.0,0.0,0.0,1.0,0.0,0.0,3.0,8.0,16.0,143.0,0.0,0.0,33.0,11.0,4.0,0.0,0.0,0.0,54.0,1.0,0.0,0.0,1.0,0.0,0.0,8.0,0.0,0.0,0.0,53.0,11.0,0.0,12.0,1.0,0.0,2.0,0.0,1.0,0.0,0.0,0.0,0.0,2.0,0.0,0.0,0.0,10.0,0.0,0.0,0.0,0.0,0.0,0.0,0.0,19.0,0.0,0.0,33.0,1.0,0.0,0.0,0.0,7.0,0.0,0.0,25.0,0.0,0.0,0.0,0.0,0.0,27.0,0.0,1.0,0.0,0.0,21.0,2.0,0.0,0.0,113.0,1.0,0.0,376.0,2.0,22.0,0.0,26.0,11.0,0.0,0.0,0.0,0.0,4.0,29.0,0.0,0.0,0.0,0.0,0.0,0.0,0.0,0.0,0.0,4.0,1.0,0.0,0.0,7.0,0.0,105.0,0.0
Delinquent_Habits_-_California_preview.wav,5.0,11.0,22.0,10.0,34.0,1.0,1.0,55.0,30.0,1.0,2.0,40.0,0.0,0.0,2.0,2.0,2.0,9.0,2.0,14.0,16.0,25.0,8.0,0.0,5.0,4.0,0.0,7.0,0.0,27.0,15.0,24.0,18.0,9.0,2.0,0.0,0.0,32.0,7.0,0.0,0.0,21.0,0.0,34.0,0.0,2.0,27.0,0.0,20.0,90.0,2.0,5.0,27.0,8.0,6.0,0.0,4.0,1.0,1.0,0.0,6.0,19.0,18.0,1.0,25.0,54.0,2.0,13.0,7.0,0.0,0.0,2.0,8.0,12.0,4.0,0.0,0.0,3.0,4.0,31.0,34.0,8.0,14.0,0.0,2.0,1.0,0.0,0.0,7.0,21.0,0.0,8.0,0.0,1.0,0.0,1.0,17.0,17.0,15.0,1.0,0.0,12.0,0.0,6.0,6.0,48.0,5.0,8.0,0.0,13.0,11.0,2.0,0.0,2.0,13.0,1.0,3.0,10.0,12.0,5.0,37.0,29.0,1.0,7.0,5.0,0.0,9.0,1.0
Demun_Jones_-_The_Beard_Song_preview.wav,80.0,1.0,30.0,2.0,17.0,29.0,1.0,20.0,14.0,0.0,0.0,0.0,0.0,0.0,0.0,124.0,2.0,23.0,2.0,0.0,0.0,15.0,2.0,0.0,0.0,15.0,1.0,17.0,10.0,18.0,0.0,8.0,0.0,0.0,4.0,0.0,2.0,7.0,0.0,0.0,0.0,2.0,0.0,1.0,0.0,10.0,1.0,0.0,1.0,0.0,0.0,0.0,4.0,23.0,0.0,2.0,0.0,0.0,0.0,0.0,0.0,20.0,18.0,69.0,4.0,13.0,13.0,19.0,3.0,0.0,0.0,26.0,0.0,1.0,0.0,0.0,0.0,15.0,5.0,19.0,0.0,9.0,6.0,0.0,9.0,2.0,0.0,13.0,0.0,45.0,0.0,38.0,0.0,0.0,0.0,1.0,1.0,6.0,20.0,0.0,0.0,0.0,0.0,21.0,2.0,1.0,3.0,4.0,0.0,79.0,3.0,4.0,0.0,0.0,0.0,34.0,0.0,6.0,2.0,0.0,0.0,16.0,221.0,24.0,2.0,0.0,7.0,0.0
Diddy_-_Satisfy_You_preview.wav,2.0,11.0,10.0,23.0,0.0,38.0,1.0,0.0,3.0,5.0,3.0,0.0,4.0,0.0,19.0,23.0,18.0,9.0,2.0,47.0,7.0,3.0,0.0,0.0,12.0,2.0,4.0,13.0,0.0,0.0,33.0,17.0,3.0,4.0,0.0,2.0,3.0,0.0,30.0,30.0,27.0,33.0,21.0,1.0,0.0,0.0,5.0,2.0,3.0,2.0,1.0,13.0,2.0,5.0,5.0,28.0,2.0,3.0,14.0,10.0,14.0,5.0,0.0,7.0,9.0,3.0,40.0,16.0,0.0,0.0,0.0,30.0,2.0,5.0,2.0,23.0,1.0,33.0,12.0,3.0,42.0,11.0,15.0,1.0,37.0,7.0,0.0,2.0,0.0,5.0,1.0,2.0,4.0,13.0,2.0,3.0,4.0,23.0,8.0,3.0,1.0,11.0,1.0,7.0,7.0,1.0,61.0,20.0,0.0,5.0,0.0,14.0,15.0,7.0,0.0,33.0,30.0,21.0,1.0,6.0,22.0,34.0,30.0,15.0,2.0,0.0,2.0,0.0
Dimitri_Vegas_Like_Mike_-_Unity_preview.wav,0.0,0.0,0.0,22.0,0.0,0.0,2.0,4.0,1.0,0.0,7.0,64.0,0.0,0.0,0.0,0.0,1.0,0.0,5.0,0.0,0.0,0.0,0.0,0.0,0.0,27.0,0.0,0.0,83.0,13.0,2.0,0.0,0.0,88.0,70.0,0.0,0.0,0.0,0.0,0.0,0.0,0.0,0.0,0.0,0.0,396.0,7.0,0.0,44.0,7.0,0.0,0.0,0.0,0.0,0.0,0.0,1.0,0.0,0.0,0.0,0.0,0.0,26.0,0.0,0.0,0.0,0.0,0.0,0.0,0.0,0.0,0.0,0.0,0.0,1.0,0.0,0.0,0.0,17.0,0.0,0.0,56.0,0.0,0.0,0.0,3.0,0.0,8.0,0.0,0.0,0.0,0.0,35.0,0.0,0.0,5.0,0.0,0.0,0.0,77.0,0.0,0.0,0.0,2.0,0.0,1.0,0.0,0.0,0.0,0.0,59.0,0.0,0.0,0.0,0.0,0.0,0.0,0.0,0.0,0.0,0.0,0.0,0.0,0.0,1.0,1.0,156.0,0.0
Dire_Straits_-_Tunnel_of_Love_Intro_The_Carousel_Waltz_preview.wav,0.0,4.0,0.0,4.0,0.0,0.0,9.0,0.0,0.0,0.0,46.0,0.0,5.0,0.0,0.0,0.0,20.0,0.0,17.0,3.0,0.0,12.0,0.0,0.0,4.0,0.0,57.0,0.0,0.0,0.0,0.0,0.0,2.0,0.0,0.0,0.0,34.0,0.0,0.0,49.0,21.0,0.0,1.0,0.0,22.0,0.0,0.0,0.0,2.0,0.0,0.0,3.0,0.0,0.0,79.0,179.0,22.0,25.0,0.0,4.0,0.0,0.0,0.0,0.0,11.0,0.0,15.0,0.0,0.0,0.0,0.0,3.0,0.0,0.0,12.0,14.0,1.0,0.0,22.0,0.0,0.0,8.0,0.0,76.0,0.0,57.0,0.0,0.0,0.0,0.0,12.0,0.0,0.0,41.0,0.0,0.0,0.0,0.0,12.0,0.0,1.0,0.0,0.0,0.0,0.0,0.0,0.0,0.0,6.0,0.0,0.0,36.0,0.0,54.0,0.0,0.0,1.0,1.0,0.0,87.0,0.0,0.0,0.0,73.0,0.0,6.0,0.0,119.0
DIVINE_-_Jungli_Sher_preview.wav,40.0,0.0,3.0,0.0,11.0,7.0,1.0,28.0,13.0,62.0,3.0,27.0,9.0,0.0,0.0,9.0,0.0,91.0,2.0,0.0,1.0,32.0,14.0,0.0,11.0,0.0,0.0,24.0,1.0,102.0,0.0,23.0,38.0,12.0,5.0,0.0,0.0,8.0,4.0,0.0,13.0,10.0,0.0,1.0,4.0,0.0,10.0,0.0,4.0,11.0,8.0,0.0,27.0,5.0,5.0,0.0,3.0,0.0,9.0,5.0,0.0,22.0,7.0,23.0,3.0,59.0,0.0,4.0,23.0,0.0,0.0,0.0,0.0,1.0,1.0,1.0,0.0,0.0,2.0,84.0,0.0,2.0,42.0,0.0,0.0,4.0,0.0,1.0,1.0,12.0,0.0,17.0,0.0,1.0,2.0,2.0,8.0,0.0,3.0,3.0,8.0,2.0,0.0,1.0,2.0,26.0,0.0,0.0,0.0,11.0,48.0,0.0,0.0,13.0,6.0,1.0,32.0,7.0,72.0,0.0,1.0,18.0,17.0,0.0,0.0,1.0,1.0,1.0
DJ_Quik_-_California_preview.wav,9.0,5.0,14.0,8.0,6.0,9.0,0.0,17.0,3.0,15.0,9.0,54.0,13.0,0.0,14.0,8.0,15.0,6.0,8.0,26.0,1.0,0.0,12.0,1.0,9.0,49.0,3.0,11.0,65.0,7.0,4.0,9.0,0.0,1.0,50.0,0.0,1.0,1.0,11.0,1.0,13.0,42.0,9.0,4.0,0.0,19.0,1.0,0.0,1.0,7.0,8.0,10.0,4.0,3.0,0.0,2.0,10.0,2.0,12.0,0.0,8.0,3.0,31.0,10.0,11.0,3.0,8.0,28.0,2.0,0.0,8.0,30.0,3.0,26.0,3.0,10.0,0.0,46.0,8.0,7.0,36.0,10.0,23.0,0.0,15.0,5.0,0.0,1.0,0.0,8.0,0.0,1.0,0.0,16.0,1.0,1.0,1.0,12.0,9.0,1.0,3.0,11.0,0.0,37.0,0.0,9.0,15.0,10.0,0.0,21.0,1.0,2.0,5.0,3.0,9.0,19.0,18.0,30.0,0.0,2.0,38.0,36.0,9.0,2.0,3.0,1.0,1.0,0.0
Don_Diablo_-_Congratulations_-_Don_Diablo_VIP_Mix_preview.wav,1.0,4.0,7.0,0.0,36.0,8.0,4.0,16.0,17.0,9.0,2.0,38.0,1.0,0.0,0.0,2.0,1.0,67.0,3.0,4.0,0.0,36.0,121.0,0.0,0.0,6.0,2.0,11.0,37.0,43.0,3.0,1.0,7.0,1.0,49.0,0.0,0.0,3.0,11.0,0.0,7.0,2.0,1.0,7.0,0.0,35.0,11.0,7.0,4.0,4.0,11.0,0.0,28.0,1.0,12.0,0.0,4.0,0.0,1.0,8.0,1.0,30.0,15.0,33.0,10.0,28.0,1.0,3.0,33.0,0.0,0.0,6.0,32.0,0.0,4.0,0.0,1.0,5.0,8.0,49.0,7.0,2.0,4.0,0.0,0.0,0.0,0.0,8.0,1.0,9.0,2.0,13.0,0.0,0.0,0.0,3.0,20.0,0.0,8.0,25.0,3.0,6.0,0.0,4.0,3.0,8.0,0.0,0.0,0.0,4.0,31.0,0.0,0.0,3.0,0.0,0.0,3.0,8.0,14.0,10.0,0.0,5.0,5.0,4.0,90.0,0.0,35.0,1.0
Don_Omar_-_Encanto_preview.wav,7.0,6.0,13.0,0.0,22.0,2.0,1.0,29.0,75.0,7.0,8.0,3.0,10.0,0.0,1.0,3.0,4.0,0.0,0.0,20.0,17.0,0.0,2.0,0.0,10.0,8.0,1.0,9.0,51.0,23.0,2.0,33.0,0.0,17.0,27.0,8.0,0.0,0.0,4.0,0.0,1.0,29.0,4.0,5.0,0.0,41.0,14.0,0.0,8.0,19.0,0.0,15.0,3.0,12.0,0.0,3.0,0.0,4.0,12.0,0.0,3.0,5.0,33.0,2.0,10.0,17.0,16.0,40.0,0.0,0.0,0.0,4.0,0.0,1.0,3.0,11.0,0.0,9.0,2.0,11.0,12.0,14.0,7.0,0.0,9.0,6.0,0.0,9.0,0.0,35.0,0.0,19.0,0.0,4.0,0.0,0.0,2.0,29.0,16.0,2.0,0.0,1.0,0.0,25.0,0.0,26.0,17.0,11.0,0.0,48.0,29.0,0.0,3.0,0.0,6.0,39.0,31.0,64.0,1.0,0.0,5.0,50.0,10.0,0.0,0.0,1.0,1.0,0.0
Don_Omar_-_Good_Looking_preview.wav,38.0,0.0,8.0,41.0,16.0,0.0,2.0,37.0,13.0,31.0,9.0,0.0,2.0,0.0,0.0,0.0,4.0,1.0,0.0,0.0,19.0,0.0,3.0,2.0,1.0,1.0,1.0,4.0,2.0,10.0,2.0,21.0,3.0,34.0,0.0,0.0,0.0,0.0,15.0,0.0,0.0,13.0,0.0,108.0,0.0,17.0,97.0,0.0,28.0,66.0,5.0,0.0,55.0,2.0,4.0,0.0,6.0,0.0,14.0,0.0,0.0,80.0,0.0,0.0,0.0,19.0,0.0,15.0,1.0,0.0,14.0,0.0,15.0,0.0,8.0,0.0,0.0,0.0,16.0,7.0,12.0,3.0,0.0,0.0,0.0,0.0,2.0,4.0,0.0,45.0,0.0,15.0,0.0,4.0,0.0,3.0,39.0,2.0,2.0,15.0,5.0,3.0,0.0,4.0,3.0,27.0,0.0,3.0,0.0,7.0,32.0,0.0,1.0,0.0,24.0,1.0,4.0,2.0,1.0,0.0,18.0,8.0,0.0,0.0,73.0,0.0,20.0,0.0
Don_Omar_-_Not_To_Much_-_Remastered_2016_preview.wav,46.0,5.0,6.0,7.0,38.0,11.0,2.0,11.0,5.0,10.0,0.0,4.0,1.0,0.0,1.0,5.0,3.0,14.0,1.0,0.0,13.0,8.0,39.0,25.0,0.0,13.0,3.0,4.0,39.0,7.0,20.0,15.0,42.0,3.0,30.0,2.0,1.0,25.0,1.0,0.0,0.0,2.0,4.0,66.0,0.0,21.0,27.0,0.0,6.0,2.0,6.0,1.0,59.0,8.0,15.0,0.0,0.0,0.0,1.0,0.0,2.0,24.0,24.0,1.0,5.0,22.0,1.0,1.0,5.0,0.0,17.0,5.0,18.0,11.0,1.0,0.0,0.0,6.0,5.0,31.0,4.0,7.0,6.0,0.0,0.0,0.0,7.0,11.0,64.0,15.0,0.0,0.0,6.0,4.0,0.0,1.0,41.0,1.0,21.0,5.0,0.0,7.0,0.0,37.0,30.0,85.0,0.0,0.0,0.0,14.0,4.0,1.0,4.0,0.0,7.0,0.0,1.0,5.0,14.0,4.0,0.0,1.0,0.0,5.0,14.0,1.0,6.0,2.0
Don_Omar_-_Ronca_preview.wav,14.0,0.0,3.0,2.0,51.0,7.0,1.0,16.0,6.0,3.0,7.0,0.0,7.0,0.0,0.0,7.0,0.0,26.0,1.0,1.0,4.0,11.0,55.0,0.0,0.0,16.0,0.0,30.0,3.0,11.0,17.0,6.0,8.0,9.0,49.0,0.0,0.0,10.0,0.0,0.0,4.0,14.0,0.0,8.0,0.0,22.0,17.0,0.0,9.0,4.0,3.0,0.0,18.0,15.0,7.0,6.0,2.0,0.0,0.0,0.0,0.0,36.0,30.0,54.0,4.0,15.0,12.0,14.0,30.0,0.0,0.0,4.0,45.0,6.0,1.0,0.0,0.0,1.0,2.0,23.0,0.0,10.0,17.0,0.0,0.0,9.0,0.0,10.0,7.0,38.0,0.0,24.0,0.0,0.0,0.0,2.0,12.0,0.0,8.0,6.0,0.0,0.0,0.0,57.0,13.0,46.0,1.0,1.0,0.0,18.0,4.0,0.0,0.0,4.0,0.0,13.0,18.0,1.0,16.0,1.0,1.0,7.0,16.0,8.0,127.0,0.0,10.0,0.0
Drake_-_Marvins_Room_preview.wav,0.0,10.0,0.0,0.0,0.0,3.0,3.0,0.0,0.0,0.0,0.0,0.0,0.0,0.0,95.0,0.0,1.0,0.0,0.0,60.0,0.0,0.0,0.0,0.0,2.0,0.0,12.0,0.0,0.0,0.0,0.0,0.0,0.0,1.0,0.0,1.0,8.0,0.0,0.0,6.0,4.0,0.0,156.0,0.0,7.0,0.0,0.0,0.0,0.0,0.0,0.0,49.0,0.0,0.0,10.0,64.0,0.0,108.0,0.0,0.0,88.0,0.0,0.0,0.0,32.0,0.0,66.0,0.0,0.0,0.0,0.0,177.0,0.0,0.0,4.0,9.0,5.0,9.0,0.0,0.0,3.0,0.0,0.0,14.0,142.0,6.0,0.0,0.0,0.0,0.0,40.0,0.0,0.0,0.0,0.0,0.0,0.0,0.0,15.0,0.0,0.0,0.0,0.0,0.0,0.0,0.0,1.0,0.0,0.0,0.0,0.0,7.0,0.0,0.0,0.0,4.0,1.0,25.0,0.0,13.0,4.0,0.0,0.0,24.0,0.0,3.0,0.0,0.0
DREAMCATCHER_-_Full_Moon_preview.wav,0.0,0.0,0.0,0.0,15.0,0.0,1.0,7.0,1.0,0.0,2.0,336.0,1.0,0.0,0.0,0.0,0.0,0.0,0.0,1.0,0.0,0.0,1.0,2.0,0.0,7.0,0.0,0.0,153.0,1.0,6.0,0.0,0.0,6.0,86.0,0.0,0.0,1.0,1.0,0.0,0.0,3.0,0.0,5.0,0.0,17.0,5.0,0.0,8.0,0.0,0.0,0.0,0.0,2.0,0.0,0.0,1.0,0.0,0.0,0.0,0.0,0.0,3.0,0.0,0.0,0.0,0.0,1.0,3.0,0.0,0.0,0.0,16.0,2.0,1.0,0.0,0.0,0.0,3.0,0.0,0.0,3.0,0.0,0.0,0.0,3.0,0.0,13.0,8.0,4.0,0.0,0.0,10.0,0.0,0.0,0.0,19.0,0.0,0.0,56.0,0.0,0.0,0.0,180.0,152.0,110.0,0.0,0.0,0.0,4.0,4.0,0.0,0.0,0.0,0.0,1.0,0.0,0.0,0.0,0.0,0.0,2.0,6.0,0.0,13.0,0.0,6.0,0.0
Duke_Dumont_-_Ocean_Drive_-_Michael_Calfan_Remix_preview.wav,4.0,7.0,24.0,13.0,43.0,0.0,1.0,17.0,21.0,0.0,4.0,16.0,3.0,0.0,0.0,0.0,5.0,5.0,0.0,16.0,3.0,0.0,19.0,0.0,6.0,30.0,9.0,0.0,94.0,66.0,5.0,11.0,0.0,11.0,59.0,0.0,1.0,0.0,3.0,0.0,0.0,12.0,1.0,1.0,0.0,25.0,2.0,0.0,10.0,2.0,0.0,1.0,3.0,24.0,0.0,0.0,2.0,0.0,0.0,0.0,18.0,31.0,52.0,3.0,10.0,14.0,1.0,22.0,2.0,0.0,0.0,0.0,0.0,10.0,4.0,3.0,0.0,1.0,2.0,45.0,7.0,1.0,5.0,0.0,0.0,0.0,0.0,64.0,0.0,7.0,0.0,69.0,0.0,0.0,0.0,0.0,3.0,0.0,3.0,2.0,0.0,6.0,0.0,67.0,2.0,0.0,3.0,0.0,0.0,112.0,4.0,6.0,10.0,3.0,1.0,4.0,7.0,7.0,1.0,5.0,1.0,16.0,12.0,17.0,47.0,1.0,2.0,0.0
Duki_-_She_Dont_Give_a_Fo_preview.wav,6.0,0.0,41.0,0.0,0.0,0.0,2.0,2.0,10.0,31.0,10.0,18.0,11.0,0.0,0.0,4.0,1.0,0.0,6.0,0.0,0.0,0.0,0.0,10.0,41.0,12.0,0.0,4.0,2.0,35.0,8.0,7.0,0.0,1.0,10.0,5.0,1.0,0.0,18.0,0.0,1.0,85.0,0.0,1.0,0.0,1.0,7.0,0.0,6.0,6.0,0.0,14.0,0.0,51.0,0.0,10.0,3.0,0.0,37.0,0.0,0.0,1.0,9.0,0.0,1.0,2.0,15.0,1.0,0.0,0.0,40.0,1.0,0.0,164.0,3.0,38.0,0.0,2.0,0.0,9.0,0.0,5.0,0.0,0.0,2.0,11.0,18.0,5.0,0.0,17.0,0.0,2.0,16.0,19.0,13.0,6.0,0.0,82.0,0.0,0.0,21.0,69.0,0.0,1.0,0.0,0.0,10.0,34.0,0.0,15.0,2.0,0.0,0.0,7.0,25.0,13.0,44.0,9.0,0.0,0.0,8.0,18.0,13.0,0.0,0.0,0.0,3.0,0.0
Ed_Sheeran_-_Galway_Girl_preview.wav,14.0,0.0,8.0,0.0,59.0,2.0,0.0,3.0,4.0,9.0,5.0,78.0,0.0,0.0,0.0,9.0,0.0,33.0,1.0,0.0,3.0,11.0,77.0,1.0,0.0,2.0,7.0,10.0,16.0,11.0,5.0,5.0,0.0,2.0,73.0,2.0,0.0,8.0,3.0,0.0,0.0,1.0,3.0,3.0,0.0,11.0,2.0,0.0,0.0,1.0,1.0,2.0,27.0,12.0,4.0,0.0,0.0,0.0,2.0,0.0,1.0,36.0,20.0,10.0,6.0,26.0,6.0,1.0,8.0,0.0,2.0,5.0,45.0,7.0,0.0,1.0,0.0,0.0,7.0,24.0,0.0,0.0,3.0,0.0,0.0,1.0,0.0,34.0,23.0,11.0,0.0,7.0,0.0,0.0,0.0,1.0,62.0,9.0,13.0,4.0,0.0,1.0,0.0,34.0,133.0,25.0,1.0,2.0,0.0,9.0,3.0,1.0,0.0,0.0,0.0,5.0,1.0,3.0,15.0,5.0,2.0,6.0,9.0,4.0,127.0,0.0,3.0,0.0
Ellie_Goulding_-_Goodness_Gracious_-_The_Chainsmokers_Extended_Remix_preview.wav,0.0,0.0,1.0,1.0,26.0,0.0,1.0,11.0,6.0,0.0,1.0,266.0,0.0,0.0,0.0,0.0,0.0,0.0,0.0,0.0,0.0,0.0,1.0,1.0,0.0,7.0,0.0,0.0,321.0,37.0,4.0,0.0,0.0,14.0,162.0,0.0,0.0,0.0,2.0,0.0,0.0,1.0,0.0,0.0,0.0,113.0,0.0,0.0,9.0,7.0,0.0,0.0,0.0,20.0,0.0,0.0,0.0,0.0,2.0,0.0,0.0,3.0,39.0,0.0,0.0,0.0,0.0,3.0,0.0,0.0,0.0,0.0,0.0,0.0,2.0,0.0,0.0,0.0,3.0,6.0,2.0,3.0,8.0,0.0,0.0,0.0,0.0,59.0,0.0,0.0,0.0,18.0,3.0,0.0,0.0,0.0,10.0,0.0,0.0,13.0,0.0,0.0,0.0,15.0,0.0,25.0,0.0,2.0,0.0,23.0,15.0,0.0,0.0,0.0,0.0,0.0,0.0,0.0,0.0,0.0,0.0,2.0,8.0,0.0,3.0,0.0,13.0,0.0
Ellie_Goulding_-_Love_Me_Like_You_Do_-_From_Fifty_Shades_Of_Grey_preview.wav,0.0,0.0,0.0,0.0,97.0,0.0,1.0,0.0,1.0,0.0,2.0,5.0,0.0,0.0,0.0,0.0,0.0,0.0,3.0,0.0,0.0,26.0,10.0,0.0,0.0,0.0,7.0,1.0,32.0,40.0,23.0,0.0,0.0,0.0,55.0,0.0,3.0,0.0,1.0,0.0,0.0,0.0,0.0,0.0,55.0,2.0,0.0,0.0,1.0,0.0,0.0,0.0,0.0,0.0,3.0,6.0,0.0,0.0,0.0,0.0,0.0,36.0,53.0,1.0,1.0,1.0,3.0,15.0,1.0,0.0,0.0,0.0,0.0,0.0,0.0,0.0,0.0,2.0,2.0,10.0,0.0,5.0,11.0,0.0,0.0,0.0,0.0,132.0,0.0,7.0,9.0,213.0,2.0,0.0,0.0,1.0,56.0,0.0,4.0,0.0,0.0,0.0,0.0,77.0,24.0,17.0,0.0,2.0,0.0,62.0,2.0,1.0,0.0,0.0,0.0,0.0,0.0,0.0,1.0,26.0,0.0,4.0,10.0,37.0,88.0,1.0,0.0,1.0
Elohim_-_Sleepy_Eyes_preview.wav,10.0,1.0,18.0,1.0,80.0,0.0,1.0,43.0,46.0,0.0,4.0,2.0,0.0,0.0,1.0,2.0,4.0,1.0,1.0,5.0,16.0,29.0,12.0,0.0,0.0,19.0,0.0,1.0,16.0,99.0,0.0,14.0,0.0,13.0,33.0,0.0,0.0,11.0,1.0,0.0,0.0,0.0,1.0,0.0,0.0,56.0,24.0,0.0,3.0,18.0,3.0,0.0,5.0,41.0,8.0,0.0,0.0,0.0,0.0,0.0,0.0,9.0,73.0,1.0,18.0,14.0,2.0,2.0,0.0,0.0,3.0,1.0,0.0,0.0,0.0,0.0,0.0,11.0,3.0,21.0,16.0,9.0,30.0,0.0,0.0,0.0,5.0,30.0,3.0,33.0,0.0,6.0,0.0,2.0,0.0,1.0,26.0,0.0,9.0,0.0,10.0,2.0,0.0,15.0,1.0,12.0,0.0,1.0,0.0,62.0,17.0,1.0,0.0,0.0,0.0,0.0,0.0,19.0,8.0,0.0,0.0,85.0,6.0,1.0,33.0,0.0,48.0,0.0
Emblem3_-_Chloe_Youre_the_One_I_Want_preview.wav,0.0,0.0,0.0,0.0,92.0,0.0,0.0,2.0,0.0,0.0,3.0,154.0,0.0,0.0,0.0,0.0,0.0,0.0,0.0,0.0,0.0,0.0,0.0,21.0,6.0,21.0,0.0,0.0,81.0,17.0,32.0,0.0,0.0,1.0,70.0,0.0,0.0,0.0,3.0,0.0,0.0,4.0,0.0,5.0,0.0,29.0,7.0,0.0,7.0,0.0,0.0,0.0,1.0,3.0,0.0,0.0,0.0,0.0,3.0,0.0,0.0,13.0,8.0,0.0,0.0,0.0,0.0,0.0,0.0,0.0,1.0,0.0,0.0,16.0,0.0,0.0,0.0,0.0,4.0,0.0,0.0,4.0,0.0,0.0,0.0,0.0,0.0,159.0,0.0,4.0,0.0,8.0,34.0,0.0,0.0,2.0,67.0,0.0,0.0,92.0,0.0,6.0,0.0,145.0,40.0,74.0,0.0,0.0,0.0,20.0,9.0,0.0,0.0,0.0,0.0,0.0,0.0,0.0,0.0,0.0,0.0,0.0,0.0,0.0,16.0,0.0,8.0,0.0
Eminem_-_Phenomenal_preview.wav,0.0,0.0,0.0,0.0,10.0,0.0,0.0,0.0,0.0,0.0,1.0,1.0,0.0,0.0,0.0,0.0,0.0,13.0,0.0,0.0,0.0,2.0,284.0,0.0,0.0,0.0,2.0,1.0,33.0,15.0,0.0,0.0,0.0,0.0,13.0,0.0,1.0,46.0,0.0,0.0,0.0,0.0,0.0,0.0,0.0,13.0,0.0,2.0,0.0,0.0,17.0,0.0,1.0,31.0,9.0,0.0,0.0,0.0,0.0,40.0,0.0,5.0,45.0,41.0,0.0,13.0,1.0,7.0,116.0,0.0,0.0,0.0,167.0,0.0,0.0,0.0,0.0,0.0,3.0,32.0,0.0,1.0,3.0,0.0,0.0,0.0,7.0,7.0,30.0,0.0,0.0,10.0,0.0,0.0,10.0,2.0,1.0,0.0,5.0,0.0,38.0,0.0,0.0,0.0,23.0,7.0,0.0,0.0,0.0,1.0,0.0,1.0,0.0,9.0,0.0,1.0,1.0,0.0,7.0,2.0,0.0,3.0,1.0,0.0,154.0,0.0,0.0,3.0
Emmanuel_Franco_-_Do_Me_Like_A_Drug_preview.wav,29.0,22.0,31.0,2.0,25.0,5.0,1.0,77.0,4.0,5.0,2.0,3.0,1.0,0.0,1.0,1.0,0.0,22.0,13.0,6.0,37.0,112.0,14.0,9.0,6.0,61.0,14.0,0.0,1.0,23.0,17.0,23.0,5.0,2.0,8.0,0.0,3.0,24.0,1.0,1.0,0.0,1.0,3.0,8.0,0.0,29.0,2.0,15.0,0.0,18.0,0.0,0.0,2.0,1.0,31.0,0.0,0.0,6.0,0.0,0.0,41.0,9.0,6.0,3.0,58.0,25.0,0.0,0.0,12.0,0.0,0.0,5.0,4.0,6.0,4.0,3.0,1.0,6.0,2.0,27.0,5.0,3.0,7.0,0.0,0.0,2.0,0.0,3.0,9.0,3.0,4.0,1.0,3.0,1.0,0.0,0.0,47.0,2.0,1.0,1.0,0.0,2.0,0.0,8.0,17.0,54.0,0.0,0.0,0.0,3.0,9.0,7.0,0.0,0.0,4.0,0.0,2.0,12.0,30.0,32.0,4.0,19.0,0.0,10.0,7.0,2.0,39.0,0.0
Eric_Benet_-_News_For_You_preview.wav,0.0,1.0,0.0,2.0,0.0,0.0,3.0,0.0,0.0,4.0,0.0,0.0,19.0,0.0,0.0,0.0,2.0,0.0,13.0,1.0,10.0,10.0,0.0,0.0,0.0,0.0,23.0,18.0,0.0,0.0,0.0,0.0,200.0,0.0,0.0,0.0,6.0,0.0,0.0,1.0,7.0,0.0,0.0,0.0,102.0,0.0,0.0,40.0,11.0,0.0,1.0,0.0,0.0,0.0,264.0,6.0,0.0,2.0,1.0,299.0,0.0,0.0,0.0,0.0,0.0,0.0,8.0,0.0,2.0,0.0,0.0,0.0,0.0,0.0,0.0,2.0,6.0,0.0,6.0,0.0,0.0,2.0,0.0,6.0,0.0,7.0,0.0,0.0,0.0,0.0,1.0,0.0,0.0,0.0,2.0,1.0,0.0,0.0,0.0,0.0,21.0,0.0,0.0,0.0,0.0,0.0,0.0,0.0,0.0,0.0,0.0,1.0,0.0,26.0,0.0,2.0,34.0,0.0,3.0,22.0,0.0,0.0,0.0,9.0,0.0,4.0,0.0,81.0
Erykah_Badu_-_Certainly_-_Flipped_It_preview.wav,0.0,52.0,0.0,83.0,0.0,0.0,2.0,0.0,0.0,0.0,8.0,0.0,0.0,0.0,16.0,1.0,76.0,0.0,0.0,34.0,22.0,16.0,0.0,0.0,0.0,0.0,103.0,0.0,0.0,0.0,0.0,0.0,7.0,0.0,0.0,0.0,1.0,12.0,0.0,6.0,0.0,0.0,10.0,16.0,0.0,0.0,14.0,0.0,37.0,0.0,0.0,0.0,1.0,0.0,71.0,3.0,12.0,11.0,0.0,0.0,26.0,0.0,0.0,0.0,37.0,4.0,1.0,0.0,0.0,0.0,0.0,3.0,0.0,0.0,31.0,0.0,0.0,0.0,235.0,0.0,0.0,100.0,0.0,3.0,12.0,0.0,0.0,0.0,40.0,2.0,5.0,0.0,0.0,0.0,0.0,1.0,1.0,0.0,22.0,0.0,0.0,0.0,2.0,0.0,13.0,1.0,0.0,0.0,0.0,0.0,0.0,24.0,36.0,0.0,1.0,0.0,0.0,10.0,7.0,34.0,0.0,0.0,0.0,16.0,0.0,11.0,0.0,0.0
Escape_the_Fate_-_Digging_My_Own_Grave_preview.wav,0.0,0.0,0.0,0.0,86.0,0.0,0.0,0.0,0.0,0.0,2.0,2.0,0.0,0.0,0.0,0.0,0.0,0.0,2.0,0.0,0.0,0.0,4.0,0.0,0.0,0.0,0.0,1.0,2.0,5.0,0.0,0.0,7.0,0.0,44.0,0.0,0.0,20.0,0.0,0.0,0.0,0.0,0.0,0.0,0.0,9.0,2.0,0.0,6.0,0.0,0.0,0.0,17.0,0.0,5.0,0.0,0.0,0.0,0.0,0.0,0.0,2.0,0.0,0.0,0.0,0.0,0.0,0.0,1.0,0.0,0.0,0.0,238.0,0.0,0.0,0.0,0.0,0.0,5.0,0.0,0.0,2.0,0.0,0.0,0.0,0.0,0.0,16.0,100.0,0.0,0.0,0.0,0.0,0.0,0.0,1.0,71.0,0.0,1.0,0.0,0.0,0.0,0.0,14.0,462.0,127.0,0.0,0.0,0.0,0.0,0.0,0.0,0.0,0.0,0.0,0.0,0.0,0.0,5.0,0.0,0.0,0.0,0.0,0.0,33.0,0.0,0.0,0.0
EVERGLOW_-_Bon_Bon_Chocolat_preview.wav,0.0,0.0,0.0,0.0,0.0,24.0,1.0,0.0,0.0,114.0,0.0,0.0,0.0,0.0,0.0,0.0,0.0,0.0,8.0,0.0,0.0,0.0,0.0,0.0,18.0,0.0,0.0,119.0,0.0,0.0,9.0,0.0,3.0,0.0,0.0,0.0,0.0,0.0,89.0,0.0,402.0,2.0,0.0,0.0,0.0,0.0,0.0,0.0,0.0,0.0,60.0,0.0,0.0,0.0,0.0,41.0,0.0,0.0,170.0,0.0,0.0,0.0,0.0,0.0,0.0,0.0,0.0,0.0,0.0,0.0,0.0,0.0,0.0,5.0,0.0,38.0,0.0,2.0,0.0,0.0,0.0,0.0,0.0,0.0,0.0,9.0,0.0,0.0,0.0,0.0,0.0,0.0,0.0,0.0,11.0,5.0,0.0,0.0,0.0,0.0,31.0,0.0,0.0,0.0,0.0,0.0,0.0,4.0,0.0,0.0,0.0,0.0,0.0,15.0,0.0,44.0,44.0,0.0,0.0,0.0,0.0,0.0,22.0,0.0,0.0,0.0,0.0,2.0
Fabolous_-_Into_You_feat_Tamia_-_Radio_Edit_preview.wav,18.0,0.0,11.0,0.0,1.0,4.0,1.0,9.0,1.0,5.0,3.0,0.0,0.0,0.0,0.0,49.0,0.0,9.0,4.0,0.0,2.0,209.0,2.0,0.0,4.0,14.0,0.0,168.0,0.0,0.0,5.0,40.0,12.0,0.0,0.0,0.0,0.0,0.0,2.0,0.0,7.0,18.0,0.0,1.0,25.0,0.0,0.0,4.0,0.0,0.0,0.0,0.0,5.0,9.0,54.0,0.0,0.0,0.0,0.0,45.0,0.0,13.0,0.0,5.0,0.0,9.0,70.0,13.0,9.0,0.0,0.0,0.0,0.0,4.0,0.0,0.0,0.0,1.0,0.0,2.0,1.0,0.0,0.0,0.0,0.0,24.0,0.0,0.0,0.0,142.0,0.0,22.0,0.0,0.0,0.0,2.0,0.0,7.0,0.0,0.0,0.0,1.0,0.0,0.0,0.0,0.0,0.0,0.0,0.0,16.0,0.0,0.0,0.0,0.0,0.0,21.0,39.0,3.0,28.0,1.0,0.0,16.0,39.0,59.0,1.0,0.0,0.0,3.0
Fall_Out_Boy_-_Centuries_preview.wav,7.0,0.0,9.0,1.0,141.0,0.0,0.0,18.0,1.0,1.0,3.0,100.0,0.0,0.0,0.0,0.0,2.0,0.0,0.0,0.0,5.0,0.0,20.0,4.0,0.0,43.0,0.0,0.0,58.0,17.0,25.0,8.0,1.0,2.0,42.0,0.0,0.0,14.0,3.0,0.0,0.0,2.0,0.0,18.0,0.0,41.0,4.0,0.0,3.0,20.0,0.0,5.0,3.0,12.0,1.0,0.0,1.0,0.0,0.0,0.0,0.0,24.0,29.0,0.0,0.0,0.0,1.0,2.0,0.0,0.0,8.0,0.0,1.0,3.0,1.0,0.0,0.0,0.0,1.0,8.0,0.0,1.0,0.0,0.0,0.0,0.0,0.0,21.0,32.0,5.0,0.0,4.0,20.0,0.0,0.0,1.0,64.0,6.0,1.0,7.0,0.0,0.0,0.0,33.0,30.0,250.0,0.0,0.0,0.0,16.0,9.0,0.0,0.0,0.0,11.0,0.0,1.0,6.0,1.0,0.0,1.0,3.0,1.0,0.0,38.0,0.0,17.0,0.0
Fall_Out_Boy_-_Champion_preview.wav,6.0,1.0,2.0,0.0,127.0,19.0,0.0,5.0,3.0,0.0,2.0,7.0,0.0,0.0,2.0,0.0,3.0,31.0,0.0,0.0,0.0,20.0,72.0,103.0,0.0,1.0,0.0,1.0,13.0,172.0,60.0,2.0,0.0,0.0,35.0,2.0,0.0,1.0,13.0,0.0,0.0,0.0,1.0,4.0,0.0,43.0,0.0,1.0,0.0,0.0,2.0,4.0,4.0,19.0,0.0,0.0,0.0,2.0,1.0,0.0,2.0,11.0,31.0,13.0,2.0,2.0,2.0,17.0,0.0,0.0,2.0,0.0,13.0,2.0,3.0,0.0,0.0,0.0,2.0,12.0,0.0,5.0,7.0,0.0,0.0,0.0,0.0,15.0,8.0,0.0,0.0,37.0,24.0,0.0,0.0,0.0,70.0,0.0,4.0,6.0,0.0,0.0,0.0,3.0,31.0,92.0,0.0,0.0,0.0,0.0,2.0,0.0,4.0,0.0,0.0,0.0,0.0,2.0,0.0,0.0,0.0,3.0,2.0,15.0,44.0,1.0,19.0,0.0
Fickle_Friends_-_Hello_Hello_preview.wav,10.0,0.0,0.0,0.0,157.0,0.0,1.0,7.0,0.0,65.0,4.0,13.0,0.0,0.0,0.0,0.0,0.0,1.0,6.0,0.0,0.0,0.0,77.0,2.0,0.0,69.0,0.0,34.0,106.0,36.0,53.0,0.0,18.0,0.0,59.0,0.0,0.0,14.0,11.0,0.0,9.0,0.0,0.0,0.0,0.0,37.0,2.0,4.0,0.0,0.0,11.0,0.0,2.0,13.0,0.0,0.0,0.0,0.0,3.0,8.0,0.0,49.0,19.0,4.0,0.0,3.0,0.0,1.0,7.0,0.0,2.0,0.0,1.0,41.0,1.0,0.0,0.0,0.0,2.0,35.0,0.0,8.0,3.0,0.0,0.0,0.0,0.0,22.0,2.0,5.0,0.0,23.0,1.0,0.0,1.0,2.0,8.0,0.0,3.0,0.0,17.0,0.0,0.0,49.0,5.0,31.0,0.0,0.0,0.0,17.0,0.0,0.0,0.0,18.0,0.0,0.0,0.0,0.0,0.0,0.0,0.0,1.0,7.0,0.0,72.0,0.0,0.0,0.0
FISHER_-_Losing_It_preview.wav,0.0,9.0,44.0,29.0,7.0,17.0,2.0,4.0,5.0,5.0,0.0,0.0,0.0,13.0,1.0,1.0,4.0,34.0,1.0,2.0,5.0,20.0,52.0,11.0,3.0,37.0,1.0,2.0,47.0,17.0,134.0,0.0,2.0,8.0,31.0,0.0,1.0,2.0,11.0,0.0,0.0,5.0,15.0,16.0,0.0,16.0,7.0,0.0,2.0,2.0,10.0,4.0,3.0,14.0,1.0,0.0,5.0,8.0,0.0,0.0,0.0,20.0,27.0,44.0,4.0,9.0,0.0,0.0,0.0,8.0,0.0,14.0,9.0,12.0,19.0,0.0,9.0,1.0,1.0,11.0,16.0,1.0,9.0,0.0,0.0,0.0,0.0,3.0,6.0,4.0,30.0,14.0,9.0,15.0,5.0,1.0,19.0,12.0,2.0,17.0,4.0,24.0,0.0,36.0,12.0,25.0,0.0,2.0,0.0,6.0,5.0,1.0,23.0,0.0,0.0,0.0,1.0,1.0,0.0,3.0,32.0,15.0,1.0,31.0,36.0,2.0,10.0,1.0
Fleetwood_Mac_-_Go_Your_Own_Way_-_2004_Remaster_preview.wav,4.0,0.0,0.0,0.0,106.0,0.0,0.0,7.0,5.0,0.0,4.0,0.0,3.0,0.0,0.0,0.0,0.0,5.0,1.0,0.0,9.0,19.0,37.0,0.0,0.0,0.0,0.0,4.0,5.0,13.0,25.0,0.0,0.0,0.0,56.0,0.0,0.0,101.0,2.0,0.0,0.0,0.0,0.0,0.0,0.0,4.0,10.0,4.0,4.0,0.0,0.0,0.0,11.0,0.0,10.0,0.0,0.0,0.0,0.0,0.0,0.0,217.0,24.0,1.0,4.0,50.0,2.0,0.0,36.0,0.0,0.0,0.0,38.0,0.0,2.0,0.0,0.0,0.0,4.0,27.0,0.0,0.0,0.0,0.0,0.0,1.0,0.0,18.0,10.0,122.0,0.0,8.0,0.0,0.0,0.0,1.0,11.0,0.0,2.0,1.0,0.0,0.0,0.0,26.0,15.0,35.0,0.0,0.0,0.0,41.0,4.0,0.0,0.0,0.0,0.0,1.0,6.0,5.0,94.0,0.0,0.0,1.0,0.0,0.0,34.0,0.0,2.0,0.0
Fleetwood_Mac_-_Little_Lies_preview.wav,0.0,3.0,6.0,5.0,0.0,4.0,2.0,1.0,62.0,0.0,8.0,0.0,6.0,0.0,3.0,10.0,62.0,0.0,0.0,53.0,1.0,1.0,0.0,0.0,60.0,0.0,2.0,3.0,0.0,7.0,0.0,4.0,0.0,37.0,0.0,3.0,2.0,0.0,4.0,11.0,12.0,59.0,0.0,0.0,0.0,0.0,5.0,0.0,20.0,0.0,0.0,5.0,0.0,41.0,0.0,1.0,4.0,1.0,10.0,0.0,1.0,0.0,6.0,0.0,0.0,5.0,58.0,2.0,0.0,0.0,0.0,1.0,0.0,3.0,1.0,8.0,0.0,2.0,0.0,0.0,27.0,24.0,4.0,0.0,10.0,13.0,0.0,0.0,0.0,16.0,0.0,4.0,0.0,8.0,0.0,1.0,0.0,22.0,40.0,0.0,0.0,3.0,0.0,0.0,0.0,0.0,25.0,21.0,0.0,22.0,0.0,0.0,5.0,0.0,0.0,337.0,3.0,9.0,0.0,0.0,3.0,78.0,11.0,0.0,0.0,1.0,0.0,0.0
Fleetwood_Mac_-_Rhiannon_preview.wav,0.0,16.0,1.0,1.0,0.0,6.0,3.0,3.0,15.0,0.0,0.0,0.0,0.0,1.0,21.0,16.0,0.0,2.0,0.0,23.0,2.0,130.0,0.0,0.0,0.0,0.0,19.0,1.0,0.0,0.0,0.0,1.0,1.0,7.0,0.0,3.0,14.0,0.0,0.0,4.0,0.0,10.0,20.0,0.0,6.0,0.0,2.0,0.0,2.0,2.0,0.0,1.0,1.0,0.0,34.0,27.0,0.0,41.0,0.0,0.0,20.0,0.0,0.0,0.0,131.0,61.0,72.0,2.0,0.0,0.0,0.0,23.0,0.0,0.0,2.0,0.0,0.0,0.0,3.0,4.0,9.0,9.0,0.0,2.0,8.0,1.0,0.0,0.0,0.0,2.0,27.0,0.0,0.0,0.0,0.0,0.0,0.0,0.0,62.0,0.0,0.0,0.0,0.0,0.0,0.0,0.0,4.0,0.0,25.0,21.0,5.0,4.0,1.0,0.0,0.0,27.0,2.0,22.0,3.0,168.0,0.0,18.0,2.0,114.0,0.0,2.0,0.0,0.0
Flume_-_Say_It_preview.wav,1.0,7.0,1.0,0.0,8.0,8.0,0.0,0.0,4.0,2.0,1.0,156.0,0.0,0.0,0.0,0.0,0.0,35.0,2.0,0.0,14.0,6.0,29.0,16.0,0.0,17.0,0.0,0.0,27.0,12.0,7.0,0.0,0.0,2.0,39.0,0.0,1.0,18.0,0.0,0.0,0.0,0.0,2.0,11.0,0.0,11.0,8.0,3.0,4.0,4.0,2.0,0.0,3.0,1.0,3.0,0.0,0.0,0.0,0.0,0.0,12.0,2.0,3.0,26.0,27.0,13.0,1.0,0.0,10.0,0.0,16.0,3.0,39.0,2.0,0.0,0.0,6.0,0.0,2.0,4.0,0.0,4.0,0.0,0.0,0.0,0.0,4.0,1.0,3.0,1.0,5.0,0.0,83.0,0.0,1.0,1.0,20.0,3.0,4.0,64.0,4.0,3.0,0.0,1.0,61.0,287.0,3.0,0.0,0.0,0.0,17.0,0.0,0.0,1.0,0.0,0.0,1.0,5.0,0.0,2.0,0.0,1.0,0.0,9.0,60.0,0.0,12.0,0.0
Foreigner_-_Juke_Box_Hero_preview.wav,3.0,0.0,0.0,0.0,18.0,0.0,0.0,1.0,1.0,1.0,2.0,0.0,2.0,0.0,0.0,0.0,0.0,1.0,6.0,0.0,0.0,5.0,11.0,0.0,0.0,0.0,9.0,4.0,0.0,24.0,27.0,0.0,15.0,0.0,4.0,0.0,0.0,3.0,0.0,0.0,0.0,0.0,0.0,19.0,16.0,3.0,22.0,47.0,4.0,0.0,3.0,0.0,49.0,0.0,10.0,0.0,0.0,0.0,0.0,25.0,0.0,73.0,2.0,15.0,1.0,0.0,0.0,10.0,43.0,0.0,1.0,0.0,355.0,0.0,1.0,0.0,0.0,0.0,1.0,3.0,0.0,5.0,0.0,7.0,0.0,1.0,0.0,14.0,3.0,10.0,0.0,2.0,0.0,0.0,1.0,1.0,149.0,0.0,2.0,4.0,7.0,0.0,0.0,16.0,91.0,38.0,0.0,0.0,1.0,13.0,18.0,3.0,0.0,0.0,0.0,0.0,0.0,0.0,6.0,5.0,0.0,0.0,4.0,2.0,12.0,0.0,21.0,16.0
Foreigner_-_Urgent_preview.wav,2.0,0.0,0.0,0.0,27.0,10.0,1.0,0.0,2.0,12.0,3.0,2.0,1.0,0.0,0.0,4.0,0.0,17.0,3.0,0.0,0.0,27.0,43.0,3.0,0.0,33.0,6.0,77.0,13.0,7.0,16.0,0.0,75.0,3.0,19.0,0.0,0.0,6.0,16.0,0.0,3.0,6.0,0.0,95.0,1.0,7.0,25.0,11.0,3.0,3.0,9.0,0.0,51.0,1.0,17.0,0.0,0.0,0.0,0.0,2.0,0.0,101.0,5.0,21.0,1.0,14.0,2.0,6.0,37.0,0.0,4.0,0.0,30.0,3.0,0.0,2.0,0.0,0.0,6.0,6.0,0.0,2.0,4.0,0.0,0.0,1.0,0.0,23.0,16.0,55.0,0.0,5.0,1.0,0.0,0.0,2.0,38.0,0.0,9.0,0.0,4.0,0.0,0.0,42.0,6.0,12.0,0.0,0.0,0.0,34.0,1.0,0.0,0.0,7.0,0.0,5.0,10.0,1.0,33.0,3.0,0.0,3.0,17.0,9.0,43.0,0.0,1.0,5.0
French_Montana_-_No_Stylist_preview.wav,27.0,9.0,26.0,0.0,6.0,4.0,0.0,40.0,5.0,9.0,6.0,31.0,4.0,0.0,7.0,12.0,2.0,12.0,4.0,10.0,9.0,6.0,3.0,6.0,15.0,1.0,1.0,5.0,15.0,6.0,6.0,16.0,2.0,2.0,10.0,33.0,0.0,2.0,30.0,3.0,40.0,6.0,10.0,0.0,0.0,14.0,0.0,1.0,1.0,9.0,28.0,7.0,32.0,35.0,6.0,6.0,6.0,0.0,54.0,8.0,3.0,0.0,23.0,15.0,67.0,10.0,3.0,20.0,4.0,0.0,4.0,8.0,12.0,18.0,0.0,0.0,0.0,11.0,1.0,6.0,9.0,2.0,26.0,0.0,3.0,3.0,0.0,20.0,1.0,2.0,1.0,23.0,2.0,0.0,4.0,4.0,10.0,31.0,11.0,8.0,36.0,15.0,1.0,0.0,6.0,1.0,14.0,20.0,0.0,1.0,5.0,1.0,1.0,56.0,2.0,0.0,13.0,11.0,6.0,44.0,10.0,13.0,2.0,2.0,9.0,0.0,5.0,5.0
Fuego_-_Una_Vaina_Loca_preview.wav,0.0,2.0,2.0,3.0,0.0,6.0,1.0,0.0,94.0,11.0,3.0,0.0,3.0,0.0,1.0,12.0,3.0,6.0,0.0,18.0,3.0,1.0,0.0,0.0,34.0,0.0,0.0,20.0,0.0,28.0,0.0,12.0,1.0,44.0,0.0,0.0,0.0,0.0,13.0,0.0,3.0,103.0,5.0,0.0,0.0,0.0,29.0,0.0,10.0,0.0,0.0,1.0,10.0,4.0,1.0,1.0,3.0,0.0,44.0,0.0,0.0,1.0,0.0,0.0,13.0,28.0,9.0,5.0,0.0,0.0,4.0,13.0,0.0,11.0,7.0,18.0,0.0,16.0,9.0,8.0,6.0,28.0,32.0,0.0,16.0,4.0,0.0,0.0,0.0,5.0,0.0,4.0,0.0,1.0,0.0,1.0,0.0,42.0,63.0,0.0,5.0,15.0,0.0,0.0,0.0,0.0,34.0,55.0,0.0,15.0,19.0,1.0,0.0,0.0,4.0,89.0,29.0,32.0,0.0,0.0,4.0,77.0,33.0,0.0,0.0,1.0,0.0,0.0
Galantis_-_Smile_-_Years_Remix_preview.wav,0.0,0.0,0.0,6.0,1.0,0.0,0.0,0.0,2.0,0.0,3.0,0.0,0.0,0.0,0.0,0.0,1.0,0.0,0.0,0.0,0.0,0.0,0.0,64.0,0.0,16.0,0.0,0.0,13.0,45.0,19.0,0.0,0.0,2.0,31.0,0.0,0.0,0.0,0.0,0.0,0.0,1.0,0.0,13.0,0.0,40.0,22.0,0.0,6.0,0.0,0.0,0.0,0.0,0.0,0.0,0.0,0.0,0.0,0.0,0.0,0.0,2.0,48.0,0.0,0.0,0.0,0.0,0.0,0.0,0.0,3.0,0.0,0.0,4.0,2.0,0.0,0.0,0.0,4.0,0.0,0.0,5.0,0.0,0.0,0.0,0.0,0.0,371.0,0.0,0.0,0.0,0.0,3.0,0.0,0.0,1.0,5.0,0.0,0.0,10.0,0.0,0.0,0.0,3.0,0.0,0.0,0.0,0.0,0.0,5.0,87.0,0.0,0.0,0.0,0.0,0.0,0.0,0.0,0.0,0.0,0.0,0.0,0.0,0.0,0.0,0.0,454.0,0.0
Gareth_Emery_-_Million_Years_preview.wav,0.0,0.0,0.0,0.0,0.0,68.0,1.0,0.0,0.0,0.0,2.0,0.0,0.0,0.0,0.0,1.0,0.0,216.0,6.0,0.0,0.0,60.0,95.0,0.0,0.0,0.0,2.0,71.0,0.0,3.0,0.0,0.0,34.0,0.0,0.0,0.0,0.0,0.0,0.0,0.0,38.0,1.0,0.0,0.0,0.0,0.0,17.0,10.0,0.0,0.0,0.0,0.0,18.0,1.0,15.0,4.0,0.0,0.0,0.0,22.0,0.0,11.0,0.0,273.0,1.0,24.0,3.0,6.0,35.0,0.0,0.0,0.0,27.0,0.0,0.0,0.0,15.0,1.0,2.0,14.0,0.0,0.0,4.0,0.0,0.0,3.0,0.0,0.0,0.0,12.0,0.0,42.0,0.0,0.0,0.0,2.0,0.0,0.0,3.0,0.0,0.0,0.0,0.0,0.0,0.0,0.0,1.0,5.0,0.0,0.0,1.0,0.0,0.0,7.0,0.0,1.0,2.0,1.0,1.0,0.0,0.0,0.0,7.0,49.0,49.0,0.0,0.0,5.0
Garmiani_-_BARRACA_feat_MC_Pikachu_preview.wav,0.0,1.0,5.0,0.0,29.0,0.0,0.0,1.0,7.0,3.0,3.0,250.0,0.0,0.0,0.0,0.0,1.0,0.0,0.0,7.0,32.0,0.0,23.0,40.0,0.0,51.0,0.0,0.0,38.0,16.0,62.0,0.0,2.0,15.0,156.0,0.0,0.0,12.0,2.0,0.0,0.0,0.0,0.0,9.0,0.0,18.0,3.0,0.0,2.0,2.0,7.0,0.0,1.0,3.0,0.0,0.0,0.0,0.0,0.0,0.0,0.0,11.0,20.0,0.0,1.0,23.0,0.0,1.0,0.0,0.0,11.0,0.0,0.0,13.0,0.0,0.0,0.0,1.0,2.0,21.0,1.0,1.0,2.0,0.0,0.0,0.0,4.0,6.0,3.0,1.0,0.0,0.0,115.0,0.0,2.0,1.0,3.0,0.0,1.0,48.0,5.0,2.0,4.0,50.0,13.0,36.0,0.0,0.0,0.0,1.0,7.0,0.0,0.0,0.0,0.0,0.0,0.0,7.0,0.0,0.0,0.0,2.0,0.0,0.0,66.0,0.0,6.0,0.0
GASHI_-_Safety_feat_DJ_Snake_-_Dark_Heart_Burn_Mix_preview.wav,92.0,1.0,16.0,1.0,31.0,8.0,1.0,24.0,35.0,7.0,3.0,2.0,0.0,0.0,0.0,21.0,0.0,11.0,1.0,3.0,3.0,0.0,13.0,0.0,0.0,0.0,1.0,17.0,17.0,48.0,0.0,31.0,3.0,13.0,13.0,4.0,1.0,0.0,7.0,0.0,1.0,4.0,2.0,1.0,0.0,12.0,7.0,0.0,1.0,7.0,4.0,1.0,24.0,34.0,0.0,1.0,0.0,0.0,1.0,0.0,1.0,15.0,36.0,36.0,12.0,4.0,4.0,19.0,0.0,0.0,0.0,4.0,11.0,1.0,0.0,0.0,0.0,52.0,2.0,22.0,6.0,3.0,117.0,0.0,6.0,0.0,0.0,20.0,4.0,3.0,0.0,71.0,0.0,0.0,0.0,0.0,83.0,31.0,7.0,7.0,0.0,2.0,0.0,4.0,3.0,5.0,12.0,11.0,0.0,8.0,6.0,7.0,0.0,1.0,0.0,4.0,4.0,20.0,0.0,1.0,2.0,31.0,32.0,1.0,30.0,1.0,2.0,0.0
Gaullin_-_Moonlight_preview.wav,1.0,0.0,11.0,1.0,2.0,16.0,1.0,1.0,30.0,0.0,5.0,0.0,0.0,1.0,54.0,1.0,6.0,19.0,2.0,10.0,0.0,2.0,28.0,0.0,4.0,0.0,0.0,6.0,0.0,13.0,1.0,8.0,0.0,0.0,6.0,19.0,1.0,0.0,3.0,0.0,38.0,1.0,31.0,0.0,0.0,0.0,0.0,0.0,0.0,8.0,2.0,6.0,0.0,6.0,0.0,9.0,3.0,3.0,8.0,0.0,31.0,3.0,10.0,30.0,16.0,10.0,2.0,27.0,0.0,0.0,0.0,65.0,0.0,1.0,3.0,5.0,1.0,177.0,9.0,54.0,4.0,17.0,44.0,0.0,81.0,2.0,0.0,2.0,0.0,3.0,2.0,37.0,0.0,4.0,0.0,2.0,1.0,32.0,1.0,0.0,0.0,2.0,0.0,1.0,0.0,0.0,70.0,19.0,0.0,29.0,0.0,0.0,5.0,3.0,0.0,10.0,4.0,33.0,0.0,0.0,0.0,21.0,12.0,3.0,22.0,2.0,5.0,8.0
GAWVI_-_Free_feat_T-Jay_preview.wav,2.0,5.0,11.0,7.0,1.0,8.0,1.0,6.0,9.0,32.0,4.0,15.0,28.0,0.0,20.0,20.0,6.0,14.0,0.0,12.0,4.0,0.0,6.0,5.0,41.0,1.0,1.0,4.0,0.0,3.0,13.0,14.0,0.0,6.0,1.0,13.0,3.0,1.0,31.0,5.0,25.0,24.0,15.0,1.0,0.0,0.0,6.0,0.0,5.0,11.0,8.0,10.0,9.0,7.0,0.0,1.0,0.0,0.0,53.0,0.0,12.0,5.0,9.0,7.0,18.0,11.0,4.0,24.0,0.0,0.0,16.0,24.0,2.0,39.0,0.0,22.0,1.0,54.0,6.0,13.0,9.0,8.0,63.0,0.0,52.0,15.0,1.0,3.0,0.0,6.0,1.0,3.0,19.0,17.0,5.0,0.0,6.0,13.0,4.0,2.0,18.0,18.0,0.0,4.0,17.0,0.0,30.0,12.0,0.0,2.0,5.0,5.0,6.0,15.0,12.0,8.0,34.0,21.0,0.0,0.0,19.0,14.0,11.0,1.0,1.0,2.0,7.0,8.0
Geto_Boys_-_Bring_It_On_preview.wav,0.0,26.0,2.0,15.0,4.0,26.0,1.0,5.0,49.0,4.0,2.0,0.0,9.0,0.0,9.0,9.0,7.0,7.0,2.0,35.0,27.0,36.0,1.0,0.0,11.0,1.0,4.0,13.0,0.0,7.0,3.0,19.0,2.0,42.0,0.0,2.0,1.0,0.0,9.0,1.0,6.0,18.0,35.0,2.0,0.0,1.0,8.0,0.0,12.0,8.0,7.0,7.0,4.0,3.0,0.0,4.0,1.0,0.0,10.0,0.0,10.0,12.0,0.0,3.0,113.0,35.0,16.0,29.0,2.0,0.0,2.0,25.0,1.0,2.0,1.0,4.0,3.0,26.0,12.0,18.0,16.0,27.0,6.0,0.0,19.0,1.0,2.0,13.0,0.0,16.0,0.0,6.0,0.0,10.0,3.0,0.0,1.0,8.0,52.0,0.0,8.0,4.0,0.0,33.0,1.0,1.0,23.0,1.0,0.0,23.0,12.0,7.0,1.0,5.0,3.0,18.0,1.0,46.0,9.0,26.0,7.0,10.0,2.0,27.0,10.0,3.0,0.0,0.0
Gloria_Estefan_-_Dr_Beat_preview.wav,0.0,9.0,0.0,70.0,0.0,0.0,3.0,2.0,59.0,0.0,11.0,0.0,8.0,0.0,10.0,0.0,110.0,0.0,0.0,77.0,8.0,0.0,0.0,3.0,7.0,0.0,0.0,0.0,0.0,19.0,1.0,0.0,1.0,129.0,0.0,1.0,0.0,0.0,2.0,0.0,0.0,5.0,0.0,17.0,0.0,0.0,59.0,0.0,82.0,28.0,0.0,0.0,2.0,0.0,0.0,0.0,29.0,0.0,0.0,0.0,0.0,0.0,0.0,0.0,0.0,2.0,0.0,0.0,0.0,0.0,4.0,0.0,0.0,1.0,5.0,5.0,0.0,1.0,146.0,0.0,1.0,146.0,0.0,0.0,15.0,4.0,0.0,0.0,0.0,5.0,0.0,0.0,0.0,0.0,1.0,2.0,5.0,0.0,25.0,1.0,0.0,0.0,0.0,0.0,1.0,0.0,2.0,0.0,0.0,2.0,73.0,1.0,29.0,0.0,1.0,16.0,1.0,16.0,2.0,0.0,2.0,2.0,3.0,0.0,0.0,0.0,20.0,0.0
Gloria_Estefan_-_I_See_Your_Smile_preview.wav,4.0,0.0,2.0,3.0,0.0,5.0,1.0,13.0,159.0,1.0,6.0,0.0,3.0,0.0,0.0,4.0,1.0,0.0,3.0,12.0,25.0,0.0,0.0,0.0,0.0,1.0,0.0,6.0,0.0,15.0,0.0,103.0,0.0,85.0,0.0,0.0,0.0,0.0,0.0,0.0,1.0,53.0,0.0,3.0,0.0,4.0,103.0,0.0,45.0,45.0,0.0,0.0,12.0,2.0,0.0,0.0,0.0,0.0,0.0,0.0,0.0,4.0,0.0,0.0,12.0,79.0,14.0,18.0,0.0,0.0,0.0,4.0,0.0,7.0,0.0,0.0,0.0,0.0,7.0,7.0,16.0,19.0,0.0,0.0,3.0,1.0,0.0,9.0,0.0,37.0,0.0,2.0,0.0,0.0,0.0,2.0,4.0,14.0,24.0,0.0,0.0,0.0,0.0,1.0,0.0,0.0,8.0,2.0,0.0,31.0,86.0,1.0,0.0,1.0,0.0,46.0,8.0,43.0,0.0,0.0,1.0,41.0,18.0,0.0,0.0,1.0,1.0,0.0
gnash_-_i_hate_u_i_love_u_feat_olivia_obrien_-_Deepend_Remix_preview.wav,10.0,7.0,0.0,1.0,5.0,41.0,6.0,3.0,27.0,0.0,0.0,0.0,0.0,0.0,1.0,46.0,11.0,50.0,0.0,69.0,11.0,35.0,12.0,0.0,5.0,0.0,0.0,0.0,0.0,18.0,0.0,70.0,0.0,1.0,0.0,0.0,21.0,0.0,1.0,0.0,0.0,6.0,16.0,0.0,0.0,0.0,0.0,2.0,0.0,2.0,1.0,3.0,0.0,1.0,1.0,1.0,0.0,11.0,1.0,0.0,3.0,1.0,43.0,30.0,28.0,18.0,18.0,2.0,7.0,0.0,2.0,32.0,2.0,0.0,0.0,0.0,1.0,61.0,0.0,68.0,42.0,0.0,23.0,0.0,46.0,0.0,0.0,0.0,0.0,1.0,1.0,2.0,0.0,1.0,0.0,1.0,0.0,18.0,3.0,0.0,8.0,0.0,0.0,0.0,0.0,0.0,27.0,1.0,0.0,6.0,2.0,22.0,26.0,0.0,2.0,28.0,0.0,142.0,5.0,0.0,4.0,25.0,29.0,2.0,2.0,8.0,3.0,0.0
Gramatik_-_Hit_That_Jive_preview.wav,3.0,50.0,67.0,16.0,14.0,3.0,1.0,10.0,17.0,0.0,1.0,0.0,0.0,0.0,4.0,3.0,11.0,6.0,0.0,61.0,15.0,38.0,8.0,0.0,1.0,3.0,24.0,10.0,30.0,2.0,0.0,7.0,2.0,20.0,3.0,0.0,2.0,2.0,0.0,0.0,4.0,8.0,7.0,0.0,5.0,57.0,2.0,18.0,7.0,14.0,0.0,0.0,0.0,42.0,8.0,3.0,1.0,8.0,0.0,2.0,45.0,0.0,4.0,3.0,52.0,16.0,13.0,2.0,3.0,0.0,0.0,30.0,0.0,4.0,5.0,0.0,11.0,20.0,8.0,8.0,67.0,8.0,3.0,1.0,10.0,0.0,0.0,0.0,0.0,8.0,15.0,0.0,0.0,0.0,0.0,0.0,0.0,10.0,39.0,0.0,0.0,0.0,0.0,14.0,0.0,7.0,24.0,1.0,2.0,14.0,6.0,10.0,7.0,2.0,0.0,7.0,2.0,54.0,7.0,17.0,7.0,49.0,3.0,42.0,2.0,2.0,1.0,7.0
Guns_N_Roses_-_Live_And_Let_Die_preview.wav,4.0,0.0,0.0,0.0,25.0,3.0,1.0,0.0,0.0,0.0,2.0,0.0,4.0,0.0,0.0,2.0,0.0,38.0,2.0,0.0,0.0,12.0,12.0,0.0,0.0,0.0,0.0,4.0,0.0,15.0,7.0,0.0,7.0,0.0,0.0,0.0,0.0,6.0,0.0,0.0,0.0,0.0,0.0,0.0,0.0,0.0,3.0,73.0,1.0,0.0,0.0,0.0,133.0,0.0,10.0,0.0,0.0,0.0,0.0,0.0,0.0,114.0,0.0,8.0,0.0,18.0,0.0,0.0,160.0,0.0,0.0,0.0,294.0,0.0,0.0,0.0,0.0,0.0,3.0,25.0,0.0,3.0,0.0,0.0,0.0,2.0,0.0,0.0,4.0,17.0,0.0,0.0,0.0,0.0,0.0,2.0,123.0,0.0,5.0,0.0,0.0,0.0,0.0,19.0,32.0,2.0,0.0,0.0,0.0,3.0,0.0,0.0,0.0,2.0,0.0,0.0,0.0,0.0,70.0,2.0,0.0,0.0,5.0,0.0,13.0,0.0,2.0,0.0
Guns_N_Roses_-_You_Could_Be_Mine_preview.wav,3.0,0.0,0.0,0.0,71.0,0.0,1.0,1.0,0.0,0.0,5.0,0.0,2.0,0.0,0.0,0.0,0.0,0.0,1.0,0.0,5.0,0.0,5.0,0.0,0.0,11.0,0.0,6.0,0.0,5.0,111.0,0.0,0.0,5.0,0.0,0.0,0.0,34.0,0.0,0.0,0.0,0.0,0.0,6.0,0.0,3.0,11.0,4.0,3.0,0.0,0.0,0.0,99.0,0.0,1.0,0.0,0.0,0.0,0.0,0.0,0.0,179.0,0.0,2.0,0.0,1.0,0.0,0.0,79.0,0.0,0.0,0.0,195.0,0.0,1.0,0.0,0.0,0.0,5.0,2.0,0.0,0.0,0.0,0.0,0.0,1.0,0.0,7.0,22.0,16.0,0.0,2.0,0.0,0.0,0.0,0.0,257.0,0.0,0.0,0.0,0.0,0.0,0.0,59.0,6.0,14.0,0.0,0.0,0.0,10.0,0.0,0.0,0.0,0.0,0.0,0.0,4.0,0.0,19.0,0.0,0.0,0.0,1.0,0.0,10.0,0.0,7.0,0.0
Guy_-_Goodbye_Love_preview.wav,0.0,14.0,5.0,29.0,0.0,0.0,6.0,0.0,0.0,0.0,45.0,0.0,106.0,0.0,1.0,0.0,85.0,0.0,0.0,17.0,9.0,0.0,0.0,0.0,21.0,0.0,19.0,0.0,0.0,0.0,0.0,0.0,3.0,23.0,0.0,15.0,0.0,0.0,0.0,7.0,0.0,11.0,0.0,0.0,0.0,0.0,13.0,0.0,190.0,2.0,0.0,9.0,0.0,0.0,2.0,0.0,34.0,0.0,0.0,0.0,0.0,0.0,0.0,0.0,5.0,0.0,4.0,0.0,0.0,0.0,0.0,0.0,0.0,7.0,10.0,7.0,0.0,0.0,129.0,0.0,4.0,284.0,0.0,0.0,0.0,53.0,1.0,0.0,0.0,0.0,0.0,0.0,0.0,2.0,5.0,2.0,0.0,0.0,25.0,0.0,25.0,14.0,0.0,0.0,0.0,0.0,0.0,0.0,0.0,0.0,0.0,5.0,11.0,0.0,28.0,0.0,4.0,0.0,0.0,0.0,1.0,0.0,0.0,0.0,0.0,0.0,0.0,0.0
Halestorm_-_Freak_Like_Me_preview.wav,0.0,0.0,0.0,0.0,37.0,0.0,1.0,2.0,1.0,0.0,0.0,36.0,0.0,0.0,0.0,0.0,0.0,0.0,0.0,0.0,0.0,0.0,0.0,3.0,0.0,0.0,0.0,0.0,16.0,0.0,0.0,0.0,0.0,0.0,99.0,0.0,0.0,4.0,0.0,0.0,0.0,1.0,0.0,25.0,0.0,6.0,3.0,0.0,4.0,0.0,4.0,0.0,2.0,0.0,0.0,0.0,0.0,0.0,0.0,0.0,0.0,0.0,1.0,0.0,0.0,0.0,0.0,0.0,0.0,0.0,9.0,0.0,1.0,0.0,1.0,0.0,0.0,0.0,3.0,0.0,0.0,1.0,0.0,0.0,0.0,0.0,9.0,0.0,90.0,2.0,0.0,0.0,0.0,0.0,4.0,0.0,39.0,0.0,0.0,2.0,5.0,0.0,4.0,0.0,97.0,759.0,0.0,0.0,0.0,0.0,1.0,0.0,0.0,0.0,0.0,0.0,0.0,0.0,0.0,0.0,0.0,3.0,0.0,0.0,17.0,0.0,0.0,0.0
Hannah_Montana_-_He_Could_Be_the_One_preview.wav,1.0,0.0,12.0,4.0,200.0,0.0,0.0,122.0,6.0,0.0,1.0,49.0,0.0,0.0,0.0,0.0,5.0,0.0,0.0,4.0,0.0,0.0,6.0,0.0,0.0,16.0,0.0,0.0,116.0,28.0,3.0,1.0,0.0,1.0,41.0,0.0,0.0,42.0,0.0,0.0,0.0,1.0,0.0,9.0,0.0,78.0,4.0,0.0,0.0,13.0,0.0,0.0,0.0,17.0,0.0,0.0,0.0,0.0,0.0,0.0,0.0,26.0,16.0,0.0,0.0,0.0,0.0,0.0,0.0,0.0,0.0,0.0,2.0,8.0,5.0,0.0,0.0,0.0,3.0,3.0,4.0,1.0,3.0,0.0,0.0,0.0,0.0,58.0,2.0,20.0,0.0,9.0,0.0,0.0,0.0,0.0,58.0,1.0,0.0,7.0,0.0,9.0,0.0,6.0,6.0,176.0,0.0,1.0,0.0,20.0,5.0,0.0,2.0,0.0,2.0,0.0,0.0,0.0,0.0,0.0,0.0,18.0,2.0,0.0,31.0,1.0,7.0,0.0
Hardwell_-_Dare_You_-_Radio_Edit_preview.wav,0.0,0.0,0.0,0.0,73.0,0.0,1.0,1.0,0.0,2.0,1.0,0.0,5.0,0.0,0.0,0.0,0.0,0.0,2.0,0.0,0.0,0.0,1.0,45.0,0.0,1.0,0.0,0.0,10.0,52.0,0.0,0.0,0.0,0.0,29.0,0.0,0.0,0.0,0.0,0.0,0.0,7.0,0.0,0.0,0.0,17.0,0.0,0.0,0.0,0.0,0.0,0.0,0.0,31.0,0.0,0.0,0.0,0.0,0.0,0.0,0.0,4.0,217.0,0.0,0.0,0.0,0.0,0.0,0.0,0.0,5.0,0.0,0.0,3.0,1.0,0.0,0.0,0.0,0.0,0.0,0.0,0.0,1.0,0.0,0.0,1.0,0.0,396.0,0.0,3.0,0.0,150.0,0.0,0.0,2.0,2.0,11.0,0.0,0.0,1.0,12.0,2.0,4.0,13.0,0.0,1.0,0.0,0.0,0.0,136.0,0.0,0.0,0.0,0.0,2.0,0.0,3.0,0.0,0.0,0.0,0.0,0.0,15.0,0.0,27.0,0.0,2.0,0.0
Harold_Faltermeyer_-_Axel_F_-_From_Beverly_Hills_Cop_Soundtrack_preview.wav,0.0,83.0,0.0,15.0,0.0,0.0,55.0,0.0,2.0,0.0,53.0,0.0,5.0,23.0,48.0,0.0,45.0,0.0,1.0,30.0,95.0,2.0,0.0,0.0,0.0,0.0,42.0,0.0,0.0,0.0,0.0,0.0,2.0,1.0,0.0,0.0,24.0,0.0,0.0,16.0,0.0,0.0,5.0,0.0,0.0,0.0,0.0,0.0,5.0,7.0,0.0,0.0,0.0,0.0,11.0,0.0,32.0,26.0,0.0,0.0,109.0,0.0,0.0,0.0,18.0,8.0,3.0,0.0,0.0,4.0,0.0,0.0,0.0,0.0,116.0,0.0,0.0,0.0,47.0,1.0,17.0,9.0,0.0,2.0,2.0,8.0,0.0,0.0,0.0,0.0,1.0,0.0,0.0,0.0,5.0,17.0,0.0,0.0,8.0,0.0,0.0,0.0,12.0,0.0,0.0,0.0,0.0,0.0,0.0,0.0,0.0,85.0,150.0,0.0,0.0,0.0,0.0,7.0,1.0,8.0,0.0,1.0,0.0,0.0,0.0,24.0,0.0,1.0
Harry_Nilsson_-_Without_You_-_Remastered_preview.wav,21.0,0.0,0.0,0.0,66.0,11.0,1.0,14.0,2.0,0.0,7.0,0.0,0.0,0.0,0.0,1.0,0.0,23.0,2.0,1.0,0.0,8.0,19.0,0.0,0.0,0.0,1.0,134.0,3.0,9.0,1.0,0.0,12.0,0.0,1.0,0.0,0.0,6.0,0.0,0.0,0.0,1.0,0.0,5.0,0.0,8.0,9.0,0.0,0.0,0.0,0.0,0.0,106.0,0.0,0.0,3.0,0.0,0.0,0.0,0.0,0.0,250.0,17.0,11.0,0.0,41.0,12.0,16.0,31.0,0.0,0.0,0.0,14.0,0.0,2.0,0.0,0.0,0.0,11.0,19.0,0.0,4.0,0.0,0.0,0.0,5.0,0.0,3.0,0.0,256.0,0.0,4.0,0.0,0.0,0.0,1.0,3.0,0.0,7.0,0.0,0.0,0.0,0.0,5.0,0.0,1.0,0.0,0.0,0.0,54.0,1.0,0.0,0.0,0.0,0.0,9.0,4.0,3.0,19.0,0.0,0.0,0.0,8.0,0.0,6.0,0.0,0.0,0.0
Hootie_The_Blowfish_-_I_Go_Blind_preview.wav,52.0,3.0,10.0,0.0,95.0,14.0,1.0,21.0,7.0,6.0,2.0,0.0,0.0,0.0,6.0,45.0,0.0,48.0,2.0,1.0,3.0,22.0,94.0,0.0,0.0,5.0,4.0,9.0,0.0,15.0,13.0,12.0,0.0,0.0,2.0,0.0,1.0,0.0,5.0,7.0,0.0,25.0,1.0,10.0,0.0,2.0,7.0,0.0,5.0,4.0,0.0,0.0,13.0,9.0,0.0,1.0,0.0,0.0,0.0,0.0,5.0,105.0,8.0,4.0,3.0,32.0,9.0,2.0,12.0,0.0,0.0,5.0,0.0,12.0,1.0,0.0,0.0,3.0,8.0,99.0,1.0,10.0,5.0,0.0,6.0,0.0,0.0,2.0,0.0,61.0,0.0,2.0,0.0,0.0,0.0,0.0,23.0,1.0,7.0,0.0,0.0,0.0,0.0,8.0,0.0,5.0,3.0,2.0,0.0,44.0,1.0,2.0,0.0,0.0,1.0,17.0,17.0,7.0,5.0,7.0,0.0,34.0,74.0,14.0,42.0,1.0,0.0,0.0
IC3PEAK_-_This_World_Is_Sick_preview.wav,1.0,0.0,9.0,1.0,20.0,0.0,0.0,37.0,16.0,1.0,1.0,38.0,0.0,0.0,0.0,2.0,0.0,0.0,0.0,1.0,12.0,0.0,6.0,55.0,0.0,2.0,1.0,0.0,12.0,45.0,6.0,2.0,0.0,2.0,41.0,0.0,0.0,0.0,0.0,0.0,0.0,0.0,0.0,13.0,0.0,88.0,16.0,0.0,7.0,15.0,0.0,0.0,2.0,40.0,0.0,0.0,0.0,0.0,0.0,0.0,0.0,0.0,25.0,2.0,30.0,1.0,0.0,2.0,0.0,0.0,27.0,25.0,0.0,12.0,4.0,0.0,0.0,15.0,5.0,11.0,1.0,1.0,3.0,0.0,0.0,0.0,51.0,41.0,1.0,0.0,0.0,22.0,53.0,0.0,0.0,1.0,68.0,3.0,3.0,138.0,0.0,1.0,1.0,1.0,39.0,66.0,0.0,0.0,0.0,1.0,29.0,0.0,1.0,0.0,0.0,0.0,0.0,15.0,0.0,0.0,0.0,25.0,1.0,0.0,17.0,1.0,57.0,0.0
In_Flames_-_Only_for_the_Weak_preview.wav,0.0,0.0,6.0,3.0,18.0,0.0,0.0,51.0,0.0,0.0,1.0,19.0,0.0,0.0,0.0,0.0,0.0,0.0,0.0,0.0,9.0,0.0,0.0,0.0,0.0,7.0,0.0,0.0,101.0,3.0,0.0,0.0,0.0,0.0,19.0,0.0,0.0,13.0,0.0,0.0,0.0,0.0,0.0,1.0,0.0,32.0,5.0,0.0,3.0,5.0,0.0,0.0,0.0,0.0,0.0,0.0,0.0,0.0,0.0,0.0,0.0,1.0,0.0,0.0,0.0,0.0,0.0,0.0,0.0,0.0,0.0,0.0,0.0,0.0,2.0,0.0,0.0,0.0,4.0,0.0,0.0,2.0,0.0,0.0,0.0,0.0,0.0,3.0,105.0,4.0,0.0,0.0,0.0,0.0,0.0,1.0,3.0,0.0,0.0,8.0,0.0,0.0,0.0,2.0,56.0,799.0,0.0,0.0,0.0,1.0,1.0,0.0,0.0,0.0,0.0,0.0,0.0,0.0,0.0,0.0,0.0,0.0,0.0,0.0,0.0,0.0,4.0,0.0
In_This_Moment_-_Adrenalize_preview.wav,0.0,0.0,0.0,0.0,6.0,0.0,0.0,0.0,0.0,0.0,2.0,21.0,0.0,0.0,0.0,0.0,0.0,0.0,1.0,0.0,0.0,0.0,37.0,0.0,0.0,0.0,0.0,0.0,2.0,3.0,0.0,0.0,1.0,1.0,68.0,0.0,0.0,6.0,0.0,0.0,0.0,0.0,0.0,0.0,0.0,0.0,13.0,0.0,7.0,0.0,0.0,0.0,6.0,0.0,0.0,0.0,0.0,0.0,0.0,0.0,0.0,7.0,3.0,0.0,0.0,0.0,0.0,0.0,2.0,0.0,0.0,0.0,60.0,0.0,0.0,0.0,0.0,0.0,4.0,1.0,0.0,4.0,0.0,0.0,0.0,0.0,0.0,13.0,58.0,2.0,0.0,1.0,0.0,0.0,0.0,1.0,171.0,0.0,0.0,33.0,0.0,0.0,0.0,0.0,646.0,87.0,0.0,0.0,0.0,0.0,1.0,0.0,0.0,0.0,0.0,0.0,0.0,0.0,0.0,0.0,0.0,0.0,0.0,0.0,21.0,0.0,3.0,0.0
Izi_-_48H_feat_Sfera_Ebbasta_preview.wav,2.0,13.0,3.0,1.0,4.0,18.0,1.0,5.0,38.0,0.0,3.0,0.0,1.0,0.0,22.0,9.0,8.0,12.0,1.0,49.0,59.0,12.0,1.0,0.0,0.0,0.0,2.0,0.0,3.0,7.0,0.0,28.0,0.0,6.0,2.0,5.0,2.0,0.0,0.0,1.0,6.0,0.0,20.0,0.0,0.0,12.0,2.0,0.0,5.0,4.0,0.0,68.0,1.0,4.0,0.0,0.0,0.0,32.0,1.0,0.0,44.0,1.0,4.0,2.0,71.0,69.0,7.0,24.0,0.0,0.0,0.0,30.0,0.0,0.0,2.0,0.0,0.0,54.0,7.0,16.0,21.0,9.0,50.0,1.0,33.0,3.0,0.0,3.0,0.0,2.0,7.0,2.0,0.0,0.0,0.0,1.0,3.0,23.0,82.0,3.0,2.0,0.0,0.0,3.0,0.0,13.0,44.0,31.0,0.0,2.0,6.0,1.0,0.0,5.0,0.0,3.0,0.0,50.0,0.0,19.0,2.0,31.0,10.0,4.0,0.0,0.0,15.0,4.0
J_Balvin_-_Ella_Me_Cautivo_preview.wav,10.0,0.0,3.0,0.0,10.0,36.0,0.0,16.0,20.0,9.0,4.0,50.0,4.0,0.0,1.0,1.0,0.0,1.0,1.0,2.0,3.0,8.0,2.0,0.0,4.0,4.0,3.0,26.0,19.0,24.0,11.0,0.0,23.0,12.0,49.0,0.0,1.0,0.0,38.0,0.0,41.0,7.0,1.0,0.0,1.0,35.0,35.0,1.0,1.0,4.0,2.0,2.0,28.0,16.0,2.0,8.0,0.0,2.0,46.0,17.0,2.0,17.0,34.0,2.0,6.0,22.0,4.0,61.0,1.0,0.0,0.0,3.0,2.0,16.0,1.0,7.0,0.0,4.0,1.0,2.0,0.0,3.0,9.0,3.0,3.0,1.0,2.0,12.0,0.0,8.0,6.0,88.0,0.0,0.0,1.0,2.0,1.0,15.0,30.0,1.0,16.0,4.0,0.0,19.0,0.0,3.0,3.0,24.0,5.0,39.0,33.0,1.0,0.0,21.0,0.0,9.0,7.0,2.0,2.0,3.0,0.0,16.0,40.0,12.0,8.0,1.0,0.0,10.0
J_Balvin_-_Safari_preview.wav,26.0,2.0,8.0,0.0,11.0,48.0,1.0,6.0,3.0,3.0,4.0,57.0,7.0,0.0,1.0,41.0,1.0,86.0,1.0,7.0,8.0,53.0,28.0,0.0,0.0,4.0,4.0,15.0,42.0,9.0,3.0,43.0,0.0,0.0,19.0,1.0,0.0,12.0,8.0,1.0,10.0,2.0,19.0,0.0,1.0,2.0,0.0,13.0,0.0,1.0,0.0,4.0,8.0,10.0,1.0,13.0,2.0,1.0,2.0,0.0,5.0,5.0,30.0,43.0,15.0,19.0,20.0,7.0,9.0,0.0,0.0,41.0,3.0,2.0,0.0,2.0,2.0,43.0,1.0,49.0,1.0,5.0,77.0,0.0,5.0,2.0,0.0,3.0,0.0,6.0,0.0,10.0,1.0,0.0,0.0,2.0,1.0,19.0,8.0,0.0,0.0,6.0,0.0,17.0,2.0,4.0,4.0,7.0,0.0,7.0,0.0,0.0,0.0,4.0,3.0,12.0,10.0,21.0,32.0,18.0,0.0,10.0,18.0,16.0,10.0,0.0,2.0,1.0
James_TW_-_Soldier_preview.wav,28.0,8.0,0.0,0.0,82.0,1.0,1.0,11.0,4.0,0.0,5.0,5.0,0.0,0.0,0.0,14.0,0.0,127.0,0.0,0.0,0.0,4.0,260.0,0.0,0.0,0.0,17.0,3.0,13.0,10.0,0.0,18.0,0.0,0.0,21.0,0.0,4.0,3.0,0.0,1.0,0.0,2.0,6.0,0.0,0.0,22.0,0.0,5.0,0.0,1.0,0.0,0.0,1.0,7.0,2.0,32.0,0.0,6.0,0.0,0.0,28.0,1.0,25.0,67.0,34.0,9.0,26.0,1.0,9.0,0.0,0.0,7.0,25.0,0.0,0.0,9.0,0.0,5.0,2.0,78.0,1.0,3.0,21.0,0.0,0.0,3.0,0.0,0.0,0.0,11.0,4.0,0.0,0.0,0.0,0.0,0.0,0.0,0.0,0.0,0.0,0.0,0.0,0.0,0.0,2.0,11.0,0.0,0.0,0.0,5.0,0.0,12.0,0.0,0.0,0.0,7.0,16.0,15.0,3.0,24.0,0.0,15.0,11.0,9.0,68.0,1.0,0.0,0.0
Janet_Jackson_-_Miss_You_Much_preview.wav,13.0,0.0,1.0,3.0,29.0,3.0,1.0,3.0,30.0,0.0,7.0,9.0,0.0,0.0,0.0,14.0,2.0,0.0,0.0,2.0,0.0,0.0,9.0,25.0,5.0,5.0,0.0,17.0,2.0,51.0,148.0,3.0,0.0,12.0,18.0,4.0,0.0,0.0,23.0,0.0,4.0,6.0,0.0,3.0,0.0,2.0,14.0,0.0,27.0,1.0,3.0,0.0,16.0,15.0,0.0,7.0,3.0,0.0,1.0,0.0,0.0,53.0,42.0,27.0,0.0,8.0,0.0,2.0,0.0,0.0,4.0,0.0,9.0,9.0,6.0,4.0,0.0,1.0,11.0,3.0,0.0,20.0,7.0,0.0,1.0,0.0,0.0,56.0,1.0,12.0,0.0,78.0,11.0,2.0,0.0,1.0,31.0,1.0,5.0,1.0,1.0,5.0,0.0,76.0,17.0,6.0,0.0,9.0,0.0,40.0,19.0,1.0,0.0,0.0,0.0,15.0,2.0,3.0,1.0,0.0,2.0,5.0,101.0,0.0,32.0,1.0,9.0,0.0
Janet_Jackson_-_Nasty_preview.wav,2.0,1.0,3.0,5.0,1.0,0.0,9.0,3.0,0.0,113.0,16.0,0.0,65.0,0.0,0.0,1.0,10.0,0.0,4.0,0.0,8.0,9.0,0.0,0.0,48.0,0.0,1.0,33.0,0.0,0.0,31.0,1.0,18.0,22.0,0.0,0.0,1.0,0.0,27.0,1.0,8.0,28.0,0.0,24.0,0.0,0.0,58.0,0.0,48.0,18.0,22.0,2.0,22.0,0.0,12.0,0.0,15.0,0.0,12.0,0.0,0.0,8.0,0.0,1.0,0.0,7.0,10.0,1.0,1.0,0.0,26.0,0.0,0.0,36.0,2.0,6.0,0.0,0.0,9.0,1.0,1.0,14.0,0.0,0.0,0.0,13.0,21.0,0.0,0.0,25.0,0.0,1.0,0.0,21.0,45.0,11.0,0.0,0.0,14.0,0.0,132.0,27.0,2.0,0.0,0.0,0.0,0.0,0.0,0.0,4.0,12.0,1.0,1.0,26.0,33.0,2.0,67.0,0.0,2.0,2.0,0.0,0.0,0.0,0.0,0.0,0.0,3.0,2.0
Jarren_Benton_-_Alladat_preview.wav,4.0,0.0,15.0,0.0,6.0,13.0,1.0,5.0,40.0,26.0,4.0,26.0,2.0,0.0,5.0,10.0,0.0,27.0,11.0,1.0,0.0,55.0,1.0,1.0,9.0,9.0,0.0,29.0,10.0,10.0,8.0,6.0,6.0,22.0,0.0,24.0,0.0,4.0,38.0,1.0,25.0,4.0,3.0,15.0,2.0,1.0,1.0,5.0,0.0,3.0,15.0,0.0,13.0,5.0,4.0,7.0,0.0,0.0,36.0,2.0,2.0,15.0,4.0,17.0,30.0,57.0,2.0,25.0,3.0,0.0,12.0,7.0,5.0,17.0,2.0,16.0,16.0,26.0,0.0,10.0,0.0,0.0,42.0,2.0,8.0,7.0,8.0,30.0,0.0,9.0,0.0,15.0,17.0,0.0,4.0,3.0,1.0,8.0,48.0,22.0,10.0,0.0,0.0,4.0,0.0,1.0,21.0,56.0,0.0,13.0,9.0,0.0,0.0,7.0,0.0,13.0,4.0,12.0,14.0,4.0,0.0,5.0,14.0,31.0,1.0,0.0,9.0,4.0
Javiera_Mena_-_Los_Olores_de_Tu_Alma_preview.wav,1.0,3.0,2.0,0.0,64.0,12.0,0.0,14.0,23.0,0.0,0.0,3.0,0.0,0.0,1.0,0.0,0.0,12.0,1.0,4.0,2.0,9.0,54.0,0.0,2.0,10.0,1.0,3.0,17.0,90.0,1.0,1.0,0.0,3.0,163.0,0.0,0.0,0.0,0.0,0.0,0.0,2.0,3.0,0.0,0.0,15.0,10.0,0.0,4.0,7.0,0.0,0.0,6.0,4.0,0.0,0.0,0.0,0.0,0.0,0.0,0.0,10.0,100.0,3.0,5.0,19.0,2.0,1.0,0.0,0.0,0.0,18.0,4.0,5.0,0.0,0.0,0.0,7.0,8.0,23.0,1.0,3.0,6.0,0.0,6.0,2.0,0.0,64.0,0.0,24.0,0.0,21.0,0.0,0.0,0.0,3.0,20.0,3.0,13.0,1.0,0.0,0.0,0.0,25.0,28.0,60.0,6.0,0.0,0.0,74.0,9.0,2.0,0.0,0.0,0.0,1.0,0.0,7.0,0.0,0.0,0.0,10.0,5.0,5.0,125.0,0.0,15.0,1.0
Jax_Jones_-_You_Dont_Know_Me_-_Radio_Edit_preview.wav,11.0,1.0,33.0,8.0,12.0,3.0,2.0,22.0,36.0,6.0,2.0,0.0,14.0,0.0,0.0,4.0,1.0,14.0,2.0,4.0,2.0,4.0,14.0,18.0,16.0,28.0,5.0,1.0,4.0,38.0,23.0,14.0,7.0,32.0,13.0,0.0,0.0,8.0,28.0,0.0,2.0,20.0,11.0,21.0,0.0,13.0,14.0,0.0,21.0,17.0,4.0,1.0,6.0,29.0,5.0,0.0,9.0,0.0,3.0,0.0,0.0,3.0,33.0,16.0,4.0,12.0,4.0,10.0,0.0,0.0,21.0,6.0,0.0,43.0,3.0,2.0,0.0,16.0,9.0,52.0,13.0,21.0,19.0,0.0,3.0,3.0,8.0,13.0,0.0,17.0,0.0,4.0,5.0,11.0,6.0,4.0,5.0,3.0,4.0,0.0,4.0,37.0,2.0,15.0,0.0,6.0,36.0,13.0,0.0,33.0,37.0,0.0,0.0,0.0,12.0,9.0,6.0,9.0,7.0,7.0,6.0,24.0,6.0,0.0,3.0,0.0,38.0,3.0
JAY-Z_-_Lucifer_preview.wav,23.0,10.0,20.0,0.0,23.0,1.0,1.0,23.0,3.0,2.0,2.0,9.0,0.0,0.0,1.0,7.0,1.0,19.0,0.0,8.0,7.0,7.0,87.0,0.0,2.0,14.0,0.0,18.0,17.0,2.0,30.0,20.0,0.0,4.0,12.0,0.0,0.0,1.0,11.0,0.0,3.0,8.0,0.0,5.0,0.0,23.0,3.0,0.0,2.0,8.0,1.0,0.0,9.0,38.0,2.0,0.0,0.0,0.0,0.0,0.0,0.0,29.0,21.0,58.0,6.0,7.0,9.0,4.0,10.0,0.0,0.0,2.0,95.0,0.0,3.0,1.0,0.0,8.0,2.0,36.0,5.0,5.0,23.0,0.0,1.0,0.0,0.0,8.0,15.0,8.0,0.0,14.0,0.0,0.0,0.0,0.0,12.0,31.0,5.0,7.0,0.0,1.0,0.0,12.0,169.0,17.0,4.0,3.0,0.0,15.0,1.0,0.0,0.0,0.0,2.0,3.0,3.0,23.0,0.0,2.0,4.0,14.0,6.0,1.0,97.0,0.0,3.0,0.0
Jay_Wheeler_-_Me_Enamore_preview.wav,0.0,0.0,0.0,0.0,0.0,0.0,79.0,0.0,0.0,0.0,1.0,0.0,0.0,25.0,0.0,0.0,0.0,0.0,0.0,0.0,0.0,0.0,0.0,0.0,0.0,0.0,0.0,0.0,0.0,0.0,0.0,0.0,1.0,0.0,0.0,0.0,57.0,0.0,0.0,8.0,0.0,2.0,0.0,0.0,184.0,0.0,0.0,3.0,0.0,0.0,0.0,0.0,0.0,0.0,0.0,3.0,0.0,0.0,0.0,142.0,0.0,0.0,0.0,0.0,0.0,0.0,6.0,0.0,0.0,0.0,0.0,1.0,0.0,0.0,0.0,0.0,22.0,2.0,0.0,0.0,2.0,0.0,0.0,328.0,0.0,3.0,0.0,0.0,0.0,0.0,4.0,0.0,0.0,0.0,0.0,0.0,0.0,0.0,0.0,0.0,0.0,0.0,0.0,0.0,0.0,0.0,1.0,0.0,318.0,0.0,0.0,0.0,0.0,4.0,0.0,2.0,1.0,5.0,0.0,0.0,0.0,0.0,2.0,0.0,0.0,33.0,0.0,53.0
Jeezy_-_Go_Getta_preview.wav,27.0,0.0,2.0,0.0,113.0,0.0,1.0,9.0,26.0,12.0,3.0,9.0,3.0,0.0,0.0,0.0,0.0,2.0,0.0,2.0,0.0,0.0,18.0,3.0,1.0,1.0,0.0,3.0,15.0,47.0,47.0,4.0,0.0,3.0,8.0,0.0,0.0,5.0,58.0,1.0,2.0,3.0,0.0,6.0,0.0,5.0,22.0,0.0,6.0,0.0,3.0,0.0,15.0,22.0,0.0,0.0,1.0,0.0,14.0,0.0,0.0,62.0,11.0,5.0,0.0,22.0,0.0,28.0,0.0,0.0,0.0,0.0,8.0,7.0,2.0,12.0,0.0,7.0,4.0,27.0,0.0,4.0,15.0,0.0,0.0,3.0,1.0,46.0,11.0,14.0,0.0,95.0,0.0,8.0,0.0,1.0,87.0,5.0,11.0,5.0,1.0,2.0,0.0,41.0,42.0,11.0,3.0,4.0,0.0,38.0,11.0,0.0,0.0,0.0,3.0,5.0,1.0,9.0,0.0,0.0,0.0,29.0,13.0,0.0,29.0,2.0,25.0,0.0
Jelly_Roll_-_Lose_Your_Soul_preview.wav,4.0,6.0,0.0,0.0,0.0,76.0,1.0,3.0,38.0,6.0,3.0,0.0,0.0,0.0,0.0,44.0,0.0,46.0,0.0,36.0,10.0,15.0,2.0,0.0,0.0,0.0,6.0,1.0,0.0,12.0,0.0,17.0,0.0,8.0,0.0,0.0,1.0,1.0,2.0,1.0,0.0,3.0,2.0,0.0,0.0,0.0,6.0,0.0,0.0,5.0,0.0,2.0,19.0,0.0,0.0,1.0,0.0,0.0,0.0,0.0,4.0,2.0,24.0,4.0,88.0,65.0,22.0,15.0,0.0,0.0,0.0,111.0,1.0,0.0,2.0,0.0,0.0,82.0,1.0,38.0,12.0,10.0,19.0,0.0,20.0,2.0,0.0,0.0,0.0,9.0,0.0,9.0,0.0,0.0,2.0,0.0,0.0,17.0,60.0,0.0,0.0,0.0,0.0,0.0,0.0,0.0,12.0,1.0,0.0,13.0,3.0,3.0,0.0,0.0,0.0,16.0,7.0,200.0,3.0,0.0,2.0,17.0,14.0,1.0,1.0,3.0,0.0,0.0
Jhaye_-_Me_Myself_I_preview.wav,0.0,1.0,1.0,0.0,0.0,108.0,2.0,0.0,2.0,0.0,0.0,0.0,0.0,0.0,9.0,25.0,0.0,4.0,0.0,2.0,1.0,38.0,0.0,0.0,0.0,0.0,5.0,6.0,0.0,0.0,0.0,1.0,3.0,6.0,0.0,16.0,13.0,0.0,0.0,9.0,2.0,2.0,59.0,0.0,32.0,0.0,0.0,9.0,2.0,5.0,0.0,1.0,11.0,0.0,9.0,44.0,0.0,68.0,0.0,5.0,23.0,0.0,0.0,0.0,22.0,12.0,63.0,1.0,1.0,0.0,0.0,120.0,12.0,0.0,0.0,0.0,28.0,3.0,0.0,1.0,1.0,5.0,0.0,14.0,21.0,0.0,0.0,0.0,4.0,1.0,183.0,0.0,0.0,0.0,0.0,0.0,4.0,11.0,25.0,1.0,0.0,0.0,0.0,0.0,12.0,0.0,15.0,1.0,13.0,0.0,1.0,5.0,0.0,0.0,0.0,18.0,4.0,18.0,0.0,30.0,0.0,1.0,1.0,104.0,0.0,5.0,0.0,7.0
Joakim_Molitor_-_Always_Gonna_Say_Sorry_preview.wav,8.0,0.0,14.0,6.0,17.0,8.0,1.0,0.0,4.0,35.0,2.0,3.0,4.0,0.0,0.0,2.0,4.0,4.0,0.0,0.0,0.0,1.0,9.0,2.0,3.0,11.0,0.0,41.0,5.0,18.0,16.0,2.0,0.0,4.0,27.0,3.0,1.0,0.0,26.0,0.0,30.0,46.0,0.0,1.0,0.0,0.0,24.0,0.0,9.0,5.0,7.0,0.0,5.0,16.0,0.0,4.0,1.0,0.0,31.0,0.0,0.0,16.0,15.0,36.0,2.0,4.0,17.0,35.0,0.0,0.0,3.0,3.0,3.0,46.0,3.0,1.0,0.0,5.0,8.0,3.0,0.0,4.0,7.0,0.0,2.0,2.0,2.0,74.0,0.0,11.0,0.0,66.0,0.0,0.0,0.0,0.0,29.0,6.0,2.0,9.0,1.0,17.0,0.0,62.0,13.0,2.0,0.0,12.0,0.0,40.0,49.0,0.0,0.0,1.0,0.0,52.0,10.0,2.0,1.0,0.0,0.0,6.0,20.0,2.0,20.0,2.0,106.0,0.0
Jody_Watley_-_Dont_You_Want_Me_preview.wav,0.0,5.0,0.0,15.0,2.0,1.0,3.0,0.0,2.0,17.0,25.0,0.0,50.0,0.0,0.0,1.0,17.0,0.0,0.0,6.0,19.0,1.0,0.0,0.0,63.0,3.0,6.0,1.0,0.0,10.0,3.0,4.0,5.0,21.0,0.0,2.0,3.0,0.0,17.0,6.0,2.0,78.0,0.0,4.0,0.0,0.0,61.0,0.0,140.0,5.0,0.0,0.0,3.0,1.0,2.0,3.0,1.0,0.0,22.0,0.0,7.0,2.0,0.0,0.0,13.0,30.0,5.0,7.0,0.0,0.0,0.0,0.0,0.0,37.0,2.0,44.0,0.0,0.0,59.0,0.0,1.0,91.0,0.0,0.0,1.0,33.0,0.0,4.0,0.0,9.0,0.0,1.0,0.0,3.0,1.0,4.0,0.0,0.0,69.0,0.0,13.0,5.0,0.0,5.0,0.0,0.0,0.0,0.0,0.0,57.0,20.0,11.0,4.0,1.0,17.0,6.0,66.0,2.0,0.0,17.0,8.0,0.0,0.0,2.0,0.0,5.0,0.0,0.0
Joe_Arroyo_-_La_rebelion_preview.wav,3.0,0.0,14.0,17.0,24.0,0.0,1.0,51.0,2.0,3.0,6.0,1.0,12.0,0.0,0.0,0.0,6.0,0.0,1.0,1.0,16.0,0.0,0.0,19.0,2.0,90.0,0.0,0.0,4.0,3.0,20.0,9.0,1.0,20.0,0.0,0.0,0.0,7.0,6.0,0.0,1.0,19.0,0.0,232.0,0.0,19.0,83.0,0.0,29.0,46.0,1.0,0.0,6.0,10.0,0.0,0.0,9.0,0.0,1.0,0.0,0.0,17.0,1.0,0.0,0.0,1.0,0.0,1.0,0.0,0.0,38.0,0.0,0.0,26.0,6.0,1.0,0.0,0.0,6.0,3.0,2.0,4.0,0.0,0.0,0.0,1.0,85.0,19.0,9.0,16.0,0.0,0.0,30.0,0.0,8.0,1.0,13.0,4.0,4.0,6.0,8.0,5.0,11.0,8.0,3.0,16.0,0.0,3.0,0.0,20.0,35.0,0.0,1.0,0.0,22.0,0.0,3.0,0.0,2.0,0.0,1.0,5.0,2.0,0.0,0.0,1.0,49.0,0.0
Joey_Montana_-_Tus_Ojos_No_Me_Ven_-_feat_Joewell_y_Randy_preview.wav,0.0,13.0,1.0,38.0,0.0,0.0,3.0,3.0,14.0,0.0,10.0,0.0,21.0,0.0,7.0,0.0,45.0,0.0,8.0,36.0,24.0,3.0,0.0,0.0,7.0,0.0,4.0,5.0,0.0,0.0,0.0,9.0,68.0,33.0,0.0,2.0,2.0,3.0,4.0,18.0,0.0,16.0,1.0,4.0,0.0,0.0,63.0,0.0,82.0,41.0,0.0,3.0,0.0,4.0,27.0,0.0,14.0,1.0,1.0,7.0,9.0,1.0,0.0,0.0,7.0,6.0,27.0,0.0,0.0,0.0,0.0,0.0,0.0,0.0,33.0,9.0,0.0,0.0,58.0,3.0,21.0,148.0,0.0,0.0,10.0,15.0,0.0,0.0,0.0,71.0,0.0,0.0,0.0,0.0,0.0,2.0,0.0,6.0,53.0,0.0,0.0,1.0,0.0,0.0,0.0,0.0,9.0,0.0,0.0,2.0,27.0,6.0,7.0,2.0,8.0,23.0,37.0,4.0,2.0,6.0,1.0,22.0,10.0,0.0,0.0,0.0,1.0,0.0
Jon_Z_-_Por_Contarle_Los_Secretos_preview.wav,0.0,2.0,16.0,0.0,1.0,2.0,1.0,12.0,12.0,1.0,3.0,23.0,0.0,3.0,2.0,0.0,2.0,3.0,0.0,3.0,1.0,9.0,4.0,0.0,3.0,11.0,0.0,2.0,6.0,13.0,9.0,1.0,2.0,2.0,2.0,12.0,2.0,7.0,12.0,0.0,4.0,14.0,6.0,6.0,0.0,4.0,6.0,10.0,3.0,8.0,2.0,8.0,11.0,128.0,2.0,2.0,0.0,5.0,7.0,30.0,4.0,4.0,31.0,4.0,0.0,7.0,1.0,90.0,1.0,0.0,1.0,4.0,1.0,15.0,1.0,6.0,3.0,33.0,1.0,2.0,9.0,9.0,61.0,1.0,25.0,2.0,0.0,37.0,2.0,3.0,3.0,31.0,9.0,0.0,5.0,1.0,2.0,25.0,14.0,2.0,0.0,15.0,0.0,4.0,2.0,1.0,48.0,200.0,0.0,36.0,7.0,0.0,1.0,0.0,2.0,16.0,2.0,1.0,7.0,1.0,1.0,25.0,14.0,8.0,0.0,1.0,9.0,1.0
JONES_-_Hoops_-_Acoustic_preview.wav,4.0,41.0,1.0,6.0,0.0,2.0,5.0,0.0,3.0,2.0,0.0,0.0,1.0,52.0,73.0,8.0,19.0,0.0,0.0,65.0,8.0,0.0,0.0,0.0,10.0,0.0,24.0,8.0,0.0,0.0,0.0,45.0,0.0,1.0,0.0,21.0,24.0,0.0,4.0,102.0,1.0,22.0,5.0,2.0,1.0,0.0,21.0,0.0,9.0,0.0,0.0,52.0,4.0,0.0,0.0,9.0,0.0,38.0,0.0,0.0,14.0,2.0,0.0,2.0,1.0,0.0,52.0,3.0,0.0,0.0,0.0,2.0,0.0,0.0,0.0,31.0,0.0,1.0,2.0,0.0,56.0,10.0,0.0,137.0,42.0,11.0,0.0,0.0,0.0,4.0,2.0,0.0,0.0,1.0,0.0,0.0,0.0,7.0,0.0,0.0,0.0,1.0,0.0,0.0,0.0,0.0,7.0,3.0,13.0,0.0,5.0,16.0,5.0,0.0,0.0,85.0,13.0,7.0,0.0,8.0,10.0,0.0,27.0,2.0,0.0,9.0,0.0,8.0
Josh_Stanley_-_Sass_Cafe_preview.wav,9.0,17.0,0.0,14.0,2.0,0.0,2.0,4.0,72.0,0.0,8.0,0.0,5.0,12.0,9.0,8.0,15.0,3.0,29.0,81.0,5.0,2.0,23.0,0.0,0.0,0.0,39.0,3.0,0.0,64.0,0.0,35.0,0.0,32.0,0.0,5.0,10.0,0.0,2.0,6.0,0.0,5.0,3.0,0.0,0.0,0.0,7.0,0.0,15.0,3.0,0.0,21.0,2.0,0.0,2.0,2.0,9.0,24.0,0.0,0.0,17.0,3.0,22.0,0.0,8.0,58.0,19.0,8.0,0.0,2.0,0.0,4.0,1.0,0.0,4.0,1.0,0.0,3.0,13.0,93.0,29.0,24.0,10.0,0.0,8.0,1.0,0.0,1.0,0.0,5.0,0.0,13.0,0.0,9.0,0.0,0.0,0.0,3.0,42.0,0.0,9.0,0.0,0.0,0.0,0.0,0.0,10.0,0.0,0.0,4.0,31.0,25.0,2.0,0.0,3.0,16.0,3.0,63.0,0.0,3.0,0.0,44.0,22.0,1.0,38.0,7.0,1.0,0.0
Josh_Stanley_-_Swish_preview.wav,1.0,9.0,6.0,18.0,0.0,86.0,2.0,3.0,20.0,0.0,2.0,0.0,5.0,23.0,16.0,59.0,4.0,26.0,2.0,41.0,2.0,10.0,0.0,0.0,2.0,0.0,14.0,32.0,0.0,1.0,0.0,6.0,0.0,6.0,0.0,13.0,5.0,0.0,0.0,13.0,6.0,1.0,29.0,0.0,0.0,1.0,2.0,2.0,4.0,13.0,0.0,51.0,3.0,19.0,1.0,7.0,4.0,37.0,3.0,0.0,44.0,1.0,6.0,11.0,19.0,17.0,11.0,22.0,3.0,0.0,0.0,30.0,5.0,0.0,4.0,15.0,0.0,38.0,8.0,4.0,20.0,8.0,11.0,2.0,64.0,12.0,0.0,4.0,0.0,0.0,13.0,4.0,0.0,0.0,0.0,0.0,1.0,18.0,20.0,0.0,7.0,0.0,0.0,4.0,0.0,0.0,14.0,9.0,0.0,8.0,0.0,21.0,6.0,3.0,0.0,28.0,12.0,22.0,0.0,14.0,30.0,6.0,50.0,19.0,0.0,7.0,1.0,6.0
Juanes_-_Tequila_preview.wav,27.0,2.0,1.0,0.0,39.0,1.0,2.0,60.0,18.0,19.0,7.0,41.0,4.0,0.0,0.0,0.0,1.0,2.0,10.0,1.0,5.0,22.0,5.0,15.0,25.0,10.0,0.0,7.0,12.0,31.0,18.0,7.0,1.0,10.0,17.0,0.0,1.0,2.0,23.0,0.0,0.0,9.0,1.0,11.0,0.0,20.0,30.0,0.0,0.0,23.0,1.0,0.0,5.0,6.0,0.0,0.0,1.0,0.0,13.0,0.0,0.0,30.0,6.0,1.0,3.0,14.0,0.0,18.0,2.0,0.0,17.0,1.0,2.0,39.0,2.0,6.0,0.0,6.0,6.0,27.0,1.0,0.0,6.0,0.0,2.0,3.0,20.0,16.0,1.0,21.0,0.0,29.0,6.0,6.0,8.0,12.0,16.0,6.0,6.0,5.0,16.0,9.0,4.0,15.0,28.0,63.0,1.0,23.0,0.0,32.0,78.0,0.0,3.0,9.0,5.0,1.0,5.0,13.0,3.0,1.0,0.0,27.0,18.0,0.0,9.0,2.0,7.0,10.0
Julieta_Venegas_-_Andar_Conmigo_preview.wav,5.0,9.0,5.0,0.0,0.0,42.0,2.0,5.0,35.0,0.0,1.0,0.0,0.0,0.0,14.0,19.0,8.0,0.0,0.0,32.0,9.0,3.0,5.0,0.0,5.0,0.0,15.0,67.0,0.0,3.0,0.0,32.0,0.0,38.0,0.0,11.0,2.0,0.0,13.0,9.0,34.0,8.0,14.0,0.0,0.0,0.0,9.0,0.0,19.0,1.0,0.0,15.0,14.0,9.0,11.0,9.0,0.0,10.0,0.0,0.0,9.0,16.0,16.0,28.0,11.0,16.0,60.0,33.0,0.0,0.0,0.0,25.0,0.0,0.0,3.0,7.0,0.0,17.0,0.0,9.0,20.0,14.0,19.0,0.0,31.0,1.0,0.0,1.0,0.0,10.0,1.0,30.0,0.0,0.0,0.0,0.0,0.0,21.0,13.0,0.0,0.0,0.0,0.0,0.0,0.0,0.0,13.0,8.0,0.0,34.0,4.0,11.0,8.0,1.0,0.0,88.0,15.0,46.0,0.0,31.0,3.0,43.0,24.0,3.0,4.0,3.0,0.0,0.0
Jungle_-_Busy_Earnin_preview.wav,1.0,0.0,0.0,0.0,73.0,0.0,1.0,6.0,4.0,10.0,2.0,13.0,6.0,0.0,0.0,0.0,0.0,0.0,0.0,0.0,0.0,0.0,85.0,0.0,0.0,23.0,0.0,6.0,32.0,37.0,109.0,0.0,0.0,4.0,50.0,0.0,0.0,0.0,20.0,0.0,0.0,4.0,0.0,0.0,0.0,68.0,6.0,0.0,4.0,0.0,4.0,0.0,0.0,17.0,0.0,0.0,0.0,0.0,0.0,0.0,0.0,50.0,107.0,0.0,0.0,12.0,0.0,2.0,0.0,0.0,0.0,0.0,0.0,2.0,2.0,0.0,0.0,0.0,5.0,40.0,0.0,4.0,5.0,0.0,0.0,2.0,0.0,22.0,0.0,65.0,0.0,22.0,1.0,0.0,0.0,0.0,4.0,0.0,0.0,0.0,0.0,0.0,0.0,112.0,16.0,20.0,0.0,0.0,0.0,142.0,2.0,0.0,0.0,0.0,0.0,0.0,2.0,0.0,0.0,0.0,0.0,1.0,0.0,0.0,67.0,0.0,0.0,0.0
Justin_Bieber_-_Sorry_preview.wav,39.0,0.0,6.0,0.0,29.0,14.0,0.0,1.0,13.0,0.0,3.0,62.0,0.0,0.0,1.0,13.0,1.0,16.0,2.0,1.0,0.0,1.0,27.0,4.0,1.0,4.0,0.0,2.0,13.0,35.0,11.0,1.0,1.0,2.0,48.0,3.0,0.0,1.0,12.0,0.0,1.0,3.0,0.0,0.0,0.0,6.0,4.0,1.0,0.0,1.0,13.0,0.0,8.0,60.0,0.0,0.0,0.0,0.0,1.0,0.0,0.0,14.0,57.0,79.0,1.0,4.0,1.0,50.0,8.0,0.0,0.0,1.0,23.0,1.0,0.0,0.0,0.0,6.0,2.0,5.0,0.0,2.0,21.0,0.0,3.0,3.0,0.0,70.0,0.0,1.0,0.0,147.0,5.0,0.0,0.0,1.0,9.0,3.0,3.0,6.0,0.0,0.0,0.0,18.0,25.0,7.0,1.0,80.0,0.0,16.0,4.0,0.0,0.0,3.0,0.0,13.0,1.0,0.0,0.0,0.0,0.0,8.0,51.0,7.0,65.0,0.0,2.0,0.0
KARD_-_Dumb_Litty_preview.wav,4.0,0.0,2.0,2.0,9.0,0.0,0.0,4.0,5.0,5.0,1.0,102.0,0.0,0.0,0.0,0.0,0.0,2.0,6.0,0.0,0.0,0.0,14.0,38.0,2.0,3.0,0.0,0.0,29.0,45.0,16.0,0.0,0.0,4.0,76.0,0.0,0.0,2.0,6.0,0.0,0.0,0.0,0.0,5.0,0.0,30.0,5.0,0.0,2.0,0.0,13.0,0.0,20.0,4.0,0.0,0.0,1.0,0.0,2.0,0.0,0.0,1.0,20.0,0.0,2.0,10.0,1.0,0.0,1.0,0.0,9.0,0.0,9.0,6.0,1.0,0.0,0.0,0.0,2.0,12.0,0.0,7.0,0.0,0.0,0.0,1.0,0.0,48.0,11.0,0.0,0.0,25.0,74.0,0.0,0.0,51.0,94.0,2.0,4.0,135.0,10.0,18.0,2.0,4.0,68.0,37.0,0.0,1.0,0.0,1.0,60.0,0.0,0.0,0.0,0.0,0.0,1.0,0.0,0.0,0.0,0.0,0.0,2.0,0.0,33.0,0.0,70.0,0.0
KaseO_-_Triste_preview.wav,0.0,2.0,0.0,0.0,0.0,0.0,16.0,0.0,0.0,1.0,11.0,0.0,0.0,197.0,29.0,0.0,7.0,0.0,11.0,0.0,0.0,0.0,0.0,0.0,0.0,0.0,8.0,2.0,0.0,0.0,16.0,0.0,0.0,0.0,0.0,0.0,298.0,0.0,6.0,15.0,0.0,0.0,4.0,1.0,0.0,0.0,2.0,0.0,2.0,0.0,0.0,0.0,2.0,0.0,0.0,0.0,16.0,134.0,0.0,0.0,19.0,6.0,0.0,0.0,3.0,3.0,1.0,0.0,0.0,69.0,1.0,0.0,0.0,0.0,10.0,4.0,0.0,0.0,1.0,0.0,0.0,1.0,0.0,69.0,11.0,8.0,0.0,0.0,0.0,0.0,16.0,0.0,0.0,0.0,0.0,0.0,7.0,0.0,4.0,0.0,3.0,0.0,0.0,0.0,0.0,0.0,0.0,0.0,17.0,0.0,0.0,102.0,71.0,0.0,0.0,1.0,1.0,0.0,0.0,5.0,0.0,0.0,0.0,0.0,0.0,74.0,0.0,5.0
Kash_Doll_-_Ready_Set_feat_Big_Sean_preview.wav,71.0,1.0,29.0,11.0,20.0,19.0,2.0,16.0,31.0,0.0,2.0,33.0,0.0,0.0,11.0,60.0,8.0,18.0,1.0,18.0,20.0,8.0,10.0,0.0,0.0,1.0,5.0,0.0,20.0,9.0,0.0,103.0,0.0,27.0,9.0,6.0,0.0,1.0,0.0,0.0,0.0,1.0,14.0,1.0,0.0,12.0,2.0,0.0,2.0,36.0,0.0,19.0,4.0,17.0,0.0,0.0,1.0,8.0,0.0,0.0,12.0,5.0,11.0,9.0,35.0,10.0,6.0,10.0,0.0,0.0,0.0,11.0,0.0,0.0,5.0,0.0,10.0,23.0,8.0,12.0,20.0,5.0,72.0,0.0,20.0,0.0,0.0,5.0,0.0,2.0,7.0,10.0,0.0,0.0,0.0,0.0,2.0,27.0,9.0,7.0,0.0,0.0,0.0,2.0,1.0,20.0,21.0,10.0,0.0,14.0,20.0,6.0,5.0,0.0,0.0,0.0,1.0,22.0,8.0,11.0,36.0,31.0,7.0,21.0,5.0,0.0,11.0,0.0
Keith_Sweat_-_Nobody_feat_Athena_Cage_-_Single_Version_2007_Remaster_preview.wav,1.0,8.0,0.0,0.0,5.0,48.0,0.0,1.0,9.0,4.0,4.0,0.0,0.0,0.0,11.0,42.0,1.0,8.0,2.0,6.0,25.0,51.0,0.0,0.0,0.0,0.0,15.0,64.0,0.0,0.0,5.0,33.0,16.0,1.0,0.0,7.0,2.0,0.0,3.0,12.0,50.0,0.0,15.0,0.0,8.0,0.0,12.0,3.0,3.0,2.0,0.0,0.0,16.0,0.0,15.0,39.0,0.0,2.0,1.0,4.0,11.0,25.0,0.0,8.0,45.0,9.0,83.0,11.0,1.0,0.0,0.0,19.0,0.0,0.0,0.0,2.0,7.0,18.0,1.0,7.0,1.0,3.0,12.0,0.0,32.0,7.0,0.0,0.0,0.0,30.0,7.0,2.0,0.0,0.0,0.0,0.0,0.0,0.0,21.0,0.0,0.0,0.0,0.0,26.0,0.0,0.0,3.0,1.0,0.0,1.0,1.0,5.0,0.0,8.0,0.0,87.0,12.0,24.0,23.0,47.0,0.0,2.0,26.0,93.0,1.0,4.0,0.0,12.0
Kenny_Lattimore_-_Make_Believe_preview.wav,0.0,3.0,0.0,0.0,1.0,0.0,1.0,2.0,8.0,0.0,0.0,11.0,0.0,0.0,110.0,18.0,8.0,0.0,0.0,137.0,0.0,0.0,0.0,0.0,3.0,5.0,0.0,0.0,14.0,1.0,0.0,6.0,0.0,5.0,1.0,55.0,1.0,0.0,0.0,0.0,0.0,5.0,33.0,0.0,0.0,4.0,0.0,0.0,5.0,1.0,0.0,6.0,0.0,1.0,0.0,30.0,0.0,0.0,0.0,0.0,23.0,0.0,3.0,0.0,11.0,0.0,10.0,0.0,0.0,0.0,0.0,13.0,0.0,0.0,3.0,0.0,0.0,88.0,1.0,0.0,27.0,7.0,10.0,0.0,312.0,1.0,0.0,0.0,0.0,3.0,0.0,0.0,0.0,0.0,0.0,0.0,0.0,12.0,0.0,0.0,0.0,0.0,0.0,6.0,0.0,1.0,173.0,5.0,0.0,5.0,0.0,2.0,7.0,0.0,0.0,34.0,0.0,28.0,0.0,3.0,0.0,12.0,13.0,1.0,0.0,3.0,0.0,0.0
Khalid_-_Outta_My_Head_with_John_Mayer_preview.wav,2.0,1.0,2.0,3.0,7.0,25.0,1.0,5.0,47.0,8.0,0.0,0.0,14.0,0.0,0.0,202.0,1.0,77.0,1.0,2.0,5.0,9.0,9.0,0.0,3.0,0.0,18.0,10.0,0.0,47.0,0.0,0.0,5.0,20.0,3.0,0.0,1.0,2.0,3.0,0.0,2.0,2.0,8.0,3.0,0.0,0.0,3.0,1.0,12.0,8.0,0.0,1.0,1.0,0.0,3.0,5.0,0.0,0.0,2.0,0.0,3.0,3.0,59.0,24.0,14.0,11.0,15.0,0.0,1.0,0.0,0.0,75.0,0.0,0.0,0.0,3.0,6.0,36.0,13.0,71.0,2.0,26.0,7.0,0.0,30.0,12.0,0.0,0.0,0.0,3.0,17.0,2.0,0.0,4.0,0.0,1.0,0.0,1.0,13.0,0.0,7.0,0.0,0.0,0.0,0.0,1.0,26.0,9.0,0.0,7.0,4.0,6.0,0.0,7.0,0.0,13.0,4.0,22.0,1.0,22.0,7.0,27.0,57.0,25.0,4.0,1.0,0.0,6.0
Khalid_-_Talk_-_Alle_Farben_Remix_preview.wav,1.0,1.0,12.0,14.0,4.0,17.0,0.0,3.0,39.0,0.0,0.0,6.0,0.0,0.0,2.0,58.0,4.0,19.0,0.0,27.0,0.0,10.0,9.0,1.0,0.0,8.0,3.0,1.0,20.0,32.0,11.0,5.0,0.0,1.0,42.0,4.0,3.0,0.0,15.0,1.0,0.0,2.0,5.0,0.0,0.0,6.0,7.0,0.0,1.0,0.0,0.0,1.0,5.0,42.0,0.0,1.0,0.0,3.0,0.0,0.0,2.0,2.0,98.0,30.0,19.0,15.0,11.0,14.0,0.0,0.0,0.0,24.0,0.0,18.0,0.0,0.0,0.0,20.0,0.0,16.0,10.0,5.0,39.0,0.0,9.0,0.0,0.0,31.0,0.0,0.0,1.0,87.0,6.0,0.0,0.0,0.0,7.0,12.0,22.0,0.0,0.0,6.0,0.0,26.0,1.0,2.0,11.0,5.0,0.0,27.0,33.0,11.0,0.0,0.0,0.0,7.0,0.0,12.0,0.0,5.0,9.0,17.0,131.0,11.0,18.0,2.0,14.0,0.0
Killstation_-_Rearranged_preview.wav,0.0,7.0,25.0,5.0,0.0,0.0,0.0,1.0,38.0,1.0,1.0,0.0,5.0,0.0,12.0,0.0,13.0,1.0,0.0,39.0,2.0,0.0,0.0,0.0,49.0,23.0,0.0,0.0,11.0,3.0,1.0,1.0,0.0,113.0,0.0,3.0,1.0,0.0,0.0,4.0,0.0,69.0,0.0,4.0,0.0,4.0,3.0,0.0,8.0,32.0,0.0,15.0,0.0,7.0,0.0,3.0,0.0,0.0,27.0,0.0,9.0,0.0,0.0,0.0,3.0,2.0,2.0,6.0,0.0,0.0,16.0,1.0,0.0,16.0,3.0,3.0,0.0,13.0,9.0,0.0,40.0,17.0,35.0,0.0,16.0,0.0,1.0,1.0,0.0,0.0,0.0,0.0,0.0,1.0,0.0,2.0,0.0,104.0,8.0,0.0,0.0,26.0,0.0,1.0,0.0,2.0,158.0,114.0,0.0,6.0,29.0,14.0,7.0,0.0,11.0,6.0,4.0,14.0,0.0,0.0,10.0,39.0,0.0,0.0,0.0,0.0,12.0,0.0
Kinto_Sol_-_Ella_Se_Fue_preview.wav,16.0,0.0,2.0,2.0,8.0,1.0,1.0,27.0,56.0,7.0,8.0,44.0,10.0,0.0,4.0,1.0,4.0,2.0,1.0,12.0,0.0,0.0,0.0,0.0,58.0,4.0,0.0,4.0,1.0,27.0,21.0,19.0,0.0,19.0,0.0,2.0,1.0,0.0,48.0,0.0,4.0,30.0,0.0,0.0,0.0,0.0,8.0,0.0,8.0,9.0,0.0,1.0,0.0,51.0,0.0,0.0,15.0,0.0,52.0,0.0,0.0,5.0,38.0,0.0,2.0,13.0,2.0,46.0,0.0,0.0,28.0,1.0,0.0,17.0,2.0,9.0,0.0,8.0,2.0,11.0,8.0,11.0,25.0,0.0,11.0,12.0,0.0,47.0,0.0,17.0,0.0,38.0,6.0,12.0,0.0,0.0,2.0,24.0,11.0,0.0,5.0,32.0,0.0,24.0,0.0,0.0,36.0,66.0,0.0,41.0,18.0,0.0,0.0,1.0,0.0,18.0,2.0,4.0,0.0,0.0,5.0,26.0,12.0,0.0,2.0,1.0,3.0,0.0
KISS_-_I_Was_Made_For_Lovin_You_preview.wav,1.0,0.0,3.0,0.0,44.0,3.0,0.0,1.0,0.0,1.0,1.0,4.0,3.0,0.0,0.0,2.0,0.0,0.0,0.0,0.0,0.0,5.0,3.0,0.0,0.0,44.0,0.0,64.0,3.0,20.0,196.0,0.0,12.0,0.0,74.0,0.0,0.0,0.0,54.0,0.0,2.0,14.0,0.0,11.0,0.0,3.0,31.0,1.0,2.0,0.0,0.0,0.0,8.0,0.0,2.0,0.0,0.0,0.0,0.0,5.0,0.0,164.0,23.0,0.0,0.0,3.0,1.0,11.0,10.0,0.0,0.0,0.0,3.0,21.0,1.0,0.0,2.0,1.0,5.0,2.0,0.0,0.0,0.0,0.0,0.0,5.0,0.0,34.0,1.0,121.0,0.0,1.0,1.0,0.0,0.0,1.0,18.0,0.0,1.0,2.0,4.0,1.0,0.0,28.0,15.0,30.0,0.0,2.0,0.0,83.0,13.0,0.0,0.0,8.0,0.0,4.0,11.0,0.0,20.0,0.0,0.0,1.0,3.0,1.0,9.0,0.0,8.0,2.0
Kool_Moe_Dee_-_How_Ya_Like_Me_Now_-_Longer_Version_preview.wav,13.0,9.0,59.0,67.0,1.0,0.0,3.0,17.0,0.0,0.0,6.0,0.0,22.0,0.0,0.0,0.0,12.0,0.0,0.0,2.0,132.0,2.0,0.0,0.0,6.0,49.0,5.0,0.0,1.0,2.0,1.0,10.0,11.0,45.0,0.0,0.0,0.0,15.0,0.0,1.0,0.0,9.0,0.0,31.0,0.0,20.0,51.0,0.0,26.0,223.0,2.0,16.0,19.0,0.0,22.0,0.0,7.0,0.0,0.0,0.0,0.0,2.0,0.0,0.0,3.0,9.0,0.0,2.0,0.0,0.0,1.0,0.0,0.0,19.0,12.0,3.0,0.0,0.0,49.0,0.0,32.0,17.0,0.0,0.0,1.0,5.0,0.0,2.0,0.0,1.0,0.0,0.0,0.0,17.0,1.0,0.0,0.0,0.0,14.0,2.0,3.0,10.0,0.0,0.0,0.0,0.0,1.0,0.0,0.0,7.0,47.0,1.0,1.0,3.0,24.0,2.0,5.0,1.0,5.0,0.0,27.0,4.0,0.0,0.0,0.0,4.0,37.0,1.0
L_Devine_-_Peachy_Keen_preview.wav,1.0,20.0,30.0,3.0,1.0,0.0,10.0,24.0,35.0,9.0,14.0,9.0,8.0,9.0,2.0,12.0,6.0,9.0,0.0,18.0,47.0,71.0,3.0,0.0,7.0,1.0,2.0,3.0,4.0,7.0,0.0,42.0,0.0,6.0,3.0,0.0,1.0,0.0,1.0,5.0,3.0,5.0,0.0,0.0,0.0,7.0,6.0,0.0,0.0,11.0,0.0,9.0,0.0,12.0,28.0,6.0,5.0,3.0,2.0,0.0,2.0,0.0,2.0,0.0,48.0,22.0,15.0,0.0,0.0,11.0,18.0,6.0,0.0,6.0,8.0,47.0,0.0,8.0,5.0,15.0,22.0,1.0,36.0,22.0,1.0,2.0,27.0,5.0,0.0,5.0,1.0,0.0,0.0,2.0,23.0,19.0,0.0,10.0,5.0,13.0,13.0,12.0,1.0,0.0,0.0,1.0,8.0,0.0,0.0,8.0,4.0,3.0,21.0,0.0,49.0,0.0,27.0,79.0,7.0,6.0,9.0,92.0,4.0,2.0,0.0,14.0,4.0,1.0
Lady_Gaga_-_Paparazzi_preview.wav,13.0,1.0,1.0,0.0,65.0,4.0,1.0,1.0,3.0,0.0,2.0,19.0,0.0,0.0,0.0,7.0,1.0,57.0,0.0,0.0,2.0,6.0,240.0,0.0,0.0,1.0,1.0,1.0,2.0,18.0,0.0,4.0,2.0,2.0,27.0,0.0,2.0,16.0,0.0,0.0,0.0,0.0,0.0,5.0,0.0,4.0,2.0,5.0,1.0,3.0,0.0,0.0,20.0,33.0,3.0,0.0,0.0,0.0,0.0,0.0,0.0,12.0,23.0,177.0,1.0,0.0,1.0,1.0,27.0,0.0,0.0,2.0,65.0,0.0,2.0,0.0,0.0,5.0,5.0,31.0,0.0,1.0,9.0,0.0,0.0,0.0,0.0,7.0,23.0,2.0,0.0,23.0,0.0,0.0,0.0,0.0,6.0,0.0,0.0,0.0,0.0,0.0,0.0,0.0,58.0,63.0,0.0,6.0,0.0,6.0,3.0,1.0,1.0,0.0,0.0,0.0,0.0,2.0,17.0,1.0,0.0,1.0,27.0,1.0,104.0,0.0,3.0,0.0
League_of_Legends_-_Legends_Never_Die_feat_Against_the_Current_preview.wav,0.0,27.0,0.0,3.0,0.0,0.0,2.0,0.0,0.0,2.0,38.0,0.0,42.0,51.0,13.0,0.0,54.0,0.0,11.0,16.0,0.0,1.0,0.0,0.0,8.0,0.0,0.0,1.0,0.0,0.0,0.0,0.0,0.0,0.0,0.0,0.0,20.0,0.0,0.0,240.0,26.0,2.0,5.0,0.0,5.0,0.0,0.0,0.0,1.0,0.0,0.0,65.0,0.0,0.0,1.0,158.0,32.0,21.0,0.0,0.0,0.0,0.0,0.0,0.0,0.0,0.0,74.0,0.0,0.0,0.0,0.0,4.0,0.0,0.0,10.0,52.0,0.0,0.0,1.0,0.0,8.0,0.0,0.0,17.0,2.0,96.0,0.0,0.0,0.0,0.0,9.0,0.0,0.0,69.0,0.0,2.0,0.0,3.0,0.0,0.0,0.0,0.0,0.0,0.0,0.0,0.0,1.0,0.0,10.0,0.0,0.0,31.0,6.0,20.0,0.0,1.0,14.0,1.0,0.0,0.0,2.0,0.0,0.0,1.0,0.0,9.0,0.0,4.0
Leonell_Cassio_-_Lying_Were_Fine_preview.wav,47.0,0.0,3.0,1.0,43.0,6.0,1.0,32.0,19.0,65.0,2.0,0.0,0.0,0.0,15.0,109.0,8.0,24.0,2.0,5.0,12.0,53.0,8.0,2.0,0.0,2.0,0.0,37.0,0.0,23.0,18.0,79.0,5.0,1.0,0.0,0.0,0.0,0.0,22.0,0.0,18.0,6.0,25.0,3.0,4.0,5.0,4.0,3.0,11.0,29.0,0.0,2.0,2.0,0.0,12.0,1.0,0.0,0.0,3.0,1.0,0.0,3.0,2.0,10.0,11.0,54.0,6.0,0.0,1.0,0.0,0.0,34.0,0.0,9.0,0.0,0.0,0.0,18.0,0.0,51.0,11.0,7.0,2.0,0.0,11.0,1.0,0.0,0.0,0.0,15.0,10.0,0.0,0.0,0.0,1.0,2.0,0.0,14.0,4.0,0.0,2.0,1.0,0.0,5.0,0.0,11.0,8.0,1.0,0.0,5.0,7.0,1.0,1.0,3.0,0.0,10.0,20.0,41.0,26.0,7.0,0.0,16.0,28.0,33.0,3.0,2.0,3.0,8.0
Lianne_La_Havas_-_Tokyo_preview.wav,3.0,15.0,1.0,0.0,3.0,68.0,1.0,2.0,5.0,0.0,1.0,0.0,0.0,2.0,8.0,53.0,2.0,36.0,0.0,32.0,5.0,2.0,20.0,0.0,1.0,0.0,12.0,1.0,0.0,3.0,0.0,15.0,0.0,0.0,2.0,1.0,0.0,4.0,0.0,6.0,3.0,3.0,63.0,0.0,0.0,0.0,0.0,2.0,0.0,0.0,0.0,3.0,0.0,6.0,0.0,4.0,0.0,22.0,0.0,0.0,16.0,0.0,30.0,26.0,28.0,3.0,12.0,3.0,1.0,0.0,0.0,161.0,0.0,2.0,3.0,1.0,12.0,141.0,1.0,48.0,8.0,1.0,105.0,0.0,53.0,0.0,0.0,0.0,0.0,0.0,0.0,5.0,0.0,0.0,0.0,0.0,0.0,40.0,0.0,0.0,0.0,0.0,0.0,0.0,0.0,0.0,39.0,6.0,0.0,3.0,0.0,5.0,4.0,0.0,0.0,3.0,0.0,57.0,0.0,14.0,11.0,16.0,10.0,5.0,7.0,2.0,0.0,0.0
Lil_Jon_-_La_Vida_Es_Una_feat_Pitbull_preview.wav,31.0,3.0,20.0,15.0,18.0,10.0,0.0,16.0,8.0,5.0,3.0,15.0,0.0,0.0,0.0,10.0,3.0,14.0,0.0,2.0,3.0,0.0,4.0,103.0,1.0,3.0,0.0,1.0,8.0,26.0,13.0,4.0,0.0,26.0,19.0,0.0,0.0,0.0,10.0,0.0,0.0,4.0,1.0,10.0,0.0,25.0,25.0,0.0,7.0,13.0,23.0,3.0,60.0,11.0,0.0,0.0,5.0,0.0,0.0,0.0,0.0,6.0,32.0,3.0,6.0,16.0,1.0,14.0,0.0,0.0,43.0,7.0,7.0,12.0,3.0,0.0,0.0,9.0,7.0,8.0,0.0,6.0,3.0,0.0,9.0,0.0,3.0,13.0,0.0,1.0,0.0,9.0,53.0,0.0,6.0,2.0,69.0,5.0,13.0,82.0,3.0,8.0,1.0,5.0,13.0,8.0,4.0,2.0,0.0,3.0,75.0,1.0,1.0,0.0,0.0,1.0,0.0,5.0,6.0,0.0,16.0,3.0,7.0,0.0,11.0,0.0,90.0,0.0
Lil_Kleine_-_Krantenwijk_preview.wav,33.0,1.0,3.0,0.0,5.0,6.0,2.0,1.0,20.0,75.0,6.0,74.0,5.0,0.0,0.0,19.0,2.0,8.0,17.0,0.0,1.0,0.0,3.0,9.0,18.0,18.0,2.0,5.0,7.0,18.0,21.0,16.0,0.0,0.0,4.0,0.0,0.0,0.0,70.0,5.0,18.0,10.0,4.0,1.0,1.0,1.0,3.0,1.0,2.0,0.0,59.0,3.0,2.0,0.0,0.0,5.0,1.0,4.0,52.0,1.0,4.0,3.0,1.0,41.0,2.0,1.0,10.0,16.0,0.0,0.0,12.0,12.0,0.0,24.0,3.0,15.0,1.0,37.0,1.0,1.0,1.0,6.0,4.0,5.0,7.0,29.0,3.0,4.0,0.0,3.0,2.0,25.0,35.0,8.0,7.0,29.0,6.0,0.0,2.0,11.0,39.0,16.0,0.0,27.0,2.0,1.0,0.0,0.0,1.0,3.0,3.0,0.0,0.0,21.0,19.0,19.0,14.0,3.0,2.0,4.0,0.0,0.0,68.0,2.0,21.0,0.0,1.0,13.0
Lil_Tecca_-_Did_It_Again_preview.wav,57.0,2.0,6.0,17.0,2.0,3.0,1.0,34.0,5.0,64.0,2.0,0.0,7.0,0.0,2.0,4.0,3.0,3.0,2.0,23.0,34.0,17.0,6.0,2.0,26.0,4.0,7.0,6.0,0.0,5.0,7.0,54.0,15.0,17.0,0.0,4.0,1.0,0.0,12.0,0.0,6.0,17.0,0.0,37.0,2.0,0.0,13.0,2.0,8.0,27.0,16.0,8.0,22.0,3.0,14.0,6.0,3.0,0.0,10.0,0.0,1.0,4.0,16.0,3.0,19.0,11.0,8.0,9.0,1.0,0.0,12.0,4.0,0.0,43.0,2.0,19.0,0.0,4.0,7.0,7.0,18.0,8.0,24.0,1.0,13.0,4.0,1.0,1.0,0.0,0.0,0.0,6.0,25.0,16.0,4.0,2.0,5.0,24.0,21.0,15.0,16.0,29.0,0.0,0.0,1.0,0.0,38.0,25.0,0.0,6.0,15.0,0.0,0.0,5.0,44.0,12.0,10.0,5.0,19.0,8.0,19.0,19.0,0.0,2.0,3.0,0.0,6.0,4.0
Lil_Wayne_-_Best_Rapper_Alive_preview.wav,101.0,0.0,9.0,0.0,102.0,3.0,0.0,76.0,0.0,0.0,2.0,46.0,0.0,0.0,0.0,2.0,0.0,9.0,4.0,0.0,2.0,0.0,37.0,0.0,0.0,8.0,0.0,8.0,6.0,18.0,6.0,4.0,38.0,0.0,18.0,0.0,0.0,20.0,4.0,0.0,0.0,0.0,0.0,37.0,0.0,20.0,63.0,1.0,2.0,0.0,0.0,0.0,62.0,3.0,8.0,0.0,0.0,0.0,0.0,0.0,0.0,38.0,30.0,6.0,0.0,5.0,0.0,12.0,0.0,0.0,0.0,0.0,49.0,0.0,0.0,0.0,0.0,0.0,4.0,10.0,0.0,0.0,2.0,0.0,0.0,1.0,0.0,39.0,10.0,4.0,0.0,27.0,2.0,0.0,1.0,1.0,85.0,0.0,6.0,24.0,0.0,0.0,0.0,11.0,17.0,34.0,0.0,0.0,0.0,6.0,46.0,0.0,0.0,0.0,0.0,0.0,0.0,0.0,24.0,2.0,0.0,0.0,9.0,0.0,23.0,0.0,45.0,0.0
Lil_Whigga_-_Freh_preview.wav,0.0,7.0,3.0,0.0,1.0,8.0,1.0,2.0,15.0,13.0,10.0,0.0,34.0,3.0,32.0,25.0,0.0,0.0,42.0,34.0,4.0,10.0,0.0,0.0,4.0,1.0,6.0,2.0,4.0,4.0,0.0,19.0,1.0,7.0,0.0,16.0,4.0,0.0,0.0,6.0,23.0,4.0,49.0,0.0,5.0,1.0,3.0,0.0,1.0,3.0,7.0,19.0,0.0,3.0,2.0,6.0,5.0,19.0,5.0,3.0,23.0,0.0,0.0,0.0,39.0,3.0,7.0,8.0,0.0,0.0,1.0,22.0,0.0,0.0,3.0,31.0,3.0,19.0,0.0,4.0,18.0,1.0,23.0,3.0,52.0,36.0,0.0,4.0,0.0,3.0,22.0,1.0,0.0,18.0,12.0,5.0,4.0,25.0,4.0,3.0,22.0,5.0,0.0,4.0,0.0,5.0,68.0,20.0,0.0,3.0,6.0,4.0,4.0,61.0,25.0,7.0,20.0,31.0,1.0,23.0,12.0,33.0,1.0,17.0,0.0,1.0,11.0,35.0
Lil_Yachty_-_Say_My_Name_preview.wav,52.0,0.0,1.0,3.0,19.0,80.0,2.0,14.0,10.0,1.0,0.0,8.0,0.0,0.0,42.0,117.0,6.0,28.0,0.0,3.0,0.0,28.0,13.0,0.0,1.0,2.0,1.0,0.0,7.0,31.0,0.0,18.0,0.0,2.0,36.0,114.0,0.0,0.0,0.0,12.0,33.0,2.0,34.0,0.0,0.0,3.0,0.0,0.0,0.0,1.0,0.0,14.0,4.0,4.0,0.0,2.0,0.0,4.0,4.0,0.0,2.0,1.0,35.0,26.0,0.0,13.0,6.0,29.0,0.0,0.0,0.0,38.0,0.0,0.0,2.0,11.0,1.0,34.0,3.0,4.0,6.0,2.0,33.0,1.0,35.0,3.0,0.0,9.0,1.0,0.0,19.0,32.0,0.0,0.0,0.0,0.0,8.0,17.0,4.0,2.0,0.0,0.0,0.0,7.0,7.0,5.0,13.0,14.0,0.0,10.0,2.0,3.0,12.0,5.0,0.0,0.0,3.0,7.0,3.0,0.0,2.0,13.0,17.0,17.0,14.0,2.0,0.0,3.0
Lizzo_-_Good_as_Hell_feat_Ariana_Grande_-_Remix_preview.wav,0.0,0.0,0.0,0.0,29.0,5.0,0.0,6.0,0.0,1.0,0.0,131.0,0.0,0.0,0.0,3.0,0.0,12.0,1.0,0.0,0.0,10.0,14.0,27.0,0.0,0.0,0.0,31.0,57.0,9.0,60.0,0.0,12.0,0.0,73.0,0.0,0.0,0.0,26.0,0.0,34.0,0.0,0.0,2.0,10.0,6.0,2.0,0.0,0.0,1.0,10.0,0.0,1.0,14.0,2.0,3.0,0.0,0.0,1.0,5.0,0.0,7.0,8.0,10.0,0.0,4.0,2.0,1.0,3.0,0.0,1.0,1.0,0.0,0.0,0.0,0.0,0.0,0.0,1.0,4.0,0.0,0.0,0.0,0.0,0.0,1.0,0.0,131.0,1.0,2.0,0.0,41.0,34.0,0.0,5.0,1.0,27.0,0.0,0.0,59.0,13.0,0.0,3.0,67.0,125.0,34.0,0.0,2.0,0.0,12.0,11.0,1.0,0.0,11.0,0.0,4.0,0.0,0.0,4.0,2.0,0.0,3.0,4.0,5.0,31.0,0.0,12.0,6.0
LORYN_-_Stand_By_feat_Rudimental_CWC19_preview.wav,12.0,0.0,3.0,0.0,29.0,6.0,1.0,5.0,7.0,9.0,2.0,6.0,0.0,0.0,0.0,2.0,0.0,8.0,2.0,0.0,0.0,7.0,25.0,16.0,7.0,6.0,2.0,14.0,17.0,36.0,22.0,4.0,2.0,2.0,59.0,3.0,0.0,9.0,16.0,1.0,21.0,8.0,4.0,22.0,32.0,11.0,7.0,22.0,5.0,0.0,3.0,5.0,52.0,7.0,5.0,39.0,0.0,0.0,1.0,1.0,0.0,20.0,6.0,20.0,0.0,16.0,34.0,2.0,11.0,0.0,4.0,0.0,56.0,10.0,1.0,6.0,6.0,0.0,3.0,14.0,0.0,2.0,0.0,0.0,0.0,2.0,0.0,60.0,19.0,11.0,6.0,22.0,1.0,0.0,0.0,0.0,81.0,11.0,6.0,13.0,0.0,8.0,0.0,13.0,47.0,16.0,1.0,0.0,1.0,8.0,3.0,7.0,0.0,3.0,9.0,24.0,7.0,1.0,12.0,3.0,3.0,6.0,8.0,11.0,53.0,2.0,10.0,8.0
Lost_Frequencies_-_Beautiful_Life_preview.wav,0.0,4.0,8.0,4.0,3.0,7.0,0.0,1.0,22.0,5.0,2.0,1.0,5.0,0.0,3.0,3.0,0.0,14.0,2.0,12.0,3.0,28.0,6.0,2.0,9.0,0.0,8.0,1.0,0.0,10.0,1.0,1.0,1.0,5.0,21.0,0.0,1.0,0.0,0.0,2.0,4.0,0.0,2.0,0.0,40.0,3.0,1.0,0.0,3.0,8.0,0.0,0.0,0.0,3.0,10.0,64.0,0.0,3.0,0.0,0.0,2.0,3.0,5.0,2.0,50.0,8.0,46.0,12.0,0.0,0.0,0.0,11.0,0.0,0.0,0.0,10.0,11.0,2.0,6.0,20.0,7.0,2.0,2.0,130.0,3.0,20.0,2.0,3.0,0.0,7.0,28.0,3.0,1.0,0.0,0.0,2.0,0.0,6.0,5.0,2.0,1.0,0.0,4.0,0.0,0.0,3.0,9.0,6.0,7.0,2.0,1.0,7.0,0.0,90.0,6.0,1.0,24.0,40.0,7.0,76.0,0.0,17.0,1.0,61.0,1.0,2.0,2.0,177.0
Lost_Kings_-_Dont_Kill_My_High_preview.wav,1.0,0.0,7.0,1.0,18.0,4.0,0.0,1.0,22.0,10.0,3.0,25.0,1.0,0.0,0.0,0.0,0.0,6.0,0.0,0.0,0.0,0.0,6.0,30.0,1.0,19.0,0.0,10.0,36.0,58.0,17.0,2.0,0.0,4.0,50.0,0.0,1.0,1.0,14.0,0.0,0.0,8.0,0.0,19.0,0.0,41.0,15.0,0.0,2.0,7.0,0.0,0.0,13.0,12.0,0.0,0.0,0.0,0.0,15.0,0.0,0.0,18.0,41.0,11.0,0.0,6.0,0.0,19.0,3.0,0.0,57.0,1.0,0.0,52.0,1.0,1.0,0.0,4.0,5.0,18.0,3.0,8.0,15.0,0.0,0.0,0.0,1.0,107.0,1.0,10.0,0.0,117.0,26.0,7.0,17.0,0.0,14.0,3.0,4.0,9.0,1.0,7.0,0.0,33.0,13.0,6.0,2.0,2.0,0.0,51.0,23.0,5.0,0.0,1.0,15.0,5.0,2.0,1.0,1.0,0.0,0.0,15.0,20.0,0.0,20.0,1.0,9.0,0.0
Lost_Kings_-_First_Love_preview.wav,0.0,1.0,6.0,0.0,22.0,0.0,0.0,18.0,26.0,3.0,2.0,4.0,0.0,0.0,0.0,0.0,0.0,2.0,1.0,2.0,0.0,0.0,19.0,159.0,0.0,16.0,0.0,0.0,14.0,76.0,33.0,2.0,2.0,6.0,18.0,2.0,0.0,2.0,1.0,0.0,0.0,3.0,0.0,29.0,0.0,14.0,11.0,0.0,6.0,5.0,9.0,0.0,2.0,39.0,0.0,0.0,1.0,0.0,7.0,0.0,0.0,6.0,136.0,10.0,1.0,23.0,1.0,1.0,1.0,0.0,73.0,1.0,1.0,14.0,0.0,6.0,0.0,6.0,1.0,12.0,0.0,4.0,25.0,0.0,3.0,2.0,1.0,47.0,4.0,4.0,0.0,5.0,88.0,0.0,5.0,2.0,8.0,10.0,2.0,2.0,16.0,7.0,0.0,34.0,0.0,49.0,5.0,11.0,0.0,19.0,29.0,0.0,0.0,0.0,0.0,2.0,0.0,2.0,1.0,0.0,0.0,6.0,11.0,0.0,12.0,0.0,20.0,0.0
Louis_Tomlinson_-_Dont_Let_It_Break_Your_Heart_-_Single_Edit_preview.wav,11.0,0.0,3.0,2.0,154.0,0.0,0.0,9.0,0.0,2.0,2.0,11.0,1.0,0.0,0.0,0.0,3.0,4.0,0.0,0.0,0.0,0.0,178.0,0.0,6.0,2.0,0.0,0.0,137.0,38.0,0.0,0.0,0.0,0.0,51.0,0.0,0.0,0.0,0.0,0.0,0.0,11.0,0.0,0.0,0.0,82.0,4.0,0.0,6.0,0.0,0.0,0.0,0.0,19.0,0.0,0.0,4.0,0.0,3.0,0.0,0.0,2.0,68.0,4.0,0.0,3.0,0.0,0.0,31.0,0.0,0.0,0.0,46.0,1.0,4.0,4.0,0.0,0.0,1.0,31.0,0.0,2.0,0.0,0.0,0.0,2.0,0.0,108.0,3.0,0.0,0.0,24.0,0.0,0.0,0.0,1.0,22.0,2.0,0.0,1.0,0.0,0.0,0.0,12.0,14.0,42.0,0.0,2.0,0.0,16.0,1.0,0.0,0.0,0.0,0.0,0.0,1.0,0.0,0.0,0.0,0.0,5.0,1.0,0.0,91.0,1.0,1.0,2.0
Lund_-_Alone_preview.wav,0.0,0.0,0.0,0.0,0.0,0.0,3.0,0.0,2.0,0.0,0.0,0.0,0.0,27.0,227.0,0.0,10.0,0.0,0.0,12.0,0.0,0.0,0.0,0.0,0.0,0.0,1.0,0.0,0.0,0.0,0.0,0.0,0.0,3.0,0.0,11.0,5.0,0.0,0.0,9.0,0.0,0.0,196.0,1.0,0.0,0.0,4.0,0.0,4.0,0.0,0.0,2.0,2.0,0.0,1.0,18.0,0.0,238.0,0.0,0.0,138.0,1.0,0.0,0.0,8.0,1.0,6.0,0.0,0.0,0.0,0.0,36.0,0.0,0.0,0.0,0.0,0.0,2.0,0.0,2.0,5.0,4.0,0.0,1.0,123.0,0.0,0.0,0.0,0.0,0.0,32.0,0.0,0.0,0.0,0.0,0.0,13.0,0.0,12.0,8.0,0.0,0.0,0.0,0.0,11.0,0.0,25.0,1.0,0.0,0.0,6.0,13.0,15.0,0.0,0.0,6.0,0.0,5.0,0.0,25.0,0.0,0.0,0.0,4.0,0.0,7.0,6.0,0.0
Lykke_Li_-_I_Follow_Rivers_preview.wav,6.0,0.0,0.0,0.0,20.0,0.0,1.0,13.0,2.0,14.0,3.0,12.0,3.0,0.0,0.0,0.0,0.0,0.0,1.0,0.0,0.0,0.0,6.0,2.0,0.0,1.0,0.0,11.0,29.0,51.0,134.0,0.0,0.0,1.0,77.0,0.0,0.0,0.0,215.0,0.0,0.0,13.0,0.0,1.0,0.0,20.0,1.0,0.0,17.0,0.0,0.0,0.0,0.0,7.0,0.0,0.0,0.0,0.0,69.0,0.0,0.0,33.0,90.0,0.0,0.0,0.0,0.0,6.0,0.0,0.0,2.0,0.0,0.0,19.0,0.0,1.0,0.0,0.0,1.0,23.0,0.0,4.0,43.0,0.0,0.0,3.0,0.0,15.0,0.0,6.0,0.0,118.0,2.0,0.0,1.0,3.0,20.0,0.0,0.0,0.0,3.0,0.0,0.0,30.0,0.0,0.0,0.0,18.0,0.0,41.0,3.0,0.0,0.0,0.0,0.0,2.0,10.0,1.0,0.0,0.0,0.0,5.0,34.0,0.0,19.0,0.0,6.0,0.0
Lykke_Li_-_No_Rest_for_the_Wicked_-_Robin_Schulz_Remix_Edit_preview.wav,11.0,0.0,8.0,0.0,28.0,26.0,0.0,15.0,22.0,0.0,2.0,1.0,0.0,0.0,0.0,0.0,0.0,42.0,4.0,0.0,5.0,26.0,62.0,0.0,0.0,2.0,0.0,9.0,19.0,72.0,12.0,2.0,8.0,11.0,36.0,0.0,0.0,30.0,2.0,0.0,3.0,0.0,0.0,1.0,0.0,72.0,4.0,14.0,1.0,10.0,0.0,0.0,38.0,9.0,5.0,0.0,0.0,0.0,0.0,12.0,0.0,28.0,34.0,37.0,4.0,81.0,0.0,0.0,34.0,0.0,0.0,0.0,20.0,3.0,1.0,0.0,0.0,0.0,5.0,57.0,0.0,5.0,1.0,0.0,0.0,0.0,0.0,32.0,0.0,5.0,0.0,22.0,0.0,0.0,0.0,1.0,36.0,0.0,18.0,9.0,0.0,0.0,0.0,5.0,1.0,19.0,0.0,0.0,0.0,5.0,44.0,0.0,0.0,1.0,0.0,0.0,0.0,2.0,3.0,1.0,0.0,15.0,2.0,17.0,34.0,0.0,82.0,4.0
Mack_10_-_Nothin_But_The_Cavi_Hit_preview.wav,6.0,9.0,34.0,16.0,1.0,8.0,2.0,5.0,18.0,17.0,4.0,19.0,14.0,0.0,8.0,1.0,19.0,0.0,1.0,35.0,20.0,6.0,1.0,5.0,33.0,1.0,0.0,11.0,0.0,3.0,12.0,10.0,2.0,17.0,1.0,3.0,3.0,0.0,16.0,0.0,37.0,28.0,7.0,5.0,0.0,0.0,14.0,0.0,17.0,2.0,12.0,21.0,8.0,63.0,3.0,1.0,2.0,1.0,34.0,0.0,2.0,0.0,12.0,3.0,6.0,17.0,3.0,43.0,0.0,0.0,0.0,11.0,1.0,29.0,5.0,21.0,0.0,10.0,9.0,2.0,17.0,12.0,5.0,0.0,39.0,10.0,1.0,2.0,0.0,4.0,1.0,0.0,45.0,5.0,0.0,1.0,10.0,53.0,17.0,15.0,11.0,29.0,0.0,0.0,3.0,0.0,29.0,45.0,0.0,2.0,11.0,3.0,8.0,6.0,14.0,14.0,13.0,12.0,1.0,0.0,38.0,20.0,2.0,0.0,0.0,0.0,3.0,1.0
Maffio_-_Celebration_feat_Ky-Mani_Marley_preview.wav,3.0,3.0,4.0,8.0,3.0,17.0,1.0,4.0,36.0,0.0,0.0,0.0,0.0,0.0,3.0,28.0,14.0,38.0,0.0,18.0,1.0,2.0,18.0,0.0,4.0,1.0,3.0,39.0,1.0,23.0,7.0,1.0,2.0,9.0,50.0,7.0,0.0,0.0,14.0,2.0,11.0,10.0,4.0,1.0,0.0,1.0,14.0,0.0,3.0,3.0,0.0,9.0,0.0,13.0,0.0,7.0,1.0,0.0,12.0,0.0,3.0,15.0,41.0,34.0,4.0,13.0,20.0,55.0,6.0,0.0,0.0,20.0,0.0,0.0,3.0,5.0,0.0,71.0,8.0,13.0,18.0,17.0,55.0,0.0,22.0,1.0,0.0,9.0,0.0,6.0,0.0,45.0,0.0,0.0,0.0,0.0,4.0,18.0,18.0,2.0,0.0,3.0,0.0,21.0,11.0,0.0,13.0,24.0,0.0,32.0,5.0,4.0,2.0,0.0,0.0,34.0,2.0,5.0,1.0,7.0,9.0,36.0,59.0,9.0,35.0,1.0,0.0,0.0
Magic_City_Hippies_-_Limestone_preview.wav,0.0,0.0,0.0,0.0,0.0,167.0,1.0,0.0,5.0,3.0,0.0,0.0,3.0,0.0,0.0,119.0,1.0,187.0,3.0,1.0,0.0,27.0,16.0,0.0,0.0,0.0,3.0,56.0,0.0,2.0,2.0,4.0,3.0,4.0,19.0,2.0,2.0,0.0,7.0,0.0,7.0,7.0,0.0,2.0,0.0,0.0,4.0,3.0,11.0,2.0,0.0,0.0,6.0,0.0,9.0,11.0,0.0,0.0,0.0,0.0,1.0,9.0,8.0,32.0,13.0,23.0,41.0,32.0,7.0,0.0,0.0,66.0,0.0,2.0,0.0,2.0,11.0,37.0,0.0,22.0,0.0,5.0,19.0,0.0,0.0,0.0,0.0,0.0,0.0,12.0,0.0,10.0,0.0,0.0,0.0,0.0,0.0,0.0,17.0,0.0,1.0,0.0,0.0,21.0,0.0,0.0,2.0,7.0,0.0,13.0,3.0,3.0,0.0,3.0,0.0,28.0,15.0,16.0,1.0,12.0,0.0,10.0,51.0,22.0,15.0,1.0,0.0,0.0
Major_Lazer_-_Get_Free_feat_Amber_Coffman_preview.wav,4.0,20.0,1.0,2.0,0.0,8.0,2.0,3.0,53.0,4.0,3.0,0.0,4.0,0.0,35.0,37.0,15.0,16.0,0.0,24.0,48.0,53.0,14.0,0.0,0.0,0.0,4.0,9.0,0.0,2.0,0.0,96.0,0.0,11.0,0.0,23.0,1.0,0.0,0.0,1.0,4.0,6.0,14.0,0.0,0.0,0.0,66.0,1.0,4.0,16.0,0.0,3.0,1.0,0.0,60.0,1.0,0.0,0.0,0.0,0.0,10.0,1.0,5.0,0.0,186.0,20.0,27.0,0.0,0.0,0.0,0.0,32.0,0.0,0.0,4.0,0.0,3.0,10.0,0.0,22.0,4.0,3.0,22.0,0.0,16.0,0.0,0.0,0.0,0.0,6.0,1.0,2.0,0.0,0.0,0.0,1.0,0.0,12.0,18.0,0.0,0.0,0.0,0.0,0.0,0.0,0.0,22.0,1.0,0.0,1.0,1.0,9.0,7.0,0.0,7.0,11.0,19.0,69.0,2.0,7.0,0.0,6.0,24.0,25.0,6.0,1.0,0.0,0.0
Manila_Killa_-_Youth_Qrion_Remix_feat_Satica_preview.wav,10.0,2.0,0.0,1.0,1.0,7.0,0.0,3.0,62.0,13.0,4.0,0.0,1.0,0.0,3.0,18.0,0.0,13.0,0.0,29.0,3.0,7.0,9.0,0.0,11.0,0.0,0.0,6.0,0.0,18.0,4.0,8.0,0.0,29.0,0.0,0.0,0.0,0.0,19.0,0.0,1.0,17.0,11.0,2.0,0.0,0.0,5.0,0.0,5.0,4.0,0.0,0.0,0.0,1.0,0.0,0.0,0.0,0.0,9.0,0.0,3.0,5.0,69.0,4.0,50.0,39.0,15.0,35.0,0.0,0.0,0.0,39.0,0.0,20.0,1.0,3.0,0.0,59.0,7.0,47.0,0.0,18.0,72.0,0.0,69.0,3.0,0.0,0.0,0.0,17.0,0.0,34.0,0.0,0.0,2.0,2.0,0.0,6.0,60.0,0.0,0.0,2.0,0.0,3.0,0.0,0.0,55.0,36.0,0.0,24.0,7.0,0.0,0.0,0.0,2.0,33.0,7.0,43.0,0.0,5.0,2.0,16.0,33.0,1.0,7.0,1.0,0.0,0.0
Manu_Chao_-_Bongo_Bong_preview.wav,0.0,1.0,1.0,1.0,0.0,12.0,2.0,0.0,0.0,23.0,2.0,0.0,10.0,0.0,0.0,8.0,0.0,1.0,18.0,1.0,7.0,27.0,0.0,0.0,7.0,0.0,3.0,76.0,0.0,0.0,0.0,1.0,49.0,0.0,0.0,0.0,0.0,2.0,21.0,6.0,151.0,4.0,2.0,4.0,26.0,0.0,2.0,57.0,4.0,0.0,18.0,1.0,0.0,0.0,65.0,93.0,0.0,3.0,17.0,70.0,0.0,6.0,0.0,1.0,0.0,2.0,63.0,0.0,19.0,0.0,2.0,2.0,1.0,1.0,0.0,7.0,6.0,0.0,2.0,0.0,2.0,9.0,0.0,4.0,1.0,22.0,2.0,0.0,0.0,4.0,3.0,0.0,0.0,0.0,0.0,1.0,0.0,0.0,0.0,0.0,12.0,3.0,0.0,0.0,0.0,0.0,0.0,0.0,0.0,0.0,0.0,2.0,0.0,129.0,0.0,15.0,59.0,0.0,20.0,6.0,3.0,0.0,7.0,31.0,0.0,0.0,0.0,49.0
Manuel_Turizo_-_Baila_Conmigo_preview.wav,5.0,4.0,38.0,5.0,11.0,2.0,1.0,19.0,26.0,11.0,4.0,2.0,3.0,6.0,17.0,0.0,5.0,0.0,1.0,22.0,2.0,0.0,0.0,0.0,10.0,28.0,3.0,0.0,20.0,2.0,0.0,31.0,0.0,3.0,11.0,2.0,11.0,0.0,6.0,8.0,0.0,90.0,24.0,3.0,0.0,15.0,0.0,0.0,3.0,5.0,0.0,4.0,0.0,34.0,0.0,32.0,4.0,97.0,0.0,0.0,15.0,0.0,39.0,0.0,5.0,0.0,14.0,0.0,0.0,0.0,0.0,5.0,0.0,32.0,3.0,3.0,0.0,11.0,2.0,8.0,25.0,15.0,29.0,19.0,23.0,12.0,0.0,0.0,0.0,6.0,8.0,0.0,0.0,1.0,0.0,0.0,0.0,20.0,2.0,0.0,0.0,19.0,0.0,15.0,0.0,1.0,36.0,4.0,2.0,55.0,1.0,22.0,4.0,0.0,11.0,22.0,18.0,29.0,0.0,1.0,20.0,95.0,1.0,0.0,0.0,2.0,0.0,7.0
Mark_Mendy_-_Mine_preview.wav,11.0,6.0,27.0,11.0,22.0,0.0,21.0,34.0,42.0,1.0,3.0,0.0,5.0,0.0,15.0,1.0,5.0,0.0,10.0,31.0,9.0,0.0,5.0,2.0,2.0,1.0,0.0,1.0,17.0,35.0,0.0,13.0,2.0,15.0,53.0,14.0,1.0,2.0,0.0,5.0,2.0,2.0,0.0,3.0,0.0,20.0,7.0,0.0,3.0,20.0,1.0,26.0,3.0,57.0,0.0,1.0,1.0,0.0,0.0,0.0,1.0,2.0,85.0,11.0,2.0,1.0,3.0,3.0,0.0,0.0,0.0,0.0,2.0,0.0,3.0,1.0,0.0,7.0,3.0,17.0,24.0,7.0,45.0,0.0,15.0,3.0,14.0,22.0,2.0,5.0,0.0,80.0,0.0,0.0,10.0,44.0,5.0,39.0,2.0,3.0,5.0,0.0,11.0,4.0,1.0,0.0,37.0,17.0,0.0,7.0,7.0,1.0,2.0,4.0,15.0,2.0,1.0,31.0,1.0,0.0,2.0,52.0,20.0,0.0,39.0,2.0,2.0,0.0
Marracash_-_SUPREME_-_Lego_feat_tha_Supreme_Sfera_Ebbasta_preview.wav,10.0,2.0,24.0,0.0,12.0,0.0,1.0,21.0,22.0,0.0,3.0,26.0,2.0,0.0,8.0,1.0,14.0,4.0,0.0,7.0,1.0,1.0,12.0,0.0,10.0,1.0,1.0,6.0,20.0,29.0,3.0,6.0,0.0,3.0,4.0,4.0,0.0,0.0,23.0,6.0,6.0,61.0,14.0,0.0,0.0,11.0,1.0,0.0,3.0,2.0,0.0,11.0,0.0,76.0,1.0,13.0,1.0,3.0,11.0,0.0,15.0,0.0,42.0,4.0,7.0,7.0,13.0,37.0,0.0,0.0,0.0,15.0,0.0,8.0,5.0,8.0,0.0,49.0,1.0,21.0,7.0,1.0,72.0,0.0,19.0,1.0,0.0,5.0,0.0,5.0,5.0,21.0,0.0,0.0,0.0,2.0,2.0,87.0,5.0,5.0,0.0,23.0,0.0,0.0,0.0,7.0,14.0,77.0,0.0,23.0,1.0,1.0,1.0,0.0,2.0,32.0,15.0,34.0,0.0,2.0,1.0,70.0,13.0,1.0,2.0,0.0,3.0,0.0
Marshmello_-_FRIENDS_preview.wav,32.0,0.0,14.0,4.0,57.0,1.0,0.0,93.0,4.0,2.0,3.0,22.0,4.0,0.0,1.0,23.0,2.0,9.0,0.0,0.0,0.0,7.0,29.0,54.0,11.0,13.0,0.0,0.0,24.0,49.0,13.0,24.0,0.0,1.0,18.0,2.0,0.0,14.0,4.0,0.0,0.0,1.0,14.0,5.0,0.0,40.0,2.0,1.0,3.0,7.0,10.0,0.0,15.0,10.0,0.0,0.0,0.0,0.0,10.0,0.0,0.0,0.0,17.0,33.0,3.0,2.0,0.0,1.0,2.0,0.0,23.0,6.0,16.0,45.0,1.0,1.0,0.0,4.0,2.0,39.0,1.0,1.0,4.0,0.0,5.0,1.0,0.0,16.0,6.0,0.0,0.0,11.0,64.0,12.0,1.0,0.0,15.0,17.0,0.0,14.0,1.0,14.0,0.0,3.0,29.0,50.0,12.0,3.0,0.0,6.0,3.0,0.0,0.0,1.0,16.0,0.0,3.0,18.0,5.0,0.0,0.0,83.0,6.0,0.0,23.0,1.0,0.0,0.0
Maxwell_-_Dancewitme_preview.wav,0.0,16.0,1.0,0.0,3.0,28.0,2.0,3.0,9.0,9.0,1.0,25.0,4.0,0.0,42.0,21.0,1.0,10.0,3.0,16.0,1.0,21.0,1.0,0.0,2.0,0.0,4.0,51.0,2.0,15.0,3.0,8.0,6.0,0.0,14.0,0.0,0.0,0.0,0.0,30.0,13.0,4.0,39.0,1.0,3.0,0.0,15.0,0.0,6.0,0.0,3.0,0.0,2.0,0.0,1.0,32.0,0.0,10.0,8.0,0.0,128.0,6.0,2.0,6.0,32.0,14.0,67.0,1.0,1.0,0.0,0.0,39.0,0.0,1.0,1.0,31.0,0.0,42.0,1.0,11.0,4.0,12.0,10.0,1.0,52.0,28.0,0.0,10.0,0.0,7.0,4.0,0.0,0.0,0.0,0.0,2.0,1.0,0.0,5.0,3.0,1.0,0.0,0.0,7.0,2.0,1.0,16.0,0.0,0.0,3.0,3.0,1.0,3.0,5.0,0.0,29.0,40.0,96.0,1.0,4.0,0.0,36.0,7.0,13.0,1.0,0.0,8.0,4.0
MC_Breed_-_Aint_No_Future_In_Yo_Frontin_preview.wav,3.0,12.0,12.0,75.0,0.0,1.0,3.0,6.0,3.0,20.0,5.0,0.0,21.0,0.0,0.0,0.0,11.0,0.0,2.0,6.0,61.0,5.0,0.0,16.0,7.0,25.0,6.0,11.0,1.0,1.0,24.0,24.0,19.0,20.0,0.0,0.0,2.0,0.0,9.0,1.0,10.0,32.0,0.0,90.0,0.0,0.0,80.0,1.0,11.0,82.0,19.0,5.0,27.0,0.0,14.0,5.0,2.0,0.0,7.0,0.0,1.0,7.0,0.0,1.0,3.0,14.0,16.0,10.0,1.0,0.0,8.0,0.0,1.0,3.0,4.0,2.0,0.0,1.0,9.0,6.0,38.0,16.0,1.0,0.0,1.0,7.0,5.0,0.0,18.0,43.0,0.0,0.0,8.0,4.0,1.0,0.0,15.0,14.0,9.0,0.0,28.0,2.0,0.0,3.0,2.0,4.0,0.0,1.0,0.0,1.0,31.0,1.0,0.0,13.0,26.0,5.0,26.0,11.0,18.0,9.0,29.0,5.0,1.0,3.0,0.0,3.0,4.0,2.0
MC_Igu_-_Popeye_preview.wav,0.0,5.0,0.0,1.0,0.0,4.0,3.0,1.0,5.0,48.0,4.0,0.0,19.0,1.0,15.0,5.0,2.0,0.0,23.0,22.0,7.0,0.0,0.0,5.0,35.0,0.0,1.0,2.0,0.0,0.0,8.0,10.0,1.0,2.0,0.0,3.0,1.0,0.0,16.0,46.0,91.0,16.0,7.0,0.0,12.0,0.0,9.0,0.0,6.0,0.0,0.0,4.0,3.0,0.0,0.0,33.0,2.0,7.0,23.0,1.0,3.0,0.0,1.0,0.0,2.0,2.0,13.0,2.0,0.0,0.0,5.0,2.0,0.0,6.0,0.0,165.0,0.0,16.0,1.0,0.0,9.0,2.0,4.0,39.0,18.0,59.0,0.0,0.0,0.0,4.0,3.0,0.0,16.0,18.0,3.0,2.0,0.0,0.0,6.0,0.0,51.0,10.0,0.0,0.0,0.0,0.0,3.0,1.0,4.0,0.0,1.0,1.0,1.0,86.0,18.0,16.0,50.0,10.0,0.0,0.0,0.0,1.0,7.0,2.0,0.0,8.0,1.0,111.0
Merk_Kremont_-_Get_Get_Down_-_Radio_Edit_preview.wav,0.0,0.0,0.0,0.0,17.0,0.0,0.0,4.0,3.0,2.0,1.0,99.0,0.0,0.0,0.0,0.0,0.0,0.0,1.0,0.0,0.0,0.0,0.0,0.0,0.0,5.0,0.0,0.0,62.0,8.0,84.0,0.0,0.0,7.0,111.0,0.0,0.0,0.0,1.0,0.0,0.0,1.0,0.0,1.0,0.0,19.0,10.0,0.0,7.0,1.0,0.0,0.0,2.0,8.0,0.0,0.0,0.0,0.0,1.0,0.0,0.0,19.0,42.0,0.0,0.0,0.0,0.0,0.0,0.0,0.0,0.0,0.0,26.0,4.0,1.0,0.0,0.0,0.0,1.0,0.0,0.0,3.0,0.0,0.0,0.0,1.0,0.0,78.0,1.0,9.0,0.0,2.0,18.0,0.0,2.0,1.0,34.0,0.0,2.0,48.0,0.0,0.0,0.0,323.0,121.0,11.0,0.0,2.0,0.0,14.0,7.0,0.0,1.0,0.0,0.0,0.0,2.0,0.0,0.0,0.0,0.0,5.0,0.0,0.0,27.0,0.0,32.0,0.0
MESSIAH_-_ANGST_II_preview.wav,10.0,2.0,18.0,0.0,0.0,66.0,1.0,0.0,20.0,1.0,0.0,0.0,0.0,5.0,12.0,64.0,4.0,18.0,1.0,8.0,1.0,22.0,5.0,0.0,2.0,4.0,5.0,13.0,0.0,0.0,1.0,22.0,1.0,17.0,0.0,10.0,12.0,4.0,6.0,2.0,16.0,2.0,61.0,1.0,8.0,0.0,0.0,12.0,1.0,3.0,0.0,7.0,5.0,10.0,6.0,10.0,3.0,13.0,4.0,1.0,19.0,8.0,0.0,17.0,21.0,10.0,15.0,39.0,33.0,0.0,0.0,66.0,7.0,3.0,2.0,3.0,11.0,57.0,1.0,13.0,10.0,4.0,4.0,1.0,33.0,0.0,0.0,1.0,0.0,7.0,58.0,4.0,0.0,0.0,0.0,0.0,0.0,52.0,7.0,0.0,0.0,0.0,0.0,0.0,0.0,0.0,16.0,17.0,35.0,5.0,0.0,2.0,1.0,0.0,0.0,23.0,1.0,23.0,12.0,11.0,16.0,6.0,47.0,43.0,1.0,1.0,0.0,6.0
Metallica_-_Now_That_Were_Dead_preview.wav,2.0,4.0,0.0,5.0,98.0,0.0,1.0,16.0,19.0,0.0,1.0,0.0,0.0,0.0,0.0,0.0,1.0,0.0,0.0,0.0,13.0,109.0,11.0,0.0,0.0,0.0,5.0,0.0,77.0,43.0,0.0,2.0,0.0,0.0,0.0,0.0,0.0,382.0,0.0,0.0,0.0,0.0,0.0,0.0,0.0,77.0,1.0,0.0,3.0,3.0,0.0,0.0,0.0,8.0,9.0,0.0,0.0,0.0,0.0,0.0,2.0,0.0,24.0,0.0,36.0,42.0,0.0,0.0,5.0,0.0,0.0,0.0,0.0,0.0,2.0,0.0,0.0,1.0,3.0,75.0,0.0,0.0,4.0,0.0,0.0,0.0,0.0,0.0,22.0,0.0,0.0,0.0,0.0,0.0,0.0,0.0,2.0,0.0,1.0,0.0,0.0,0.0,0.0,0.0,0.0,43.0,0.0,0.0,0.0,0.0,3.0,1.0,0.0,0.0,0.0,0.0,0.0,20.0,76.0,2.0,0.0,37.0,0.0,0.0,0.0,1.0,0.0,0.0
Miami_Horror_-_Love_Like_Mine_preview.wav,0.0,9.0,1.0,0.0,0.0,12.0,1.0,0.0,10.0,0.0,3.0,15.0,0.0,9.0,7.0,3.0,5.0,1.0,0.0,26.0,3.0,19.0,1.0,0.0,5.0,0.0,8.0,9.0,0.0,16.0,5.0,1.0,6.0,1.0,22.0,0.0,7.0,0.0,3.0,24.0,10.0,3.0,90.0,0.0,2.0,0.0,33.0,1.0,16.0,0.0,0.0,6.0,2.0,0.0,10.0,42.0,0.0,14.0,2.0,0.0,20.0,2.0,1.0,0.0,89.0,58.0,22.0,14.0,0.0,0.0,0.0,72.0,0.0,2.0,0.0,12.0,2.0,25.0,3.0,12.0,1.0,9.0,14.0,13.0,29.0,7.0,0.0,16.0,0.0,14.0,13.0,8.0,4.0,4.0,0.0,0.0,2.0,0.0,68.0,0.0,0.0,0.0,0.0,15.0,0.0,0.0,21.0,6.0,14.0,9.0,3.0,9.0,2.0,2.0,0.0,18.0,19.0,35.0,3.0,33.0,3.0,0.0,4.0,87.0,0.0,4.0,0.0,6.0
Michael_Learns_To_Rock_-_Paint_My_Love_-_2014_Remastered_Version_preview.wav,18.0,5.0,11.0,5.0,2.0,9.0,1.0,9.0,27.0,39.0,0.0,12.0,3.0,0.0,17.0,22.0,2.0,6.0,1.0,13.0,12.0,11.0,6.0,11.0,17.0,0.0,0.0,17.0,0.0,7.0,13.0,24.0,12.0,18.0,1.0,13.0,1.0,5.0,27.0,3.0,42.0,7.0,11.0,5.0,0.0,2.0,3.0,1.0,6.0,22.0,39.0,30.0,21.0,3.0,2.0,8.0,0.0,9.0,35.0,1.0,8.0,6.0,10.0,5.0,14.0,4.0,2.0,15.0,2.0,0.0,27.0,7.0,0.0,12.0,0.0,9.0,4.0,15.0,5.0,4.0,4.0,5.0,40.0,0.0,13.0,2.0,1.0,8.0,1.0,2.0,4.0,18.0,21.0,6.0,16.0,4.0,8.0,26.0,9.0,0.0,56.0,21.0,0.0,11.0,2.0,6.0,17.0,18.0,0.0,5.0,10.0,0.0,2.0,32.0,15.0,3.0,18.0,15.0,5.0,2.0,14.0,21.0,6.0,3.0,13.0,0.0,10.0,3.0
Miles_Wesley_-_Lil_Mama_preview.wav,0.0,0.0,25.0,2.0,0.0,17.0,0.0,0.0,31.0,0.0,6.0,4.0,0.0,0.0,2.0,0.0,6.0,2.0,4.0,2.0,0.0,1.0,0.0,7.0,17.0,0.0,1.0,3.0,0.0,4.0,3.0,3.0,0.0,25.0,0.0,4.0,0.0,0.0,9.0,0.0,16.0,14.0,8.0,0.0,0.0,0.0,2.0,0.0,0.0,0.0,0.0,11.0,0.0,14.0,0.0,2.0,0.0,0.0,140.0,0.0,1.0,0.0,0.0,1.0,4.0,6.0,0.0,70.0,0.0,0.0,17.0,11.0,0.0,15.0,3.0,34.0,1.0,65.0,1.0,0.0,1.0,10.0,57.0,0.0,45.0,2.0,0.0,3.0,0.0,0.0,0.0,12.0,20.0,0.0,1.0,3.0,2.0,46.0,41.0,16.0,3.0,20.0,0.0,0.0,6.0,0.0,28.0,235.0,0.0,3.0,31.0,2.0,0.0,10.0,0.0,18.0,4.0,7.0,0.0,5.0,14.0,7.0,8.0,8.0,0.0,0.0,5.0,5.0
Milonair_-_Azzlack_Harami_preview.wav,2.0,0.0,16.0,0.0,21.0,1.0,0.0,9.0,12.0,8.0,0.0,57.0,0.0,0.0,0.0,0.0,0.0,10.0,1.0,1.0,0.0,3.0,57.0,36.0,3.0,20.0,1.0,14.0,12.0,37.0,28.0,2.0,17.0,6.0,15.0,1.0,0.0,24.0,62.0,0.0,3.0,18.0,0.0,34.0,0.0,7.0,31.0,0.0,8.0,0.0,22.0,0.0,30.0,10.0,0.0,0.0,0.0,0.0,19.0,1.0,0.0,13.0,12.0,28.0,9.0,34.0,2.0,49.0,10.0,0.0,17.0,1.0,35.0,30.0,1.0,0.0,0.0,5.0,8.0,16.0,0.0,8.0,17.0,0.0,4.0,0.0,1.0,5.0,0.0,5.0,0.0,31.0,38.0,0.0,2.0,1.0,14.0,17.0,19.0,12.0,37.0,9.0,0.0,7.0,2.0,16.0,2.0,13.0,0.0,9.0,9.0,0.0,0.0,7.0,0.0,4.0,7.0,11.0,1.0,0.0,1.0,10.0,0.0,2.0,34.0,1.0,7.0,0.0
MiMS_-_This_Is_Why_Im_Hot_preview.wav,4.0,21.0,12.0,24.0,0.0,20.0,1.0,0.0,4.0,13.0,5.0,17.0,35.0,0.0,19.0,46.0,25.0,15.0,0.0,39.0,15.0,2.0,3.0,2.0,12.0,8.0,17.0,25.0,6.0,1.0,5.0,26.0,10.0,11.0,0.0,21.0,2.0,0.0,4.0,26.0,39.0,16.0,10.0,1.0,2.0,1.0,10.0,2.0,7.0,5.0,22.0,38.0,7.0,0.0,3.0,18.0,19.0,3.0,9.0,0.0,10.0,2.0,0.0,3.0,19.0,6.0,48.0,5.0,0.0,0.0,0.0,8.0,0.0,2.0,1.0,12.0,0.0,12.0,7.0,4.0,30.0,10.0,6.0,3.0,11.0,17.0,0.0,5.0,0.0,7.0,5.0,5.0,16.0,25.0,0.0,1.0,2.0,11.0,7.0,3.0,12.0,5.0,0.0,7.0,0.0,0.0,31.0,4.0,0.0,4.0,2.0,18.0,17.0,19.0,15.0,21.0,21.0,38.0,2.0,12.0,13.0,8.0,15.0,8.0,0.0,2.0,2.0,5.0
Mishaal_-_Stray_Lines_preview.wav,0.0,0.0,5.0,1.0,5.0,14.0,1.0,3.0,11.0,17.0,2.0,0.0,14.0,0.0,0.0,14.0,0.0,10.0,10.0,10.0,3.0,29.0,0.0,0.0,9.0,1.0,7.0,8.0,0.0,0.0,5.0,18.0,2.0,23.0,0.0,0.0,1.0,1.0,3.0,0.0,35.0,36.0,0.0,7.0,23.0,0.0,3.0,1.0,7.0,9.0,14.0,13.0,0.0,6.0,20.0,4.0,2.0,3.0,29.0,5.0,0.0,8.0,0.0,0.0,43.0,21.0,74.0,13.0,3.0,0.0,7.0,28.0,0.0,2.0,0.0,8.0,3.0,38.0,0.0,6.0,10.0,5.0,12.0,3.0,7.0,5.0,1.0,0.0,19.0,6.0,5.0,0.0,0.0,5.0,23.0,26.0,0.0,38.0,19.0,0.0,26.0,4.0,0.0,3.0,8.0,0.0,6.0,4.0,0.0,2.0,9.0,0.0,0.0,50.0,5.0,49.0,29.0,19.0,3.0,87.0,3.0,11.0,0.0,29.0,1.0,0.0,0.0,62.0
MJG_-_Middle_Of_The_Night_preview.wav,18.0,16.0,3.0,24.0,1.0,3.0,3.0,4.0,17.0,25.0,9.0,8.0,12.0,0.0,21.0,18.0,18.0,7.0,1.0,35.0,29.0,3.0,2.0,1.0,23.0,2.0,1.0,4.0,11.0,1.0,2.0,63.0,3.0,10.0,0.0,8.0,0.0,0.0,14.0,7.0,7.0,20.0,3.0,9.0,0.0,1.0,28.0,0.0,14.0,12.0,26.0,30.0,33.0,1.0,1.0,0.0,13.0,0.0,25.0,0.0,9.0,1.0,2.0,3.0,27.0,14.0,21.0,17.0,0.0,0.0,19.0,6.0,0.0,16.0,2.0,21.0,0.0,16.0,9.0,8.0,25.0,29.0,8.0,0.0,10.0,16.0,2.0,0.0,0.0,3.0,0.0,4.0,4.0,17.0,4.0,2.0,3.0,10.0,28.0,0.0,30.0,13.0,0.0,11.0,0.0,0.0,34.0,9.0,0.0,9.0,16.0,0.0,12.0,9.0,35.0,10.0,18.0,22.0,8.0,1.0,6.0,29.0,10.0,1.0,0.0,0.0,2.0,1.0
Monsta_X_-_MIDDLE_OF_THE_NIGHT_preview.wav,69.0,0.0,21.0,0.0,46.0,6.0,1.0,48.0,26.0,13.0,3.0,26.0,0.0,0.0,0.0,60.0,0.0,34.0,1.0,3.0,2.0,11.0,78.0,0.0,0.0,8.0,0.0,0.0,10.0,26.0,1.0,35.0,0.0,2.0,13.0,1.0,1.0,2.0,19.0,0.0,1.0,5.0,1.0,4.0,1.0,14.0,2.0,0.0,2.0,22.0,0.0,0.0,1.0,14.0,3.0,0.0,0.0,0.0,0.0,3.0,0.0,5.0,42.0,37.0,4.0,10.0,3.0,9.0,3.0,0.0,0.0,8.0,1.0,26.0,0.0,0.0,0.0,21.0,5.0,40.0,2.0,11.0,31.0,0.0,2.0,0.0,0.0,6.0,4.0,8.0,0.0,45.0,0.0,0.0,0.0,1.0,2.0,9.0,12.0,1.0,1.0,1.0,0.0,7.0,1.0,11.0,0.0,4.0,0.0,25.0,4.0,1.0,1.0,12.0,0.0,6.0,4.0,24.0,1.0,10.0,0.0,41.0,109.0,10.0,32.0,0.0,0.0,0.0
Montell_Jordan_-_Get_It_On_Tonite_preview.wav,0.0,3.0,0.0,2.0,0.0,1.0,2.0,2.0,16.0,23.0,20.0,0.0,37.0,0.0,17.0,4.0,15.0,4.0,1.0,8.0,0.0,3.0,21.0,0.0,85.0,0.0,0.0,24.0,0.0,0.0,0.0,2.0,1.0,10.0,1.0,0.0,1.0,0.0,37.0,11.0,9.0,61.0,4.0,0.0,0.0,0.0,3.0,0.0,7.0,3.0,2.0,1.0,0.0,2.0,3.0,1.0,5.0,0.0,80.0,2.0,4.0,9.0,21.0,14.0,2.0,3.0,36.0,2.0,1.0,0.0,5.0,7.0,1.0,7.0,10.0,100.0,0.0,32.0,2.0,15.0,15.0,10.0,23.0,0.0,38.0,30.0,0.0,0.0,0.0,14.0,1.0,6.0,0.0,1.0,3.0,2.0,0.0,0.0,13.0,0.0,20.0,21.0,0.0,0.0,0.0,0.0,0.0,2.0,0.0,16.0,0.0,3.0,1.0,5.0,26.0,68.0,71.0,28.0,0.0,4.0,0.0,14.0,42.0,4.0,4.0,2.0,0.0,0.0
MOTHXR_-_Stranger_preview.wav,0.0,2.0,1.0,0.0,0.0,1.0,1.0,1.0,3.0,16.0,1.0,21.0,0.0,0.0,5.0,0.0,0.0,47.0,6.0,6.0,1.0,0.0,21.0,0.0,0.0,6.0,2.0,106.0,20.0,15.0,14.0,0.0,19.0,0.0,22.0,0.0,1.0,0.0,20.0,0.0,2.0,0.0,4.0,0.0,0.0,12.0,0.0,17.0,1.0,1.0,1.0,0.0,40.0,2.0,2.0,0.0,0.0,10.0,0.0,52.0,3.0,35.0,25.0,154.0,7.0,7.0,6.0,0.0,37.0,0.0,0.0,0.0,63.0,9.0,0.0,0.0,0.0,4.0,1.0,11.0,1.0,0.0,6.0,0.0,9.0,0.0,0.0,73.0,0.0,2.0,0.0,128.0,2.0,0.0,0.0,2.0,22.0,1.0,0.0,9.0,0.0,0.0,0.0,15.0,14.0,11.0,0.0,0.0,0.0,11.0,1.0,1.0,0.0,5.0,0.0,0.0,9.0,15.0,0.0,0.0,0.0,1.0,16.0,0.0,63.0,0.0,3.0,8.0
Mr_Probz_-_Nothing_Really_Matters_-_Afrojack_Remix_preview.wav,2.0,0.0,8.0,3.0,27.0,8.0,0.0,17.0,18.0,2.0,8.0,4.0,0.0,6.0,0.0,3.0,3.0,17.0,3.0,2.0,2.0,0.0,12.0,21.0,1.0,17.0,0.0,18.0,1.0,24.0,57.0,1.0,0.0,5.0,43.0,1.0,5.0,2.0,27.0,0.0,0.0,7.0,3.0,2.0,0.0,1.0,1.0,0.0,3.0,8.0,0.0,0.0,0.0,26.0,0.0,0.0,11.0,1.0,5.0,0.0,0.0,53.0,50.0,68.0,7.0,1.0,1.0,55.0,3.0,0.0,0.0,11.0,0.0,19.0,0.0,1.0,0.0,55.0,1.0,8.0,0.0,8.0,82.0,0.0,9.0,2.0,0.0,9.0,1.0,9.0,0.0,86.0,10.0,0.0,0.0,7.0,0.0,1.0,5.0,0.0,1.0,5.0,0.0,93.0,2.0,1.0,0.0,21.0,0.0,46.0,3.0,1.0,0.0,2.0,6.0,4.0,0.0,8.0,0.0,0.0,0.0,9.0,11.0,6.0,73.0,1.0,1.0,0.0
Mustasch_-_Where_Angels_Fear_To_Tread_-_Single_Version_preview.wav,76.0,88.0,8.0,1.0,9.0,6.0,1.0,12.0,3.0,0.0,0.0,0.0,0.0,0.0,0.0,25.0,0.0,26.0,1.0,5.0,84.0,17.0,5.0,0.0,0.0,0.0,5.0,0.0,0.0,24.0,0.0,15.0,0.0,0.0,0.0,0.0,2.0,27.0,0.0,0.0,0.0,0.0,0.0,0.0,0.0,0.0,0.0,0.0,2.0,111.0,0.0,0.0,77.0,1.0,3.0,0.0,0.0,102.0,0.0,0.0,173.0,0.0,0.0,16.0,74.0,36.0,0.0,5.0,0.0,0.0,0.0,8.0,6.0,0.0,1.0,0.0,0.0,18.0,6.0,71.0,0.0,1.0,5.0,0.0,1.0,0.0,0.0,0.0,0.0,0.0,9.0,4.0,0.0,0.0,0.0,0.0,18.0,7.0,8.0,0.0,0.0,0.0,0.0,0.0,0.0,0.0,0.0,1.0,0.0,0.0,2.0,7.0,1.0,0.0,0.0,0.0,0.0,6.0,0.0,36.0,0.0,12.0,4.0,14.0,0.0,5.0,1.0,0.0
Myke_Towers_-_Inocente_preview.wav,21.0,8.0,16.0,4.0,7.0,4.0,3.0,12.0,14.0,51.0,0.0,73.0,4.0,0.0,4.0,18.0,5.0,1.0,2.0,7.0,12.0,3.0,0.0,2.0,4.0,18.0,12.0,3.0,34.0,8.0,17.0,52.0,3.0,13.0,6.0,2.0,2.0,2.0,31.0,1.0,2.0,6.0,3.0,9.0,0.0,31.0,40.0,2.0,10.0,21.0,2.0,14.0,21.0,21.0,7.0,0.0,0.0,1.0,8.0,3.0,4.0,25.0,19.0,10.0,6.0,1.0,9.0,25.0,2.0,0.0,13.0,3.0,1.0,20.0,1.0,3.0,0.0,3.0,12.0,0.0,18.0,12.0,3.0,0.0,7.0,1.0,0.0,29.0,2.0,8.0,0.0,24.0,0.0,3.0,3.0,1.0,5.0,13.0,28.0,8.0,6.0,8.0,0.0,25.0,0.0,0.0,4.0,10.0,0.0,27.0,34.0,2.0,3.0,2.0,7.0,27.0,4.0,1.0,4.0,10.0,23.0,10.0,65.0,5.0,0.0,1.0,9.0,3.0
Nelly_-_Hot_In_Herre_preview.wav,4.0,11.0,3.0,0.0,6.0,0.0,1.0,14.0,5.0,76.0,7.0,1.0,18.0,3.0,3.0,2.0,1.0,8.0,8.0,3.0,5.0,2.0,10.0,46.0,12.0,8.0,3.0,2.0,1.0,3.0,40.0,8.0,1.0,3.0,2.0,1.0,4.0,3.0,49.0,18.0,7.0,15.0,7.0,27.0,0.0,1.0,12.0,0.0,3.0,24.0,43.0,5.0,8.0,6.0,2.0,5.0,16.0,5.0,35.0,0.0,10.0,7.0,20.0,6.0,12.0,8.0,7.0,7.0,1.0,0.0,68.0,9.0,6.0,61.0,7.0,12.0,0.0,9.0,2.0,7.0,6.0,8.0,19.0,2.0,8.0,9.0,27.0,5.0,0.0,6.0,3.0,5.0,41.0,6.0,16.0,5.0,8.0,9.0,6.0,0.0,34.0,15.0,4.0,10.0,4.0,3.0,9.0,8.0,0.0,7.0,9.0,5.0,0.0,11.0,38.0,4.0,12.0,10.0,2.0,5.0,0.0,17.0,2.0,2.0,9.0,0.0,7.0,1.0
Nelly_-_Ride_Wit_Me_preview.wav,17.0,30.0,24.0,46.0,19.0,0.0,1.0,50.0,13.0,8.0,14.0,37.0,45.0,0.0,0.0,0.0,12.0,1.0,1.0,39.0,72.0,3.0,7.0,2.0,7.0,12.0,0.0,5.0,0.0,5.0,8.0,62.0,1.0,18.0,0.0,0.0,0.0,0.0,5.0,0.0,2.0,9.0,0.0,17.0,0.0,9.0,42.0,0.0,23.0,68.0,6.0,8.0,5.0,3.0,0.0,1.0,6.0,0.0,1.0,0.0,0.0,11.0,16.0,0.0,6.0,16.0,3.0,14.0,0.0,0.0,0.0,0.0,1.0,14.0,5.0,6.0,0.0,0.0,10.0,22.0,65.0,9.0,0.0,0.0,3.0,10.0,0.0,3.0,0.0,32.0,0.0,0.0,23.0,14.0,2.0,0.0,7.0,1.0,2.0,3.0,1.0,13.0,0.0,8.0,5.0,10.0,2.0,0.0,0.0,10.0,13.0,0.0,2.0,0.0,43.0,7.0,27.0,15.0,5.0,1.0,42.0,22.0,0.0,0.0,0.0,1.0,3.0,0.0
Nick_Nolan_-_Big_Loud_preview.wav,3.0,0.0,0.0,0.0,0.0,14.0,1.0,0.0,4.0,13.0,1.0,0.0,2.0,0.0,0.0,4.0,0.0,35.0,1.0,0.0,2.0,2.0,43.0,5.0,1.0,0.0,1.0,5.0,0.0,7.0,5.0,0.0,5.0,2.0,29.0,0.0,0.0,1.0,6.0,2.0,0.0,1.0,0.0,17.0,0.0,0.0,5.0,27.0,5.0,0.0,21.0,0.0,48.0,2.0,3.0,0.0,0.0,0.0,1.0,0.0,0.0,6.0,4.0,140.0,1.0,4.0,0.0,4.0,15.0,0.0,4.0,0.0,300.0,0.0,1.0,0.0,0.0,3.0,4.0,3.0,0.0,2.0,0.0,0.0,0.0,2.0,3.0,66.0,4.0,3.0,0.0,77.0,0.0,0.0,5.0,2.0,32.0,0.0,3.0,0.0,14.0,2.0,0.0,31.0,72.0,1.0,0.0,0.0,0.0,2.0,7.0,0.0,0.0,3.0,9.0,2.0,4.0,0.0,1.0,0.0,0.0,0.0,5.0,0.0,118.0,0.0,0.0,9.0
Nickelback_-_Far_Away_preview.wav,17.0,0.0,5.0,5.0,257.0,0.0,1.0,109.0,0.0,0.0,3.0,18.0,2.0,0.0,0.0,0.0,2.0,0.0,0.0,0.0,7.0,0.0,4.0,0.0,0.0,1.0,0.0,0.0,78.0,27.0,0.0,6.0,0.0,6.0,11.0,0.0,0.0,12.0,0.0,0.0,0.0,1.0,0.0,0.0,0.0,224.0,0.0,0.0,7.0,48.0,0.0,0.0,0.0,5.0,0.0,0.0,1.0,0.0,0.0,0.0,0.0,15.0,24.0,0.0,0.0,0.0,0.0,0.0,0.0,0.0,0.0,0.0,3.0,0.0,2.0,0.0,0.0,0.0,1.0,0.0,4.0,1.0,0.0,0.0,0.0,0.0,0.0,66.0,6.0,2.0,0.0,12.0,0.0,0.0,0.0,0.0,71.0,7.0,0.0,17.0,0.0,0.0,0.0,41.0,7.0,68.0,0.0,0.0,0.0,24.0,4.0,0.0,0.0,0.0,0.0,0.0,0.0,1.0,3.0,0.0,5.0,4.0,1.0,0.0,10.0,0.0,36.0,0.0
NLE_Choppa_-_Camelot_feat_Yo_Gotti_BlocBoy_JB_Moneybagg_Yo_-_Remix_preview.wav,51.0,0.0,12.0,2.0,10.0,4.0,0.0,13.0,2.0,34.0,2.0,18.0,12.0,0.0,1.0,7.0,4.0,4.0,0.0,2.0,1.0,4.0,7.0,60.0,22.0,6.0,1.0,4.0,0.0,8.0,27.0,8.0,1.0,2.0,25.0,6.0,0.0,0.0,20.0,0.0,7.0,7.0,2.0,6.0,0.0,5.0,4.0,2.0,1.0,7.0,56.0,6.0,31.0,10.0,0.0,0.0,5.0,0.0,24.0,0.0,0.0,4.0,22.0,24.0,5.0,4.0,1.0,10.0,0.0,0.0,52.0,7.0,28.0,31.0,3.0,7.0,0.0,3.0,1.0,0.0,0.0,5.0,30.0,0.0,2.0,6.0,9.0,26.0,0.0,0.0,0.0,36.0,28.0,19.0,10.0,1.0,44.0,18.0,4.0,15.0,32.0,29.0,3.0,3.0,31.0,1.0,5.0,32.0,0.0,4.0,23.0,1.0,0.0,4.0,34.0,3.0,4.0,1.0,0.0,0.0,6.0,3.0,3.0,3.0,26.0,1.0,32.0,0.0
Nova_y_Jory_-_Aprovecha_feat_Daddy_Yankee_preview.wav,23.0,0.0,18.0,1.0,68.0,8.0,2.0,38.0,17.0,16.0,2.0,9.0,1.0,0.0,0.0,6.0,2.0,0.0,1.0,0.0,15.0,1.0,9.0,1.0,4.0,13.0,1.0,9.0,24.0,45.0,36.0,15.0,6.0,1.0,28.0,2.0,0.0,1.0,42.0,0.0,4.0,21.0,0.0,12.0,1.0,33.0,5.0,0.0,3.0,6.0,0.0,0.0,5.0,13.0,1.0,3.0,1.0,0.0,13.0,0.0,0.0,44.0,49.0,11.0,2.0,5.0,3.0,42.0,2.0,0.0,1.0,3.0,2.0,28.0,1.0,0.0,0.0,1.0,5.0,18.0,3.0,2.0,12.0,0.0,1.0,0.0,3.0,9.0,1.0,53.0,0.0,12.0,1.0,0.0,0.0,1.0,5.0,2.0,19.0,1.0,3.0,4.0,0.0,79.0,6.0,20.0,1.0,7.0,0.0,94.0,13.0,0.0,0.0,0.0,1.0,23.0,9.0,7.0,10.0,0.0,7.0,26.0,16.0,3.0,34.0,0.0,0.0,1.0
Nu_Shooz_-_I_Cant_Wait_preview.wav,22.0,2.0,3.0,1.0,25.0,1.0,2.0,9.0,31.0,11.0,6.0,2.0,2.0,0.0,5.0,22.0,0.0,12.0,0.0,9.0,1.0,15.0,18.0,0.0,8.0,16.0,0.0,49.0,0.0,30.0,29.0,11.0,14.0,8.0,27.0,0.0,0.0,5.0,35.0,0.0,7.0,19.0,2.0,9.0,0.0,1.0,23.0,1.0,15.0,2.0,0.0,0.0,12.0,10.0,2.0,1.0,3.0,0.0,4.0,0.0,1.0,84.0,19.0,15.0,22.0,37.0,4.0,3.0,11.0,0.0,0.0,2.0,16.0,34.0,0.0,2.0,0.0,0.0,2.0,24.0,3.0,14.0,4.0,0.0,10.0,0.0,0.0,8.0,4.0,79.0,0.0,16.0,0.0,0.0,3.0,2.0,17.0,0.0,10.0,0.0,2.0,1.0,0.0,31.0,11.0,54.0,5.0,2.0,0.0,31.0,12.0,1.0,0.0,0.0,0.0,16.0,9.0,23.0,24.0,0.0,0.0,15.0,26.0,4.0,32.0,0.0,5.0,0.0
Nu_Shooz_-_Point_of_No_Return_preview.wav,16.0,0.0,0.0,9.0,7.0,0.0,4.0,36.0,34.0,16.0,10.0,0.0,20.0,0.0,0.0,3.0,7.0,0.0,1.0,3.0,10.0,1.0,2.0,5.0,37.0,2.0,0.0,7.0,0.0,29.0,68.0,31.0,5.0,39.0,0.0,5.0,0.0,2.0,18.0,2.0,1.0,51.0,0.0,11.0,0.0,0.0,80.0,0.0,26.0,17.0,12.0,2.0,11.0,0.0,0.0,2.0,8.0,0.0,9.0,0.0,0.0,34.0,0.0,0.0,12.0,30.0,1.0,2.0,0.0,0.0,19.0,1.0,0.0,41.0,2.0,7.0,0.0,0.0,11.0,21.0,4.0,13.0,0.0,0.0,0.0,1.0,9.0,0.0,0.0,94.0,1.0,1.0,0.0,6.0,10.0,3.0,21.0,0.0,23.0,0.0,45.0,1.0,0.0,23.0,10.0,0.0,0.0,2.0,0.0,36.0,69.0,3.0,3.0,10.0,9.0,12.0,11.0,2.0,4.0,9.0,0.0,3.0,4.0,4.0,2.0,2.0,2.0,0.0
Nuttin_Nyce_-_Down_4_Whateva_preview.wav,58.0,0.0,1.0,0.0,29.0,0.0,1.0,16.0,29.0,29.0,2.0,55.0,0.0,0.0,0.0,0.0,1.0,1.0,1.0,2.0,6.0,3.0,19.0,1.0,1.0,1.0,0.0,17.0,0.0,69.0,41.0,13.0,5.0,5.0,3.0,1.0,0.0,4.0,12.0,0.0,2.0,3.0,0.0,21.0,0.0,3.0,51.0,0.0,18.0,2.0,8.0,2.0,82.0,32.0,0.0,0.0,0.0,0.0,0.0,0.0,0.0,31.0,46.0,21.0,6.0,80.0,0.0,9.0,2.0,0.0,0.0,0.0,28.0,1.0,0.0,0.0,0.0,0.0,7.0,38.0,5.0,5.0,3.0,0.0,0.0,0.0,0.0,4.0,0.0,22.0,0.0,9.0,9.0,0.0,7.0,1.0,22.0,5.0,14.0,6.0,4.0,0.0,1.0,10.0,32.0,6.0,1.0,7.0,0.0,22.0,51.0,0.0,0.0,0.0,2.0,2.0,8.0,12.0,14.0,0.0,0.0,11.0,18.0,0.0,24.0,0.0,36.0,0.0
O-Zone_-_Dragostea_Din_Tei_-_Original_Romanian_Version_preview.wav,17.0,7.0,49.0,11.0,9.0,0.0,0.0,29.0,16.0,3.0,3.0,4.0,1.0,0.0,0.0,11.0,10.0,2.0,0.0,11.0,9.0,1.0,12.0,0.0,5.0,2.0,0.0,5.0,0.0,21.0,3.0,40.0,0.0,4.0,7.0,1.0,0.0,1.0,4.0,0.0,0.0,10.0,0.0,0.0,0.0,4.0,1.0,0.0,0.0,39.0,0.0,17.0,0.0,43.0,0.0,0.0,6.0,0.0,6.0,0.0,0.0,21.0,22.0,12.0,7.0,4.0,9.0,42.0,1.0,0.0,0.0,6.0,1.0,8.0,3.0,1.0,0.0,12.0,1.0,21.0,50.0,1.0,39.0,0.0,6.0,0.0,0.0,25.0,0.0,18.0,0.0,49.0,1.0,4.0,0.0,1.0,1.0,54.0,0.0,1.0,0.0,9.0,0.0,61.0,0.0,0.0,29.0,19.0,0.0,51.0,4.0,0.0,0.0,0.0,3.0,9.0,4.0,29.0,0.0,1.0,52.0,132.0,34.0,0.0,8.0,1.0,1.0,0.0
OMI_-_Cheerleader_-_Felix_Jaehn_Remix_Radio_Edit_preview.wav,1.0,2.0,18.0,5.0,1.0,8.0,1.0,9.0,46.0,2.0,2.0,0.0,0.0,0.0,18.0,31.0,8.0,11.0,0.0,21.0,18.0,0.0,19.0,0.0,1.0,0.0,1.0,3.0,0.0,12.0,1.0,28.0,0.0,16.0,9.0,8.0,3.0,0.0,0.0,3.0,0.0,11.0,54.0,0.0,0.0,0.0,5.0,0.0,7.0,17.0,0.0,14.0,1.0,0.0,0.0,3.0,0.0,0.0,0.0,0.0,11.0,1.0,24.0,15.0,13.0,10.0,1.0,14.0,0.0,0.0,0.0,44.0,0.0,0.0,1.0,0.0,0.0,130.0,1.0,26.0,73.0,7.0,59.0,0.0,108.0,0.0,0.0,2.0,0.0,1.0,0.0,13.0,0.0,0.0,0.0,0.0,0.0,15.0,25.0,0.0,0.0,0.0,0.0,3.0,0.0,1.0,68.0,26.0,0.0,4.0,6.0,6.0,3.0,0.0,6.0,11.0,7.0,41.0,0.0,1.0,11.0,40.0,8.0,2.0,34.0,2.0,0.0,0.0
OMI_-_Drop_In_the_Ocean_preview.wav,4.0,1.0,29.0,13.0,1.0,0.0,3.0,24.0,33.0,1.0,7.0,21.0,11.0,0.0,14.0,2.0,3.0,0.0,0.0,20.0,4.0,1.0,3.0,4.0,23.0,34.0,1.0,6.0,15.0,24.0,5.0,8.0,1.0,51.0,15.0,3.0,0.0,0.0,19.0,0.0,2.0,40.0,1.0,6.0,0.0,6.0,18.0,0.0,18.0,37.0,2.0,1.0,3.0,19.0,0.0,0.0,6.0,0.0,42.0,0.0,4.0,2.0,37.0,0.0,3.0,1.0,1.0,7.0,0.0,0.0,13.0,3.0,0.0,68.0,5.0,18.0,0.0,27.0,12.0,8.0,10.0,7.0,42.0,0.0,51.0,7.0,7.0,4.0,0.0,0.0,0.0,10.0,8.0,10.0,4.0,6.0,0.0,6.0,3.0,6.0,1.0,60.0,0.0,11.0,0.0,1.0,11.0,24.0,0.0,12.0,34.0,0.0,16.0,0.0,12.0,20.0,5.0,15.0,0.0,0.0,12.0,40.0,11.0,0.0,4.0,0.0,8.0,0.0
Orchestral_Manoeuvres_In_The_Dark_-_If_You_Leave_-_From_Pretty_In_Pink_preview.wav,0.0,7.0,4.0,25.0,0.0,0.0,1.0,0.0,9.0,6.0,5.0,0.0,20.0,0.0,1.0,0.0,10.0,0.0,4.0,2.0,35.0,2.0,0.0,0.0,11.0,0.0,1.0,12.0,0.0,1.0,0.0,4.0,20.0,52.0,0.0,0.0,0.0,0.0,3.0,0.0,0.0,71.0,0.0,3.0,0.0,0.0,107.0,0.0,258.0,16.0,0.0,0.0,1.0,0.0,113.0,19.0,0.0,0.0,8.0,0.0,0.0,2.0,0.0,0.0,7.0,9.0,7.0,6.0,0.0,0.0,0.0,0.0,0.0,13.0,0.0,23.0,0.0,0.0,22.0,1.0,0.0,90.0,0.0,0.0,3.0,10.0,2.0,0.0,0.0,10.0,0.0,0.0,0.0,1.0,0.0,2.0,0.0,4.0,36.0,0.0,10.0,2.0,0.0,0.0,0.0,0.0,0.0,4.0,0.0,3.0,17.0,1.0,0.0,3.0,5.0,59.0,46.0,3.0,0.0,41.0,10.0,0.0,0.0,0.0,0.0,0.0,0.0,9.0
OutKast_-_The_Whole_World_feat_Killer_Mike_preview.wav,24.0,10.0,1.0,5.0,1.0,10.0,1.0,5.0,7.0,2.0,4.0,21.0,12.0,0.0,6.0,3.0,6.0,23.0,3.0,17.0,7.0,4.0,11.0,1.0,16.0,0.0,13.0,20.0,0.0,21.0,16.0,28.0,12.0,11.0,17.0,3.0,1.0,0.0,46.0,0.0,8.0,4.0,9.0,8.0,0.0,0.0,24.0,0.0,10.0,3.0,78.0,10.0,83.0,0.0,0.0,3.0,2.0,6.0,1.0,1.0,18.0,10.0,3.0,37.0,17.0,9.0,6.0,7.0,3.0,0.0,1.0,5.0,104.0,0.0,0.0,4.0,1.0,12.0,12.0,7.0,15.0,6.0,24.0,2.0,7.0,7.0,0.0,0.0,0.0,4.0,1.0,28.0,0.0,4.0,6.0,1.0,25.0,2.0,12.0,0.0,18.0,2.0,0.0,15.0,73.0,0.0,15.0,4.0,0.0,1.0,11.0,3.0,1.0,4.0,12.0,11.0,6.0,8.0,5.0,4.0,6.0,12.0,4.0,8.0,27.0,2.0,0.0,2.0
Papa_Roach_-_Getting_Away_With_Murder_preview.wav,113.0,0.0,0.0,3.0,115.0,0.0,0.0,66.0,1.0,0.0,1.0,42.0,0.0,0.0,0.0,0.0,0.0,0.0,1.0,0.0,18.0,4.0,13.0,0.0,0.0,0.0,0.0,0.0,48.0,9.0,0.0,22.0,3.0,1.0,94.0,0.0,0.0,25.0,0.0,0.0,0.0,0.0,0.0,5.0,0.0,28.0,1.0,0.0,1.0,14.0,0.0,0.0,2.0,0.0,2.0,0.0,0.0,0.0,0.0,0.0,0.0,1.0,6.0,0.0,3.0,3.0,1.0,0.0,0.0,0.0,0.0,0.0,4.0,0.0,0.0,0.0,0.0,1.0,2.0,25.0,0.0,1.0,0.0,0.0,0.0,0.0,0.0,4.0,96.0,2.0,0.0,0.0,0.0,0.0,5.0,3.0,19.0,0.0,1.0,0.0,0.0,0.0,14.0,2.0,43.0,351.0,0.0,0.0,0.0,3.0,2.0,0.0,0.0,0.0,0.0,0.0,0.0,2.0,9.0,0.0,0.0,4.0,0.0,0.0,43.0,0.0,10.0,0.0
Party_Favor_-_Booty_Loose_feat_Fly_Boi_Keno_preview.wav,1.0,1.0,13.0,4.0,8.0,0.0,0.0,4.0,9.0,0.0,2.0,40.0,0.0,0.0,0.0,0.0,0.0,0.0,0.0,0.0,0.0,0.0,4.0,8.0,3.0,2.0,0.0,0.0,64.0,35.0,0.0,2.0,0.0,40.0,60.0,0.0,0.0,0.0,0.0,0.0,0.0,1.0,0.0,2.0,0.0,83.0,7.0,0.0,5.0,3.0,0.0,0.0,0.0,38.0,0.0,0.0,0.0,0.0,4.0,0.0,0.0,0.0,39.0,0.0,0.0,0.0,0.0,0.0,0.0,0.0,1.0,0.0,0.0,8.0,3.0,1.0,0.0,0.0,8.0,2.0,0.0,4.0,2.0,0.0,0.0,0.0,0.0,54.0,0.0,0.0,0.0,1.0,17.0,0.0,0.0,1.0,13.0,14.0,2.0,256.0,0.0,1.0,0.0,2.0,2.0,23.0,6.0,8.0,0.0,0.0,96.0,0.0,0.0,0.0,0.0,0.0,0.0,0.0,0.0,0.0,0.0,12.0,1.0,0.0,10.0,0.0,262.0,0.0
Paul_McCartney_-_Let_Me_Roll_It_-_Remastered_2010_preview.wav,9.0,4.0,3.0,46.0,1.0,0.0,23.0,13.0,3.0,0.0,2.0,0.0,2.0,6.0,4.0,0.0,7.0,1.0,11.0,0.0,43.0,57.0,1.0,0.0,0.0,0.0,2.0,6.0,0.0,2.0,0.0,6.0,206.0,5.0,0.0,0.0,3.0,1.0,0.0,0.0,0.0,1.0,1.0,6.0,0.0,0.0,49.0,4.0,8.0,25.0,18.0,0.0,62.0,0.0,23.0,0.0,14.0,0.0,0.0,10.0,1.0,16.0,0.0,0.0,2.0,38.0,0.0,0.0,3.0,15.0,0.0,0.0,0.0,0.0,56.0,0.0,0.0,0.0,20.0,2.0,3.0,16.0,0.0,0.0,0.0,0.0,0.0,0.0,0.0,17.0,1.0,0.0,0.0,0.0,0.0,4.0,0.0,0.0,35.0,0.0,0.0,0.0,0.0,0.0,0.0,0.0,0.0,0.0,0.0,2.0,0.0,10.0,9.0,0.0,0.0,2.0,1.0,1.0,310.0,5.0,15.0,1.0,0.0,0.0,0.0,17.0,0.0,2.0
Pet_Shop_Boys_-_Always_on_My_Mind_preview.wav,2.0,0.0,4.0,0.0,23.0,4.0,1.0,36.0,11.0,7.0,4.0,0.0,9.0,0.0,0.0,7.0,0.0,3.0,0.0,0.0,1.0,10.0,0.0,0.0,0.0,6.0,0.0,79.0,0.0,38.0,1.0,15.0,8.0,0.0,0.0,0.0,0.0,5.0,21.0,0.0,0.0,17.0,0.0,28.0,0.0,0.0,60.0,0.0,13.0,5.0,1.0,0.0,33.0,6.0,0.0,0.0,0.0,0.0,0.0,0.0,0.0,96.0,0.0,0.0,0.0,56.0,0.0,14.0,0.0,0.0,0.0,0.0,0.0,6.0,1.0,0.0,0.0,0.0,5.0,25.0,0.0,2.0,0.0,0.0,0.0,2.0,0.0,1.0,0.0,430.0,0.0,0.0,0.0,0.0,0.0,1.0,4.0,1.0,0.0,0.0,0.0,0.0,0.0,0.0,0.0,0.0,0.0,1.0,0.0,62.0,35.0,0.0,0.0,0.0,0.0,0.0,15.0,1.0,43.0,0.0,0.0,20.0,8.0,0.0,0.0,0.0,5.0,0.0
Petey_Pablo_-_Raise_Up_preview.wav,37.0,0.0,15.0,1.0,19.0,4.0,0.0,11.0,4.0,28.0,4.0,35.0,5.0,0.0,0.0,2.0,0.0,10.0,4.0,0.0,7.0,4.0,44.0,4.0,1.0,16.0,0.0,32.0,3.0,26.0,77.0,7.0,9.0,3.0,5.0,0.0,0.0,13.0,44.0,4.0,8.0,11.0,0.0,43.0,0.0,3.0,20.0,4.0,6.0,6.0,76.0,0.0,76.0,6.0,3.0,0.0,0.0,0.0,22.0,0.0,0.0,34.0,10.0,20.0,2.0,23.0,1.0,20.0,13.0,0.0,3.0,0.0,78.0,17.0,2.0,3.0,0.0,0.0,3.0,12.0,3.0,5.0,3.0,0.0,0.0,4.0,0.0,3.0,29.0,14.0,0.0,11.0,13.0,0.0,9.0,2.0,24.0,2.0,6.0,0.0,18.0,6.0,0.0,13.0,26.0,7.0,1.0,1.0,0.0,8.0,9.0,0.0,0.0,7.0,3.0,5.0,8.0,0.0,10.0,1.0,1.0,6.0,2.0,1.0,24.0,0.0,3.0,1.0
Pezet_-_Magenta_prod_Auer_preview.wav,7.0,0.0,48.0,0.0,72.0,0.0,1.0,31.0,4.0,0.0,1.0,8.0,3.0,0.0,0.0,0.0,2.0,3.0,0.0,0.0,3.0,0.0,40.0,0.0,2.0,92.0,2.0,0.0,21.0,35.0,53.0,3.0,0.0,0.0,14.0,0.0,0.0,12.0,1.0,0.0,0.0,0.0,0.0,23.0,0.0,26.0,3.0,0.0,1.0,15.0,0.0,1.0,4.0,8.0,7.0,0.0,4.0,0.0,1.0,0.0,0.0,40.0,10.0,3.0,1.0,7.0,1.0,9.0,0.0,0.0,29.0,0.0,24.0,4.0,2.0,0.0,0.0,0.0,5.0,19.0,2.0,7.0,6.0,0.0,0.0,2.0,39.0,19.0,18.0,8.0,0.0,5.0,27.0,7.0,29.0,4.0,46.0,3.0,1.0,31.0,10.0,0.0,31.0,27.0,77.0,52.0,0.0,2.0,0.0,12.0,14.0,0.0,2.0,0.0,3.0,0.0,1.0,2.0,1.0,0.0,1.0,12.0,0.0,0.0,50.0,0.0,36.0,0.0
Piso_21_-_Te_Vi_preview.wav,6.0,14.0,10.0,13.0,10.0,21.0,1.0,2.0,7.0,3.0,3.0,11.0,5.0,0.0,5.0,22.0,2.0,23.0,5.0,4.0,19.0,30.0,8.0,0.0,3.0,2.0,41.0,10.0,8.0,6.0,6.0,13.0,16.0,8.0,49.0,0.0,11.0,1.0,2.0,3.0,26.0,2.0,1.0,6.0,8.0,5.0,25.0,3.0,29.0,10.0,0.0,10.0,27.0,0.0,10.0,12.0,1.0,7.0,7.0,0.0,14.0,12.0,6.0,9.0,36.0,44.0,24.0,10.0,0.0,0.0,0.0,18.0,3.0,2.0,7.0,1.0,19.0,3.0,27.0,30.0,17.0,22.0,0.0,0.0,8.0,2.0,0.0,5.0,0.0,12.0,9.0,6.0,9.0,3.0,0.0,4.0,18.0,3.0,70.0,4.0,3.0,5.0,0.0,16.0,11.0,9.0,1.0,1.0,1.0,8.0,5.0,33.0,1.0,3.0,5.0,6.0,14.0,21.0,7.0,10.0,31.0,7.0,6.0,26.0,7.0,3.0,2.0,1.0
Pitchback_-_Cosmic_Dark_preview.wav,2.0,0.0,20.0,0.0,10.0,0.0,0.0,32.0,5.0,0.0,5.0,7.0,2.0,0.0,0.0,0.0,0.0,0.0,0.0,0.0,0.0,0.0,0.0,58.0,1.0,30.0,0.0,1.0,181.0,22.0,18.0,0.0,0.0,5.0,52.0,0.0,0.0,2.0,14.0,0.0,0.0,1.0,0.0,1.0,0.0,355.0,0.0,0.0,1.0,4.0,0.0,0.0,0.0,3.0,0.0,0.0,0.0,0.0,0.0,0.0,0.0,5.0,46.0,0.0,0.0,0.0,6.0,15.0,0.0,0.0,10.0,0.0,0.0,10.0,0.0,0.0,0.0,0.0,0.0,7.0,0.0,2.0,2.0,0.0,0.0,5.0,0.0,60.0,0.0,29.0,0.0,4.0,9.0,0.0,1.0,2.0,6.0,0.0,0.0,7.0,1.0,0.0,0.0,5.0,0.0,3.0,0.0,3.0,0.0,40.0,91.0,0.0,0.0,0.0,0.0,1.0,3.0,0.0,0.0,0.0,0.0,0.0,4.0,0.0,1.0,0.0,82.0,0.0
PJ_Harvey_-_This_Is_Love_preview.wav,61.0,2.0,4.0,0.0,257.0,0.0,0.0,145.0,0.0,0.0,2.0,0.0,0.0,0.0,0.0,0.0,0.0,4.0,0.0,0.0,6.0,22.0,49.0,0.0,0.0,0.0,0.0,0.0,2.0,1.0,0.0,17.0,0.0,0.0,0.0,0.0,0.0,323.0,0.0,0.0,0.0,0.0,0.0,0.0,0.0,28.0,0.0,6.0,0.0,7.0,0.0,0.0,0.0,7.0,18.0,0.0,0.0,0.0,0.0,0.0,0.0,20.0,0.0,1.0,0.0,1.0,0.0,0.0,24.0,0.0,0.0,0.0,4.0,0.0,2.0,0.0,0.0,0.0,9.0,5.0,4.0,0.0,0.0,0.0,0.0,0.0,0.0,0.0,68.0,2.0,0.0,0.0,0.0,0.0,0.0,0.0,0.0,0.0,0.0,0.0,0.0,0.0,0.0,0.0,1.0,38.0,0.0,0.0,0.0,0.0,0.0,0.0,0.0,0.0,0.0,0.0,0.0,0.0,146.0,0.0,0.0,1.0,0.0,0.0,4.0,1.0,0.0,0.0
Pnk_-_Beautiful_Trauma_-_MOTi_Remix_preview.wav,1.0,5.0,19.0,18.0,12.0,0.0,2.0,24.0,36.0,6.0,1.0,0.0,1.0,0.0,2.0,0.0,12.0,0.0,0.0,8.0,5.0,0.0,1.0,3.0,5.0,8.0,0.0,7.0,12.0,41.0,6.0,7.0,1.0,33.0,38.0,0.0,4.0,2.0,2.0,0.0,0.0,8.0,3.0,4.0,0.0,27.0,6.0,0.0,6.0,20.0,7.0,1.0,12.0,59.0,0.0,0.0,10.0,0.0,4.0,0.0,0.0,22.0,12.0,0.0,22.0,3.0,0.0,4.0,1.0,0.0,21.0,1.0,0.0,44.0,3.0,4.0,0.0,0.0,10.0,8.0,41.0,9.0,0.0,0.0,9.0,0.0,1.0,45.0,0.0,7.0,0.0,4.0,1.0,2.0,0.0,1.0,5.0,5.0,15.0,7.0,53.0,29.0,0.0,16.0,0.0,4.0,6.0,2.0,0.0,72.0,119.0,12.0,3.0,4.0,4.0,8.0,2.0,4.0,2.0,4.0,20.0,26.0,23.0,0.0,5.0,0.0,78.0,0.0
Pnk_-_Get_the_Party_Started_preview.wav,2.0,0.0,20.0,9.0,20.0,0.0,0.0,30.0,17.0,2.0,2.0,61.0,0.0,0.0,0.0,0.0,5.0,0.0,0.0,1.0,1.0,0.0,2.0,46.0,12.0,23.0,3.0,0.0,30.0,33.0,23.0,1.0,3.0,20.0,7.0,2.0,0.0,1.0,2.0,0.0,0.0,14.0,1.0,32.0,0.0,42.0,9.0,0.0,8.0,40.0,1.0,9.0,23.0,15.0,0.0,0.0,3.0,0.0,0.0,0.0,0.0,1.0,8.0,0.0,1.0,9.0,0.0,5.0,0.0,0.0,48.0,0.0,1.0,28.0,2.0,0.0,0.0,0.0,13.0,4.0,16.0,7.0,0.0,0.0,0.0,0.0,19.0,45.0,0.0,1.0,0.0,8.0,37.0,5.0,0.0,1.0,87.0,18.0,15.0,48.0,8.0,14.0,0.0,9.0,7.0,18.0,1.0,5.0,0.0,2.0,71.0,0.0,1.0,0.0,4.0,2.0,0.0,0.0,1.0,2.0,16.0,18.0,0.0,0.0,2.0,0.0,109.0,0.0
Pnk_-_Try_preview.wav,0.0,0.0,0.0,1.0,143.0,0.0,0.0,39.0,0.0,0.0,3.0,0.0,0.0,0.0,0.0,0.0,3.0,0.0,0.0,0.0,0.0,0.0,0.0,0.0,0.0,2.0,0.0,0.0,89.0,47.0,0.0,2.0,0.0,8.0,12.0,0.0,0.0,0.0,0.0,0.0,0.0,0.0,0.0,0.0,0.0,204.0,9.0,0.0,3.0,5.0,0.0,0.0,0.0,28.0,0.0,0.0,0.0,0.0,0.0,0.0,0.0,0.0,28.0,0.0,0.0,0.0,0.0,0.0,0.0,0.0,0.0,0.0,0.0,0.0,2.0,0.0,0.0,0.0,2.0,0.0,0.0,4.0,0.0,0.0,0.0,1.0,0.0,335.0,0.0,0.0,0.0,1.0,0.0,0.0,0.0,1.0,65.0,0.0,0.0,26.0,0.0,0.0,0.0,5.0,8.0,86.0,0.0,0.0,0.0,80.0,9.0,0.0,0.0,0.0,0.0,0.0,0.0,0.0,0.0,0.0,0.0,5.0,0.0,0.0,1.0,0.0,35.0,0.0
PNL_-_Bene_preview.wav,0.0,0.0,34.0,3.0,11.0,1.0,1.0,13.0,15.0,4.0,10.0,0.0,4.0,0.0,1.0,9.0,0.0,1.0,0.0,11.0,0.0,1.0,1.0,0.0,3.0,37.0,0.0,3.0,2.0,4.0,4.0,9.0,0.0,1.0,1.0,2.0,0.0,0.0,9.0,2.0,9.0,30.0,5.0,0.0,2.0,14.0,1.0,0.0,9.0,4.0,0.0,1.0,0.0,55.0,0.0,18.0,3.0,2.0,36.0,0.0,0.0,2.0,24.0,0.0,15.0,7.0,25.0,55.0,0.0,0.0,0.0,10.0,0.0,15.0,3.0,31.0,0.0,43.0,2.0,16.0,4.0,16.0,17.0,4.0,19.0,23.0,0.0,10.0,0.0,44.0,9.0,17.0,0.0,0.0,0.0,0.0,0.0,20.0,11.0,0.0,0.0,3.0,0.0,14.0,0.0,0.0,24.0,58.0,0.0,121.0,0.0,1.0,0.0,6.0,1.0,64.0,18.0,28.0,0.0,6.0,0.0,43.0,43.0,6.0,2.0,0.0,2.0,24.0
Poison_-_Talk_Dirty_To_Me_preview.wav,10.0,0.0,2.0,0.0,11.0,0.0,2.0,4.0,1.0,1.0,1.0,8.0,13.0,0.0,0.0,0.0,0.0,0.0,1.0,0.0,1.0,5.0,5.0,0.0,0.0,7.0,0.0,0.0,3.0,1.0,0.0,1.0,77.0,0.0,1.0,0.0,0.0,21.0,0.0,0.0,0.0,0.0,0.0,66.0,0.0,2.0,3.0,0.0,0.0,5.0,0.0,0.0,2.0,0.0,6.0,0.0,0.0,0.0,0.0,0.0,0.0,6.0,0.0,0.0,0.0,3.0,0.0,0.0,7.0,0.0,0.0,0.0,4.0,8.0,1.0,0.0,0.0,0.0,1.0,0.0,0.0,0.0,0.0,0.0,0.0,2.0,0.0,0.0,692.0,1.0,0.0,0.0,3.0,0.0,4.0,2.0,3.0,0.0,0.0,0.0,0.0,4.0,6.0,1.0,72.0,174.0,0.0,0.0,0.0,0.0,0.0,0.0,0.0,0.0,4.0,0.0,0.0,0.0,21.0,0.0,0.0,0.0,0.0,0.0,3.0,1.0,9.0,0.0
Polo_G_-_Heartless_feat_Mustard_preview.wav,4.0,42.0,2.0,9.0,1.0,24.0,1.0,2.0,7.0,1.0,7.0,6.0,5.0,2.0,21.0,59.0,14.0,36.0,1.0,59.0,16.0,38.0,1.0,0.0,6.0,0.0,4.0,6.0,3.0,2.0,0.0,41.0,4.0,1.0,0.0,15.0,4.0,0.0,0.0,0.0,6.0,2.0,24.0,0.0,0.0,1.0,0.0,4.0,0.0,9.0,2.0,51.0,6.0,2.0,1.0,3.0,16.0,18.0,2.0,1.0,19.0,0.0,3.0,4.0,37.0,11.0,24.0,7.0,7.0,0.0,0.0,44.0,2.0,0.0,0.0,9.0,3.0,19.0,2.0,13.0,70.0,0.0,42.0,0.0,14.0,4.0,0.0,0.0,0.0,7.0,5.0,1.0,0.0,4.0,2.0,0.0,2.0,4.0,9.0,6.0,17.0,0.0,0.0,0.0,2.0,6.0,49.0,24.0,0.0,1.0,2.0,9.0,10.0,6.0,2.0,7.0,11.0,74.0,3.0,20.0,5.0,44.0,8.0,16.0,2.0,2.0,3.0,3.0
Pop_Evil_-_Trenches_preview.wav,4.0,0.0,2.0,3.0,200.0,0.0,0.0,19.0,0.0,2.0,2.0,38.0,5.0,0.0,0.0,0.0,0.0,0.0,0.0,1.0,1.0,0.0,4.0,14.0,3.0,13.0,0.0,1.0,36.0,8.0,3.0,4.0,4.0,6.0,20.0,0.0,0.0,50.0,2.0,0.0,3.0,2.0,0.0,20.0,0.0,34.0,10.0,0.0,6.0,24.0,13.0,0.0,4.0,0.0,1.0,0.0,1.0,0.0,1.0,0.0,0.0,19.0,0.0,0.0,0.0,1.0,1.0,3.0,0.0,0.0,0.0,0.0,22.0,5.0,3.0,3.0,0.0,0.0,4.0,0.0,2.0,2.0,0.0,0.0,0.0,0.0,0.0,11.0,73.0,8.0,0.0,1.0,0.0,0.0,0.0,0.0,154.0,0.0,0.0,2.0,1.0,0.0,0.0,21.0,58.0,281.0,0.0,0.0,0.0,5.0,7.0,0.0,0.0,0.0,7.0,2.0,2.0,1.0,0.0,0.0,0.0,0.0,1.0,0.0,17.0,1.0,10.0,0.0
PRETTYMUCH_-_Summer_on_You_preview.wav,20.0,20.0,16.0,2.0,10.0,4.0,1.0,16.0,56.0,6.0,13.0,1.0,19.0,3.0,12.0,16.0,1.0,4.0,7.0,56.0,6.0,0.0,7.0,0.0,0.0,3.0,5.0,2.0,4.0,13.0,1.0,44.0,0.0,12.0,18.0,0.0,1.0,0.0,0.0,2.0,4.0,2.0,13.0,0.0,0.0,3.0,0.0,0.0,4.0,18.0,5.0,6.0,3.0,9.0,0.0,2.0,4.0,7.0,5.0,0.0,16.0,0.0,27.0,15.0,15.0,11.0,0.0,18.0,0.0,0.0,0.0,10.0,0.0,2.0,3.0,26.0,0.0,75.0,1.0,15.0,31.0,4.0,62.0,0.0,26.0,11.0,1.0,4.0,0.0,0.0,0.0,14.0,0.0,4.0,27.0,8.0,0.0,16.0,10.0,0.0,1.0,0.0,2.0,14.0,0.0,2.0,56.0,4.0,0.0,6.0,3.0,10.0,18.0,7.0,29.0,7.0,1.0,50.0,0.0,1.0,29.0,57.0,42.0,0.0,13.0,2.0,0.0,0.0
Proleter_-_April_Showers_preview.wav,0.0,1.0,1.0,1.0,0.0,3.0,1.0,0.0,6.0,0.0,0.0,0.0,1.0,0.0,0.0,0.0,1.0,7.0,4.0,0.0,0.0,28.0,1.0,0.0,3.0,1.0,39.0,4.0,0.0,0.0,0.0,0.0,26.0,0.0,0.0,0.0,6.0,5.0,0.0,1.0,3.0,2.0,2.0,1.0,147.0,0.0,2.0,18.0,1.0,0.0,0.0,0.0,0.0,13.0,31.0,6.0,0.0,6.0,0.0,560.0,2.0,0.0,0.0,1.0,7.0,5.0,1.0,2.0,1.0,0.0,0.0,8.0,0.0,0.0,0.0,0.0,11.0,10.0,2.0,4.0,0.0,3.0,3.0,1.0,3.0,4.0,0.0,1.0,1.0,2.0,14.0,0.0,0.0,0.0,0.0,6.0,0.0,1.0,5.0,0.0,0.0,2.0,0.0,0.0,4.0,11.0,4.0,11.0,5.0,0.0,1.0,9.0,0.0,2.0,0.0,2.0,2.0,7.0,0.0,22.0,0.0,0.0,1.0,33.0,6.0,2.0,0.0,138.0
Psalm_Trees_-_You_Dont_Know_preview.wav,0.0,61.0,0.0,8.0,0.0,0.0,1.0,0.0,0.0,0.0,7.0,0.0,23.0,0.0,0.0,0.0,22.0,0.0,66.0,40.0,13.0,14.0,1.0,0.0,0.0,0.0,8.0,11.0,0.0,0.0,31.0,0.0,0.0,0.0,0.0,0.0,22.0,1.0,3.0,192.0,3.0,0.0,14.0,0.0,1.0,0.0,0.0,0.0,2.0,0.0,7.0,0.0,0.0,0.0,13.0,87.0,0.0,20.0,0.0,1.0,117.0,9.0,0.0,0.0,36.0,5.0,25.0,0.0,4.0,0.0,0.0,3.0,4.0,0.0,0.0,16.0,0.0,0.0,1.0,0.0,0.0,0.0,0.0,3.0,0.0,49.0,0.0,0.0,0.0,10.0,13.0,0.0,0.0,0.0,21.0,0.0,0.0,0.0,2.0,0.0,1.0,0.0,0.0,0.0,11.0,0.0,0.0,0.0,0.0,0.0,0.0,85.0,13.0,38.0,0.0,0.0,23.0,20.0,0.0,35.0,0.0,0.0,0.0,6.0,3.0,21.0,0.0,46.0
Queen_-_In_Only_Seven_Days_-_Remastered_2011_preview.wav,0.0,0.0,9.0,1.0,39.0,0.0,1.0,15.0,11.0,1.0,11.0,0.0,0.0,0.0,0.0,0.0,0.0,0.0,1.0,0.0,25.0,0.0,36.0,0.0,3.0,23.0,0.0,4.0,1.0,30.0,10.0,2.0,0.0,6.0,0.0,0.0,0.0,37.0,3.0,0.0,0.0,16.0,0.0,8.0,0.0,7.0,17.0,0.0,14.0,7.0,0.0,0.0,2.0,1.0,10.0,0.0,1.0,0.0,2.0,0.0,0.0,70.0,19.0,0.0,1.0,22.0,1.0,3.0,0.0,0.0,0.0,0.0,0.0,11.0,0.0,0.0,0.0,0.0,6.0,35.0,0.0,43.0,0.0,0.0,0.0,1.0,0.0,2.0,2.0,530.0,0.0,0.0,0.0,0.0,0.0,2.0,24.0,0.0,3.0,0.0,2.0,2.0,0.0,7.0,0.0,9.0,0.0,0.0,0.0,72.0,5.0,0.0,0.0,0.0,1.0,15.0,34.0,1.0,0.0,0.0,0.0,0.0,2.0,0.0,12.0,0.0,1.0,0.0
Queen_-_Let_Me_Entertain_You_-_Remastered_2011_preview.wav,4.0,0.0,6.0,6.0,45.0,0.0,2.0,19.0,0.0,12.0,2.0,9.0,3.0,0.0,0.0,0.0,0.0,8.0,0.0,3.0,5.0,8.0,23.0,0.0,0.0,23.0,0.0,11.0,7.0,2.0,20.0,2.0,34.0,1.0,5.0,0.0,0.0,82.0,0.0,0.0,0.0,0.0,0.0,29.0,0.0,5.0,6.0,3.0,1.0,29.0,6.0,1.0,21.0,0.0,0.0,0.0,12.0,0.0,0.0,0.0,0.0,58.0,0.0,6.0,0.0,11.0,0.0,0.0,66.0,0.0,6.0,0.0,202.0,9.0,1.0,0.0,0.0,0.0,4.0,14.0,15.0,0.0,0.0,0.0,0.0,0.0,18.0,10.0,67.0,22.0,0.0,2.0,0.0,0.0,0.0,2.0,33.0,0.0,2.0,2.0,7.0,0.0,6.0,38.0,79.0,39.0,0.0,0.0,0.0,7.0,3.0,0.0,0.0,0.0,45.0,0.0,0.0,0.0,24.0,0.0,0.0,3.0,0.0,0.0,33.0,0.0,3.0,0.0
Queen_-_Nevermore_-_Remastered_2011_preview.wav,3.0,6.0,0.0,0.0,0.0,24.0,27.0,0.0,0.0,0.0,0.0,0.0,0.0,35.0,0.0,4.0,4.0,35.0,4.0,0.0,0.0,31.0,13.0,0.0,0.0,0.0,8.0,182.0,0.0,0.0,0.0,2.0,0.0,0.0,0.0,0.0,26.0,0.0,6.0,3.0,13.0,1.0,30.0,0.0,17.0,0.0,0.0,8.0,0.0,0.0,2.0,0.0,23.0,0.0,3.0,30.0,0.0,47.0,0.0,7.0,7.0,13.0,0.0,17.0,0.0,22.0,11.0,1.0,68.0,40.0,0.0,123.0,69.0,0.0,0.0,1.0,0.0,10.0,0.0,4.0,0.0,1.0,0.0,58.0,4.0,1.0,0.0,0.0,0.0,3.0,46.0,6.0,0.0,0.0,0.0,1.0,0.0,3.0,1.0,0.0,0.0,0.0,0.0,0.0,0.0,0.0,0.0,3.0,4.0,1.0,0.0,3.0,0.0,0.0,0.0,44.0,0.0,0.0,6.0,43.0,0.0,0.0,6.0,19.0,1.0,39.0,0.0,19.0
Queen_-_Who_Needs_You_-_Remastered_2011_preview.wav,0.0,14.0,0.0,19.0,0.0,1.0,10.0,0.0,25.0,4.0,18.0,0.0,21.0,0.0,13.0,9.0,75.0,0.0,1.0,28.0,9.0,2.0,1.0,0.0,26.0,0.0,13.0,7.0,0.0,2.0,0.0,1.0,0.0,11.0,0.0,1.0,1.0,0.0,5.0,22.0,36.0,16.0,1.0,9.0,0.0,0.0,7.0,0.0,30.0,0.0,0.0,5.0,0.0,0.0,6.0,42.0,14.0,0.0,9.0,0.0,5.0,4.0,0.0,1.0,7.0,12.0,108.0,1.0,0.0,0.0,0.0,8.0,0.0,0.0,12.0,166.0,0.0,11.0,39.0,12.0,6.0,35.0,0.0,0.0,37.0,60.0,3.0,0.0,0.0,25.0,0.0,0.0,0.0,0.0,2.0,1.0,0.0,0.0,27.0,0.0,4.0,0.0,0.0,0.0,0.0,0.0,3.0,0.0,0.0,0.0,2.0,32.0,30.0,0.0,1.0,47.0,41.0,28.0,0.0,1.0,0.0,1.0,3.0,0.0,0.0,0.0,0.0,3.0
R3HAB_-_This_Is_How_We_Party_with_Icona_Pop_preview.wav,11.0,4.0,0.0,2.0,9.0,8.0,2.0,7.0,27.0,0.0,13.0,0.0,8.0,12.0,5.0,6.0,4.0,27.0,5.0,11.0,6.0,24.0,88.0,0.0,10.0,0.0,23.0,3.0,0.0,41.0,2.0,23.0,11.0,15.0,28.0,0.0,8.0,0.0,3.0,1.0,1.0,4.0,7.0,0.0,0.0,0.0,12.0,5.0,6.0,6.0,0.0,1.0,0.0,4.0,26.0,0.0,8.0,24.0,0.0,1.0,30.0,4.0,18.0,6.0,30.0,42.0,3.0,0.0,3.0,0.0,0.0,9.0,4.0,0.0,13.0,0.0,3.0,7.0,13.0,70.0,8.0,10.0,2.0,0.0,2.0,0.0,12.0,1.0,1.0,10.0,6.0,4.0,0.0,8.0,17.0,4.0,9.0,4.0,11.0,6.0,31.0,1.0,0.0,3.0,0.0,10.0,11.0,3.0,1.0,16.0,7.0,7.0,5.0,5.0,30.0,4.0,1.0,29.0,9.0,50.0,1.0,25.0,17.0,21.0,68.0,5.0,4.0,6.0
Radiohead_-_Fake_Plastic_Trees_preview.wav,2.0,13.0,21.0,0.0,0.0,2.0,1.0,11.0,45.0,0.0,0.0,0.0,0.0,0.0,2.0,57.0,0.0,4.0,0.0,22.0,40.0,74.0,0.0,0.0,0.0,0.0,16.0,1.0,0.0,3.0,0.0,71.0,0.0,0.0,0.0,0.0,4.0,0.0,0.0,0.0,0.0,2.0,2.0,0.0,0.0,0.0,0.0,0.0,0.0,5.0,0.0,0.0,0.0,0.0,6.0,0.0,0.0,0.0,0.0,0.0,12.0,0.0,0.0,0.0,228.0,51.0,141.0,0.0,0.0,0.0,0.0,7.0,0.0,0.0,0.0,0.0,0.0,0.0,1.0,26.0,8.0,8.0,0.0,0.0,2.0,0.0,0.0,0.0,0.0,15.0,0.0,0.0,0.0,0.0,0.0,0.0,0.0,10.0,1.0,0.0,0.0,0.0,0.0,0.0,0.0,0.0,5.0,0.0,0.0,18.0,1.0,12.0,0.0,0.0,0.0,9.0,3.0,207.0,3.0,29.0,2.0,70.0,10.0,7.0,0.0,2.0,0.0,0.0
Red_Flag_-_Russian_Radio_preview.wav,0.0,1.0,0.0,0.0,0.0,0.0,2.0,0.0,7.0,0.0,2.0,0.0,0.0,0.0,167.0,0.0,22.0,0.0,0.0,1.0,0.0,0.0,0.0,0.0,5.0,0.0,0.0,0.0,0.0,0.0,0.0,0.0,0.0,0.0,0.0,656.0,2.0,0.0,0.0,1.0,0.0,1.0,11.0,0.0,0.0,0.0,0.0,0.0,0.0,0.0,0.0,10.0,0.0,0.0,0.0,0.0,11.0,0.0,0.0,0.0,3.0,0.0,0.0,0.0,2.0,0.0,0.0,0.0,0.0,0.0,0.0,1.0,0.0,0.0,5.0,1.0,0.0,13.0,4.0,0.0,0.0,4.0,0.0,0.0,81.0,2.0,0.0,0.0,0.0,0.0,0.0,0.0,0.0,0.0,0.0,0.0,0.0,57.0,0.0,0.0,0.0,0.0,0.0,0.0,0.0,0.0,32.0,168.0,0.0,0.0,0.0,2.0,15.0,0.0,0.0,1.0,0.0,0.0,0.0,0.0,0.0,1.0,0.0,0.0,0.0,1.0,0.0,0.0
Reda_Rwena_-_Guardia_Civil_preview.wav,4.0,0.0,13.0,3.0,0.0,63.0,1.0,0.0,6.0,3.0,1.0,12.0,0.0,0.0,0.0,4.0,0.0,18.0,0.0,1.0,0.0,0.0,2.0,7.0,10.0,16.0,0.0,11.0,6.0,10.0,28.0,1.0,0.0,1.0,5.0,8.0,3.0,0.0,69.0,1.0,54.0,11.0,4.0,0.0,0.0,2.0,1.0,0.0,1.0,0.0,22.0,0.0,6.0,24.0,0.0,12.0,0.0,0.0,105.0,0.0,0.0,0.0,4.0,80.0,0.0,3.0,4.0,97.0,0.0,0.0,9.0,20.0,0.0,30.0,1.0,9.0,1.0,41.0,1.0,3.0,0.0,2.0,20.0,4.0,7.0,0.0,0.0,30.0,0.0,4.0,6.0,67.0,17.0,2.0,0.0,1.0,1.0,14.0,3.0,1.0,12.0,23.0,0.0,40.0,3.0,0.0,3.0,50.0,0.0,15.0,4.0,0.0,3.0,6.0,0.0,30.0,5.0,5.0,0.0,0.0,0.0,0.0,46.0,3.0,7.0,0.0,2.0,4.0
Redlight_Blue_-_Moved_On_preview.wav,0.0,0.0,8.0,0.0,0.0,64.0,1.0,1.0,80.0,0.0,2.0,0.0,0.0,0.0,0.0,18.0,0.0,33.0,1.0,1.0,0.0,25.0,5.0,0.0,0.0,0.0,0.0,25.0,0.0,1.0,0.0,18.0,0.0,1.0,0.0,0.0,3.0,0.0,0.0,3.0,1.0,17.0,6.0,0.0,0.0,0.0,0.0,6.0,1.0,2.0,0.0,0.0,0.0,5.0,0.0,9.0,0.0,0.0,0.0,0.0,2.0,0.0,0.0,7.0,8.0,47.0,70.0,19.0,1.0,0.0,0.0,81.0,0.0,0.0,0.0,0.0,5.0,99.0,5.0,73.0,3.0,5.0,9.0,0.0,7.0,0.0,0.0,0.0,0.0,11.0,0.0,0.0,0.0,0.0,0.0,1.0,0.0,27.0,21.0,0.0,0.0,0.0,0.0,0.0,0.0,0.0,13.0,13.0,0.0,5.0,0.0,2.0,0.0,0.0,0.0,147.0,0.0,99.0,3.0,2.0,0.0,35.0,120.0,11.0,0.0,2.0,0.0,2.0
Rex_Orange_County_-_Corduroy_Dreams_preview.wav,0.0,6.0,0.0,2.0,0.0,0.0,1.0,0.0,0.0,2.0,6.0,0.0,121.0,0.0,0.0,0.0,8.0,0.0,169.0,1.0,0.0,0.0,0.0,0.0,11.0,0.0,53.0,1.0,0.0,0.0,0.0,0.0,27.0,1.0,0.0,0.0,54.0,0.0,0.0,14.0,11.0,0.0,0.0,0.0,23.0,0.0,3.0,0.0,6.0,0.0,10.0,0.0,0.0,0.0,102.0,24.0,4.0,1.0,0.0,24.0,0.0,0.0,0.0,0.0,0.0,0.0,12.0,0.0,0.0,0.0,0.0,0.0,0.0,0.0,0.0,5.0,0.0,0.0,7.0,0.0,0.0,4.0,0.0,86.0,0.0,82.0,2.0,0.0,0.0,0.0,1.0,0.0,0.0,0.0,18.0,9.0,0.0,0.0,0.0,0.0,59.0,0.0,0.0,0.0,0.0,0.0,0.0,0.0,0.0,0.0,0.0,15.0,8.0,72.0,8.0,0.0,25.0,0.0,0.0,6.0,0.0,0.0,0.0,1.0,0.0,0.0,0.0,187.0
Reykon_-_Latina_feat_Maluma_preview.wav,0.0,7.0,15.0,1.0,1.0,0.0,2.0,5.0,44.0,16.0,4.0,14.0,9.0,0.0,6.0,0.0,2.0,0.0,3.0,12.0,4.0,0.0,1.0,3.0,28.0,4.0,3.0,3.0,2.0,21.0,26.0,9.0,0.0,25.0,8.0,8.0,1.0,0.0,31.0,2.0,2.0,72.0,1.0,5.0,0.0,3.0,9.0,0.0,10.0,6.0,0.0,1.0,0.0,33.0,0.0,2.0,0.0,0.0,55.0,0.0,3.0,5.0,48.0,1.0,17.0,4.0,4.0,19.0,0.0,0.0,8.0,1.0,1.0,59.0,0.0,18.0,0.0,12.0,1.0,3.0,4.0,13.0,44.0,0.0,12.0,19.0,2.0,5.0,1.0,12.0,0.0,9.0,52.0,3.0,5.0,2.0,0.0,10.0,8.0,1.0,5.0,20.0,0.0,9.0,8.0,5.0,15.0,56.0,0.0,31.0,24.0,0.0,1.0,14.0,4.0,47.0,25.0,16.0,1.0,5.0,16.0,34.0,21.0,0.0,3.0,1.0,6.0,0.0
Ricky_Martin_-_La_Mordidita_preview.wav,4.0,2.0,35.0,12.0,28.0,0.0,0.0,47.0,12.0,25.0,8.0,82.0,12.0,0.0,0.0,2.0,9.0,0.0,0.0,6.0,4.0,0.0,14.0,9.0,19.0,33.0,0.0,3.0,55.0,39.0,22.0,14.0,1.0,15.0,32.0,1.0,0.0,0.0,33.0,2.0,0.0,20.0,0.0,4.0,0.0,66.0,4.0,0.0,7.0,22.0,1.0,1.0,2.0,15.0,3.0,0.0,3.0,0.0,22.0,0.0,0.0,13.0,15.0,0.0,0.0,3.0,10.0,3.0,0.0,0.0,11.0,0.0,2.0,42.0,4.0,3.0,0.0,3.0,6.0,12.0,18.0,2.0,2.0,0.0,1.0,12.0,0.0,23.0,0.0,14.0,0.0,18.0,24.0,11.0,0.0,1.0,9.0,8.0,3.0,6.0,4.0,22.0,1.0,20.0,0.0,17.0,4.0,6.0,0.0,43.0,6.0,0.0,2.0,0.0,24.0,5.0,12.0,6.0,2.0,0.0,16.0,49.0,2.0,0.0,10.0,1.0,11.0,0.0
Robin_Schulz_-_Headlights_feat_Ilsey_preview.wav,4.0,0.0,17.0,0.0,5.0,7.0,1.0,5.0,50.0,0.0,0.0,0.0,0.0,0.0,0.0,2.0,0.0,81.0,1.0,0.0,6.0,51.0,16.0,0.0,0.0,0.0,2.0,0.0,0.0,41.0,0.0,1.0,0.0,11.0,4.0,0.0,0.0,0.0,0.0,0.0,0.0,2.0,0.0,0.0,0.0,4.0,1.0,0.0,4.0,0.0,0.0,0.0,3.0,101.0,1.0,0.0,0.0,0.0,0.0,0.0,0.0,0.0,41.0,49.0,0.0,105.0,0.0,194.0,2.0,0.0,5.0,0.0,0.0,0.0,0.0,0.0,0.0,4.0,2.0,60.0,0.0,8.0,40.0,0.0,0.0,0.0,7.0,56.0,0.0,0.0,0.0,124.0,0.0,0.0,1.0,2.0,0.0,5.0,10.0,0.0,0.0,0.0,2.0,1.0,0.0,0.0,0.0,10.0,0.0,10.0,22.0,1.0,0.0,0.0,0.0,0.0,0.0,2.0,11.0,0.0,0.0,57.0,30.0,0.0,6.0,0.0,4.0,0.0
Rocco_Hunt_-_Ti_volevo_dedicare_feat_J-AX_Boomdabash_preview.wav,13.0,3.0,4.0,1.0,6.0,0.0,1.0,24.0,52.0,0.0,1.0,2.0,0.0,0.0,3.0,2.0,1.0,1.0,0.0,5.0,0.0,0.0,14.0,0.0,0.0,0.0,0.0,0.0,40.0,122.0,3.0,12.0,0.0,6.0,64.0,1.0,0.0,0.0,0.0,0.0,0.0,0.0,0.0,0.0,0.0,34.0,5.0,0.0,0.0,17.0,0.0,1.0,44.0,52.0,0.0,0.0,0.0,0.0,0.0,0.0,0.0,9.0,31.0,5.0,3.0,11.0,0.0,53.0,0.0,0.0,0.0,0.0,0.0,0.0,4.0,0.0,0.0,9.0,5.0,64.0,5.0,7.0,8.0,0.0,3.0,0.0,0.0,106.0,0.0,6.0,0.0,178.0,0.0,0.0,0.0,1.0,39.0,8.0,0.0,13.0,0.0,0.0,0.0,19.0,5.0,2.0,5.0,17.0,0.0,11.0,32.0,0.0,5.0,0.0,0.0,0.0,0.0,7.0,3.0,0.0,2.0,28.0,23.0,0.0,11.0,0.0,20.0,0.0
Roddy_Ricch_-_High_Fashion_feat_Mustard_preview.wav,31.0,3.0,8.0,0.0,25.0,23.0,1.0,23.0,13.0,49.0,0.0,0.0,9.0,8.0,1.0,53.0,8.0,60.0,0.0,6.0,3.0,14.0,16.0,5.0,4.0,9.0,6.0,28.0,1.0,3.0,6.0,37.0,3.0,9.0,0.0,2.0,4.0,7.0,8.0,18.0,35.0,13.0,14.0,23.0,5.0,8.0,3.0,9.0,1.0,11.0,2.0,9.0,21.0,9.0,2.0,23.0,0.0,31.0,1.0,2.0,1.0,17.0,3.0,16.0,4.0,13.0,8.0,16.0,10.0,0.0,0.0,15.0,11.0,20.0,0.0,3.0,9.0,12.0,0.0,33.0,2.0,4.0,1.0,60.0,6.0,8.0,0.0,1.0,1.0,7.0,33.0,4.0,1.0,12.0,0.0,0.0,9.0,10.0,1.0,0.0,1.0,22.0,0.0,1.0,1.0,19.0,7.0,8.0,0.0,2.0,8.0,11.0,1.0,12.0,17.0,6.0,16.0,8.0,7.0,6.0,5.0,13.0,7.0,22.0,3.0,3.0,0.0,9.0
Ruben_Blades_-_Pedro_Navaja_preview.wav,158.0,5.0,6.0,2.0,32.0,3.0,1.0,65.0,31.0,0.0,3.0,3.0,0.0,0.0,2.0,8.0,2.0,7.0,0.0,27.0,37.0,5.0,29.0,0.0,0.0,1.0,3.0,1.0,18.0,48.0,0.0,98.0,0.0,7.0,6.0,0.0,0.0,2.0,0.0,0.0,0.0,0.0,0.0,0.0,0.0,6.0,5.0,0.0,3.0,20.0,0.0,1.0,6.0,6.0,1.0,0.0,0.0,0.0,0.0,0.0,0.0,9.0,32.0,3.0,21.0,46.0,0.0,29.0,3.0,0.0,0.0,0.0,4.0,0.0,1.0,0.0,0.0,2.0,4.0,61.0,31.0,8.0,6.0,0.0,1.0,0.0,0.0,4.0,0.0,8.0,0.0,8.0,0.0,0.0,0.0,0.0,9.0,31.0,6.0,1.0,0.0,0.0,0.0,1.0,0.0,9.0,0.0,7.0,0.0,9.0,13.0,1.0,2.0,0.0,0.0,5.0,0.0,77.0,17.0,0.0,7.0,124.0,12.0,0.0,15.0,2.0,5.0,0.0
Ruel_-_Golden_Years_-_M-Phazes_Remix_preview.wav,29.0,1.0,6.0,3.0,3.0,61.0,1.0,5.0,17.0,6.0,4.0,3.0,1.0,90.0,3.0,52.0,1.0,104.0,1.0,7.0,8.0,51.0,28.0,0.0,1.0,0.0,1.0,1.0,0.0,39.0,0.0,42.0,0.0,2.0,15.0,0.0,4.0,0.0,0.0,0.0,0.0,7.0,14.0,0.0,0.0,0.0,3.0,4.0,1.0,1.0,0.0,0.0,9.0,13.0,9.0,6.0,0.0,44.0,0.0,0.0,2.0,2.0,4.0,25.0,19.0,46.0,6.0,4.0,1.0,34.0,0.0,43.0,1.0,0.0,1.0,2.0,12.0,21.0,2.0,53.0,4.0,4.0,7.0,0.0,22.0,2.0,0.0,0.0,0.0,1.0,26.0,2.0,0.0,0.0,0.0,2.0,3.0,14.0,24.0,0.0,0.0,0.0,0.0,0.0,0.0,0.0,0.0,2.0,1.0,2.0,0.0,8.0,3.0,0.0,0.0,4.0,3.0,24.0,5.0,19.0,4.0,13.0,26.0,64.0,11.0,3.0,0.0,10.0
Rune_RK_-_Calabria_-_Firebeatz_Remix_preview.wav,0.0,0.0,0.0,0.0,0.0,0.0,0.0,0.0,1.0,0.0,0.0,116.0,0.0,0.0,0.0,0.0,0.0,0.0,0.0,0.0,0.0,0.0,0.0,17.0,0.0,0.0,0.0,1.0,30.0,3.0,15.0,0.0,63.0,3.0,30.0,0.0,0.0,13.0,0.0,0.0,0.0,0.0,0.0,12.0,4.0,8.0,6.0,4.0,0.0,0.0,55.0,0.0,48.0,0.0,0.0,0.0,0.0,0.0,1.0,70.0,0.0,0.0,4.0,0.0,0.0,1.0,0.0,0.0,0.0,0.0,3.0,0.0,3.0,0.0,0.0,0.0,0.0,0.0,0.0,1.0,0.0,0.0,0.0,0.0,0.0,0.0,20.0,43.0,0.0,0.0,0.0,0.0,36.0,0.0,7.0,2.0,127.0,0.0,0.0,444.0,35.0,0.0,4.0,3.0,4.0,20.0,0.0,0.0,0.0,0.0,4.0,0.0,0.0,13.0,0.0,0.0,0.0,0.0,0.0,0.0,0.0,0.0,0.0,0.0,2.0,0.0,14.0,2.0
RY_X_-_Howling_preview.wav,0.0,23.0,0.0,3.0,0.0,0.0,3.0,0.0,0.0,0.0,0.0,0.0,0.0,217.0,1.0,0.0,3.0,0.0,0.0,11.0,11.0,2.0,0.0,0.0,0.0,0.0,29.0,0.0,0.0,0.0,0.0,0.0,0.0,0.0,0.0,0.0,9.0,0.0,0.0,0.0,0.0,0.0,0.0,0.0,0.0,0.0,0.0,0.0,0.0,6.0,0.0,0.0,0.0,0.0,0.0,0.0,0.0,26.0,0.0,0.0,5.0,0.0,0.0,0.0,7.0,1.0,2.0,0.0,0.0,642.0,0.0,0.0,0.0,0.0,0.0,0.0,0.0,0.0,0.0,0.0,1.0,0.0,0.0,0.0,0.0,0.0,0.0,0.0,0.0,0.0,45.0,0.0,0.0,0.0,0.0,0.0,0.0,0.0,5.0,0.0,0.0,0.0,0.0,0.0,0.0,0.0,0.0,0.0,191.0,0.0,0.0,17.0,1.0,0.0,0.0,0.0,0.0,7.0,0.0,5.0,0.0,0.0,0.0,4.0,0.0,15.0,0.0,0.0
Sabino_-_No_Te_Quiero_Perder_preview.wav,3.0,2.0,0.0,3.0,2.0,23.0,2.0,0.0,0.0,1.0,1.0,1.0,1.0,0.0,2.0,7.0,5.0,8.0,0.0,4.0,8.0,23.0,2.0,0.0,0.0,0.0,5.0,12.0,0.0,0.0,2.0,3.0,7.0,2.0,1.0,2.0,1.0,14.0,3.0,2.0,5.0,3.0,1.0,0.0,251.0,0.0,0.0,27.0,1.0,2.0,1.0,2.0,2.0,1.0,24.0,8.0,0.0,5.0,4.0,174.0,2.0,7.0,0.0,28.0,2.0,0.0,6.0,1.0,17.0,0.0,0.0,7.0,10.0,3.0,0.0,0.0,122.0,8.0,4.0,2.0,3.0,5.0,5.0,4.0,3.0,5.0,0.0,0.0,23.0,3.0,84.0,2.0,0.0,1.0,2.0,0.0,2.0,3.0,3.0,0.0,3.0,2.0,0.0,1.0,2.0,2.0,8.0,1.0,1.0,8.0,1.0,1.0,0.0,35.0,0.0,6.0,2.0,6.0,13.0,28.0,0.0,7.0,13.0,53.0,1.0,1.0,0.0,67.0
Sabrina_Carpenter_-_Stand_Out_-_From_How_to_Build_a_Better_Boy_preview.wav,0.0,0.0,31.0,6.0,3.0,0.0,1.0,42.0,0.0,8.0,12.0,78.0,26.0,0.0,0.0,0.0,2.0,0.0,0.0,0.0,0.0,0.0,0.0,7.0,38.0,56.0,0.0,0.0,114.0,14.0,0.0,0.0,0.0,8.0,11.0,0.0,0.0,0.0,11.0,0.0,0.0,44.0,0.0,1.0,0.0,192.0,1.0,0.0,9.0,1.0,2.0,0.0,0.0,21.0,0.0,0.0,9.0,0.0,2.0,0.0,0.0,0.0,3.0,0.0,0.0,0.0,7.0,0.0,0.0,0.0,24.0,0.0,0.0,32.0,1.0,12.0,0.0,0.0,1.0,0.0,1.0,0.0,0.0,0.0,0.0,16.0,1.0,49.0,0.0,1.0,0.0,0.0,8.0,4.0,0.0,2.0,7.0,0.0,0.0,41.0,1.0,21.0,0.0,2.0,0.0,1.0,0.0,0.0,0.0,2.0,29.0,0.0,0.0,0.0,62.0,0.0,20.0,0.0,0.0,0.0,0.0,0.0,0.0,0.0,0.0,0.0,194.0,0.0
Safire_-_Boy_Ive_Been_Told_preview.wav,0.0,0.0,3.0,26.0,0.0,0.0,1.0,59.0,101.0,1.0,6.0,0.0,8.0,0.0,3.0,0.0,18.0,0.0,0.0,25.0,16.0,0.0,0.0,0.0,31.0,5.0,0.0,0.0,0.0,18.0,0.0,2.0,0.0,216.0,0.0,15.0,3.0,0.0,1.0,0.0,1.0,21.0,2.0,8.0,0.0,3.0,27.0,0.0,187.0,92.0,0.0,2.0,0.0,0.0,0.0,0.0,4.0,0.0,2.0,0.0,0.0,0.0,0.0,0.0,3.0,14.0,8.0,0.0,0.0,0.0,2.0,0.0,0.0,1.0,2.0,6.0,0.0,0.0,16.0,8.0,1.0,82.0,0.0,0.0,11.0,3.0,36.0,0.0,0.0,4.0,0.0,0.0,0.0,2.0,5.0,0.0,0.0,1.0,64.0,0.0,0.0,0.0,0.0,0.0,0.0,0.0,2.0,2.0,0.0,0.0,29.0,3.0,1.0,0.0,1.0,19.0,7.0,18.0,0.0,0.0,0.0,22.0,3.0,0.0,0.0,2.0,7.0,0.0
Sam_Feldt_-_Been_A_While_preview.wav,0.0,35.0,8.0,21.0,0.0,13.0,3.0,1.0,35.0,0.0,10.0,0.0,12.0,0.0,1.0,7.0,6.0,7.0,5.0,38.0,8.0,57.0,11.0,0.0,17.0,0.0,32.0,9.0,0.0,14.0,2.0,8.0,4.0,5.0,1.0,0.0,5.0,2.0,11.0,0.0,15.0,4.0,1.0,0.0,1.0,0.0,5.0,1.0,1.0,9.0,17.0,6.0,2.0,30.0,11.0,29.0,7.0,0.0,4.0,2.0,1.0,6.0,6.0,6.0,32.0,30.0,40.0,3.0,0.0,0.0,0.0,16.0,0.0,0.0,1.0,35.0,0.0,28.0,7.0,24.0,18.0,6.0,3.0,0.0,37.0,40.0,0.0,23.0,2.0,6.0,0.0,16.0,1.0,2.0,1.0,2.0,1.0,11.0,14.0,0.0,1.0,2.0,0.0,0.0,0.0,0.0,19.0,7.0,0.0,8.0,5.0,5.0,4.0,38.0,0.0,23.0,6.0,77.0,7.0,9.0,11.0,13.0,25.0,47.0,29.0,1.0,0.0,4.0
Sango_-_Conte_a_Todos_preview.wav,0.0,274.0,0.0,2.0,2.0,0.0,1.0,3.0,21.0,16.0,5.0,13.0,18.0,0.0,0.0,0.0,2.0,0.0,1.0,77.0,31.0,26.0,0.0,0.0,5.0,4.0,35.0,1.0,27.0,12.0,1.0,6.0,0.0,7.0,7.0,0.0,1.0,0.0,11.0,0.0,0.0,35.0,0.0,0.0,0.0,6.0,7.0,0.0,6.0,3.0,0.0,36.0,0.0,6.0,13.0,1.0,0.0,0.0,1.0,0.0,9.0,1.0,64.0,0.0,67.0,9.0,3.0,0.0,11.0,0.0,0.0,0.0,7.0,12.0,1.0,1.0,0.0,0.0,12.0,5.0,17.0,3.0,48.0,0.0,0.0,3.0,0.0,12.0,0.0,18.0,0.0,0.0,3.0,0.0,0.0,2.0,0.0,18.0,8.0,0.0,1.0,2.0,0.0,1.0,0.0,0.0,21.0,0.0,0.0,8.0,13.0,4.0,7.0,0.0,5.0,11.0,36.0,43.0,1.0,10.0,22.0,42.0,0.0,0.0,0.0,2.0,6.0,0.0
Satchmode_-_Hall_Oates_preview.wav,4.0,0.0,0.0,0.0,8.0,35.0,1.0,4.0,15.0,0.0,2.0,0.0,0.0,0.0,0.0,3.0,0.0,159.0,0.0,2.0,0.0,3.0,85.0,0.0,0.0,0.0,2.0,13.0,0.0,19.0,0.0,0.0,0.0,0.0,67.0,0.0,3.0,0.0,0.0,0.0,0.0,0.0,0.0,0.0,0.0,8.0,0.0,0.0,0.0,0.0,0.0,0.0,0.0,7.0,0.0,3.0,0.0,0.0,0.0,0.0,2.0,11.0,104.0,98.0,5.0,28.0,3.0,19.0,3.0,0.0,0.0,6.0,0.0,0.0,0.0,0.0,0.0,70.0,1.0,131.0,0.0,7.0,133.0,0.0,0.0,0.0,0.0,0.0,0.0,16.0,0.0,20.0,0.0,0.0,0.0,0.0,0.0,0.0,3.0,0.0,0.0,0.0,0.0,2.0,0.0,0.0,0.0,3.0,0.0,36.0,0.0,4.0,0.0,0.0,0.0,2.0,2.0,5.0,0.0,2.0,0.0,8.0,82.0,0.0,43.0,0.0,0.0,0.0
SAYMYNAME_-_Ooh_preview.wav,0.0,0.0,0.0,0.0,21.0,1.0,0.0,0.0,2.0,0.0,1.0,69.0,0.0,0.0,0.0,0.0,0.0,1.0,0.0,0.0,1.0,14.0,3.0,17.0,0.0,3.0,3.0,0.0,28.0,4.0,1.0,0.0,39.0,0.0,64.0,0.0,0.0,9.0,0.0,0.0,0.0,0.0,0.0,21.0,0.0,14.0,20.0,0.0,2.0,0.0,3.0,0.0,31.0,0.0,4.0,1.0,0.0,0.0,0.0,0.0,1.0,3.0,12.0,2.0,0.0,6.0,1.0,0.0,0.0,0.0,14.0,0.0,2.0,0.0,1.0,0.0,0.0,1.0,8.0,1.0,0.0,6.0,1.0,0.0,0.0,0.0,5.0,80.0,0.0,0.0,0.0,7.0,19.0,0.0,13.0,1.0,55.0,0.0,2.0,474.0,14.0,0.0,1.0,9.0,8.0,1.0,0.0,0.0,0.0,2.0,12.0,1.0,0.0,0.0,0.0,0.0,0.0,0.0,0.0,0.0,0.0,0.0,1.0,0.0,16.0,0.0,135.0,0.0
Seven_Lions_-_Where_I_Wont_Be_Found_preview.wav,15.0,0.0,15.0,0.0,77.0,17.0,1.0,4.0,0.0,1.0,1.0,14.0,0.0,0.0,0.0,11.0,0.0,37.0,2.0,0.0,1.0,8.0,51.0,14.0,0.0,24.0,3.0,9.0,137.0,17.0,3.0,3.0,0.0,0.0,41.0,0.0,0.0,0.0,1.0,0.0,0.0,0.0,0.0,1.0,0.0,22.0,5.0,0.0,1.0,3.0,1.0,0.0,5.0,28.0,2.0,1.0,0.0,0.0,2.0,0.0,0.0,58.0,61.0,59.0,0.0,5.0,1.0,4.0,3.0,0.0,20.0,0.0,8.0,5.0,0.0,0.0,0.0,1.0,3.0,11.0,1.0,1.0,2.0,0.0,0.0,0.0,9.0,72.0,0.0,4.0,0.0,49.0,2.0,0.0,9.0,4.0,3.0,0.0,1.0,32.0,16.0,2.0,0.0,14.0,7.0,11.0,0.0,0.0,0.0,43.0,5.0,0.0,0.0,0.0,0.0,2.0,0.0,0.0,1.0,3.0,1.0,2.0,72.0,9.0,89.0,0.0,9.0,0.0
Sevyn_Streeter_-_It_Wont_Stop_feat_Chris_Brown_-_Julian_Calor_Remix_preview.wav,9.0,12.0,0.0,4.0,27.0,16.0,1.0,21.0,32.0,8.0,7.0,33.0,3.0,0.0,5.0,1.0,7.0,35.0,12.0,16.0,16.0,22.0,11.0,7.0,3.0,1.0,1.0,18.0,2.0,28.0,6.0,13.0,6.0,24.0,12.0,1.0,0.0,9.0,2.0,0.0,6.0,7.0,5.0,17.0,0.0,10.0,30.0,4.0,19.0,19.0,11.0,7.0,31.0,4.0,5.0,0.0,0.0,0.0,4.0,0.0,6.0,27.0,8.0,15.0,30.0,70.0,9.0,15.0,18.0,0.0,10.0,8.0,21.0,4.0,6.0,0.0,0.0,11.0,14.0,28.0,6.0,11.0,1.0,0.0,10.0,1.0,0.0,3.0,2.0,29.0,0.0,10.0,2.0,0.0,1.0,14.0,23.0,6.0,13.0,0.0,4.0,2.0,0.0,5.0,11.0,33.0,5.0,10.0,0.0,1.0,21.0,5.0,3.0,1.0,1.0,12.0,5.0,24.0,21.0,6.0,1.0,18.0,19.0,7.0,14.0,3.0,14.0,4.0
Shai_-_Come_With_Me_preview.wav,9.0,15.0,3.0,0.0,9.0,1.0,1.0,4.0,30.0,0.0,1.0,0.0,0.0,0.0,7.0,12.0,0.0,8.0,0.0,26.0,3.0,1.0,3.0,0.0,6.0,3.0,0.0,18.0,0.0,2.0,0.0,72.0,5.0,16.0,3.0,0.0,4.0,0.0,3.0,6.0,2.0,28.0,20.0,1.0,0.0,0.0,3.0,0.0,3.0,1.0,0.0,2.0,1.0,0.0,3.0,18.0,0.0,10.0,0.0,0.0,14.0,47.0,2.0,30.0,14.0,3.0,151.0,18.0,0.0,0.0,0.0,54.0,0.0,2.0,0.0,1.0,0.0,40.0,2.0,28.0,14.0,19.0,20.0,0.0,20.0,0.0,0.0,1.0,0.0,42.0,0.0,16.0,0.0,2.0,0.0,0.0,0.0,9.0,11.0,0.0,0.0,3.0,0.0,17.0,0.0,2.0,8.0,2.0,0.0,9.0,8.0,3.0,0.0,1.0,0.0,91.0,42.0,90.0,1.0,6.0,7.0,20.0,53.0,2.0,4.0,0.0,0.0,0.0
Sisqo_-_Got_To_Get_It_preview.wav,33.0,0.0,0.0,0.0,5.0,0.0,1.0,11.0,35.0,43.0,4.0,7.0,0.0,0.0,0.0,3.0,3.0,3.0,1.0,2.0,0.0,1.0,8.0,0.0,9.0,0.0,0.0,59.0,1.0,26.0,14.0,37.0,1.0,14.0,31.0,1.0,0.0,0.0,52.0,0.0,4.0,20.0,0.0,4.0,0.0,2.0,11.0,0.0,12.0,7.0,0.0,1.0,47.0,62.0,1.0,0.0,0.0,0.0,8.0,0.0,0.0,44.0,53.0,22.0,0.0,18.0,10.0,40.0,1.0,0.0,0.0,0.0,12.0,20.0,2.0,1.0,0.0,2.0,1.0,11.0,3.0,6.0,7.0,0.0,1.0,2.0,0.0,27.0,0.0,46.0,0.0,81.0,5.0,2.0,0.0,1.0,7.0,8.0,10.0,0.0,0.0,1.0,0.0,4.0,5.0,1.0,4.0,22.0,0.0,56.0,13.0,0.0,2.0,3.0,1.0,28.0,16.0,6.0,2.0,0.0,0.0,29.0,61.0,1.0,8.0,1.0,1.0,0.0
SITD_-_Lebensborn_-_Update_preview.wav,0.0,0.0,16.0,1.0,10.0,0.0,1.0,4.0,7.0,0.0,5.0,2.0,0.0,0.0,1.0,2.0,2.0,0.0,0.0,1.0,0.0,0.0,0.0,0.0,2.0,24.0,0.0,0.0,75.0,13.0,23.0,0.0,0.0,17.0,2.0,5.0,0.0,0.0,6.0,0.0,0.0,5.0,0.0,0.0,0.0,59.0,3.0,0.0,9.0,0.0,0.0,0.0,7.0,96.0,0.0,0.0,2.0,0.0,0.0,0.0,0.0,4.0,5.0,1.0,0.0,3.0,0.0,9.0,0.0,0.0,0.0,0.0,0.0,0.0,2.0,0.0,0.0,0.0,1.0,3.0,0.0,5.0,0.0,0.0,0.0,1.0,0.0,418.0,0.0,2.0,0.0,94.0,0.0,0.0,0.0,0.0,13.0,5.0,1.0,15.0,0.0,0.0,0.0,177.0,3.0,1.0,3.0,10.0,0.0,55.0,10.0,0.0,0.0,0.0,0.0,0.0,0.0,2.0,0.0,0.0,0.0,2.0,11.0,0.0,5.0,0.0,31.0,0.0
Skrizzly_Adams_-_Rattle_Your_Cage_preview.wav,21.0,0.0,5.0,1.0,6.0,5.0,2.0,5.0,85.0,5.0,2.0,0.0,4.0,0.0,0.0,13.0,0.0,26.0,0.0,0.0,0.0,44.0,56.0,0.0,9.0,0.0,1.0,7.0,0.0,152.0,0.0,4.0,0.0,6.0,0.0,0.0,0.0,0.0,33.0,0.0,0.0,4.0,0.0,0.0,3.0,2.0,5.0,3.0,10.0,1.0,0.0,0.0,12.0,13.0,0.0,4.0,17.0,0.0,13.0,0.0,0.0,4.0,21.0,14.0,10.0,56.0,0.0,57.0,0.0,0.0,4.0,3.0,0.0,1.0,1.0,5.0,0.0,37.0,0.0,112.0,0.0,2.0,31.0,0.0,3.0,7.0,0.0,0.0,0.0,15.0,0.0,12.0,0.0,0.0,0.0,5.0,1.0,5.0,21.0,0.0,5.0,7.0,0.0,0.0,0.0,0.0,2.0,30.0,0.0,11.0,18.0,2.0,0.0,2.0,7.0,18.0,9.0,23.0,2.0,1.0,0.0,97.0,24.0,17.0,11.0,0.0,0.0,0.0
Solange_-_Where_Do_We_Go_preview.wav,0.0,0.0,4.0,11.0,0.0,19.0,1.0,11.0,19.0,0.0,4.0,38.0,1.0,0.0,18.0,7.0,25.0,14.0,0.0,27.0,0.0,0.0,18.0,0.0,9.0,32.0,0.0,19.0,22.0,8.0,9.0,0.0,0.0,0.0,6.0,5.0,0.0,0.0,19.0,2.0,85.0,10.0,23.0,5.0,0.0,8.0,0.0,2.0,11.0,3.0,1.0,5.0,0.0,8.0,0.0,16.0,1.0,0.0,6.0,0.0,2.0,4.0,46.0,18.0,18.0,9.0,40.0,3.0,2.0,0.0,0.0,80.0,1.0,5.0,3.0,99.0,0.0,47.0,1.0,7.0,6.0,8.0,34.0,0.0,60.0,8.0,0.0,1.0,0.0,8.0,0.0,5.0,0.0,0.0,0.0,1.0,0.0,0.0,16.0,0.0,0.0,1.0,0.0,16.0,2.0,1.0,5.0,2.0,0.0,10.0,0.0,2.0,8.0,0.0,0.0,68.0,22.0,34.0,0.0,0.0,3.0,23.0,14.0,0.0,13.0,4.0,0.0,0.0
Sorriso_Maroto_-_50_Vezes_-_Ao_Vivo_preview.wav,0.0,3.0,7.0,0.0,0.0,8.0,1.0,0.0,8.0,3.0,0.0,0.0,0.0,0.0,3.0,3.0,2.0,4.0,0.0,6.0,2.0,2.0,2.0,0.0,4.0,0.0,0.0,14.0,0.0,1.0,0.0,0.0,0.0,0.0,2.0,0.0,0.0,0.0,55.0,0.0,11.0,17.0,13.0,0.0,7.0,0.0,0.0,0.0,0.0,0.0,0.0,3.0,0.0,56.0,0.0,10.0,1.0,25.0,14.0,0.0,1.0,2.0,35.0,24.0,1.0,0.0,16.0,62.0,0.0,0.0,0.0,39.0,0.0,0.0,3.0,3.0,0.0,154.0,1.0,16.0,8.0,2.0,207.0,7.0,9.0,2.0,0.0,5.0,0.0,0.0,19.0,107.0,0.0,0.0,0.0,0.0,0.0,7.0,0.0,0.0,0.0,8.0,0.0,6.0,0.0,0.0,10.0,11.0,10.0,38.0,0.0,1.0,1.0,0.0,0.0,33.0,6.0,6.0,0.0,4.0,2.0,31.0,84.0,11.0,11.0,1.0,0.0,1.0
St_Lucia_-_Dancing_On_Glass_preview.wav,11.0,0.0,0.0,0.0,31.0,0.0,0.0,10.0,2.0,0.0,2.0,96.0,0.0,0.0,0.0,2.0,0.0,1.0,0.0,0.0,0.0,1.0,6.0,4.0,0.0,11.0,0.0,4.0,30.0,17.0,36.0,0.0,5.0,1.0,112.0,0.0,0.0,0.0,2.0,0.0,0.0,0.0,0.0,10.0,0.0,21.0,23.0,0.0,6.0,0.0,0.0,0.0,33.0,12.0,0.0,0.0,0.0,0.0,0.0,0.0,0.0,78.0,2.0,0.0,0.0,7.0,0.0,21.0,1.0,0.0,1.0,0.0,16.0,4.0,1.0,0.0,0.0,0.0,3.0,6.0,0.0,5.0,0.0,0.0,0.0,0.0,0.0,58.0,2.0,10.0,0.0,16.0,3.0,0.0,0.0,1.0,103.0,3.0,3.0,24.0,0.0,0.0,0.0,46.0,243.0,70.0,0.0,4.0,0.0,4.0,7.0,0.0,0.0,0.0,0.0,3.0,0.0,0.0,2.0,0.0,0.0,1.0,0.0,0.0,52.0,0.0,3.0,0.0
Steady_Rollin_-_I_Feel_Alive_preview.wav,406.0,0.0,0.0,0.0,158.0,0.0,1.0,22.0,0.0,0.0,4.0,0.0,2.0,0.0,1.0,38.0,0.0,11.0,3.0,0.0,0.0,18.0,130.0,0.0,0.0,2.0,0.0,1.0,0.0,1.0,1.0,14.0,0.0,0.0,42.0,0.0,0.0,3.0,0.0,0.0,0.0,0.0,5.0,0.0,0.0,3.0,0.0,0.0,1.0,4.0,0.0,0.0,0.0,0.0,5.0,1.0,0.0,1.0,0.0,0.0,3.0,25.0,11.0,5.0,15.0,19.0,13.0,0.0,27.0,0.0,0.0,5.0,50.0,0.0,0.0,0.0,0.0,0.0,5.0,26.0,0.0,0.0,0.0,0.0,2.0,3.0,0.0,0.0,0.0,11.0,1.0,0.0,0.0,0.0,0.0,1.0,0.0,0.0,1.0,0.0,0.0,0.0,0.0,11.0,0.0,3.0,0.0,0.0,0.0,23.0,0.0,0.0,0.0,0.0,0.0,1.0,1.0,1.0,37.0,2.0,0.0,4.0,2.0,4.0,102.0,0.0,0.0,0.0
Steve_Miller_Band_-_Jet_Airliner_-_Remastered_2017_preview.wav,7.0,0.0,1.0,0.0,106.0,0.0,0.0,1.0,0.0,0.0,2.0,0.0,1.0,0.0,0.0,0.0,0.0,11.0,4.0,0.0,0.0,0.0,24.0,0.0,0.0,3.0,0.0,13.0,14.0,4.0,6.0,8.0,0.0,0.0,47.0,0.0,0.0,24.0,0.0,0.0,0.0,2.0,0.0,0.0,0.0,4.0,0.0,13.0,1.0,0.0,0.0,0.0,8.0,4.0,3.0,0.0,0.0,0.0,0.0,0.0,0.0,145.0,25.0,63.0,0.0,0.0,0.0,1.0,94.0,0.0,0.0,0.0,141.0,0.0,0.0,0.0,0.0,0.0,0.0,5.0,0.0,0.0,0.0,0.0,0.0,4.0,0.0,3.0,25.0,34.0,0.0,41.0,0.0,0.0,0.0,1.0,7.0,2.0,0.0,0.0,0.0,0.0,0.0,43.0,11.0,10.0,0.0,0.0,0.0,45.0,0.0,0.0,0.0,0.0,0.0,0.0,7.0,0.0,15.0,0.0,0.0,1.0,9.0,0.0,246.0,0.0,0.0,3.0
Sting_-_If_I_Ever_Lose_My_Faith_In_You_preview.wav,3.0,0.0,2.0,0.0,17.0,1.0,2.0,4.0,14.0,2.0,2.0,0.0,3.0,0.0,0.0,11.0,0.0,5.0,3.0,0.0,0.0,7.0,5.0,0.0,0.0,5.0,0.0,170.0,0.0,27.0,6.0,1.0,8.0,2.0,0.0,0.0,0.0,0.0,10.0,0.0,21.0,54.0,0.0,0.0,0.0,0.0,20.0,0.0,25.0,0.0,0.0,0.0,25.0,11.0,1.0,6.0,1.0,0.0,3.0,0.0,0.0,110.0,1.0,5.0,0.0,39.0,14.0,10.0,5.0,0.0,0.0,0.0,0.0,9.0,1.0,2.0,0.0,0.0,4.0,49.0,0.0,5.0,4.0,0.0,0.0,7.0,0.0,1.0,0.0,284.0,0.0,4.0,0.0,0.0,0.0,2.0,1.0,1.0,7.0,0.0,0.0,3.0,0.0,22.0,0.0,0.0,0.0,6.0,0.0,65.0,11.0,0.0,0.0,2.0,0.0,30.0,12.0,0.0,2.0,0.0,0.0,13.0,81.0,1.0,1.0,1.0,0.0,0.0
Stormzy_-_Own_It_feat_Ed_Sheeran_Burna_Boy_preview.wav,9.0,5.0,17.0,7.0,5.0,5.0,2.0,24.0,33.0,26.0,5.0,43.0,14.0,0.0,18.0,44.0,20.0,3.0,0.0,38.0,1.0,1.0,8.0,0.0,13.0,12.0,0.0,7.0,21.0,15.0,2.0,48.0,0.0,7.0,10.0,6.0,3.0,1.0,8.0,10.0,26.0,12.0,5.0,0.0,0.0,13.0,0.0,0.0,1.0,14.0,9.0,15.0,7.0,15.0,0.0,3.0,6.0,0.0,10.0,0.0,13.0,5.0,64.0,4.0,6.0,5.0,4.0,11.0,0.0,0.0,1.0,11.0,1.0,17.0,8.0,17.0,0.0,22.0,1.0,33.0,42.0,1.0,23.0,0.0,26.0,12.0,0.0,6.0,3.0,12.0,0.0,9.0,17.0,12.0,3.0,0.0,0.0,22.0,10.0,2.0,8.0,17.0,0.0,3.0,0.0,0.0,13.0,1.0,0.0,6.0,5.0,0.0,6.0,6.0,20.0,17.0,12.0,38.0,0.0,1.0,3.0,46.0,27.0,1.0,4.0,0.0,4.0,4.0
Stromae_-_Papaoutai_preview.wav,33.0,0.0,0.0,0.0,27.0,0.0,2.0,5.0,57.0,1.0,14.0,0.0,12.0,0.0,0.0,0.0,1.0,7.0,5.0,0.0,1.0,24.0,3.0,0.0,11.0,0.0,0.0,3.0,0.0,230.0,0.0,1.0,0.0,5.0,9.0,0.0,0.0,0.0,0.0,7.0,19.0,0.0,0.0,2.0,0.0,9.0,9.0,0.0,6.0,9.0,0.0,0.0,1.0,0.0,5.0,1.0,4.0,0.0,7.0,0.0,0.0,18.0,32.0,10.0,3.0,74.0,0.0,17.0,0.0,0.0,0.0,0.0,0.0,0.0,0.0,35.0,0.0,0.0,6.0,56.0,0.0,3.0,3.0,3.0,0.0,36.0,0.0,93.0,0.0,14.0,0.0,37.0,0.0,5.0,4.0,2.0,9.0,0.0,11.0,0.0,8.0,1.0,0.0,2.0,0.0,11.0,0.0,1.0,0.0,41.0,63.0,4.0,1.0,5.0,2.0,3.0,7.0,2.0,3.0,0.0,0.0,5.0,7.0,1.0,31.0,1.0,71.0,21.0
Stunna_4_Vegas_-_UP_THE_SMOKE_with_Offset_preview.wav,10.0,1.0,16.0,2.0,1.0,13.0,0.0,6.0,7.0,46.0,6.0,0.0,6.0,3.0,11.0,11.0,8.0,11.0,10.0,1.0,0.0,2.0,2.0,29.0,42.0,26.0,2.0,5.0,0.0,16.0,7.0,9.0,1.0,1.0,1.0,8.0,3.0,0.0,33.0,10.0,26.0,18.0,13.0,1.0,0.0,3.0,0.0,0.0,2.0,3.0,19.0,10.0,8.0,37.0,1.0,9.0,5.0,4.0,70.0,0.0,4.0,1.0,11.0,1.0,4.0,3.0,4.0,11.0,0.0,0.0,17.0,17.0,0.0,103.0,1.0,38.0,0.0,20.0,0.0,21.0,3.0,2.0,22.0,2.0,12.0,4.0,1.0,3.0,0.0,1.0,1.0,6.0,25.0,14.0,1.0,2.0,8.0,26.0,1.0,17.0,44.0,77.0,0.0,0.0,3.0,0.0,14.0,44.0,0.0,4.0,7.0,11.0,3.0,4.0,14.0,3.0,21.0,6.0,0.0,1.0,7.0,9.0,4.0,5.0,0.0,0.0,8.0,1.0
Super_Whatevr_-_melancholyism_preview.wav,74.0,0.0,8.0,0.0,13.0,33.0,1.0,21.0,10.0,10.0,1.0,1.0,0.0,0.0,3.0,84.0,0.0,104.0,0.0,1.0,2.0,22.0,28.0,0.0,4.0,0.0,2.0,8.0,0.0,12.0,2.0,82.0,0.0,0.0,11.0,0.0,2.0,2.0,5.0,0.0,7.0,1.0,9.0,0.0,2.0,6.0,0.0,3.0,0.0,6.0,8.0,0.0,5.0,14.0,0.0,1.0,0.0,1.0,2.0,3.0,1.0,2.0,5.0,79.0,15.0,11.0,4.0,8.0,5.0,0.0,0.0,67.0,22.0,0.0,1.0,1.0,4.0,24.0,2.0,77.0,0.0,1.0,12.0,1.0,4.0,5.0,0.0,2.0,0.0,2.0,5.0,2.0,0.0,0.0,0.0,0.0,7.0,65.0,2.0,0.0,1.0,2.0,0.0,4.0,3.0,2.0,7.0,14.0,0.0,6.0,0.0,0.0,0.0,6.0,0.0,3.0,7.0,51.0,5.0,1.0,0.0,24.0,24.0,45.0,24.0,1.0,3.0,9.0
Syn_Cole_-_Its_You_-_Radio_Edit_preview.wav,0.0,0.0,49.0,8.0,12.0,4.0,0.0,3.0,19.0,1.0,1.0,67.0,0.0,0.0,9.0,1.0,1.0,0.0,0.0,10.0,0.0,0.0,1.0,5.0,0.0,8.0,0.0,0.0,156.0,16.0,3.0,1.0,1.0,15.0,60.0,1.0,5.0,0.0,1.0,0.0,2.0,7.0,29.0,1.0,5.0,37.0,2.0,10.0,2.0,11.0,1.0,0.0,0.0,1.0,2.0,12.0,0.0,3.0,5.0,0.0,3.0,0.0,16.0,1.0,0.0,0.0,3.0,0.0,4.0,0.0,23.0,22.0,0.0,8.0,0.0,0.0,20.0,14.0,2.0,1.0,4.0,3.0,6.0,2.0,41.0,0.0,11.0,74.0,0.0,8.0,61.0,21.0,6.0,0.0,0.0,1.0,1.0,4.0,0.0,8.0,0.0,3.0,0.0,165.0,9.0,3.0,41.0,6.0,0.0,16.0,7.0,5.0,0.0,0.0,0.0,0.0,3.0,10.0,1.0,4.0,6.0,13.0,0.0,24.0,10.0,1.0,6.0,3.0
SZA_-_Drew_Barrymore_preview.wav,0.0,16.0,0.0,0.0,2.0,3.0,3.0,4.0,8.0,0.0,0.0,0.0,0.0,0.0,0.0,45.0,0.0,5.0,23.0,4.0,5.0,43.0,1.0,0.0,0.0,0.0,44.0,2.0,0.0,0.0,0.0,15.0,0.0,0.0,0.0,4.0,0.0,0.0,0.0,0.0,0.0,0.0,0.0,0.0,3.0,1.0,2.0,0.0,0.0,2.0,0.0,0.0,0.0,0.0,275.0,0.0,0.0,9.0,0.0,0.0,0.0,0.0,6.0,0.0,26.0,16.0,17.0,1.0,0.0,0.0,0.0,4.0,0.0,0.0,1.0,0.0,7.0,2.0,6.0,8.0,10.0,1.0,1.0,0.0,1.0,3.0,0.0,0.0,0.0,8.0,7.0,0.0,0.0,0.0,265.0,7.0,0.0,0.0,21.0,0.0,0.0,0.0,18.0,0.0,0.0,0.0,1.0,0.0,0.0,3.0,1.0,4.0,0.0,6.0,0.0,9.0,11.0,28.0,11.0,221.0,0.0,4.0,0.0,31.0,0.0,1.0,0.0,6.0
Tabitha_-_Suave_preview.wav,2.0,2.0,9.0,8.0,2.0,0.0,1.0,7.0,16.0,15.0,3.0,65.0,2.0,43.0,0.0,9.0,0.0,1.0,0.0,0.0,29.0,2.0,2.0,5.0,6.0,18.0,2.0,25.0,46.0,9.0,6.0,9.0,8.0,53.0,13.0,2.0,1.0,0.0,8.0,2.0,5.0,20.0,0.0,8.0,21.0,15.0,60.0,2.0,24.0,26.0,6.0,2.0,113.0,8.0,6.0,0.0,0.0,17.0,9.0,1.0,0.0,20.0,12.0,0.0,0.0,20.0,7.0,1.0,0.0,2.0,32.0,0.0,0.0,27.0,6.0,4.0,1.0,2.0,4.0,4.0,5.0,7.0,10.0,3.0,0.0,2.0,10.0,10.0,0.0,15.0,2.0,15.0,9.0,0.0,3.0,1.0,9.0,11.0,17.0,0.0,32.0,8.0,0.0,16.0,1.0,0.0,0.0,5.0,14.0,10.0,62.0,3.0,0.0,9.0,0.0,22.0,6.0,1.0,3.0,3.0,14.0,2.0,22.0,3.0,1.0,1.0,6.0,3.0
Tame_Impala_-_Let_It_Happen_preview.wav,0.0,0.0,0.0,0.0,10.0,0.0,1.0,0.0,0.0,0.0,0.0,0.0,0.0,0.0,0.0,0.0,0.0,48.0,4.0,0.0,1.0,10.0,160.0,0.0,0.0,0.0,4.0,29.0,0.0,2.0,0.0,0.0,1.0,1.0,0.0,0.0,1.0,0.0,0.0,0.0,0.0,0.0,0.0,0.0,0.0,0.0,0.0,14.0,0.0,0.0,0.0,0.0,0.0,0.0,7.0,0.0,0.0,0.0,0.0,0.0,0.0,47.0,3.0,2.0,0.0,2.0,7.0,1.0,715.0,0.0,0.0,0.0,1.0,0.0,0.0,0.0,0.0,0.0,0.0,4.0,0.0,2.0,0.0,0.0,0.0,2.0,0.0,0.0,0.0,28.0,0.0,0.0,0.0,0.0,0.0,1.0,0.0,0.0,0.0,0.0,0.0,0.0,0.0,0.0,0.0,0.0,0.0,0.0,0.0,0.0,0.0,1.0,0.0,0.0,0.0,1.0,3.0,1.0,9.0,2.0,0.0,0.0,0.0,0.0,165.0,0.0,0.0,2.0
TENDER_-_Lower_preview.wav,0.0,5.0,0.0,2.0,0.0,219.0,10.0,0.0,0.0,0.0,4.0,0.0,66.0,19.0,1.0,0.0,1.0,10.0,3.0,0.0,2.0,0.0,0.0,0.0,7.0,0.0,1.0,0.0,0.0,0.0,0.0,1.0,2.0,1.0,0.0,0.0,16.0,0.0,0.0,8.0,7.0,6.0,7.0,0.0,2.0,0.0,0.0,2.0,1.0,0.0,3.0,0.0,0.0,0.0,0.0,3.0,0.0,9.0,10.0,0.0,6.0,0.0,1.0,44.0,2.0,0.0,1.0,2.0,0.0,0.0,0.0,20.0,0.0,0.0,0.0,7.0,418.0,71.0,2.0,1.0,1.0,2.0,22.0,14.0,1.0,40.0,0.0,0.0,0.0,2.0,37.0,17.0,0.0,9.0,0.0,0.0,0.0,0.0,0.0,0.0,6.0,19.0,0.0,0.0,0.0,0.0,0.0,0.0,22.0,0.0,0.0,3.0,0.0,6.0,23.0,2.0,12.0,3.0,0.0,3.0,0.0,0.0,0.0,3.0,31.0,8.0,0.0,3.0
The_Allman_Brothers_Band_-_Whipping_Post_preview.wav,0.0,0.0,0.0,0.0,8.0,3.0,2.0,0.0,0.0,2.0,2.0,0.0,13.0,0.0,0.0,0.0,0.0,12.0,4.0,0.0,10.0,99.0,2.0,0.0,0.0,2.0,13.0,13.0,0.0,0.0,0.0,0.0,41.0,0.0,0.0,0.0,0.0,74.0,0.0,0.0,1.0,0.0,0.0,1.0,0.0,0.0,1.0,38.0,2.0,4.0,0.0,0.0,94.0,0.0,51.0,2.0,0.0,0.0,0.0,1.0,0.0,20.0,0.0,0.0,5.0,15.0,0.0,0.0,311.0,0.0,0.0,0.0,65.0,0.0,0.0,0.0,0.0,0.0,9.0,0.0,0.0,5.0,0.0,0.0,0.0,10.0,5.0,0.0,26.0,16.0,0.0,0.0,0.0,0.0,19.0,4.0,5.0,0.0,3.0,0.0,23.0,0.0,4.0,0.0,2.0,0.0,0.0,0.0,0.0,0.0,0.0,3.0,0.0,23.0,2.0,0.0,1.0,0.0,200.0,3.0,0.0,0.0,0.0,1.0,0.0,1.0,0.0,16.0
The_Bellamy_Brothers_-_Let_Your_Love_Flow_preview.wav,17.0,0.0,18.0,0.0,77.0,0.0,0.0,30.0,13.0,0.0,3.0,15.0,3.0,0.0,0.0,0.0,0.0,0.0,1.0,0.0,0.0,0.0,20.0,0.0,0.0,31.0,0.0,1.0,21.0,66.0,20.0,0.0,0.0,2.0,42.0,0.0,0.0,7.0,7.0,0.0,0.0,6.0,0.0,2.0,0.0,29.0,16.0,0.0,8.0,4.0,0.0,0.0,0.0,11.0,0.0,0.0,0.0,0.0,0.0,0.0,0.0,123.0,47.0,3.0,0.0,7.0,1.0,6.0,0.0,0.0,0.0,0.0,14.0,3.0,0.0,0.0,0.0,0.0,1.0,38.0,0.0,1.0,1.0,0.0,0.0,1.0,0.0,37.0,10.0,148.0,0.0,30.0,0.0,0.0,1.0,1.0,65.0,0.0,0.0,6.0,0.0,0.0,0.0,74.0,6.0,24.0,0.0,0.0,0.0,79.0,21.0,0.0,0.0,2.0,0.0,3.0,6.0,0.0,0.0,0.0,0.0,16.0,9.0,0.0,37.0,0.0,1.0,0.0
The_Black_Crowes_-_Hard_To_Handle_preview.wav,22.0,0.0,9.0,0.0,184.0,0.0,1.0,164.0,4.0,0.0,4.0,7.0,0.0,0.0,0.0,0.0,0.0,2.0,0.0,0.0,2.0,5.0,68.0,0.0,0.0,8.0,0.0,0.0,0.0,41.0,0.0,15.0,0.0,1.0,50.0,0.0,0.0,76.0,0.0,0.0,0.0,0.0,0.0,0.0,0.0,42.0,14.0,5.0,2.0,7.0,0.0,0.0,3.0,1.0,1.0,0.0,0.0,0.0,0.0,0.0,0.0,54.0,10.0,0.0,0.0,5.0,1.0,2.0,48.0,0.0,0.0,0.0,13.0,0.0,1.0,0.0,0.0,0.0,4.0,18.0,1.0,5.0,0.0,0.0,0.0,1.0,0.0,18.0,18.0,76.0,0.0,0.0,0.0,0.0,0.0,0.0,24.0,0.0,0.0,0.0,0.0,0.0,0.0,21.0,0.0,50.0,0.0,0.0,0.0,42.0,2.0,0.0,0.0,0.0,0.0,0.0,1.0,2.0,75.0,0.0,0.0,19.0,1.0,0.0,31.0,0.0,11.0,0.0
The_Black_Keys_-_Shes_Long_Gone_preview.wav,3.0,0.0,0.0,0.0,38.0,4.0,0.0,0.0,0.0,0.0,2.0,32.0,0.0,0.0,0.0,0.0,0.0,32.0,2.0,0.0,0.0,1.0,100.0,0.0,0.0,6.0,0.0,5.0,7.0,13.0,9.0,0.0,2.0,0.0,33.0,0.0,0.0,40.0,1.0,0.0,0.0,2.0,0.0,0.0,0.0,2.0,2.0,18.0,2.0,0.0,0.0,0.0,20.0,2.0,14.0,0.0,0.0,0.0,0.0,1.0,0.0,69.0,9.0,27.0,2.0,7.0,0.0,1.0,96.0,0.0,0.0,1.0,203.0,0.0,0.0,0.0,0.0,1.0,5.0,10.0,0.0,1.0,1.0,0.0,0.0,0.0,0.0,18.0,47.0,3.0,0.0,12.0,2.0,0.0,0.0,1.0,33.0,0.0,3.0,3.0,0.0,0.0,0.0,56.0,56.0,101.0,0.0,0.0,0.0,4.0,0.0,0.0,0.0,0.0,0.0,0.0,0.0,0.0,8.0,0.0,0.0,0.0,8.0,1.0,110.0,0.0,0.0,0.0
The_Blaze_-_Heaven_preview.wav,0.0,0.0,0.0,0.0,0.0,80.0,1.0,2.0,8.0,0.0,0.0,0.0,0.0,0.0,0.0,45.0,0.0,15.0,0.0,0.0,0.0,0.0,0.0,0.0,1.0,0.0,2.0,0.0,0.0,0.0,0.0,0.0,0.0,0.0,0.0,2.0,7.0,0.0,0.0,1.0,0.0,1.0,185.0,0.0,0.0,0.0,0.0,0.0,0.0,0.0,0.0,0.0,0.0,0.0,0.0,12.0,0.0,7.0,0.0,0.0,2.0,0.0,0.0,0.0,2.0,12.0,9.0,0.0,0.0,0.0,0.0,365.0,0.0,0.0,0.0,0.0,2.0,128.0,0.0,6.0,0.0,0.0,0.0,14.0,149.0,0.0,0.0,0.0,0.0,0.0,78.0,0.0,0.0,0.0,0.0,0.0,0.0,12.0,0.0,0.0,0.0,0.0,0.0,0.0,0.0,0.0,34.0,9.0,3.0,0.0,0.0,2.0,0.0,0.0,0.0,3.0,0.0,1.0,0.0,0.0,0.0,15.0,1.0,72.0,0.0,2.0,0.0,2.0
The_Blue_Stones_-_Shakin_Off_The_Rust_preview.wav,16.0,0.0,0.0,0.0,94.0,16.0,0.0,2.0,4.0,0.0,1.0,15.0,0.0,0.0,0.0,11.0,0.0,20.0,2.0,0.0,0.0,19.0,56.0,0.0,0.0,8.0,4.0,2.0,66.0,29.0,3.0,0.0,0.0,1.0,55.0,0.0,0.0,20.0,1.0,0.0,0.0,0.0,0.0,0.0,0.0,26.0,3.0,0.0,2.0,0.0,0.0,0.0,10.0,5.0,0.0,0.0,0.0,0.0,0.0,0.0,0.0,12.0,12.0,19.0,0.0,22.0,0.0,1.0,25.0,0.0,0.0,6.0,22.0,0.0,0.0,0.0,1.0,1.0,1.0,23.0,0.0,3.0,0.0,0.0,0.0,0.0,0.0,26.0,121.0,3.0,1.0,8.0,0.0,0.0,0.0,1.0,14.0,0.0,4.0,4.0,0.0,0.0,0.0,0.0,14.0,374.0,0.0,2.0,0.0,6.0,1.0,2.0,0.0,0.0,0.0,3.0,0.0,0.0,2.0,8.0,0.0,1.0,9.0,13.0,33.0,0.0,0.0,3.0
The_Brothers_Johnson_-_Get_The_Funk_Out_Ma_Face_preview.wav,3.0,14.0,0.0,12.0,0.0,39.0,1.0,4.0,15.0,1.0,7.0,0.0,3.0,9.0,12.0,19.0,47.0,12.0,5.0,34.0,5.0,11.0,2.0,0.0,19.0,0.0,33.0,12.0,0.0,7.0,0.0,22.0,0.0,9.0,0.0,7.0,14.0,0.0,2.0,14.0,12.0,11.0,30.0,0.0,9.0,0.0,1.0,0.0,14.0,2.0,0.0,23.0,2.0,1.0,31.0,60.0,2.0,19.0,0.0,1.0,17.0,7.0,0.0,16.0,16.0,8.0,30.0,29.0,1.0,3.0,0.0,33.0,1.0,0.0,5.0,6.0,6.0,12.0,20.0,3.0,16.0,22.0,1.0,8.0,23.0,4.0,0.0,0.0,0.0,18.0,28.0,13.0,0.0,0.0,0.0,0.0,0.0,6.0,11.0,0.0,0.0,0.0,0.0,0.0,0.0,0.0,4.0,5.0,3.0,18.0,1.0,25.0,24.0,1.0,2.0,54.0,7.0,12.0,3.0,52.0,3.0,10.0,14.0,47.0,4.0,9.0,0.0,19.0
The_Chainsmokers_-_Call_You_Mine_preview.wav,27.0,0.0,1.0,0.0,101.0,2.0,1.0,7.0,13.0,13.0,5.0,14.0,1.0,0.0,0.0,3.0,7.0,4.0,1.0,1.0,0.0,0.0,20.0,2.0,30.0,2.0,0.0,4.0,23.0,65.0,12.0,1.0,0.0,11.0,5.0,6.0,0.0,0.0,5.0,0.0,1.0,62.0,0.0,5.0,0.0,19.0,16.0,0.0,31.0,0.0,0.0,0.0,2.0,67.0,0.0,0.0,0.0,0.0,11.0,0.0,0.0,51.0,34.0,3.0,0.0,2.0,10.0,4.0,2.0,0.0,1.0,0.0,3.0,7.0,4.0,14.0,0.0,0.0,3.0,6.0,1.0,4.0,2.0,0.0,1.0,3.0,0.0,152.0,0.0,2.0,0.0,49.0,0.0,0.0,0.0,3.0,65.0,2.0,8.0,32.0,0.0,5.0,0.0,35.0,1.0,6.0,2.0,17.0,0.0,48.0,5.0,0.0,0.0,0.0,1.0,36.0,12.0,0.0,0.0,0.0,0.0,8.0,23.0,1.0,19.0,0.0,4.0,0.0
The_Cure_-_In_Between_Days_-_2006_Remaster_preview.wav,6.0,0.0,0.0,0.0,167.0,0.0,0.0,11.0,0.0,0.0,3.0,1.0,0.0,0.0,0.0,0.0,0.0,0.0,2.0,0.0,4.0,0.0,5.0,0.0,0.0,6.0,0.0,0.0,1.0,1.0,0.0,2.0,3.0,0.0,3.0,0.0,0.0,63.0,0.0,0.0,0.0,0.0,0.0,3.0,0.0,10.0,4.0,0.0,6.0,4.0,0.0,0.0,0.0,0.0,4.0,0.0,0.0,0.0,0.0,0.0,0.0,13.0,1.0,0.0,0.0,0.0,0.0,0.0,7.0,0.0,0.0,0.0,0.0,0.0,0.0,0.0,0.0,0.0,2.0,0.0,0.0,3.0,0.0,0.0,0.0,0.0,0.0,0.0,623.0,1.0,0.0,0.0,0.0,0.0,0.0,1.0,0.0,0.0,0.0,0.0,0.0,0.0,0.0,7.0,1.0,313.0,0.0,0.0,0.0,1.0,0.0,0.0,0.0,0.0,0.0,0.0,0.0,0.0,9.0,0.0,0.0,0.0,0.0,0.0,1.0,0.0,0.0,0.0
The_Jackson_5_-_Santa_Claus_Is_Coming_To_Town_preview.wav,5.0,1.0,5.0,0.0,33.0,6.0,0.0,5.0,20.0,12.0,9.0,5.0,3.0,0.0,0.0,12.0,2.0,11.0,3.0,1.0,0.0,9.0,26.0,0.0,2.0,19.0,0.0,37.0,11.0,12.0,26.0,8.0,0.0,6.0,14.0,1.0,1.0,2.0,13.0,0.0,3.0,34.0,0.0,6.0,0.0,4.0,14.0,1.0,2.0,0.0,1.0,0.0,12.0,8.0,1.0,1.0,0.0,0.0,3.0,0.0,0.0,75.0,34.0,12.0,2.0,15.0,27.0,10.0,5.0,0.0,4.0,2.0,15.0,29.0,1.0,0.0,0.0,2.0,3.0,5.0,2.0,1.0,18.0,0.0,5.0,6.0,0.0,29.0,6.0,57.0,0.0,26.0,5.0,0.0,0.0,0.0,19.0,7.0,5.0,0.0,0.0,12.0,0.0,79.0,10.0,4.0,8.0,11.0,0.0,97.0,7.0,0.0,0.0,1.0,0.0,49.0,5.0,10.0,4.0,0.0,4.0,29.0,53.0,5.0,56.0,1.0,8.0,2.0
The_Offspring_-_Why_Dont_You_Get_A_Job_preview.wav,32.0,0.0,9.0,1.0,41.0,0.0,0.0,25.0,60.0,0.0,2.0,4.0,0.0,0.0,0.0,0.0,2.0,0.0,0.0,2.0,5.0,0.0,1.0,0.0,0.0,2.0,0.0,0.0,2.0,47.0,0.0,22.0,1.0,8.0,55.0,0.0,0.0,15.0,0.0,0.0,0.0,0.0,0.0,0.0,0.0,5.0,15.0,0.0,5.0,1.0,0.0,0.0,66.0,20.0,0.0,0.0,0.0,0.0,0.0,0.0,0.0,30.0,16.0,3.0,0.0,7.0,0.0,11.0,13.0,0.0,0.0,0.0,81.0,0.0,2.0,0.0,0.0,9.0,11.0,36.0,0.0,3.0,0.0,0.0,1.0,0.0,0.0,98.0,21.0,3.0,0.0,24.0,0.0,0.0,0.0,1.0,191.0,6.0,1.0,17.0,0.0,0.0,0.0,10.0,98.0,28.0,1.0,6.0,0.0,6.0,22.0,0.0,0.0,0.0,0.0,1.0,0.0,13.0,20.0,0.0,0.0,2.0,3.0,0.0,14.0,1.0,34.0,0.0
The_Rolling_Stones_-_Beast_Of_Burden_-_Remastered_preview.wav,7.0,5.0,9.0,5.0,17.0,3.0,1.0,32.0,11.0,7.0,0.0,56.0,4.0,0.0,0.0,3.0,1.0,13.0,3.0,13.0,10.0,53.0,25.0,0.0,3.0,42.0,6.0,10.0,36.0,27.0,13.0,31.0,1.0,10.0,18.0,0.0,3.0,2.0,1.0,0.0,0.0,15.0,0.0,8.0,0.0,37.0,6.0,1.0,18.0,13.0,0.0,0.0,9.0,5.0,21.0,2.0,0.0,0.0,0.0,0.0,3.0,32.0,16.0,21.0,28.0,21.0,26.0,5.0,3.0,0.0,0.0,0.0,21.0,8.0,0.0,0.0,0.0,1.0,0.0,22.0,17.0,16.0,4.0,0.0,0.0,1.0,0.0,8.0,17.0,35.0,0.0,12.0,1.0,0.0,0.0,0.0,23.0,7.0,4.0,3.0,1.0,3.0,0.0,25.0,50.0,55.0,1.0,0.0,0.0,13.0,5.0,4.0,0.0,0.0,0.0,6.0,13.0,23.0,18.0,23.0,0.0,34.0,5.0,10.0,29.0,3.0,0.0,0.0
The_Smiths_-_Cemetry_Gates_-_2011_Remaster_preview.wav,0.0,0.0,0.0,0.0,0.0,0.0,5.0,0.0,0.0,6.0,51.0,0.0,340.0,0.0,0.0,0.0,1.0,0.0,16.0,0.0,0.0,0.0,0.0,0.0,32.0,0.0,0.0,0.0,0.0,0.0,0.0,0.0,6.0,0.0,0.0,0.0,0.0,0.0,0.0,0.0,10.0,2.0,0.0,0.0,0.0,0.0,0.0,0.0,6.0,0.0,3.0,0.0,0.0,0.0,0.0,3.0,13.0,0.0,5.0,0.0,0.0,0.0,0.0,0.0,0.0,0.0,1.0,0.0,0.0,0.0,0.0,0.0,0.0,0.0,3.0,18.0,0.0,0.0,0.0,0.0,0.0,0.0,0.0,0.0,0.0,220.0,0.0,0.0,0.0,0.0,0.0,0.0,0.0,43.0,22.0,7.0,0.0,0.0,0.0,0.0,91.0,0.0,0.0,0.0,0.0,0.0,0.0,0.0,0.0,0.0,0.0,0.0,0.0,232.0,13.0,0.0,120.0,0.0,0.0,0.0,0.0,0.0,0.0,0.0,0.0,0.0,0.0,23.0
The_Smiths_-_Girlfriend_in_a_Coma_-_2011_Remaster_preview.wav,0.0,0.0,0.0,0.0,0.0,0.0,2.0,0.0,0.0,106.0,14.0,0.0,101.0,0.0,0.0,0.0,1.0,0.0,7.0,0.0,0.0,0.0,0.0,0.0,28.0,0.0,0.0,17.0,0.0,0.0,3.0,0.0,3.0,0.0,0.0,0.0,0.0,0.0,33.0,11.0,49.0,51.0,0.0,4.0,0.0,0.0,0.0,0.0,0.0,0.0,7.0,0.0,0.0,0.0,1.0,18.0,20.0,0.0,64.0,0.0,0.0,1.0,0.0,0.0,0.0,0.0,8.0,0.0,0.0,0.0,5.0,0.0,0.0,26.0,7.0,68.0,0.0,0.0,0.0,0.0,0.0,0.0,0.0,1.0,0.0,78.0,1.0,0.0,0.0,26.0,0.0,0.0,0.0,10.0,11.0,6.0,0.0,0.0,0.0,0.0,77.0,34.0,0.0,0.0,0.0,0.0,0.0,0.0,0.0,3.0,0.0,3.0,0.0,122.0,38.0,7.0,191.0,0.0,0.0,0.0,0.0,0.0,2.0,0.0,0.0,0.0,0.0,27.0
The_Strokes_-_Reptilia_preview.wav,22.0,0.0,0.0,0.0,84.0,0.0,0.0,7.0,0.0,0.0,3.0,7.0,0.0,0.0,0.0,0.0,0.0,19.0,3.0,0.0,1.0,14.0,64.0,0.0,0.0,1.0,0.0,2.0,4.0,6.0,1.0,0.0,1.0,0.0,34.0,0.0,0.0,4.0,0.0,0.0,0.0,0.0,0.0,0.0,0.0,4.0,7.0,61.0,0.0,2.0,0.0,0.0,14.0,1.0,8.0,0.0,0.0,0.0,0.0,0.0,0.0,33.0,0.0,0.0,2.0,1.0,0.0,0.0,365.0,0.0,0.0,0.0,48.0,0.0,0.0,0.0,1.0,0.0,3.0,8.0,0.0,1.0,0.0,0.0,0.0,0.0,0.0,1.0,4.0,4.0,0.0,0.0,0.0,0.0,0.0,1.0,64.0,0.0,1.0,0.0,0.0,0.0,0.0,27.0,20.0,45.0,0.0,0.0,0.0,10.0,0.0,0.0,0.0,0.0,0.0,0.0,0.0,0.0,207.0,0.0,0.0,0.0,0.0,0.0,69.0,0.0,1.0,2.0
The_The_-_Uncertain_Smile_-_Original_7_Version_1982_preview.wav,0.0,0.0,0.0,0.0,2.0,48.0,1.0,0.0,2.0,4.0,1.0,1.0,0.0,0.0,0.0,8.0,0.0,67.0,1.0,0.0,0.0,7.0,14.0,0.0,0.0,0.0,1.0,89.0,6.0,0.0,50.0,1.0,1.0,0.0,7.0,0.0,0.0,3.0,25.0,0.0,2.0,0.0,0.0,0.0,0.0,0.0,0.0,28.0,0.0,0.0,0.0,0.0,1.0,0.0,6.0,2.0,0.0,0.0,1.0,0.0,0.0,102.0,4.0,167.0,0.0,2.0,0.0,3.0,240.0,0.0,0.0,5.0,6.0,1.0,0.0,4.0,0.0,1.0,1.0,0.0,0.0,0.0,6.0,0.0,0.0,9.0,0.0,5.0,1.0,17.0,0.0,70.0,0.0,0.0,0.0,1.0,1.0,0.0,0.0,0.0,0.0,0.0,0.0,90.0,0.0,0.0,0.0,2.0,0.0,36.0,0.0,0.0,0.0,2.0,0.0,10.0,2.0,0.0,6.0,0.0,0.0,0.0,97.0,4.0,17.0,0.0,0.0,1.0
The_Weeknd_-_Secrets_preview.wav,0.0,0.0,9.0,2.0,24.0,2.0,0.0,104.0,8.0,11.0,1.0,0.0,0.0,0.0,0.0,7.0,0.0,10.0,0.0,0.0,0.0,0.0,14.0,0.0,0.0,7.0,2.0,10.0,44.0,105.0,11.0,0.0,0.0,2.0,39.0,0.0,1.0,0.0,25.0,0.0,2.0,5.0,1.0,0.0,0.0,128.0,9.0,0.0,1.0,0.0,0.0,0.0,5.0,87.0,0.0,0.0,0.0,0.0,7.0,0.0,1.0,3.0,198.0,18.0,0.0,1.0,0.0,3.0,1.0,0.0,0.0,9.0,0.0,40.0,1.0,0.0,0.0,12.0,3.0,30.0,0.0,5.0,33.0,0.0,0.0,0.0,0.0,26.0,0.0,5.0,0.0,29.0,0.0,0.0,0.0,1.0,1.0,1.0,1.0,3.0,0.0,2.0,0.0,6.0,1.0,3.0,1.0,5.0,0.0,66.0,5.0,3.0,0.0,0.0,0.0,2.0,4.0,0.0,0.0,2.0,0.0,61.0,13.0,0.0,7.0,0.0,3.0,0.0
The_White_Stripes_-_Icky_Thump_preview.wav,0.0,0.0,0.0,1.0,5.0,0.0,1.0,3.0,0.0,0.0,3.0,0.0,0.0,0.0,0.0,0.0,0.0,1.0,1.0,0.0,35.0,54.0,0.0,0.0,0.0,5.0,1.0,1.0,0.0,0.0,0.0,1.0,36.0,0.0,0.0,0.0,0.0,687.0,0.0,0.0,0.0,0.0,0.0,92.0,0.0,0.0,0.0,0.0,2.0,70.0,0.0,0.0,0.0,0.0,34.0,0.0,0.0,0.0,0.0,0.0,0.0,0.0,0.0,0.0,2.0,3.0,0.0,0.0,3.0,0.0,0.0,0.0,1.0,0.0,1.0,0.0,0.0,0.0,3.0,0.0,1.0,0.0,0.0,0.0,0.0,1.0,0.0,0.0,43.0,1.0,0.0,0.0,0.0,0.0,1.0,1.0,0.0,0.0,2.0,0.0,0.0,0.0,0.0,3.0,0.0,18.0,0.0,0.0,0.0,0.0,0.0,0.0,0.0,0.0,0.0,0.0,0.0,0.0,175.0,0.0,0.0,0.0,0.0,0.0,0.0,0.0,0.0,0.0
The_White_Stripes_-_The_Air_Near_My_Fingers_preview.wav,2.0,4.0,0.0,0.0,0.0,94.0,1.0,0.0,7.0,0.0,0.0,0.0,0.0,0.0,6.0,21.0,0.0,61.0,4.0,1.0,0.0,22.0,17.0,0.0,3.0,0.0,3.0,68.0,0.0,4.0,18.0,1.0,1.0,0.0,0.0,0.0,5.0,0.0,8.0,0.0,18.0,0.0,0.0,0.0,4.0,0.0,0.0,361.0,0.0,1.0,0.0,0.0,10.0,0.0,0.0,11.0,0.0,0.0,0.0,3.0,0.0,23.0,0.0,31.0,1.0,5.0,24.0,7.0,57.0,0.0,0.0,20.0,16.0,0.0,0.0,2.0,46.0,36.0,0.0,37.0,0.0,0.0,5.0,0.0,5.0,0.0,0.0,0.0,0.0,2.0,3.0,9.0,0.0,0.0,0.0,1.0,7.0,0.0,0.0,0.0,0.0,0.0,0.0,0.0,5.0,0.0,4.0,1.0,0.0,2.0,2.0,3.0,0.0,0.0,0.0,38.0,1.0,1.0,4.0,2.0,0.0,0.0,55.0,46.0,23.0,1.0,0.0,8.0
The_Who_-_The_Kids_Are_Alright_-_MonoStereo_Version_preview.wav,33.0,1.0,3.0,0.0,10.0,0.0,1.0,38.0,3.0,0.0,6.0,0.0,7.0,0.0,0.0,1.0,0.0,0.0,0.0,4.0,8.0,8.0,0.0,0.0,0.0,3.0,0.0,37.0,0.0,0.0,4.0,49.0,0.0,0.0,0.0,0.0,0.0,10.0,12.0,0.0,0.0,10.0,0.0,5.0,0.0,0.0,5.0,0.0,3.0,32.0,0.0,0.0,1.0,0.0,1.0,0.0,0.0,0.0,0.0,0.0,0.0,124.0,0.0,0.0,0.0,4.0,4.0,14.0,91.0,0.0,0.0,0.0,0.0,0.0,2.0,0.0,0.0,0.0,1.0,2.0,20.0,0.0,0.0,0.0,0.0,9.0,0.0,0.0,0.0,433.0,0.0,2.0,0.0,0.0,0.0,1.0,0.0,1.0,0.0,0.0,0.0,0.0,0.0,0.0,0.0,0.0,0.0,0.0,0.0,38.0,0.0,0.0,0.0,0.0,0.0,4.0,28.0,32.0,172.0,0.0,0.0,12.0,2.0,0.0,0.0,1.0,0.0,0.0
The_Who_-_Who_Are_You_preview.wav,13.0,4.0,4.0,6.0,11.0,9.0,2.0,3.0,92.0,3.0,1.0,0.0,1.0,0.0,6.0,10.0,6.0,4.0,0.0,21.0,6.0,1.0,8.0,9.0,11.0,6.0,0.0,5.0,3.0,51.0,23.0,16.0,7.0,24.0,12.0,2.0,1.0,1.0,35.0,2.0,9.0,35.0,4.0,4.0,0.0,1.0,58.0,0.0,11.0,2.0,2.0,1.0,25.0,6.0,0.0,0.0,5.0,0.0,16.0,0.0,1.0,8.0,1.0,5.0,13.0,24.0,7.0,13.0,0.0,0.0,10.0,8.0,1.0,16.0,2.0,8.0,0.0,16.0,0.0,23.0,0.0,1.0,5.0,0.0,10.0,0.0,0.0,16.0,0.0,36.0,0.0,23.0,2.0,9.0,0.0,1.0,23.0,13.0,19.0,0.0,1.0,4.0,0.0,4.0,6.0,32.0,17.0,16.0,0.0,31.0,54.0,4.0,4.0,1.0,1.0,56.0,6.0,40.0,1.0,0.0,3.0,16.0,55.0,0.0,5.0,0.0,23.0,0.0
The_xx_-_I_Dare_You_preview.wav,0.0,0.0,7.0,0.0,0.0,141.0,0.0,0.0,8.0,0.0,0.0,0.0,0.0,0.0,1.0,41.0,0.0,48.0,0.0,0.0,0.0,1.0,41.0,0.0,0.0,0.0,0.0,2.0,0.0,4.0,0.0,12.0,0.0,0.0,0.0,10.0,5.0,1.0,0.0,0.0,6.0,1.0,132.0,0.0,0.0,0.0,0.0,0.0,0.0,0.0,0.0,0.0,0.0,7.0,0.0,14.0,0.0,1.0,0.0,0.0,10.0,6.0,2.0,33.0,2.0,0.0,3.0,5.0,0.0,0.0,0.0,215.0,0.0,0.0,0.0,0.0,17.0,140.0,0.0,35.0,2.0,3.0,36.0,5.0,15.0,0.0,0.0,0.0,0.0,1.0,146.0,1.0,0.0,0.0,0.0,0.0,0.0,22.0,0.0,0.0,0.0,0.0,0.0,0.0,0.0,0.0,9.0,12.0,0.0,0.0,0.0,2.0,0.0,0.0,0.0,5.0,0.0,19.0,0.0,0.0,0.0,4.0,36.0,18.0,0.0,2.0,0.0,3.0
Theory_of_a_Deadman_-_Drown_preview.wav,0.0,0.0,0.0,0.0,192.0,0.0,0.0,1.0,1.0,0.0,1.0,8.0,0.0,0.0,0.0,0.0,0.0,0.0,1.0,0.0,1.0,0.0,31.0,0.0,0.0,0.0,1.0,0.0,42.0,3.0,0.0,0.0,0.0,4.0,42.0,0.0,0.0,19.0,0.0,0.0,0.0,0.0,0.0,18.0,2.0,47.0,2.0,0.0,10.0,0.0,0.0,0.0,0.0,0.0,0.0,0.0,0.0,0.0,0.0,3.0,0.0,11.0,24.0,0.0,1.0,1.0,0.0,0.0,5.0,0.0,0.0,0.0,55.0,0.0,8.0,0.0,0.0,0.0,5.0,1.0,0.0,4.0,0.0,1.0,0.0,0.0,0.0,43.0,65.0,8.0,2.0,2.0,0.0,0.0,0.0,1.0,46.0,0.0,0.0,6.0,0.0,0.0,0.0,12.0,193.0,206.0,0.0,0.0,0.0,8.0,3.0,2.0,0.0,0.0,0.0,0.0,0.0,0.0,2.0,1.0,0.0,0.0,0.0,0.0,123.0,20.0,4.0,0.0
Timmy_Trumpet_-_Rockstar_feat_DV8_preview.wav,0.0,8.0,10.0,4.0,4.0,0.0,0.0,2.0,68.0,4.0,1.0,5.0,0.0,0.0,1.0,0.0,0.0,0.0,0.0,12.0,3.0,0.0,1.0,46.0,0.0,32.0,0.0,0.0,29.0,210.0,25.0,0.0,0.0,29.0,4.0,0.0,0.0,0.0,0.0,0.0,0.0,3.0,0.0,1.0,0.0,28.0,6.0,0.0,4.0,10.0,2.0,0.0,0.0,2.0,0.0,0.0,0.0,0.0,4.0,0.0,0.0,0.0,16.0,0.0,12.0,15.0,0.0,0.0,0.0,0.0,6.0,0.0,0.0,2.0,2.0,0.0,0.0,0.0,3.0,10.0,8.0,10.0,35.0,0.0,0.0,0.0,0.0,107.0,0.0,5.0,0.0,19.0,61.0,0.0,0.0,1.0,12.0,2.0,1.0,72.0,0.0,6.0,0.0,82.0,4.0,1.0,3.0,0.0,0.0,9.0,45.0,1.0,0.0,0.0,0.0,0.0,0.0,29.0,0.0,0.0,1.0,39.0,0.0,0.0,0.0,0.0,115.0,0.0
TINI_-_22_preview.wav,16.0,4.0,30.0,25.0,3.0,0.0,2.0,43.0,33.0,8.0,3.0,1.0,8.0,1.0,0.0,1.0,5.0,0.0,0.0,16.0,10.0,0.0,0.0,3.0,21.0,31.0,0.0,1.0,61.0,7.0,0.0,54.0,1.0,86.0,0.0,3.0,0.0,0.0,8.0,0.0,3.0,11.0,0.0,8.0,0.0,67.0,41.0,0.0,36.0,21.0,1.0,6.0,10.0,27.0,0.0,0.0,16.0,0.0,10.0,0.0,0.0,5.0,7.0,0.0,2.0,3.0,1.0,0.0,0.0,0.0,76.0,0.0,0.0,24.0,5.0,6.0,0.0,1.0,12.0,0.0,69.0,16.0,0.0,0.0,0.0,1.0,33.0,7.0,0.0,8.0,0.0,3.0,0.0,10.0,2.0,2.0,1.0,9.0,22.0,0.0,11.0,14.0,1.0,3.0,0.0,0.0,0.0,2.0,0.0,18.0,61.0,1.0,4.0,1.0,25.0,2.0,5.0,2.0,0.0,0.0,5.0,49.0,9.0,0.0,0.0,2.0,10.0,0.0
TINI_-_Oye_preview.wav,28.0,0.0,9.0,2.0,3.0,2.0,5.0,13.0,75.0,35.0,6.0,0.0,10.0,1.0,7.0,22.0,8.0,2.0,2.0,23.0,11.0,3.0,2.0,0.0,32.0,0.0,3.0,9.0,0.0,13.0,5.0,75.0,0.0,15.0,0.0,10.0,6.0,2.0,7.0,0.0,5.0,47.0,3.0,4.0,39.0,2.0,5.0,0.0,16.0,19.0,0.0,9.0,4.0,1.0,6.0,6.0,5.0,3.0,4.0,0.0,13.0,3.0,0.0,1.0,29.0,10.0,16.0,0.0,0.0,0.0,0.0,4.0,0.0,5.0,3.0,5.0,3.0,14.0,2.0,16.0,35.0,7.0,6.0,0.0,4.0,11.0,2.0,1.0,0.0,0.0,13.0,0.0,0.0,11.0,0.0,7.0,21.0,10.0,13.0,0.0,1.0,14.0,0.0,0.0,0.0,1.0,32.0,4.0,0.0,3.0,21.0,6.0,1.0,5.0,18.0,27.0,34.0,69.0,4.0,36.0,17.0,62.0,21.0,22.0,0.0,2.0,1.0,2.0
Tiro_De_Gracia_-_Melaza_preview.wav,52.0,1.0,12.0,7.0,28.0,8.0,1.0,25.0,29.0,55.0,3.0,0.0,1.0,0.0,1.0,8.0,6.0,17.0,0.0,6.0,3.0,1.0,44.0,2.0,1.0,31.0,0.0,37.0,5.0,14.0,21.0,29.0,11.0,4.0,23.0,4.0,1.0,3.0,38.0,0.0,10.0,34.0,2.0,13.0,0.0,10.0,6.0,0.0,14.0,6.0,9.0,0.0,8.0,14.0,4.0,1.0,0.0,0.0,2.0,0.0,1.0,27.0,39.0,31.0,1.0,10.0,7.0,16.0,4.0,0.0,0.0,4.0,8.0,22.0,3.0,1.0,0.0,9.0,1.0,14.0,4.0,4.0,26.0,0.0,3.0,0.0,0.0,10.0,1.0,24.0,0.0,30.0,1.0,0.0,0.0,0.0,3.0,10.0,6.0,0.0,0.0,3.0,0.0,37.0,1.0,0.0,7.0,19.0,0.0,45.0,3.0,1.0,5.0,0.0,5.0,27.0,36.0,13.0,14.0,0.0,0.0,14.0,21.0,3.0,49.0,3.0,1.0,0.0
Tom_Misch_-_It_Runs_Through_Me_preview.wav,10.0,57.0,4.0,3.0,5.0,30.0,0.0,3.0,18.0,0.0,4.0,0.0,0.0,10.0,46.0,62.0,19.0,5.0,0.0,116.0,10.0,0.0,2.0,0.0,3.0,0.0,5.0,0.0,0.0,16.0,0.0,22.0,0.0,5.0,0.0,0.0,2.0,0.0,0.0,0.0,0.0,0.0,115.0,0.0,2.0,2.0,1.0,0.0,1.0,13.0,0.0,57.0,3.0,1.0,1.0,1.0,0.0,12.0,0.0,0.0,133.0,0.0,14.0,0.0,40.0,7.0,7.0,5.0,0.0,0.0,0.0,69.0,0.0,0.0,1.0,0.0,1.0,25.0,3.0,21.0,50.0,6.0,5.0,0.0,40.0,1.0,0.0,0.0,0.0,1.0,5.0,1.0,0.0,0.0,0.0,0.0,0.0,9.0,2.0,0.0,0.0,0.0,0.0,0.0,0.0,0.0,8.0,0.0,0.0,0.0,0.0,11.0,27.0,0.0,0.0,3.0,0.0,71.0,1.0,4.0,13.0,19.0,3.0,16.0,0.0,4.0,0.0,0.0
Tom_Misch_-_Watch_Me_Dance_preview.wav,0.0,89.0,1.0,15.0,0.0,3.0,5.0,0.0,0.0,0.0,6.0,0.0,0.0,0.0,0.0,2.0,7.0,0.0,7.0,22.0,9.0,1.0,0.0,0.0,2.0,0.0,591.0,3.0,0.0,0.0,0.0,1.0,7.0,0.0,0.0,0.0,3.0,0.0,2.0,11.0,8.0,0.0,15.0,0.0,0.0,0.0,0.0,0.0,5.0,0.0,0.0,19.0,0.0,0.0,14.0,28.0,0.0,16.0,1.0,6.0,62.0,0.0,0.0,0.0,42.0,0.0,20.0,0.0,0.0,0.0,0.0,2.0,0.0,0.0,4.0,1.0,0.0,0.0,22.0,0.0,3.0,19.0,0.0,0.0,2.0,15.0,0.0,0.0,0.0,0.0,20.0,0.0,0.0,2.0,8.0,3.0,0.0,0.0,28.0,0.0,0.0,0.0,0.0,0.0,0.0,0.0,2.0,0.0,0.0,0.0,0.0,3.0,0.0,0.0,0.0,0.0,4.0,1.0,0.0,94.0,6.0,2.0,0.0,15.0,0.0,4.0,0.0,9.0
Toni_Braxton_-_Youre_Makin_Me_High_preview.wav,0.0,0.0,22.0,8.0,0.0,0.0,1.0,4.0,51.0,0.0,3.0,0.0,24.0,0.0,6.0,0.0,41.0,0.0,0.0,22.0,0.0,0.0,0.0,0.0,155.0,20.0,0.0,0.0,12.0,6.0,1.0,3.0,0.0,8.0,0.0,27.0,0.0,0.0,12.0,4.0,0.0,58.0,0.0,0.0,0.0,5.0,2.0,0.0,0.0,1.0,0.0,47.0,1.0,28.0,0.0,0.0,25.0,0.0,75.0,0.0,0.0,0.0,7.0,0.0,0.0,1.0,0.0,0.0,0.0,0.0,14.0,0.0,0.0,31.0,7.0,49.0,0.0,3.0,1.0,1.0,45.0,6.0,33.0,0.0,13.0,11.0,0.0,4.0,0.0,1.0,0.0,8.0,0.0,28.0,0.0,2.0,0.0,38.0,2.0,0.0,0.0,29.0,0.0,29.0,0.0,0.0,42.0,92.0,0.0,11.0,11.0,0.0,6.0,0.0,17.0,14.0,5.0,2.0,0.0,0.0,2.0,50.0,3.0,0.0,0.0,2.0,0.0,0.0
Tori_Kelly_-_All_In_My_Head_preview.wav,29.0,0.0,0.0,8.0,17.0,22.0,3.0,5.0,44.0,12.0,32.0,0.0,13.0,0.0,0.0,168.0,5.0,20.0,27.0,9.0,0.0,4.0,10.0,0.0,14.0,0.0,0.0,0.0,0.0,32.0,0.0,36.0,0.0,4.0,0.0,20.0,2.0,0.0,3.0,0.0,0.0,9.0,1.0,0.0,0.0,0.0,8.0,0.0,6.0,8.0,3.0,0.0,13.0,4.0,0.0,0.0,21.0,0.0,5.0,0.0,0.0,1.0,22.0,23.0,13.0,12.0,1.0,4.0,0.0,0.0,5.0,17.0,0.0,3.0,3.0,25.0,0.0,39.0,10.0,18.0,2.0,7.0,25.0,0.0,0.0,17.0,32.0,2.0,0.0,6.0,0.0,15.0,0.0,9.0,39.0,24.0,2.0,4.0,9.0,0.0,14.0,7.0,6.0,0.0,0.0,0.0,1.0,8.0,0.0,25.0,17.0,1.0,0.0,3.0,3.0,3.0,9.0,35.0,0.0,0.0,0.0,21.0,105.0,10.0,10.0,0.0,3.0,5.0
Trellion_-_Compound_preview.wav,0.0,84.0,0.0,4.0,0.0,2.0,3.0,0.0,0.0,0.0,0.0,0.0,0.0,6.0,4.0,0.0,16.0,0.0,0.0,17.0,4.0,3.0,0.0,0.0,2.0,0.0,50.0,0.0,0.0,0.0,0.0,0.0,0.0,2.0,0.0,0.0,16.0,0.0,0.0,100.0,7.0,4.0,67.0,0.0,17.0,0.0,0.0,0.0,1.0,3.0,0.0,45.0,0.0,0.0,11.0,103.0,0.0,59.0,0.0,0.0,56.0,0.0,0.0,0.0,6.0,0.0,89.0,0.0,0.0,0.0,0.0,10.0,0.0,0.0,0.0,0.0,7.0,0.0,2.0,0.0,11.0,1.0,0.0,1.0,3.0,2.0,0.0,0.0,0.0,0.0,80.0,0.0,0.0,1.0,0.0,0.0,0.0,0.0,1.0,0.0,0.0,0.0,0.0,0.0,0.0,0.0,1.0,0.0,6.0,0.0,0.0,106.0,9.0,0.0,0.0,7.0,3.0,1.0,0.0,44.0,27.0,0.0,0.0,163.0,0.0,7.0,0.0,18.0
Trinere_-_Ill_Be_All_Youll_Ever_Need_preview.wav,6.0,1.0,42.0,16.0,44.0,0.0,1.0,132.0,0.0,1.0,0.0,20.0,1.0,0.0,0.0,0.0,1.0,2.0,0.0,2.0,15.0,0.0,10.0,3.0,6.0,220.0,0.0,0.0,65.0,13.0,22.0,14.0,0.0,1.0,2.0,0.0,0.0,21.0,11.0,0.0,0.0,19.0,0.0,50.0,0.0,38.0,13.0,0.0,10.0,43.0,0.0,4.0,7.0,7.0,0.0,0.0,14.0,0.0,0.0,0.0,0.0,12.0,4.0,1.0,0.0,2.0,0.0,0.0,2.0,0.0,12.0,0.0,2.0,27.0,7.0,0.0,0.0,0.0,2.0,6.0,11.0,3.0,0.0,0.0,0.0,0.0,7.0,4.0,2.0,33.0,0.0,2.0,50.0,17.0,0.0,0.0,15.0,1.0,0.0,3.0,0.0,26.0,0.0,22.0,0.0,58.0,0.0,0.0,0.0,17.0,3.0,0.0,0.0,0.0,12.0,2.0,5.0,0.0,5.0,0.0,11.0,7.0,0.0,0.0,1.0,1.0,20.0,0.0
Tritonal_-_Getaway_preview.wav,0.0,0.0,2.0,0.0,16.0,0.0,1.0,6.0,0.0,0.0,3.0,94.0,0.0,0.0,0.0,0.0,1.0,0.0,3.0,0.0,0.0,0.0,0.0,2.0,0.0,24.0,4.0,0.0,222.0,40.0,7.0,0.0,0.0,4.0,17.0,0.0,0.0,0.0,0.0,0.0,0.0,0.0,0.0,0.0,0.0,66.0,18.0,0.0,12.0,0.0,4.0,0.0,0.0,14.0,0.0,0.0,2.0,0.0,0.0,0.0,0.0,8.0,7.0,0.0,0.0,0.0,0.0,0.0,0.0,0.0,15.0,0.0,0.0,0.0,0.0,0.0,0.0,0.0,9.0,0.0,0.0,8.0,0.0,0.0,0.0,0.0,1.0,342.0,0.0,2.0,0.0,5.0,13.0,2.0,0.0,1.0,20.0,0.0,2.0,86.0,0.0,5.0,0.0,86.0,8.0,4.0,0.0,1.0,0.0,11.0,25.0,1.0,0.0,0.0,0.0,0.0,0.0,0.0,0.0,0.0,0.0,3.0,0.0,0.0,1.0,0.0,64.0,0.0
Tritonal_-_Untouchable_preview.wav,3.0,0.0,4.0,3.0,24.0,6.0,0.0,2.0,1.0,0.0,3.0,32.0,1.0,0.0,0.0,0.0,0.0,4.0,1.0,0.0,0.0,0.0,0.0,0.0,0.0,50.0,0.0,0.0,29.0,1.0,356.0,1.0,0.0,5.0,9.0,0.0,0.0,0.0,3.0,0.0,0.0,2.0,0.0,7.0,0.0,6.0,3.0,0.0,10.0,0.0,0.0,0.0,2.0,11.0,0.0,0.0,0.0,0.0,0.0,0.0,0.0,116.0,2.0,2.0,0.0,4.0,0.0,2.0,2.0,0.0,0.0,0.0,17.0,0.0,1.0,0.0,0.0,0.0,4.0,0.0,0.0,2.0,0.0,0.0,0.0,0.0,0.0,89.0,12.0,5.0,0.0,10.0,20.0,0.0,0.0,1.0,54.0,0.0,4.0,57.0,0.0,0.0,0.0,170.0,60.0,4.0,0.0,2.0,0.0,18.0,9.0,0.0,0.0,0.0,0.0,3.0,0.0,0.0,0.0,0.0,0.0,0.0,6.0,0.0,23.0,0.0,14.0,0.0
Twenty_One_Pilots_-_Morph_preview.wav,5.0,0.0,21.0,1.0,7.0,63.0,0.0,21.0,30.0,1.0,4.0,0.0,5.0,0.0,0.0,6.0,0.0,81.0,3.0,0.0,0.0,26.0,29.0,0.0,1.0,6.0,0.0,35.0,34.0,33.0,12.0,0.0,3.0,2.0,12.0,0.0,0.0,0.0,10.0,0.0,7.0,5.0,2.0,0.0,0.0,52.0,2.0,36.0,2.0,2.0,1.0,0.0,5.0,29.0,1.0,7.0,0.0,0.0,0.0,3.0,0.0,12.0,33.0,34.0,10.0,45.0,6.0,54.0,5.0,0.0,0.0,31.0,1.0,9.0,0.0,0.0,5.0,37.0,0.0,41.0,2.0,1.0,48.0,0.0,0.0,3.0,0.0,4.0,0.0,8.0,0.0,24.0,1.0,0.0,0.0,3.0,0.0,9.0,36.0,0.0,0.0,0.0,0.0,1.0,0.0,0.0,5.0,20.0,0.0,25.0,8.0,0.0,0.0,6.0,1.0,14.0,6.0,10.0,1.0,1.0,0.0,21.0,51.0,46.0,6.0,0.0,2.0,1.0
Twin_Shadow_-_Forget_preview.wav,0.0,0.0,0.0,0.0,14.0,1.0,0.0,0.0,0.0,0.0,1.0,0.0,0.0,0.0,0.0,0.0,0.0,31.0,2.0,0.0,1.0,9.0,79.0,0.0,0.0,0.0,0.0,2.0,0.0,0.0,0.0,0.0,5.0,1.0,9.0,0.0,1.0,2.0,0.0,0.0,0.0,0.0,0.0,0.0,0.0,0.0,0.0,450.0,2.0,0.0,0.0,0.0,0.0,0.0,12.0,0.0,0.0,0.0,0.0,0.0,0.0,43.0,0.0,27.0,0.0,1.0,0.0,1.0,393.0,0.0,0.0,0.0,55.0,0.0,0.0,0.0,2.0,0.0,0.0,2.0,0.0,3.0,2.0,0.0,0.0,2.0,0.0,1.0,18.0,6.0,0.0,10.0,0.0,0.0,0.0,1.0,0.0,0.0,0.0,0.0,0.0,0.0,0.0,7.0,0.0,5.0,0.0,0.0,0.0,11.0,0.0,0.0,0.0,0.0,0.0,0.0,0.0,0.0,7.0,0.0,0.0,0.0,2.0,3.0,64.0,0.0,0.0,4.0
Tyga_-_Feel_Me_feat_Kanye_West_preview.wav,13.0,0.0,37.0,2.0,5.0,11.0,1.0,22.0,55.0,4.0,0.0,0.0,2.0,0.0,3.0,4.0,5.0,1.0,0.0,2.0,0.0,6.0,0.0,3.0,8.0,0.0,2.0,0.0,0.0,54.0,1.0,5.0,0.0,10.0,0.0,33.0,0.0,0.0,3.0,0.0,2.0,6.0,18.0,0.0,0.0,12.0,2.0,0.0,5.0,7.0,1.0,2.0,9.0,29.0,0.0,8.0,5.0,9.0,2.0,0.0,6.0,0.0,6.0,2.0,17.0,5.0,3.0,46.0,1.0,0.0,16.0,5.0,0.0,3.0,3.0,4.0,0.0,16.0,4.0,4.0,6.0,7.0,9.0,0.0,37.0,2.0,0.0,6.0,0.0,1.0,11.0,26.0,0.0,18.0,0.0,0.0,10.0,89.0,20.0,14.0,0.0,17.0,0.0,0.0,1.0,23.0,51.0,108.0,0.0,6.0,45.0,1.0,5.0,0.0,14.0,10.0,2.0,15.0,1.0,7.0,10.0,102.0,27.0,4.0,0.0,2.0,35.0,0.0
Tyler_Shaw_-_With_You_-_Frank_Walker_Remix_preview.wav,6.0,14.0,2.0,0.0,43.0,7.0,0.0,16.0,12.0,0.0,1.0,1.0,3.0,7.0,2.0,21.0,1.0,14.0,1.0,13.0,0.0,4.0,43.0,0.0,1.0,32.0,2.0,2.0,19.0,74.0,6.0,17.0,0.0,4.0,64.0,1.0,1.0,0.0,1.0,0.0,0.0,6.0,8.0,0.0,0.0,77.0,0.0,1.0,0.0,7.0,0.0,1.0,4.0,29.0,0.0,0.0,0.0,21.0,0.0,0.0,26.0,15.0,91.0,1.0,0.0,9.0,5.0,10.0,1.0,0.0,0.0,15.0,2.0,0.0,0.0,0.0,0.0,18.0,1.0,78.0,23.0,0.0,10.0,0.0,4.0,4.0,0.0,17.0,0.0,27.0,2.0,2.0,0.0,0.0,0.0,2.0,1.0,9.0,0.0,0.0,0.0,0.0,0.0,26.0,0.0,7.0,10.0,5.0,0.0,107.0,7.0,6.0,0.0,0.0,0.0,5.0,13.0,24.0,5.0,0.0,0.0,35.0,9.0,0.0,52.0,4.0,15.0,0.0
UGK_-_Hi_Life_preview.wav,3.0,9.0,1.0,4.0,1.0,0.0,3.0,0.0,0.0,21.0,5.0,1.0,6.0,0.0,54.0,2.0,3.0,0.0,10.0,39.0,13.0,0.0,0.0,0.0,27.0,10.0,0.0,42.0,19.0,0.0,2.0,34.0,0.0,0.0,0.0,20.0,7.0,0.0,16.0,30.0,10.0,19.0,2.0,1.0,0.0,4.0,0.0,0.0,1.0,0.0,3.0,36.0,7.0,8.0,3.0,37.0,3.0,0.0,23.0,0.0,3.0,41.0,4.0,1.0,0.0,2.0,108.0,2.0,5.0,0.0,1.0,6.0,0.0,16.0,0.0,22.0,0.0,11.0,0.0,0.0,15.0,4.0,3.0,3.0,36.0,16.0,0.0,22.0,0.0,20.0,0.0,44.0,5.0,6.0,5.0,5.0,0.0,50.0,0.0,0.0,2.0,11.0,0.0,6.0,0.0,0.0,44.0,13.0,0.0,29.0,7.0,0.0,0.0,6.0,4.0,86.0,32.0,5.0,6.0,0.0,0.0,7.0,33.0,0.0,0.0,0.0,1.0,5.0
Van_Halen_-_Panama_-_2015_Remaster_preview.wav,16.0,0.0,11.0,0.0,114.0,0.0,1.0,31.0,16.0,12.0,3.0,7.0,0.0,0.0,0.0,1.0,1.0,0.0,1.0,3.0,0.0,0.0,3.0,2.0,0.0,86.0,0.0,12.0,47.0,13.0,11.0,0.0,1.0,9.0,28.0,2.0,1.0,2.0,2.0,1.0,0.0,5.0,0.0,54.0,0.0,64.0,20.0,0.0,6.0,0.0,0.0,0.0,11.0,19.0,0.0,0.0,0.0,0.0,0.0,0.0,0.0,67.0,9.0,2.0,0.0,1.0,5.0,1.0,0.0,0.0,1.0,0.0,12.0,11.0,1.0,0.0,0.0,1.0,1.0,0.0,1.0,2.0,0.0,0.0,0.0,0.0,0.0,91.0,1.0,27.0,0.0,14.0,0.0,0.0,0.0,1.0,70.0,0.0,5.0,10.0,0.0,5.0,0.0,50.0,24.0,27.0,1.0,8.0,0.0,84.0,13.0,4.0,0.0,0.0,4.0,11.0,3.0,2.0,4.0,0.0,0.0,11.0,23.0,0.0,23.0,1.0,44.0,0.0
Van_Halen_-_You_Really_Got_Me_-_2004_Remaster_preview.wav,0.0,0.0,0.0,2.0,158.0,2.0,1.0,24.0,2.0,2.0,2.0,1.0,3.0,0.0,0.0,3.0,0.0,8.0,0.0,0.0,0.0,1.0,31.0,0.0,0.0,26.0,0.0,1.0,9.0,7.0,46.0,1.0,0.0,5.0,22.0,0.0,0.0,9.0,9.0,3.0,2.0,0.0,0.0,9.0,0.0,4.0,2.0,0.0,6.0,9.0,3.0,0.0,13.0,0.0,0.0,1.0,1.0,0.0,7.0,0.0,0.0,38.0,7.0,5.0,0.0,4.0,0.0,0.0,6.0,0.0,0.0,0.0,32.0,2.0,9.0,0.0,0.0,0.0,1.0,11.0,1.0,4.0,0.0,0.0,0.0,2.0,0.0,15.0,13.0,4.0,0.0,12.0,1.0,0.0,0.0,0.0,107.0,0.0,0.0,0.0,0.0,0.0,0.0,97.0,152.0,151.0,0.0,0.0,0.0,38.0,0.0,0.0,0.0,0.0,0.0,0.0,2.0,2.0,1.0,0.0,0.0,4.0,0.0,0.0,121.0,0.0,15.0,0.0
VNV_Nation_-_Control_preview.wav,0.0,0.0,24.0,3.0,13.0,0.0,1.0,39.0,2.0,0.0,2.0,2.0,1.0,0.0,0.0,0.0,2.0,0.0,0.0,0.0,0.0,0.0,0.0,3.0,0.0,170.0,0.0,0.0,52.0,107.0,12.0,0.0,0.0,12.0,34.0,0.0,0.0,0.0,0.0,0.0,0.0,7.0,0.0,2.0,0.0,111.0,0.0,0.0,16.0,1.0,0.0,0.0,1.0,11.0,0.0,0.0,0.0,0.0,0.0,0.0,0.0,3.0,48.0,0.0,0.0,0.0,0.0,0.0,0.0,0.0,0.0,0.0,0.0,13.0,3.0,0.0,0.0,0.0,1.0,0.0,0.0,3.0,0.0,0.0,0.0,0.0,0.0,126.0,0.0,0.0,0.0,0.0,5.0,0.0,0.0,0.0,18.0,0.0,0.0,4.0,0.0,2.0,0.0,58.0,7.0,1.0,0.0,0.0,0.0,49.0,90.0,0.0,0.0,0.0,0.0,0.0,0.0,0.0,0.0,0.0,0.0,34.0,0.0,0.0,2.0,0.0,197.0,0.0
Volbeat_-_Die_To_Live_preview.wav,11.0,0.0,0.0,0.0,33.0,0.0,0.0,1.0,0.0,0.0,2.0,1.0,1.0,0.0,0.0,0.0,0.0,23.0,3.0,0.0,1.0,0.0,170.0,0.0,0.0,0.0,0.0,0.0,9.0,16.0,1.0,0.0,4.0,0.0,9.0,0.0,0.0,66.0,0.0,0.0,0.0,0.0,0.0,0.0,0.0,4.0,7.0,0.0,7.0,0.0,0.0,0.0,14.0,8.0,3.0,0.0,0.0,0.0,0.0,0.0,0.0,42.0,7.0,18.0,0.0,7.0,0.0,0.0,48.0,0.0,0.0,0.0,135.0,0.0,0.0,0.0,0.0,0.0,3.0,33.0,0.0,5.0,0.0,0.0,0.0,1.0,0.0,2.0,273.0,9.0,0.0,0.0,0.0,0.0,0.0,2.0,18.0,0.0,3.0,0.0,0.0,0.0,0.0,1.0,147.0,19.0,0.0,0.0,0.0,4.0,4.0,0.0,0.0,0.0,0.0,0.0,0.0,0.0,14.0,0.0,0.0,2.0,0.0,0.0,98.0,0.0,3.0,0.0
Waka_Flocka_Flame_-_No_Hands_feat_Roscoe_Dash_Wale_preview.wav,0.0,0.0,11.0,17.0,3.0,3.0,1.0,5.0,50.0,0.0,2.0,14.0,0.0,1.0,8.0,2.0,10.0,2.0,0.0,7.0,4.0,0.0,3.0,0.0,1.0,2.0,1.0,0.0,14.0,63.0,0.0,0.0,0.0,47.0,0.0,8.0,1.0,0.0,0.0,0.0,0.0,2.0,12.0,0.0,0.0,7.0,11.0,0.0,6.0,0.0,0.0,7.0,0.0,74.0,0.0,0.0,0.0,5.0,0.0,0.0,11.0,0.0,16.0,2.0,11.0,13.0,1.0,10.0,0.0,0.0,0.0,2.0,0.0,1.0,4.0,0.0,0.0,16.0,11.0,4.0,1.0,15.0,44.0,0.0,10.0,0.0,0.0,55.0,0.0,12.0,1.0,72.0,0.0,0.0,0.0,1.0,5.0,15.0,36.0,21.0,0.0,0.0,0.0,0.0,0.0,0.0,7.0,27.0,0.0,51.0,251.0,2.0,6.0,0.0,0.0,7.0,0.0,8.0,0.0,13.0,5.0,12.0,50.0,2.0,0.0,4.0,53.0,0.0
Warren_G_-_This_Is_The_Shack_preview.wav,10.0,5.0,26.0,5.0,14.0,0.0,1.0,16.0,81.0,0.0,5.0,0.0,1.0,0.0,2.0,0.0,4.0,12.0,0.0,36.0,6.0,1.0,17.0,0.0,0.0,8.0,2.0,3.0,9.0,51.0,0.0,15.0,0.0,22.0,33.0,1.0,1.0,3.0,2.0,0.0,1.0,26.0,1.0,0.0,0.0,53.0,4.0,0.0,9.0,12.0,0.0,1.0,0.0,7.0,0.0,1.0,0.0,0.0,0.0,0.0,2.0,14.0,56.0,0.0,10.0,30.0,7.0,9.0,5.0,0.0,0.0,14.0,4.0,0.0,0.0,1.0,0.0,40.0,1.0,73.0,20.0,9.0,48.0,0.0,9.0,0.0,0.0,3.0,0.0,43.0,0.0,4.0,0.0,0.0,0.0,0.0,1.0,33.0,6.0,0.0,0.0,0.0,0.0,2.0,0.0,27.0,53.0,20.0,0.0,25.0,9.0,3.0,0.0,0.0,0.0,19.0,3.0,69.0,3.0,4.0,13.0,51.0,5.0,0.0,15.0,3.0,19.0,0.0
Whethan_-_Good_Nights_feat_Mascolo_preview.wav,6.0,0.0,0.0,8.0,2.0,58.0,1.0,4.0,21.0,4.0,2.0,0.0,0.0,3.0,14.0,27.0,6.0,41.0,0.0,5.0,3.0,3.0,20.0,0.0,11.0,0.0,1.0,11.0,0.0,36.0,1.0,5.0,1.0,9.0,0.0,0.0,3.0,4.0,8.0,10.0,21.0,6.0,25.0,2.0,4.0,0.0,4.0,1.0,6.0,28.0,1.0,9.0,8.0,16.0,2.0,9.0,0.0,5.0,16.0,0.0,8.0,10.0,52.0,50.0,13.0,21.0,2.0,23.0,2.0,0.0,1.0,27.0,1.0,3.0,1.0,16.0,4.0,35.0,3.0,12.0,4.0,12.0,7.0,0.0,23.0,8.0,1.0,8.0,0.0,5.0,7.0,65.0,0.0,4.0,4.0,0.0,6.0,6.0,15.0,0.0,20.0,0.0,0.0,0.0,0.0,0.0,14.0,21.0,0.0,5.0,33.0,3.0,0.0,29.0,1.0,14.0,9.0,13.0,1.0,11.0,3.0,48.0,61.0,33.0,3.0,2.0,1.0,17.0
WILD_-_This_Is_Our_Time_preview.wav,0.0,5.0,0.0,3.0,4.0,88.0,2.0,0.0,2.0,0.0,0.0,0.0,0.0,17.0,1.0,47.0,0.0,104.0,4.0,12.0,1.0,24.0,26.0,0.0,0.0,0.0,0.0,0.0,0.0,5.0,0.0,0.0,0.0,1.0,0.0,5.0,6.0,1.0,0.0,0.0,0.0,0.0,59.0,0.0,18.0,0.0,0.0,49.0,0.0,0.0,0.0,0.0,0.0,0.0,0.0,1.0,0.0,63.0,0.0,310.0,6.0,0.0,0.0,4.0,19.0,19.0,7.0,0.0,2.0,5.0,0.0,82.0,0.0,0.0,0.0,0.0,33.0,10.0,0.0,23.0,1.0,0.0,0.0,1.0,2.0,0.0,0.0,0.0,0.0,0.0,85.0,0.0,0.0,0.0,0.0,1.0,0.0,2.0,2.0,0.0,0.0,0.0,0.0,0.0,0.0,0.0,4.0,4.0,12.0,0.0,0.0,0.0,0.0,3.0,0.0,1.0,0.0,5.0,1.0,8.0,0.0,2.0,0.0,68.0,1.0,9.0,0.0,12.0
Will_To_Power_-_Say_Its_Gonna_Rain_preview.wav,0.0,0.0,40.0,31.0,3.0,0.0,3.0,14.0,6.0,0.0,8.0,0.0,28.0,0.0,7.0,0.0,13.0,0.0,0.0,13.0,5.0,0.0,0.0,0.0,53.0,61.0,0.0,0.0,0.0,8.0,0.0,1.0,0.0,202.0,0.0,8.0,0.0,0.0,0.0,1.0,0.0,25.0,0.0,4.0,0.0,4.0,79.0,0.0,72.0,85.0,0.0,2.0,0.0,0.0,0.0,0.0,15.0,0.0,3.0,0.0,0.0,1.0,0.0,0.0,0.0,1.0,0.0,0.0,0.0,0.0,47.0,0.0,0.0,33.0,11.0,0.0,0.0,0.0,10.0,0.0,10.0,27.0,0.0,0.0,0.0,5.0,72.0,0.0,0.0,7.0,0.0,0.0,0.0,13.0,10.0,1.0,2.0,1.0,13.0,0.0,7.0,74.0,0.0,0.0,0.0,0.0,0.0,0.0,0.0,2.0,112.0,0.0,3.0,0.0,24.0,0.0,1.0,0.0,0.0,2.0,2.0,1.0,0.0,0.0,0.0,1.0,5.0,0.0
Wisin_Yandel_-_Pegao_preview.wav,8.0,1.0,2.0,0.0,18.0,2.0,2.0,18.0,11.0,9.0,8.0,0.0,23.0,0.0,0.0,0.0,3.0,17.0,0.0,11.0,1.0,13.0,47.0,6.0,1.0,0.0,1.0,24.0,1.0,15.0,67.0,4.0,2.0,4.0,43.0,0.0,0.0,0.0,53.0,0.0,11.0,19.0,6.0,12.0,0.0,15.0,4.0,6.0,4.0,5.0,2.0,0.0,1.0,6.0,2.0,3.0,8.0,0.0,18.0,0.0,0.0,20.0,55.0,16.0,9.0,6.0,9.0,37.0,6.0,0.0,5.0,15.0,15.0,20.0,2.0,7.0,0.0,23.0,3.0,28.0,6.0,3.0,31.0,0.0,2.0,13.0,15.0,19.0,0.0,34.0,0.0,31.0,0.0,3.0,5.0,3.0,5.0,3.0,5.0,0.0,6.0,5.0,0.0,13.0,5.0,0.0,10.0,1.0,0.0,57.0,5.0,0.0,0.0,11.0,2.0,11.0,36.0,27.0,0.0,2.0,0.0,35.0,2.0,2.0,64.0,0.0,5.0,2.0
Wu-Tang_Clan_-_Keep_Watch_preview.wav,21.0,2.0,1.0,18.0,6.0,26.0,2.0,0.0,25.0,18.0,1.0,0.0,0.0,0.0,1.0,17.0,7.0,27.0,3.0,6.0,26.0,17.0,8.0,0.0,2.0,0.0,15.0,40.0,0.0,4.0,14.0,15.0,23.0,24.0,0.0,7.0,2.0,0.0,7.0,2.0,12.0,6.0,5.0,31.0,0.0,0.0,24.0,10.0,18.0,6.0,21.0,0.0,64.0,0.0,10.0,7.0,0.0,2.0,1.0,0.0,3.0,34.0,0.0,21.0,64.0,34.0,21.0,25.0,13.0,0.0,0.0,4.0,13.0,0.0,1.0,0.0,1.0,13.0,29.0,25.0,4.0,38.0,5.0,0.0,9.0,0.0,0.0,4.0,9.0,12.0,1.0,6.0,0.0,0.0,0.0,2.0,38.0,6.0,35.0,0.0,0.0,0.0,0.0,3.0,21.0,2.0,5.0,0.0,0.0,10.0,8.0,9.0,2.0,0.0,1.0,10.0,11.0,16.0,32.0,46.0,13.0,7.0,1.0,8.0,6.0,0.0,5.0,2.0
Xzibit_-_Los_Angeles_Times_preview.wav,0.0,0.0,2.0,0.0,144.0,0.0,0.0,97.0,0.0,0.0,2.0,0.0,0.0,0.0,0.0,0.0,0.0,0.0,0.0,0.0,2.0,0.0,20.0,0.0,0.0,8.0,0.0,0.0,0.0,188.0,1.0,0.0,0.0,5.0,6.0,0.0,0.0,21.0,0.0,0.0,0.0,0.0,0.0,3.0,0.0,19.0,4.0,0.0,4.0,12.0,0.0,0.0,1.0,5.0,0.0,0.0,0.0,0.0,0.0,0.0,0.0,5.0,6.0,0.0,0.0,13.0,0.0,0.0,1.0,0.0,0.0,0.0,13.0,0.0,3.0,0.0,0.0,0.0,7.0,12.0,0.0,5.0,0.0,0.0,0.0,0.0,0.0,25.0,1.0,3.0,0.0,0.0,0.0,0.0,0.0,1.0,253.0,0.0,6.0,2.0,0.0,0.0,0.0,13.0,68.0,11.0,0.0,0.0,0.0,19.0,55.0,0.0,0.0,0.0,0.0,0.0,0.0,0.0,2.0,0.0,0.0,24.0,0.0,0.0,122.0,0.0,78.0,0.0
Yellow_Claw_-_Shotgun_-_Quintino_Remix_preview.wav,15.0,0.0,2.0,2.0,87.0,3.0,0.0,10.0,1.0,0.0,1.0,134.0,0.0,0.0,0.0,3.0,0.0,36.0,0.0,0.0,6.0,7.0,75.0,0.0,0.0,1.0,0.0,0.0,41.0,111.0,10.0,1.0,2.0,1.0,68.0,0.0,0.0,15.0,0.0,0.0,0.0,0.0,0.0,17.0,0.0,78.0,1.0,0.0,1.0,10.0,22.0,0.0,14.0,7.0,0.0,0.0,0.0,0.0,0.0,0.0,0.0,0.0,45.0,14.0,0.0,25.0,0.0,2.0,0.0,0.0,0.0,2.0,3.0,0.0,2.0,0.0,0.0,1.0,5.0,66.0,0.0,2.0,4.0,0.0,0.0,0.0,0.0,21.0,2.0,3.0,0.0,6.0,0.0,0.0,0.0,0.0,44.0,0.0,1.0,53.0,0.0,0.0,0.0,0.0,6.0,132.0,0.0,0.0,0.0,0.0,4.0,0.0,0.0,0.0,0.0,0.0,0.0,4.0,7.0,3.0,2.0,1.0,0.0,1.0,47.0,1.0,1.0,0.0
YG_-_My_Nigga_preview.wav,0.0,6.0,2.0,5.0,0.0,5.0,55.0,0.0,3.0,0.0,40.0,0.0,2.0,49.0,22.0,3.0,12.0,1.0,78.0,6.0,0.0,3.0,0.0,20.0,0.0,0.0,30.0,7.0,0.0,3.0,0.0,0.0,0.0,5.0,2.0,0.0,54.0,0.0,0.0,7.0,2.0,1.0,21.0,2.0,3.0,0.0,3.0,8.0,6.0,0.0,0.0,0.0,1.0,1.0,0.0,2.0,5.0,71.0,0.0,0.0,28.0,2.0,1.0,0.0,0.0,3.0,2.0,4.0,0.0,25.0,14.0,7.0,0.0,0.0,7.0,0.0,15.0,1.0,32.0,15.0,1.0,15.0,2.0,8.0,2.0,3.0,23.0,3.0,0.0,8.0,41.0,0.0,35.0,0.0,20.0,147.0,0.0,0.0,2.0,26.0,1.0,0.0,18.0,0.0,0.0,0.0,0.0,0.0,0.0,2.0,6.0,74.0,85.0,1.0,1.0,7.0,0.0,4.0,4.0,0.0,0.0,1.0,27.0,4.0,0.0,8.0,7.0,4.0
Young_Franco_-_Drop_Your_Love_feat_Dirty_Radio_preview.wav,10.0,9.0,33.0,10.0,11.0,4.0,2.0,13.0,19.0,85.0,3.0,30.0,4.0,0.0,0.0,6.0,0.0,6.0,2.0,1.0,3.0,0.0,9.0,16.0,7.0,27.0,0.0,30.0,28.0,7.0,28.0,16.0,0.0,5.0,32.0,0.0,0.0,0.0,29.0,1.0,21.0,31.0,1.0,28.0,0.0,13.0,21.0,0.0,2.0,15.0,9.0,2.0,8.0,12.0,0.0,4.0,3.0,0.0,2.0,0.0,2.0,6.0,26.0,12.0,2.0,13.0,37.0,5.0,0.0,0.0,40.0,4.0,4.0,29.0,0.0,9.0,0.0,18.0,1.0,24.0,7.0,5.0,20.0,0.0,2.0,8.0,2.0,6.0,1.0,31.0,0.0,18.0,0.0,3.0,3.0,1.0,14.0,5.0,8.0,2.0,5.0,23.0,0.0,25.0,0.0,1.0,1.0,2.0,0.0,19.0,19.0,8.0,1.0,4.0,0.0,38.0,29.0,11.0,0.0,0.0,22.0,14.0,5.0,0.0,30.0,0.0,9.0,0.0
Yung_Joc_-_Its_Goin_Down_feat_Nitti_preview.wav,22.0,4.0,7.0,26.0,1.0,4.0,3.0,11.0,15.0,30.0,13.0,0.0,18.0,0.0,4.0,4.0,6.0,0.0,0.0,4.0,29.0,0.0,1.0,0.0,4.0,51.0,6.0,17.0,1.0,1.0,12.0,38.0,7.0,17.0,0.0,1.0,5.0,2.0,18.0,6.0,10.0,8.0,0.0,32.0,0.0,0.0,121.0,0.0,24.0,31.0,37.0,7.0,51.0,3.0,1.0,7.0,8.0,0.0,20.0,0.0,1.0,9.0,0.0,3.0,2.0,6.0,5.0,37.0,1.0,0.0,12.0,5.0,9.0,11.0,7.0,3.0,0.0,5.0,13.0,13.0,12.0,13.0,1.0,0.0,2.0,4.0,10.0,4.0,0.0,16.0,1.0,2.0,7.0,16.0,9.0,3.0,21.0,6.0,13.0,2.0,26.0,9.0,0.0,0.0,2.0,2.0,4.0,4.0,0.0,4.0,10.0,7.0,2.0,7.0,71.0,18.0,33.0,16.0,12.0,0.0,15.0,3.0,4.0,1.0,0.0,3.0,7.0,0.0
Zara_Larsson_-_Aint_My_Fault_preview.wav,0.0,0.0,1.0,5.0,20.0,2.0,1.0,35.0,22.0,0.0,4.0,3.0,0.0,0.0,0.0,0.0,1.0,7.0,0.0,4.0,0.0,8.0,5.0,0.0,2.0,6.0,0.0,0.0,107.0,78.0,8.0,4.0,3.0,10.0,14.0,0.0,0.0,1.0,3.0,0.0,3.0,1.0,4.0,1.0,0.0,57.0,41.0,0.0,16.0,3.0,3.0,0.0,11.0,28.0,1.0,0.0,0.0,0.0,5.0,0.0,2.0,8.0,72.0,1.0,11.0,21.0,0.0,27.0,0.0,0.0,5.0,1.0,0.0,2.0,0.0,0.0,0.0,0.0,4.0,9.0,3.0,13.0,7.0,0.0,1.0,0.0,12.0,149.0,0.0,0.0,0.0,118.0,0.0,0.0,2.0,1.0,24.0,0.0,28.0,36.0,9.0,0.0,0.0,13.0,0.0,2.0,0.0,4.0,0.0,26.0,64.0,0.0,0.0,1.0,0.0,1.0,0.0,5.0,0.0,2.0,0.0,12.0,11.0,0.0,2.0,0.0,55.0,0.0
Zedd_-_The_Middle_preview.wav,7.0,1.0,7.0,0.0,59.0,0.0,0.0,19.0,24.0,5.0,6.0,29.0,3.0,0.0,0.0,2.0,4.0,11.0,9.0,0.0,9.0,3.0,37.0,24.0,4.0,2.0,3.0,4.0,1.0,129.0,39.0,2.0,5.0,3.0,27.0,0.0,1.0,5.0,21.0,0.0,0.0,5.0,5.0,9.0,0.0,2.0,22.0,2.0,6.0,1.0,2.0,0.0,16.0,27.0,3.0,0.0,0.0,0.0,1.0,1.0,1.0,18.0,78.0,3.0,2.0,13.0,8.0,19.0,0.0,0.0,25.0,3.0,8.0,27.0,3.0,2.0,0.0,4.0,5.0,28.0,0.0,4.0,13.0,0.0,2.0,3.0,9.0,34.0,0.0,19.0,0.0,41.0,5.0,3.0,4.0,8.0,40.0,12.0,8.0,1.0,10.0,6.0,1.0,16.0,10.0,2.0,2.0,15.0,0.0,40.0,16.0,1.0,1.0,2.0,0.0,5.0,3.0,7.0,4.0,0.0,0.0,30.0,8.0,0.0,43.0,0.0,10.0,0.0
Zion_-_More_preview.wav,32.0,0.0,4.0,0.0,60.0,0.0,1.0,41.0,24.0,64.0,6.0,0.0,13.0,0.0,0.0,0.0,0.0,0.0,2.0,0.0,10.0,1.0,10.0,2.0,26.0,11.0,0.0,6.0,5.0,33.0,24.0,30.0,0.0,14.0,7.0,0.0,0.0,7.0,26.0,0.0,0.0,57.0,0.0,22.0,0.0,17.0,21.0,0.0,22.0,22.0,6.0,0.0,5.0,16.0,0.0,0.0,0.0,0.0,26.0,0.0,0.0,26.0,35.0,3.0,1.0,21.0,2.0,4.0,0.0,0.0,17.0,0.0,3.0,29.0,1.0,5.0,0.0,2.0,1.0,34.0,2.0,4.0,5.0,0.0,0.0,2.0,0.0,7.0,2.0,48.0,0.0,5.0,0.0,0.0,0.0,2.0,7.0,7.0,21.0,1.0,31.0,10.0,0.0,25.0,2.0,48.0,1.0,1.0,0.0,37.0,10.0,0.0,0.0,2.0,35.0,7.0,35.0,11.0,1.0,0.0,0.0,37.0,17.0,0.0,6.0,0.0,6.0,0.0
Zotiyac_-_Fuoh_preview.wav,10.0,5.0,10.0,29.0,3.0,1.0,0.0,18.0,10.0,0.0,1.0,0.0,0.0,0.0,2.0,0.0,5.0,2.0,0.0,6.0,60.0,3.0,12.0,0.0,0.0,1.0,7.0,0.0,0.0,8.0,0.0,29.0,7.0,126.0,0.0,0.0,0.0,9.0,0.0,0.0,0.0,1.0,2.0,7.0,0.0,8.0,105.0,0.0,7.0,199.0,0.0,34.0,12.0,4.0,0.0,0.0,0.0,0.0,0.0,0.0,3.0,2.0,1.0,0.0,13.0,42.0,0.0,9.0,0.0,0.0,0.0,5.0,0.0,0.0,8.0,0.0,0.0,12.0,12.0,43.0,6.0,26.0,17.0,0.0,2.0,0.0,0.0,0.0,0.0,8.0,0.0,0.0,0.0,0.0,0.0,2.0,3.0,22.0,48.0,2.0,0.0,0.0,0.0,0.0,0.0,7.0,4.0,9.0,0.0,2.0,81.0,0.0,1.0,0.0,0.0,1.0,0.0,15.0,2.0,13.0,88.0,11.0,1.0,0.0,0.0,3.0,25.0,0.0
Zotiyac_-_Laps_preview.wav,11.0,13.0,10.0,0.0,1.0,7.0,3.0,8.0,20.0,0.0,0.0,0.0,0.0,0.0,15.0,18.0,2.0,4.0,0.0,45.0,50.0,13.0,0.0,0.0,0.0,0.0,9.0,0.0,1.0,31.0,0.0,83.0,0.0,0.0,0.0,3.0,0.0,1.0,0.0,0.0,0.0,0.0,12.0,0.0,0.0,7.0,0.0,0.0,1.0,32.0,0.0,70.0,0.0,1.0,0.0,0.0,0.0,6.0,0.0,0.0,19.0,0.0,1.0,1.0,22.0,34.0,0.0,2.0,0.0,0.0,0.0,23.0,0.0,0.0,1.0,0.0,0.0,35.0,3.0,33.0,134.0,2.0,20.0,0.0,17.0,0.0,0.0,4.0,0.0,0.0,0.0,0.0,0.0,0.0,0.0,7.0,9.0,36.0,4.0,15.0,0.0,0.0,127.0,0.0,0.0,5.0,72.0,19.0,0.0,0.0,5.0,0.0,3.0,0.0,0.0,0.0,0.0,44.0,5.0,2.0,29.0,76.0,1.0,0.0,0.0,0.0,5.0,0.0
